os,cpu,gpu,ram,kernel,driver,cpuscheduler
Ubuntu 25.10,AMD Ryzen 7 255 w/ Radeon 780M Graphics,AMD Radeon 780M Graphics (RADV PHOENIX),32127204,6.17.0-23-generic,,performance
fps,frametime,cpu_load,gpu_load,cpu_temp,gpu_temp,gpu_core_clock,gpu_mem_clock,gpu_vram_used,gpu_power,ram_used,swap_used,process_rss,elapsed
38.3051,26.1062,2.36318,58,60,58,800,2800,0.482399,13,6.83635,0,0,308738560
39.8096,25.1196,2.36318,58,60,58,800,2800,0.482399,13,6.83635,0,0,333857727
37.867,26.4082,2.36318,58,60,58,800,2800,0.482399,13,6.83635,0,0,360266844
39.857,25.0897,2.36318,58,60,58,800,2800,0.482399,13,6.83635,0,0,385357098
38.0804,26.2602,2.36318,58,60,58,800,2800,0.482399,13,6.83635,0,0,411616494
39.8031,25.1237,2.36318,58,60,58,800,2800,0.482399,13,6.83635,0,0,436740240
38.2059,26.174,2.36318,58,60,58,800,2800,0.482399,13,6.83635,0,0,462915028
39.9969,25.0019,2.36318,58,60,58,800,2800,0.482399,13,6.83635,0,0,487916455
38.1508,26.2117,2.36318,58,60,58,800,2800,0.482399,13,6.83635,0,0,514129424
37.8686,26.4071,2.36318,58,60,58,800,2800,0.482399,13,6.83635,0,0,540538230
39.222,25.4959,2.36318,58,60,58,800,2800,0.482399,13,6.83635,0,0,566032983
38.828,25.7546,2.36318,58,60,58,800,2800,0.482399,13,6.83635,0,0,591786881
39.4042,25.378,2.36318,58,60,58,800,2800,0.482399,13,6.83635,0,0,617166166
38.4245,26.025,2.36318,58,60,58,800,2800,0.482399,13,6.83635,0,0,643191133
39.8796,25.0755,2.36318,58,60,58,800,2800,0.482399,13,6.83635,0,0,668267620
37.8831,26.397,2.36318,58,60,58,800,2800,0.482399,13,6.83635,0,0,694663082
39.7923,25.1305,2.36318,58,60,58,800,2800,0.482399,13,6.83635,0,0,719793911
37.5686,26.618,2.36318,58,60,58,800,2800,0.482399,13,6.83635,0,0,746413043
39.6562,25.2167,2.36318,58,60,58,800,2800,0.482399,13,6.83635,0,0,771630765
38.1321,26.2246,1.96802,58,63,59,800,2800,0.482399,12,6.83596,0,0,797853523
39.1563,25.5387,1.96802,58,63,59,800,2800,0.482399,12,6.83596,0,0,823392598
39.5118,25.3089,1.96802,58,63,59,800,2800,0.482399,12,6.83596,0,0,848701702
38.7405,25.8127,1.96802,58,63,59,800,2800,0.482399,12,6.83596,0,0,874515021
38.291,26.1158,1.96802,58,63,59,800,2800,0.482399,12,6.83596,0,0,900631039
38.3013,26.1088,1.96802,58,63,59,800,2800,0.482399,12,6.83596,0,0,926739472
39.9641,25.0224,1.96802,58,63,59,800,2800,0.482399,12,6.83596,0,0,951763030
38.7211,25.8257,1.96802,58,63,59,800,2800,0.482399,12,6.83596,0,0,977589955
38.0143,26.3059,1.96802,58,63,59,800,2800,0.482399,12,6.83596,0,0,1003895779
39.7137,25.1802,1.96802,58,63,59,800,2800,0.482399,12,6.83596,0,0,1029076241
38.413,26.0329,1.96802,58,63,59,800,2800,0.482399,12,6.83596,0,0,1055109524
37.8176,26.4427,1.96802,58,63,59,800,2800,0.482399,12,6.83596,0,0,1081550981
40.0466,24.9709,1.96802,58,63,59,800,2800,0.482399,12,6.83596,0,0,1106522131
38.087,26.2557,1.96802,58,63,59,800,2800,0.482399,12,6.83596,0,0,1132777961
38.2198,26.1645,1.96802,58,63,59,800,2800,0.482399,12,6.83596,0,0,1158944123
39.4381,25.3562,1.96802,58,63,59,800,2800,0.482399,12,6.83596,0,0,1184298892
38.8181,25.7612,1.96802,58,63,59,800,2800,0.482399,12,6.83596,0,0,1210060435
37.0957,26.9573,1.96802,58,63,59,800,2800,0.482399,12,6.83596,0,0,1237017810
39.2584,25.4722,1.96802,58,63,59,800,2800,0.482399,12,6.83596,0,0,1262490150
41.4566,24.1216,1.96802,58,63,59,800,2800,0.482399,12,6.83596,0,0,1286614862
38.4283,26.0225,2.20588,59,60,59,800,2800,0.482399,9,6.83978,0,0,1312634309
38.2809,26.1227,2.20588,59,60,59,800,2800,0.482399,9,6.83978,0,0,1338757560
39.708,25.1838,2.20588,59,60,59,800,2800,0.482399,9,6.83978,0,0,1363941729
37.4165,26.7261,2.20588,59,60,59,800,2800,0.482399,9,6.83978,0,0,1390669093
40.0725,24.9547,2.20588,59,60,59,800,2800,0.482399,9,6.83978,0,0,1415622821
38.2606,26.1366,2.20588,59,60,59,800,2800,0.482399,9,6.83978,0,0,1441760679
37.9463,26.3531,2.20588,59,60,59,800,2800,0.482399,9,6.83978,0,0,1468115705
38.9065,25.7027,2.20588,59,60,59,800,2800,0.482399,9,6.83978,0,0,1493818567
37.3338,26.7854,2.20588,59,60,59,800,2800,0.482399,9,6.83978,0,0,1520603970
41.608,24.0338,2.20588,59,60,59,800,2800,0.482399,9,6.83978,0,0,1544637962
39.9791,25.0131,2.20588,59,60,59,800,2800,0.482399,9,6.83978,0,0,1569651582
38.2229,26.1623,2.20588,59,60,59,800,2800,0.482399,9,6.83978,0,0,1595812694
38.514,25.9646,2.20588,59,60,59,800,2800,0.482399,9,6.83978,0,0,1621777267
39.3219,25.4311,2.20588,59,60,59,800,2800,0.482399,9,6.83978,0,0,1647208610
38.1671,26.2006,2.20588,59,60,59,800,2800,0.482399,9,6.83978,0,0,1673410268
40.1987,24.8765,2.20588,59,60,59,800,2800,0.482399,9,6.83978,0,0,1698285909
37.8656,26.4092,2.20588,59,60,59,800,2800,0.482399,9,6.83978,0,0,1724696569
39.84,25.1004,2.20588,59,60,59,800,2800,0.482399,9,6.83978,0,0,1749797433
38.5674,25.9287,2.20588,59,60,59,800,2800,0.482399,9,6.83978,0,0,1775724666
37.715,26.5147,2.20588,59,60,59,800,2800,0.482399,9,6.83978,0,0,1802242597
37.6194,26.582,1.96319,59,60,59,800,2800,0.482399,15,6.84009,0,0,1828823847
39.1723,25.5283,1.96319,59,60,59,800,2800,0.482399,15,6.84009,0,0,1854350209
38.1135,26.2374,1.96319,59,60,59,800,2800,0.482399,15,6.84009,0,0,1880589908
40.5465,24.663,1.96319,59,60,59,800,2800,0.482399,15,6.84009,0,0,1905251848
39.5752,25.2683,1.96319,59,60,59,800,2800,0.482399,15,6.84009,0,0,1930520085
38.2087,26.172,1.96319,59,60,59,800,2800,0.482399,15,6.84009,0,0,1956692258
39.2181,25.4984,1.96319,59,60,59,800,2800,0.482399,15,6.84009,0,0,1982190597
39.6117,25.2451,1.96319,59,60,59,800,2800,0.482399,15,6.84009,0,0,2007435590
38.3049,26.1063,1.96319,59,60,59,800,2800,0.482399,15,6.84009,0,0,2033543783
38.482,25.9862,1.96319,59,60,59,800,2800,0.482399,15,6.84009,0,0,2059529957
39.5837,25.2629,1.96319,59,60,59,800,2800,0.482399,15,6.84009,0,0,2084792363
38.5547,25.9372,1.96319,59,60,59,800,2800,0.482399,15,6.84009,0,0,2110729896
38.0918,26.2524,1.96319,59,60,59,800,2800,0.482399,15,6.84009,0,0,2136983762
39.6356,25.2299,1.96319,59,60,59,800,2800,0.482399,15,6.84009,0,0,2162212906
37.9764,26.3321,1.96319,59,60,59,800,2800,0.482399,15,6.84009,0,0,2188544838
39.6109,25.2456,1.96319,59,60,59,800,2800,0.482399,15,6.84009,0,0,2213792316
38.0006,26.3154,1.96319,59,60,59,800,2800,0.482399,15,6.84009,0,0,2240105884
39.2825,25.4566,1.96319,59,60,59,800,2800,0.482399,15,6.84009,0,0,2265563938
38.4156,26.0311,1.96319,59,60,59,800,2800,0.482399,15,6.84009,0,0,2291594374
39.9794,25.0129,1.96319,59,60,59,800,2800,0.482399,15,6.84009,0,0,2316609477
38.3967,26.0439,1.96802,59,61,59,800,2800,0.482399,7,6.84033,0,0,2342652457
38.4495,26.0081,1.96802,59,61,59,800,2800,0.482399,7,6.84033,0,0,2368661284
40.0014,24.9991,1.96802,59,61,59,800,2800,0.482399,7,6.84033,0,0,2393661198
38.3471,26.0776,1.96802,59,61,59,800,2800,0.482399,7,6.84033,0,0,2419738633
38.2671,26.1321,1.96802,59,61,59,800,2800,0.482399,7,6.84033,0,0,2445869348
39.0382,25.6159,1.96802,59,61,59,800,2800,0.482399,7,6.84033,0,0,2471486660
39.7904,25.1317,1.96802,59,61,59,800,2800,0.482399,7,6.84033,0,0,2496618781
38.6847,25.85,1.96802,59,61,59,800,2800,0.482399,7,6.84033,0,0,2522467507
38.6582,25.8677,1.96802,59,61,59,800,2800,0.482399,7,6.84033,0,0,2548334979
38.1348,26.2227,1.96802,59,61,59,800,2800,0.482399,7,6.84033,0,0,2574558618
40.1486,24.9075,1.96802,59,61,59,800,2800,0.482399,7,6.84033,0,0,2599466008
38.5898,25.9136,1.96802,59,61,59,800,2800,0.482399,7,6.84033,0,0,2625380157
38.541,25.9464,1.96802,59,61,59,800,2800,0.482399,7,6.84033,0,0,2651327869
37.8717,26.4049,1.96802,59,61,59,800,2800,0.482399,7,6.84033,0,0,2677731065
39.9395,25.0379,1.96802,59,61,59,800,2800,0.482399,7,6.84033,0,0,2702769421
38.2675,26.1319,1.96802,59,61,59,800,2800,0.482399,7,6.84033,0,0,2728902400
38.679,25.8538,1.96802,59,61,59,800,2800,0.482399,7,6.84033,0,0,2754755585
40.1151,24.9283,1.96802,59,61,59,800,2800,0.482399,7,6.84033,0,0,2779685317
38.2052,26.1744,1.96802,59,61,59,800,2800,0.482399,7,6.84033,0,0,2805858742
38.3292,26.0897,1.96802,59,61,59,800,2800,0.482399,7,6.84033,0,0,2831950784
37.7913,26.4611,2.08078,59,59,59,800,2800,0.482399,15,6.83989,0,0,2858410036
39.6195,25.2401,2.08078,59,59,59,800,2800,0.482399,15,6.83989,0,0,2883649709
38.7101,25.833,2.08078,59,59,59,800,2800,0.482399,15,6.83989,0,0,2909483217
40.0699,24.9564,2.08078,59,59,59,800,2800,0.482399,15,6.83989,0,0,2934440791
37.9328,26.3624,2.08078,59,59,59,800,2800,0.482399,15,6.83989,0,0,2960802159
39.8845,25.0724,2.08078,59,59,59,800,2800,0.482399,15,6.83989,0,0,2985875731
38.3568,26.071,2.08078,59,59,59,800,2800,0.482399,15,6.83989,0,0,3011946503
38.0324,26.2934,2.08078,59,59,59,800,2800,0.482399,15,6.83989,0,0,3038239793
37.8684,26.4072,2.08078,59,59,59,800,2800,0.482399,15,6.83989,0,0,3064647718
39.1245,25.5594,2.08078,59,59,59,800,2800,0.482399,15,6.83989,0,0,3090208344
39.5953,25.2555,2.08078,59,59,59,800,2800,0.482399,15,6.83989,0,0,3115463326
39.2793,25.4587,2.08078,59,59,59,800,2800,0.482399,15,6.83989,0,0,3140922612
37.9749,26.3332,2.08078,59,59,59,800,2800,0.482399,15,6.83989,0,0,3167255145
39.0503,25.608,2.08078,59,59,59,800,2800,0.482399,15,6.83989,0,0,3192863250
39.815,25.1161,2.08078,59,59,59,800,2800,0.482399,15,6.83989,0,0,3217979893
38.6419,25.8787,2.08078,59,59,59,800,2800,0.482399,15,6.83989,0,0,3243860900
38.4066,26.0372,2.08078,59,59,59,800,2800,0.482399,15,6.83989,0,0,3269896276
39.5219,25.3024,2.08078,59,59,59,800,2800,0.482399,15,6.83989,0,0,3295199258
38.5528,25.9384,2.08078,59,59,59,800,2800,0.482399,15,6.83989,0,0,3321138714
37.8673,26.408,2.08078,59,59,59,800,2800,0.482399,15,6.83989,0,0,3347550567
39.8239,25.1105,2.20318,59,59,59,800,2800,0.482399,7,6.83989,0,0,3372658213
37.9565,26.346,2.20318,59,59,59,800,2800,0.482399,7,6.83989,0,0,3399002859
39.7391,25.1642,2.20318,59,59,59,800,2800,0.482399,7,6.83989,0,0,3424168073
38.4497,26.008,2.20318,59,59,59,800,2800,0.482399,7,6.83989,0,0,3450176378
39.6854,25.1982,2.20318,59,59,59,800,2800,0.482399,7,6.83989,0,0,3475375155
37.9222,26.3697,2.20318,59,59,59,800,2800,0.482399,7,6.83989,0,0,3501743897
39.7654,25.1475,2.20318,59,59,59,800,2800,0.482399,7,6.83989,0,0,3526893441
38.3087,26.1038,2.20318,59,59,59,800,2800,0.482399,7,6.83989,0,0,3552996154
38.0995,26.2471,2.20318,59,59,59,800,2800,0.482399,7,6.83989,0,0,3579243658
39.9134,25.0543,2.20318,59,59,59,800,2800,0.482399,7,6.83989,0,0,3604298314
38.5536,25.9379,2.20318,59,59,59,800,2800,0.482399,7,6.83989,0,0,3630236228
38.5739,25.9243,2.20318,59,59,59,800,2800,0.482399,7,6.83989,0,0,3656161557
40.05,24.9688,2.20318,59,59,59,800,2800,0.482399,7,6.83989,0,0,3681129381
32.2474,31.0103,2.20318,59,59,59,800,2800,0.482399,7,6.83989,0,0,3712140130
47.1914,21.1903,2.20318,59,59,59,800,2800,0.482399,7,6.83989,0,0,3733330388
39.6815,25.2007,2.20318,59,59,59,800,2800,0.482399,7,6.83989,0,0,3758530667
38.5285,25.9548,2.20318,59,59,59,800,2800,0.482399,7,6.83989,0,0,3784486564
38.1963,26.1806,2.20318,59,59,59,800,2800,0.482399,7,6.83989,0,0,3810668676
39.2704,25.4645,2.20318,59,59,59,800,2800,0.482399,7,6.83989,0,0,3836133712
39.4466,25.3507,2.20318,59,59,59,800,2800,0.482399,7,6.83989,0,0,3861484695
38.2615,26.136,2.92683,59,60,59,800,2800,0.482399,11,6.83981,0,0,3887618606
38.0948,26.2503,2.92683,59,60,59,800,2800,0.482399,11,6.83981,0,0,3913871400
39.8388,25.1012,2.92683,59,60,59,800,2800,0.482399,11,6.83981,0,0,3938971742
37.9665,26.339,2.92683,59,60,59,800,2800,0.482399,11,6.83981,0,0,3965311779
39.1084,25.57,2.92683,59,60,59,800,2800,0.482399,11,6.83981,0,0,3990881783
40.112,24.9302,2.92683,59,60,59,800,2800,0.482399,11,6.83981,0,0,4015812427
38.3182,26.0972,2.92683,59,60,59,800,2800,0.482399,11,6.83981,0,0,4041908627
38.4546,26.0047,2.92683,59,60,59,800,2800,0.482399,11,6.83981,0,0,4067913185
39.0593,25.6021,2.92683,59,60,59,800,2800,0.482399,11,6.83981,0,0,4093515489
37.7206,26.5107,2.92683,59,60,59,800,2800,0.482399,11,6.83981,0,0,4120028431
40.7312,24.5512,2.92683,59,60,59,800,2800,0.482399,11,6.83981,0,0,4144579513
38.3303,26.089,2.92683,59,60,59,800,2800,0.482399,11,6.83981,0,0,4170667969
38.3085,26.1038,2.92683,59,60,59,800,2800,0.482399,11,6.83981,0,0,4196772274
39.2495,25.4781,2.92683,59,60,59,800,2800,0.482399,11,6.83981,0,0,4222251086
38.207,26.1732,2.92683,59,60,59,800,2800,0.482399,11,6.83981,0,0,4248423319
39.4956,25.3193,2.92683,59,60,59,800,2800,0.482399,11,6.83981,0,0,4273743013
38.3621,26.0674,2.92683,59,60,59,800,2800,0.482399,11,6.83981,0,0,4299810439
39.3408,25.4189,2.92683,59,60,59,800,2800,0.482399,11,6.83981,0,0,4325229579
38.0025,26.3141,2.92683,59,60,59,800,2800,0.482399,11,6.83981,0,0,4351543879
40.3482,24.7842,2.92683,59,60,59,800,2800,0.482399,11,6.83981,0,0,4376330863
38.3908,26.0479,2.5641,59,60,59,800,2800,0.482399,13,6.83981,0,0,4402377541
38.3733,26.0598,2.5641,59,60,59,800,2800,0.482399,13,6.83981,0,0,4428436952
37.993,26.3206,2.5641,59,60,59,800,2800,0.482399,13,6.83981,0,0,4454756972
39.495,25.3196,2.5641,59,60,59,800,2800,0.482399,13,6.83981,0,0,4480076525
39.4178,25.3693,2.5641,59,60,59,800,2800,0.482399,13,6.83981,0,0,4505446794
37.9346,26.3612,2.5641,59,60,59,800,2800,0.482399,13,6.83981,0,0,4531807601
39.5553,25.2811,2.5641,59,60,59,800,2800,0.482399,13,6.83981,0,0,4557089654
38.3881,26.0497,2.5641,59,60,59,800,2800,0.482399,13,6.83981,0,0,4583138776
39.5479,25.2858,2.5641,59,60,59,800,2800,0.482399,13,6.83981,0,0,4608424596
38.1117,26.2386,2.5641,59,60,59,800,2800,0.482399,13,6.83981,0,0,4634663614
38.7412,25.8123,2.5641,59,60,59,800,2800,0.482399,13,6.83981,0,0,4660475862
39.7373,25.1653,2.5641,59,60,59,800,2800,0.482399,13,6.83981,0,0,4685641506
38.4293,26.0218,2.5641,59,60,59,800,2800,0.482399,13,6.83981,0,0,4711663127
37.9084,26.3794,2.5641,59,60,59,800,2800,0.482399,13,6.83981,0,0,4738042709
39.337,25.4214,2.5641,59,60,59,800,2800,0.482399,13,6.83981,0,0,4763464103
39.7318,25.1688,2.5641,59,60,59,800,2800,0.482399,13,6.83981,0,0,4788632854
38.0398,26.2882,2.5641,59,60,59,800,2800,0.482399,13,6.83981,0,0,4814922717
39.3328,25.4241,2.5641,59,60,59,800,2800,0.482399,13,6.83981,0,0,4840346426
38.3201,26.096,2.5641,59,60,59,800,2800,0.482399,13,6.83981,0,0,4866441734
39.5766,25.2675,2.5641,59,60,59,800,2800,0.482399,13,6.83981,0,0,4891714580
38.3199,26.0961,2.20318,59,61,59,800,2800,0.482399,8,6.83943,0,0,4917805501
38.8994,25.7074,2.20318,59,61,59,800,2800,0.482399,8,6.83943,0,0,4943513022
38.1044,26.2437,2.20318,59,61,59,800,2800,0.482399,8,6.83943,0,0,4969757811
41.1818,24.2826,2.20318,59,61,59,800,2800,0.482399,8,6.83943,0,0,4994042373
38.4251,26.0246,2.20318,59,61,59,800,2800,0.482399,8,6.83943,0,0,5020065887
38.063,26.2723,2.20318,59,61,59,800,2800,0.482399,8,6.83943,0,0,5046337576
38.5397,25.9473,2.20318,59,61,59,800,2800,0.482399,8,6.83943,0,0,5072284937
40.226,24.8595,2.20318,59,61,59,800,2800,0.482399,8,6.83943,0,0,5097144358
37.7791,26.4697,2.20318,59,61,59,800,2800,0.482399,8,6.83943,0,0,5123614890
37.0193,27.013,2.20318,59,61,59,800,2800,0.482399,8,6.83943,0,0,5150629814
40.9489,24.4207,2.20318,59,61,59,800,2800,0.482399,8,6.83943,0,0,5175048658
38.4295,26.0217,2.20318,59,61,59,800,2800,0.482399,8,6.83943,0,0,5201071019
38.5355,25.9501,2.20318,59,61,59,800,2800,0.482399,8,6.83943,0,0,5227021847
39.8321,25.1054,2.20318,59,61,59,800,2800,0.482399,8,6.83943,0,0,5252127489
37.7578,26.4846,2.20318,59,61,59,800,2800,0.482399,8,6.83943,0,0,5278613130
39.812,25.1181,2.20318,59,61,59,800,2800,0.482399,8,6.83943,0,0,5303730304
38.0119,26.3076,2.20318,59,61,59,800,2800,0.482399,8,6.83943,0,0,5330038121
39.3029,25.4434,2.20318,59,61,59,800,2800,0.482399,8,6.83943,0,0,5355481176
38.595,25.9101,2.20318,59,61,59,800,2800,0.482399,8,6.83943,0,0,5381391327
40.0638,24.9602,2.20318,59,61,59,800,2800,0.482399,8,6.83943,0,0,5406352919
38.036,26.2909,1.84049,59,59,59,800,2800,0.482399,15,6.83919,0,0,5432642222
38.2493,26.1443,1.84049,59,59,59,800,2800,0.482399,15,6.83919,0,0,5458786823
39.7065,25.1848,1.84049,59,59,59,800,2800,0.482399,15,6.83919,0,0,5483971954
38.7142,25.8303,1.84049,59,59,59,800,2800,0.482399,15,6.83919,0,0,5509802035
38.2046,26.1749,1.84049,59,59,59,800,2800,0.482399,15,6.83919,0,0,5535978456
39.3366,25.4216,1.84049,59,59,59,800,2800,0.482399,15,6.83919,0,0,5561399099
37.8408,26.4265,1.84049,59,59,59,800,2800,0.482399,15,6.83919,0,0,5587826791
39.9622,25.0236,1.84049,59,59,59,800,2800,0.482399,15,6.83919,0,0,5612851241
38.084,26.2577,1.84049,59,59,59,800,2800,0.482399,15,6.83919,0,0,5639108714
39.7151,25.1793,1.84049,59,59,59,800,2800,0.482399,15,6.83919,0,0,5664287914
38.4196,26.0284,1.84049,59,59,59,800,2800,0.482399,15,6.83919,0,0,5690317199
38.3709,26.0614,1.84049,59,59,59,800,2800,0.482399,15,6.83919,0,0,5716378393
39.9639,25.0226,1.84049,59,59,59,800,2800,0.482399,15,6.83919,0,0,5741399907
38.3614,26.0679,1.84049,59,59,59,800,2800,0.482399,15,6.83919,0,0,5767468266
38.439,26.0152,1.84049,59,59,59,800,2800,0.482399,15,6.83919,0,0,5793486229
39.9546,25.0284,1.84049,59,59,59,800,2800,0.482399,15,6.83919,0,0,5818513554
38.5111,25.9666,1.84049,59,59,59,800,2800,0.482399,15,6.83919,0,0,5844479260
38.2756,26.1263,1.84049,59,59,59,800,2800,0.482399,15,6.83919,0,0,5870605807
40.1449,24.9097,1.84049,59,59,59,800,2800,0.482399,15,6.83919,0,0,5895515652
38.7306,25.8194,1.84049,59,59,59,800,2800,0.482399,15,6.83919,0,0,5921337427
38.3647,26.0656,2.08589,60,62,59,800,2800,0.482399,6,6.83855,0,0,5947401307
38.3134,26.1005,2.08589,60,62,59,800,2800,0.482399,6,6.83855,0,0,5973502627
38.6206,25.8929,2.08589,60,62,59,800,2800,0.482399,6,6.83855,0,0,5999395516
40.0259,24.9838,2.08589,60,62,59,800,2800,0.482399,6,6.83855,0,0,6024380301
38.5463,25.9428,2.08589,60,62,59,800,2800,0.482399,6,6.83855,0,0,6050321851
38.5633,25.9314,2.08589,60,62,59,800,2800,0.482399,6,6.83855,0,0,6076253663
38.6373,25.8817,2.08589,60,62,59,800,2800,0.482399,6,6.83855,0,0,6102136614
38.605,25.9034,2.08589,60,62,59,800,2800,0.482399,6,6.83855,0,0,6128039802
38.297,26.1117,2.08589,60,62,59,800,2800,0.482399,6,6.83855,0,0,6154153204
39.6427,25.2253,2.08589,60,62,59,800,2800,0.482399,6,6.83855,0,0,6179376637
38.1023,26.2451,2.08589,60,62,59,800,2800,0.482399,6,6.83855,0,0,6205622088
39.7667,25.1466,2.08589,60,62,59,800,2800,0.482399,6,6.83855,0,0,6230768146
38.7058,25.8359,2.08589,60,62,59,800,2800,0.482399,6,6.83855,0,0,6256604468
38.2812,26.1224,2.08589,60,62,59,800,2800,0.482399,6,6.83855,0,0,6282728080
38.7634,25.7975,2.08589,60,62,59,800,2800,0.482399,6,6.83855,0,0,6308526542
39.8701,25.0815,2.08589,60,62,59,800,2800,0.482399,6,6.83855,0,0,6333606736
37.8418,26.4258,2.08589,60,62,59,800,2800,0.482399,6,6.83855,0,0,6360033787
39.4052,25.3774,2.08589,60,62,59,800,2800,0.482399,6,6.83855,0,0,6385410117
38.5237,25.9581,2.08589,60,62,59,800,2800,0.482399,6,6.83855,0,0,6411368529
38.0463,26.2838,2.08589,60,62,59,800,2800,0.482399,6,6.83855,0,0,6437653764
39.611,25.2455,2.0757,59,60,59,800,2800,0.482399,14,6.83831,0,0,6462898156
39.864,25.0853,2.0757,59,60,59,800,2800,0.482399,14,6.83831,0,0,6487983340
38.0927,26.2517,2.0757,59,60,59,800,2800,0.482399,14,6.83831,0,0,6514236334
38.4785,25.9886,2.0757,59,60,59,800,2800,0.482399,14,6.83831,0,0,6540224292
40.0219,24.9863,2.0757,59,60,59,800,2800,0.482399,14,6.83831,0,0,6565211912
38.0863,26.2562,2.0757,59,60,59,800,2800,0.482399,14,6.83831,0,0,6591466911
38.5252,25.957,2.0757,59,60,59,800,2800,0.482399,14,6.83831,0,0,6617425473
39.1476,25.5443,2.0757,59,60,59,800,2800,0.482399,14,6.83831,0,0,6642968906
38.3135,26.1005,2.0757,59,60,59,800,2800,0.482399,14,6.83831,0,0,6669070386
39.6332,25.2314,2.0757,59,60,59,800,2800,0.482399,14,6.83831,0,0,6694300993
38.1166,26.2353,2.0757,59,60,59,800,2800,0.482399,14,6.83831,0,0,6720537797
39.7065,25.1848,2.0757,59,60,59,800,2800,0.482399,14,6.83831,0,0,6745721886
38.509,25.9679,2.0757,59,60,59,800,2800,0.482399,14,6.83831,0,0,6771689766
38.046,26.284,2.0757,59,60,59,800,2800,0.482399,14,6.83831,0,0,6797975091
39.623,25.2379,2.0757,59,60,59,800,2800,0.482399,14,6.83831,0,0,6823212670
38.5066,25.9696,2.0757,59,60,59,800,2800,0.482399,14,6.83831,0,0,6849181422
39.2358,25.4869,2.0757,59,60,59,800,2800,0.482399,14,6.83831,0,0,6874670313
38.3211,26.0953,2.0757,59,60,59,800,2800,0.482399,14,6.83831,0,0,6900765110
39.4861,25.3254,2.0757,59,60,59,800,2800,0.482399,14,6.83831,0,0,6926091006
38.4494,26.0082,2.0757,59,60,59,800,2800,0.482399,14,6.83831,0,0,6952100834
38.7331,25.8177,1.84275,59,60,59,800,2800,0.482399,7,6.83768,0,0,6977916017
39.7249,25.1731,1.84275,59,60,59,800,2800,0.482399,7,6.83768,0,0,7003089517
38.4632,25.9989,1.84275,59,60,59,800,2800,0.482399,7,6.83768,0,0,7029088404
38.4714,25.9933,1.84275,59,60,59,800,2800,0.482399,7,6.83768,0,0,7055082072
38.4398,26.0147,1.84275,59,60,59,800,2800,0.482399,7,6.83768,0,0,7081097641
40.3486,24.784,1.84275,59,60,59,800,2800,0.482399,7,6.83768,0,0,7105881139
38.5759,25.9229,1.84275,59,60,59,800,2800,0.482399,7,6.83768,0,0,7131804094
37.7528,26.4881,1.84275,59,60,59,800,2800,0.482399,7,6.83768,0,0,7158295025
39.5292,25.2977,1.84275,59,60,59,800,2800,0.482399,7,6.83768,0,0,7183590664
38.2135,26.1688,1.84275,59,60,59,800,2800,0.482399,7,6.83768,0,0,7209760242
39.7492,25.1578,1.84275,59,60,59,800,2800,0.482399,7,6.83768,0,0,7234917080
38.2784,26.1244,1.84275,59,60,59,800,2800,0.482399,7,6.83768,0,0,7261043707
38.4535,26.0055,1.84275,59,60,59,800,2800,0.482399,7,6.83768,0,0,7287047724
39.8724,25.08,1.84275,59,60,59,800,2800,0.482399,7,6.83768,0,0,7312129732
38.308,26.1042,1.84275,59,60,59,800,2800,0.482399,7,6.83768,0,0,7338232294
38.5499,25.9404,1.84275,59,60,59,800,2800,0.482399,7,6.83768,0,0,7364172462
40.2216,24.8623,1.84275,59,60,59,800,2800,0.482399,7,6.83768,0,0,7389035800
38.0984,26.2478,1.84275,59,60,59,800,2800,0.482399,7,6.83768,0,0,7415282963
38.5298,25.954,1.84275,59,60,59,800,2800,0.482399,7,6.83768,0,0,7441238249
38.4285,26.0224,1.84275,59,60,59,800,2800,0.482399,7,6.83768,0,0,7467263376
39.164,25.5336,2.08333,59,61,59,800,2800,0.482399,12,6.83791,0,0,7492794446
38.6653,25.863,2.08333,59,61,59,800,2800,0.482399,12,6.83791,0,0,7518657189
39.8335,25.1045,2.08333,59,61,59,800,2800,0.482399,12,6.83791,0,0,7543763191
38.4537,26.0053,2.08333,59,61,59,800,2800,0.482399,12,6.83791,0,0,7569767299
38.274,26.1274,2.08333,59,61,59,800,2800,0.482399,12,6.83791,0,0,7595894978
38.0983,26.2479,2.08333,59,61,59,800,2800,0.482399,12,6.83791,0,0,7622144606
40.0888,24.9447,2.08333,59,61,59,800,2800,0.482399,12,6.83791,0,0,7647088786
38.1193,26.2335,2.08333,59,61,59,800,2800,0.482399,12,6.83791,0,0,7673323035
39.218,25.4985,2.08333,59,61,59,800,2800,0.482399,12,6.83791,0,0,7698821494
38.1955,26.1811,2.08333,59,61,59,800,2800,0.482399,12,6.83791,0,0,7725002122
39.8934,25.0668,2.08333,59,61,59,800,2800,0.482399,12,6.83791,0,0,7750069202
38.6371,25.8819,2.08333,59,61,59,800,2800,0.482399,12,6.83791,0,0,7775951291
38.3063,26.1054,2.08333,59,61,59,800,2800,0.482399,12,6.83791,0,0,7802057250
39.542,25.2896,2.08333,59,61,59,800,2800,0.482399,12,6.83791,0,0,7827346035
37.7473,26.492,2.08333,59,61,59,800,2800,0.482399,12,6.83791,0,0,7853838849
40.0515,24.9679,2.08333,59,61,59,800,2800,0.482399,12,6.83791,0,0,7878808697
38.3169,26.0982,2.08333,59,61,59,800,2800,0.482399,12,6.83791,0,0,7904904947
38.4838,25.9849,2.08333,59,61,59,800,2800,0.482399,12,6.83791,0,0,7930890189
40.1769,24.8899,2.08333,59,61,59,800,2800,0.482399,12,6.83791,0,0,7955783413
38.3426,26.0807,2.08333,59,61,59,800,2800,0.482399,12,6.83791,0,0,7981864094
38.767,25.7951,1.96319,59,60,59,800,2800,0.482399,13,6.83819,0,0,8007657497
38.37,26.062,1.96319,59,60,59,800,2800,0.482399,13,6.83819,0,0,8033721056
40.2128,24.8677,1.96319,59,60,59,800,2800,0.482399,13,6.83819,0,0,8058586607
38.441,26.0139,1.96319,59,60,59,800,2800,0.482399,13,6.83819,0,0,8084600724
38.8505,25.7397,1.96319,59,60,59,800,2800,0.482399,13,6.83819,0,0,8110340395
38.441,26.0139,1.96319,59,60,59,800,2800,0.482399,13,6.83819,0,0,8136354331
38.5672,25.9287,1.96319,59,60,59,800,2800,0.482399,13,6.83819,0,0,8162283158
38.6343,25.8837,1.96319,59,60,59,800,2800,0.482399,13,6.83819,0,0,8188167550
37.5472,26.6332,1.96319,59,60,59,800,2800,0.482399,13,6.83819,0,0,8214800397
39.8149,25.1162,1.96319,59,60,59,800,2800,0.482399,13,6.83819,0,0,8239916930
39.9319,25.0426,1.96319,59,60,59,800,2800,0.482399,13,6.83819,0,0,8264961257
38.2357,26.1536,1.96319,59,60,59,800,2800,0.482399,13,6.83819,0,0,8291114925
38.5305,25.9535,1.96319,59,60,59,800,2800,0.482399,13,6.83819,0,0,8317067506
40.1445,24.91,1.96319,59,60,59,800,2800,0.482399,13,6.83819,0,0,8341978403
38.4981,25.9753,1.96319,59,60,59,800,2800,0.482399,13,6.83819,0,0,8367953857
38.5169,25.9626,1.96319,59,60,59,800,2800,0.482399,13,6.83819,0,0,8393917088
38.3739,26.0594,1.96319,59,60,59,800,2800,0.482399,13,6.83819,0,0,8419975447
39.4874,25.3245,1.96319,59,60,59,800,2800,0.482399,13,6.83819,0,0,8445300541
38.2352,26.1539,1.96319,59,60,59,800,2800,0.482399,13,6.83819,0,0,8471454389
39.7112,25.1818,1.96319,59,60,59,800,2800,0.482399,13,6.83819,0,0,8496638278
38.137,26.2212,1.7199,60,62,59,800,2800,0.482399,8,6.83843,0,0,8522858321
38.8631,25.7314,1.7199,60,62,59,800,2800,0.482399,8,6.83843,0,0,8548589977
37.4285,26.7176,1.7199,60,62,59,800,2800,0.482399,8,6.83843,0,0,8575307463
40.0054,24.9966,1.7199,60,62,59,800,2800,0.482399,8,6.83843,0,0,8600306154
40.1062,24.9338,1.7199,60,62,59,800,2800,0.482399,8,6.83843,0,0,8625238171
38.1231,26.2308,1.7199,60,62,59,800,2800,0.482399,8,6.83843,0,0,8651470526
38.2113,26.1703,1.7199,60,62,59,800,2800,0.482399,8,6.83843,0,0,8677640866
39.9269,25.0458,1.7199,60,62,59,800,2800,0.482399,8,6.83843,0,0,8702685784
38.2076,26.1728,1.7199,60,62,59,800,2800,0.482399,8,6.83843,0,0,8728858297
37.9964,26.3183,1.7199,60,62,59,800,2800,0.482399,8,6.83843,0,0,8755179199
39.6599,25.2144,1.7199,60,62,59,800,2800,0.482399,8,6.83843,0,0,8780392924
38.5054,25.9704,1.7199,60,62,59,800,2800,0.482399,8,6.83843,0,0,8806362827
39.5462,25.2869,1.7199,60,62,59,800,2800,0.482399,8,6.83843,0,0,8831651323
38.3363,26.085,1.7199,60,62,59,800,2800,0.482399,8,6.83843,0,0,8857734979
39.826,25.1092,1.7199,60,62,59,800,2800,0.482399,8,6.83843,0,0,8882844449
38.6631,25.8644,1.7199,60,62,59,800,2800,0.482399,8,6.83843,0,0,8908708994
38.3378,26.0839,1.7199,60,62,59,800,2800,0.482399,8,6.83843,0,0,8934793342
37.6222,26.58,1.7199,60,62,59,800,2800,0.482399,8,6.83843,0,0,8961375454
40.1564,24.9026,1.7199,60,62,59,800,2800,0.482399,8,6.83843,0,0,8986277545
37.6882,26.5335,1.7199,60,62,59,800,2800,0.482399,8,6.83843,0,0,9012812778
39.6323,25.2319,2.07824,59,60,59,800,2800,0.482399,14,6.83788,0,0,9038042223
39.1719,25.5285,2.07824,59,60,59,800,2800,0.482399,14,6.83788,0,0,9063570628
37.6569,26.5556,2.07824,59,60,59,800,2800,0.482399,14,6.83788,0,0,9090126871
40.2492,24.8452,2.07824,59,60,59,800,2800,0.482399,14,6.83788,0,0,9114973287
38.2116,26.17,2.07824,59,60,59,800,2800,0.482399,14,6.83788,0,0,9141143967
39.709,25.1832,2.07824,59,60,59,800,2800,0.482399,14,6.83788,0,0,9166328527
38.3347,26.086,2.07824,59,60,59,800,2800,0.482399,14,6.83788,0,0,9192412485
38.4236,26.0257,2.07824,59,60,59,800,2800,0.482399,14,6.83788,0,0,9218439736
37.726,26.507,2.07824,59,60,59,800,2800,0.482399,14,6.83788,0,0,9244945464
39.8735,25.0793,2.07824,59,60,59,800,2800,0.482399,14,6.83788,0,0,9270024777
39.7904,25.1317,2.07824,59,60,59,800,2800,0.482399,14,6.83788,0,0,9295156798
38.3691,26.0627,2.07824,59,60,59,800,2800,0.482399,14,6.83788,0,0,9321219586
38.2842,26.1205,2.07824,59,60,59,800,2800,0.482399,14,6.83788,0,0,9347340032
38.9679,25.6622,2.07824,59,60,59,800,2800,0.482399,14,6.83788,0,0,9373002348
39.9316,25.0428,2.07824,59,60,59,800,2800,0.482399,14,6.83788,0,0,9398047266
38.4088,26.0357,2.07824,59,60,59,800,2800,0.482399,14,6.83788,0,0,9424081350
38.7829,25.7846,2.07824,59,60,59,800,2800,0.482399,14,6.83788,0,0,9449866337
38.1052,26.2431,2.07824,59,60,59,800,2800,0.482399,14,6.83788,0,0,9476109733
39.7668,25.1466,2.07824,59,60,59,800,2800,0.482399,14,6.83788,0,0,9501257604
38.6597,25.8667,2.07824,59,60,59,800,2800,0.482399,14,6.83788,0,0,9527125917
36.7782,27.19,2.20588,59,62,59,800,2800,0.482399,5,6.83788,0,0,9554314627
41.65,24.0096,2.20588,59,62,59,800,2800,0.482399,5,6.83788,0,0,9578324594
37.4756,26.684,2.20588,59,62,59,800,2800,0.482399,5,6.83788,0,0,9605007975
40.1512,24.9059,2.20588,59,62,59,800,2800,0.482399,5,6.83788,0,0,9629915356
38.4728,25.9924,2.20588,59,62,59,800,2800,0.482399,5,6.83788,0,0,9655907942
38.0133,26.3066,2.20588,59,62,59,800,2800,0.482399,5,6.83788,0,0,9682214787
39.927,25.0457,2.20588,59,62,59,800,2800,0.482399,5,6.83788,0,0,9707259415
38.3476,26.0772,2.20588,59,62,59,800,2800,0.482399,5,6.83788,0,0,9733336810
40.0775,24.9517,2.20588,59,62,59,800,2800,0.482399,5,6.83788,0,0,9758289515
38.0937,26.2511,2.20588,59,62,59,800,2800,0.482399,5,6.83788,0,0,9784540055
38.2201,26.1643,2.20588,59,62,59,800,2800,0.482399,5,6.83788,0,0,9810704132
39.3503,25.4128,2.20588,59,62,59,800,2800,0.482399,5,6.83788,0,0,9836116861
38.4196,26.0284,2.20588,59,62,59,800,2800,0.482399,5,6.83788,0,0,9862145735
39.3737,25.3977,2.20588,59,62,59,800,2800,0.482399,5,6.83788,0,0,9887543385
38.289,26.1172,2.20588,59,62,59,800,2800,0.482399,5,6.83788,0,0,9913662668
40.0638,24.9602,2.20588,59,62,59,800,2800,0.482399,5,6.83788,0,0,9938621284
37.5313,26.6444,2.20588,59,62,59,800,2800,0.482399,5,6.83788,0,0,9965267867
39.9322,25.0425,2.20588,59,62,59,800,2800,0.482399,5,6.83788,0,0,9990308888
38.8275,25.7549,2.20588,59,62,59,800,2800,0.482399,5,6.83788,0,0,10016064580
38.3472,26.0775,2.20588,59,62,59,800,2800,0.482399,5,6.83788,0,0,10042144479
38.7475,25.8081,1.84049,59,60,59,800,2800,0.482399,15,6.83788,0,0,10067950155
38.1043,26.2437,1.84049,59,60,59,800,2800,0.482399,15,6.83788,0,0,10094195775
40.2991,24.8145,1.84049,59,60,59,800,2800,0.482399,15,6.83788,0,0,10119010612
38.2669,26.1323,1.84049,59,60,59,800,2800,0.482399,15,6.83788,0,0,10145141567
38.4528,26.0059,1.84049,59,60,59,800,2800,0.482399,15,6.83788,0,0,10171147528
40.3756,24.7674,1.84049,59,60,59,800,2800,0.482399,15,6.83788,0,0,10195915427
38.5736,25.9245,1.84049,59,60,59,800,2800,0.482399,15,6.83788,0,0,10221840827
38.6189,25.8941,1.84049,59,60,59,800,2800,0.482399,15,6.83788,0,0,10247734056
38.4167,26.0304,1.84049,59,60,59,800,2800,0.482399,15,6.83788,0,0,10273764603
37.8737,26.4035,1.84049,59,60,59,800,2800,0.482399,15,6.83788,0,0,10300168832
40.2175,24.8648,1.84049,59,60,59,800,2800,0.482399,15,6.83788,0,0,10325033832
38.5271,25.9557,1.84049,59,60,59,800,2800,0.482399,15,6.83788,0,0,10350990701
38.677,25.8551,1.84049,59,60,59,800,2800,0.482399,15,6.83788,0,0,10376845559
38.3972,26.0436,1.84049,59,60,59,800,2800,0.482399,15,6.83788,0,0,10402888259
40.2751,24.8292,1.84049,59,60,59,800,2800,0.482399,15,6.83788,0,0,10427719176
38.4672,25.9962,1.84049,59,60,59,800,2800,0.482399,15,6.83788,0,0,10453715248
38.0952,26.25,1.84049,59,60,59,800,2800,0.482399,15,6.83788,0,0,10479964756
38.297,26.1117,1.84049,59,60,59,800,2800,0.482399,15,6.83788,0,0,10506077006
38.3869,26.0506,1.84049,59,60,59,800,2800,0.482399,15,6.83788,0,0,10532129675
40.0894,24.9443,1.84049,59,60,59,800,2800,0.482399,15,6.83788,0,0,10557076659
38.9016,25.7059,1.59902,59,61,59,800,2800,0.482399,7,6.83718,0,0,10582777849
38.5217,25.9594,1.59902,59,61,59,800,2800,0.482399,7,6.83718,0,0,10608738294
38.5622,25.9322,1.59902,59,61,59,800,2800,0.482399,7,6.83718,0,0,10634670607
39.821,25.1124,1.59902,59,61,59,800,2800,0.482399,7,6.83718,0,0,10659782271
38.3282,26.0904,1.59902,59,61,59,800,2800,0.482399,7,6.83718,0,0,10685873311
37.8887,26.3931,1.59902,59,61,59,800,2800,0.482399,7,6.83718,0,0,10712265958
39.7224,25.1747,1.59902,59,61,59,800,2800,0.482399,7,6.83718,0,0,10737440900
37.8057,26.4511,1.59902,59,61,59,800,2800,0.482399,7,6.83718,0,0,10763893298
39.8832,25.0732,1.59902,59,61,59,800,2800,0.482399,7,6.83718,0,0,10788965387
38.2395,26.1509,1.59902,59,61,59,800,2800,0.482399,7,6.83718,0,0,10815116591
40.1845,24.8852,1.59902,59,61,59,800,2800,0.482399,7,6.83718,0,0,10840002671
37.9804,26.3294,1.59902,59,61,59,800,2800,0.482399,7,6.83718,0,0,10866332139
38.369,26.0627,1.59902,59,61,59,800,2800,0.482399,7,6.83718,0,0,10892395668
39.7706,25.1442,1.59902,59,61,59,800,2800,0.482399,7,6.83718,0,0,10917539392
38.468,25.9956,1.59902,59,61,59,800,2800,0.482399,7,6.83718,0,0,10943534903
38.1473,26.2141,1.59902,59,61,59,800,2800,0.482399,7,6.83718,0,0,10969750197
39.6169,25.2417,1.59902,59,61,59,800,2800,0.482399,7,6.83718,0,0,10994991062
38.4744,25.9913,1.59902,59,61,59,800,2800,0.482399,7,6.83718,0,0,11020982837
40.2039,24.8732,1.59902,59,61,59,800,2800,0.482399,7,6.83718,0,0,11045856123
38.246,26.1465,1.59902,59,61,59,800,2800,0.482399,7,6.83718,0,0,11072007767
38.5618,25.9324,2.08078,59,61,59,800,2800,0.482399,12,6.83594,0,0,11097936313
38.4507,26.0073,2.08078,59,61,59,800,2800,0.482399,12,6.83594,0,0,11123944037
40.1474,24.9082,2.08078,59,61,59,800,2800,0.482399,12,6.83594,0,0,11148851819
38.3244,26.0931,2.08078,59,61,59,800,2800,0.482399,12,6.83594,0,0,11174945935
38.6494,25.8736,2.08078,59,61,59,800,2800,0.482399,12,6.83594,0,0,11200818496
37.9792,26.3302,2.08078,59,61,59,800,2800,0.482399,12,6.83594,0,0,11227151490
39.5601,25.278,2.08078,59,61,59,800,2800,0.482399,12,6.83594,0,0,11252427842
38.1445,26.2161,2.08078,59,61,59,800,2800,0.482399,12,6.83594,0,0,11278644318
40.1016,24.9367,2.08078,59,61,59,800,2800,0.482399,12,6.83594,0,0,11303581144
38.1246,26.2298,2.08078,59,61,59,800,2800,0.482399,12,6.83594,0,0,11329812197
38.3558,26.0717,2.08078,59,61,59,800,2800,0.482399,12,6.83594,0,0,11355883400
40.1565,24.9025,2.08078,59,61,59,800,2800,0.482399,12,6.83594,0,0,11380785831
38.6265,25.889,2.08078,59,61,59,800,2800,0.482399,12,6.83594,0,0,11406675244
38.4325,26.0197,2.08078,59,61,59,800,2800,0.482399,12,6.83594,0,0,11432695973
38.6217,25.8922,2.08078,59,61,59,800,2800,0.482399,12,6.83594,0,0,11458587599
37.7802,26.4689,2.08078,59,61,59,800,2800,0.482399,12,6.83594,0,0,11485058332
40.1488,24.9073,2.08078,59,61,59,800,2800,0.482399,12,6.83594,0,0,11509965111
38.3336,26.0868,2.08078,59,61,59,800,2800,0.482399,12,6.83594,0,0,11536050982
40.2199,24.8633,2.08078,59,61,59,800,2800,0.482399,12,6.83594,0,0,11560914360
37.2091,26.8751,2.08078,59,61,59,800,2800,0.482399,12,6.83594,0,0,11587794290
39.6059,25.2488,2.6764,59,60,59,800,2800,0.482399,13,6.83594,0,0,11613039614
38.5347,25.9506,2.6764,59,60,59,800,2800,0.482399,13,6.83594,0,0,11638990953
40.0506,24.9684,2.6764,59,60,59,800,2800,0.482399,13,6.83594,0,0,11663959658
38.2561,26.1396,2.6764,59,60,59,800,2800,0.482399,13,6.83594,0,0,11690098679
38.1041,26.2439,2.6764,59,60,59,800,2800,0.482399,13,6.83594,0,0,11716342356
39.1893,25.5172,2.6764,59,60,59,800,2800,0.482399,13,6.83594,0,0,11741860942
40.0163,24.9898,2.6764,59,60,59,800,2800,0.482399,13,6.83594,0,0,11766852130
38.1823,26.1901,2.6764,59,60,59,800,2800,0.482399,13,6.83594,0,0,11793040373
38.3514,26.0747,2.6764,59,60,59,800,2800,0.482399,13,6.83594,0,0,11819116135
40.0441,24.9725,2.6764,59,60,59,800,2800,0.482399,13,6.83594,0,0,11844089148
38.3766,26.0576,2.6764,59,60,59,800,2800,0.482399,13,6.83594,0,0,11870146505
38.3996,26.0419,2.6764,59,60,59,800,2800,0.482399,13,6.83594,0,0,11896188033
30.97,32.2894,2.6764,59,60,59,800,2800,0.482399,13,6.83594,0,0,11928481207
51.879,19.2756,2.6764,59,60,59,800,2800,0.482399,13,6.83594,0,0,11947754209
38.3868,26.0506,2.6764,59,60,59,800,2800,0.482399,13,6.83594,0,0,11973804393
39.2415,25.4832,2.6764,59,60,59,800,2800,0.482399,13,6.83594,0,0,11999290649
38.1589,26.2062,2.6764,59,60,59,800,2800,0.482399,13,6.83594,0,0,12025494291
40.2622,24.8372,2.6764,59,60,59,800,2800,0.482399,13,6.83594,0,0,12050332992
38.469,25.9949,2.6764,59,60,59,800,2800,0.482399,13,6.83594,0,0,12076326921
38.3711,26.0613,2.6764,59,60,59,800,2800,0.482399,13,6.83594,0,0,12102393025
38.1859,26.1877,2.44499,60,62,59,800,2800,0.482399,7,6.83622,0,0,12128576258
39.5198,25.3038,2.44499,60,62,59,800,2800,0.482399,7,6.83622,0,0,12153880172
40.3557,24.7797,2.44499,60,62,59,800,2800,0.482399,7,6.83622,0,0,12178661636
38.7764,25.7889,2.44499,60,62,59,800,2800,0.482399,7,6.83622,0,0,12204449288
38.5196,25.9608,2.44499,60,62,59,800,2800,0.482399,7,6.83622,0,0,12230409834
38.547,25.9424,2.44499,60,62,59,800,2800,0.482399,7,6.83622,0,0,12256352907
38.3203,26.0959,2.44499,60,62,59,800,2800,0.482399,7,6.83622,0,0,12282448566
38.8504,25.7398,2.44499,60,62,59,800,2800,0.482399,7,6.83622,0,0,12308189630
38.5871,25.9154,2.44499,60,62,59,800,2800,0.482399,7,6.83622,0,0,12334104440
39.8091,25.1199,2.44499,60,62,59,800,2800,0.482399,7,6.83622,0,0,12359225150
38.6544,25.8703,2.44499,60,62,59,800,2800,0.482399,7,6.83622,0,0,12385095156
38.5084,25.9684,2.44499,60,62,59,800,2800,0.482399,7,6.83622,0,0,12411064759
38.6519,25.872,2.44499,60,62,59,800,2800,0.482399,7,6.83622,0,0,12436936859
38.2361,26.1533,2.44499,60,62,59,800,2800,0.482399,7,6.83622,0,0,12463089776
39.8443,25.0977,2.44499,60,62,59,800,2800,0.482399,7,6.83622,0,0,12488187353
37.9989,26.3166,2.44499,60,62,59,800,2800,0.482399,7,6.83622,0,0,12514503806
39.6927,25.1936,2.44499,60,62,59,800,2800,0.482399,7,6.83622,0,0,12539698325
38.3159,26.0988,2.44499,60,62,59,800,2800,0.482399,7,6.83622,0,0,12565796178
38.2,26.178,2.44499,60,62,59,800,2800,0.482399,7,6.83622,0,0,12591975455
38.3511,26.0749,2.44499,60,62,59,800,2800,0.482399,7,6.83622,0,0,12618054743
39.785,25.1351,2.08078,59,60,59,800,2800,0.482399,16,6.8359,0,0,12643187236
36.1878,27.6336,2.08078,59,60,59,800,2800,0.482399,16,6.8359,0,0,12670819527
41.2482,24.2435,2.08078,59,60,59,800,2800,0.482399,16,6.8359,0,0,12695063683
39.7405,25.1633,2.08078,59,60,59,800,2800,0.482399,16,6.8359,0,0,12720226222
38.2514,26.1428,2.08078,59,60,59,800,2800,0.482399,16,6.8359,0,0,12746370493
32.2779,30.9809,2.08078,59,60,59,800,2800,0.482399,16,6.8359,0,0,12777350414
47.2345,21.171,2.08078,59,60,59,800,2800,0.482399,16,6.8359,0,0,12798522738
39.3923,25.3856,2.08078,59,60,59,800,2800,0.482399,16,6.8359,0,0,12823907444
39.6773,25.2033,2.08078,59,60,59,800,2800,0.482399,16,6.8359,0,0,12849111170
37.4904,26.6735,2.08078,59,60,59,800,2800,0.482399,16,6.8359,0,0,12875786176
39.2219,25.4959,2.08078,59,60,59,800,2800,0.482399,16,6.8359,0,0,12901280928
39.1441,25.5467,2.08078,59,60,59,800,2800,0.482399,16,6.8359,0,0,12926828900
39.3756,25.3965,2.08078,59,60,59,800,2800,0.482399,16,6.8359,0,0,12952225508
38.996,25.6437,2.08078,59,60,59,800,2800,0.482399,16,6.8359,0,0,12977869650
37.7841,26.4661,2.08078,59,60,59,800,2800,0.482399,16,6.8359,0,0,13004337097
39.1491,25.5434,2.08078,59,60,59,800,2800,0.482399,16,6.8359,0,0,13029878847
39.4164,25.3702,2.08078,59,60,59,800,2800,0.482399,16,6.8359,0,0,13055249967
39.4904,25.3226,2.08078,59,60,59,800,2800,0.482399,16,6.8359,0,0,13080572135
36.8908,27.107,2.08078,59,60,59,800,2800,0.482399,16,6.8359,0,0,13107678991
38.4748,25.991,2.08078,59,60,59,800,2800,0.482399,16,6.8359,0,0,13133672219
40.3864,24.7608,2.6862,59,63,60,800,2800,0.482399,5,6.8345,0,0,13158432984
39.5315,25.2963,2.6862,59,63,60,800,2800,0.482399,5,6.8345,0,0,13183728632
38.2445,26.1476,2.6862,59,63,60,800,2800,0.482399,5,6.8345,0,0,13209875688
38.0132,26.3067,2.6862,59,63,60,800,2800,0.482399,5,6.8345,0,0,13236184758
39.1706,25.5294,2.6862,59,63,60,800,2800,0.482399,5,6.8345,0,0,13261714375
39.3267,25.428,2.6862,59,63,60,800,2800,0.482399,5,6.8345,0,0,13287141130
39.3411,25.4187,2.6862,59,63,60,800,2800,0.482399,5,6.8345,0,0,13312559949
38.0262,26.2977,2.6862,59,63,60,800,2800,0.482399,5,6.8345,0,0,13338856836
39.2703,25.4646,2.6862,59,63,60,800,2800,0.482399,5,6.8345,0,0,13364321702
39.4319,25.3601,2.6862,59,63,60,800,2800,0.482399,5,6.8345,0,0,13389681802
38.279,26.124,2.6862,59,63,60,800,2800,0.482399,5,6.8345,0,0,13415806405
39.5171,25.3055,2.6862,59,63,60,800,2800,0.482399,5,6.8345,0,0,13441113605
37.9539,26.3477,2.6862,59,63,60,800,2800,0.482399,5,6.8345,0,0,13467459865
39.8565,25.09,2.6862,59,63,60,800,2800,0.482399,5,6.8345,0,0,13492550629
37.3952,26.7414,2.6862,59,63,60,800,2800,0.482399,5,6.8345,0,0,13519291689
39.5119,25.3088,2.6862,59,63,60,800,2800,0.482399,5,6.8345,0,0,13544600923
39.3947,25.3841,2.6862,59,63,60,800,2800,0.482399,5,6.8345,0,0,13569986019
37.6828,26.5373,2.6862,59,63,60,800,2800,0.482399,5,6.8345,0,0,13596522576
39.5626,25.2764,2.6862,59,63,60,800,2800,0.482399,5,6.8345,0,0,13621800000
39.6842,25.199,2.6862,59,63,60,800,2800,0.482399,5,6.8345,0,0,13647003696
38.2919,26.1152,2.57038,59,60,59,800,2800,0.482399,15,6.83475,0,0,13673113642
38.2899,26.1166,2.57038,59,60,59,800,2800,0.482399,15,6.83475,0,0,13699231293
40.2492,24.8452,2.57038,59,60,59,800,2800,0.482399,15,6.83475,0,0,13724077779
38.1649,26.2021,2.57038,59,60,59,800,2800,0.482399,15,6.83475,0,0,13750279868
38.409,26.0355,2.57038,59,60,59,800,2800,0.482399,15,6.83475,0,0,13776315073
39.2962,25.4478,2.57038,59,60,59,800,2800,0.482399,15,6.83475,0,0,13801763298
38.1013,26.2459,2.57038,59,60,59,800,2800,0.482399,15,6.83475,0,0,13828009019
39.9023,25.0612,2.57038,59,60,59,800,2800,0.482399,15,6.83475,0,0,13853071250
38.0962,26.2493,2.57038,59,60,59,800,2800,0.482399,15,6.83475,0,0,13879318864
39.6,25.2525,2.57038,59,60,59,800,2800,0.482399,15,6.83475,0,0,13904571983
38.3672,26.0639,2.57038,59,60,59,800,2800,0.482399,15,6.83475,0,0,13930636413
38.4006,26.0413,2.57038,59,60,59,800,2800,0.482399,15,6.83475,0,0,13956677120
39.8494,25.0945,2.57038,59,60,59,800,2800,0.482399,15,6.83475,0,0,13981772613
38.4358,26.0174,2.57038,59,60,59,800,2800,0.482399,15,6.83475,0,0,14007790105
38.3806,26.0549,2.57038,59,60,59,800,2800,0.482399,15,6.83475,0,0,14033845018
40.2263,24.8594,2.57038,59,60,59,800,2800,0.482399,15,6.83475,0,0,14058703847
37.7619,26.4817,2.57038,59,60,59,800,2800,0.482399,15,6.83475,0,0,14085185841
40.2032,24.8737,2.57038,59,60,59,800,2800,0.482399,15,6.83475,0,0,14110059869
38.5948,25.9102,2.57038,59,60,59,800,2800,0.482399,15,6.83475,0,0,14135970101
38.2316,26.1564,2.57038,59,60,59,800,2800,0.482399,15,6.83475,0,0,14162132715
38.6094,25.9004,1.96319,59,61,59,800,2800,0.482399,8,6.835,0,0,14188028971
38.2509,26.1432,1.96319,59,61,59,800,2800,0.482399,8,6.835,0,0,14214173031
39.4841,25.3266,1.96319,59,61,59,800,2800,0.482399,8,6.835,0,0,14239498355
38.3436,26.08,1.96319,59,61,59,800,2800,0.482399,8,6.835,0,0,14265578034
39.753,25.1554,1.96319,59,61,59,800,2800,0.482399,8,6.835,0,0,14290733520
37.2177,26.869,1.96319,59,61,59,800,2800,0.482399,8,6.835,0,0,14317603512
39.2728,25.4629,1.96319,59,61,59,800,2800,0.482399,8,6.835,0,0,14343066344
39.0595,25.602,1.96319,59,61,59,800,2800,0.482399,8,6.835,0,0,14368669189
38.8188,25.7607,1.96319,59,61,59,800,2800,0.482399,8,6.835,0,0,14394429439
37.5614,26.6231,1.96319,59,61,59,800,2800,0.482399,8,6.835,0,0,14421052567
38.8408,25.7461,1.96319,59,61,59,800,2800,0.482399,8,6.835,0,0,14446803941
39.2384,25.4852,1.96319,59,61,59,800,2800,0.482399,8,6.835,0,0,14472284857
40.4176,24.7417,1.96319,59,61,59,800,2800,0.482399,8,6.835,0,0,14497028260
37.7645,26.4799,1.96319,59,61,59,800,2800,0.482399,8,6.835,0,0,14523507017
39.6428,25.2253,1.96319,59,61,59,800,2800,0.482399,8,6.835,0,0,14548732214
39.4292,25.3619,1.96319,59,61,59,800,2800,0.482399,8,6.835,0,0,14574094347
36.6283,27.3013,1.96319,59,61,59,800,2800,0.482399,8,6.835,0,0,14601396720
40.3324,24.794,1.96319,59,61,59,800,2800,0.482399,8,6.835,0,0,14626189716
36.424,27.4544,1.96319,59,61,59,800,2800,0.482399,8,6.835,0,0,14653644043
41.3183,24.2023,1.96319,59,61,59,800,2800,0.482399,8,6.835,0,0,14677850138
38.4556,26.004,5.37897,59,61,61,800,2800,0.484276,10,6.94675,0,0,14703853985
39.4024,25.3792,5.37897,59,61,61,800,2800,0.484276,10,6.94675,0,0,14729230385
39.7873,25.1337,5.37897,59,61,61,800,2800,0.484276,10,6.94675,0,0,14754364130
38.2111,26.1704,5.37897,59,61,61,800,2800,0.484276,10,6.94675,0,0,14780534750
39.8849,25.0721,5.37897,59,61,61,800,2800,0.484276,10,6.94675,0,0,14805609635
37.088,26.9629,5.37897,59,61,61,800,2800,0.484276,10,6.94675,0,0,14832570918
39.7376,25.1651,5.37897,59,61,61,800,2800,0.484276,10,6.94675,0,0,14857736673
38.6931,25.8444,5.37897,59,61,61,800,2800,0.484276,10,6.94675,0,0,14883580550
39.8671,25.0833,5.37897,59,61,61,800,2800,0.484276,10,6.94675,0,0,14908665583
38.0153,26.3052,5.37897,59,61,61,800,2800,0.484276,10,6.94675,0,0,14934971397
38.3167,26.0983,5.37897,59,61,61,800,2800,0.484276,10,6.94675,0,0,14961068428
39.6876,25.1968,5.37897,59,61,61,800,2800,0.484276,10,6.94675,0,0,14986264911
38.3778,26.0567,5.37897,59,61,61,800,2800,0.484276,10,6.94675,0,0,15012323972
37.7902,26.4619,5.37897,59,61,61,800,2800,0.484276,10,6.94675,0,0,15038783744
39.5389,25.2916,5.37897,59,61,61,800,2800,0.484276,10,6.94675,0,0,15064076677
39.5063,25.3124,5.37897,59,61,61,800,2800,0.484276,10,6.94675,0,0,15089388616
38.3741,26.0592,5.37897,59,61,61,800,2800,0.484276,10,6.94675,0,0,15115447336
39.89,25.069,5.37897,59,61,61,800,2800,0.484276,10,6.94675,0,0,15140516961
38.1739,26.1959,5.37897,59,61,61,800,2800,0.484276,10,6.94675,0,0,15166714441
37.8633,26.4108,5.37897,59,61,61,800,2800,0.484276,10,6.94675,0,0,15193130672
39.4936,25.3205,2.81518,60,61,60,800,2800,0.484276,17,6.94723,0,0,15218445286
39.4337,25.359,2.81518,60,61,60,800,2800,0.484276,17,6.94723,0,0,15243803762
38.3838,26.0526,2.81518,60,61,60,800,2800,0.484276,17,6.94723,0,0,15269856661
39.7446,25.1606,2.81518,60,61,60,800,2800,0.484276,17,6.94723,0,0,15295019291
38.0079,26.3103,2.81518,60,61,60,800,2800,0.484276,17,6.94723,0,0,15321329302
40.0306,24.9809,2.81518,60,61,60,800,2800,0.484276,17,6.94723,0,0,15346309509
35.5944,28.0943,2.81518,60,61,60,800,2800,0.484276,17,6.94723,0,0,15374403617
41.3963,24.1567,2.81518,60,61,60,800,2800,0.484276,17,6.94723,0,0,15398560499
39.7249,25.1731,2.81518,60,61,60,800,2800,0.484276,17,6.94723,0,0,15423733818
37.2509,26.845,2.81518,60,61,60,800,2800,0.484276,17,6.94723,0,0,15450579194
39.5854,25.2618,2.81518,60,61,60,800,2800,0.484276,17,6.94723,0,0,15475841770
39.654,25.2181,2.81518,60,61,60,800,2800,0.484276,17,6.94723,0,0,15501058982
37.6522,26.5588,2.81518,60,61,60,800,2800,0.484276,17,6.94723,0,0,15527618030
39.5225,25.302,2.81518,60,61,60,800,2800,0.484276,17,6.94723,0,0,15552921975
38.1203,26.2327,2.81518,60,61,60,800,2800,0.484276,17,6.94723,0,0,15579154611
39.732,25.1686,2.81518,60,61,60,800,2800,0.484276,17,6.94723,0,0,15604322981
38.4411,26.0138,2.81518,60,61,60,800,2800,0.484276,17,6.94723,0,0,15630337047
39.4165,25.3701,2.81518,60,61,60,800,2800,0.484276,17,6.94723,0,0,15655707135
38.4544,26.0048,2.81518,60,61,60,800,2800,0.484276,17,6.94723,0,0,15681712645
38.2362,26.1533,2.81518,60,61,60,800,2800,0.484276,17,6.94723,0,0,15707867014
39.0675,25.5967,2.81863,63,67,61,800,2800,0.484276,11,6.94732,0,0,15733461694
40.0187,24.9883,2.81863,63,67,61,800,2800,0.484276,11,6.94732,0,0,15758451779
38.4228,26.0262,2.81863,63,67,61,800,2800,0.484276,11,6.94732,0,0,15784477307
38.3477,26.0772,2.81863,63,67,61,800,2800,0.484276,11,6.94732,0,0,15810555283
39.7658,25.1472,2.81863,63,67,61,800,2800,0.484276,11,6.94732,0,0,15835702714
38.0968,26.2489,2.81863,63,67,61,800,2800,0.484276,11,6.94732,0,0,15861950579
38.095,26.2501,2.81863,63,67,61,800,2800,0.484276,11,6.94732,0,0,15888202411
39.9843,25.0098,2.81863,63,67,61,800,2800,0.484276,11,6.94732,0,0,15913212303
38.2394,26.1511,2.81863,63,67,61,800,2800,0.484276,11,6.94732,0,0,15939362194
39.801,25.125,2.81863,63,67,61,800,2800,0.484276,11,6.94732,0,0,15964488545
38.3593,26.0693,2.81863,63,67,61,800,2800,0.484276,11,6.94732,0,0,15990557825
38.5915,25.9125,2.81863,63,67,61,800,2800,0.484276,11,6.94732,0,0,16016469469
34.8966,28.6561,2.81863,63,67,61,800,2800,0.484276,11,6.94732,0,0,16045125912
41.2005,24.2716,2.81863,63,67,61,800,2800,0.484276,11,6.94732,0,0,16069397920
40.6364,24.6085,2.81863,63,67,61,800,2800,0.484276,11,6.94732,0,0,16094007211
38.2964,26.1121,2.81863,63,67,61,800,2800,0.484276,11,6.94732,0,0,16120120995
37.8589,26.4139,2.81863,63,67,61,800,2800,0.484276,11,6.94732,0,0,16146533248
37.1856,26.8921,2.81863,63,67,61,800,2800,0.484276,11,6.94732,0,0,16173428337
41.6684,23.999,2.81863,63,67,61,800,2800,0.484276,11,6.94732,0,0,16197424959
37.0358,27.0009,2.81863,63,67,61,800,2800,0.484276,11,6.94732,0,0,16224433951
40.0435,24.9728,4.77941,64,61,65,800,2800,0.484276,16,6.95795,0,0,16249400021
38.0136,26.3064,4.77941,64,61,65,800,2800,0.484276,16,6.95795,0,0,16275707658
40.1261,24.9214,4.77941,64,61,65,800,2800,0.484276,16,6.95795,0,0,16300628183
39.4042,25.378,4.77941,64,61,65,800,2800,0.484276,16,6.95795,0,0,16326006296
38.9968,25.6431,4.77941,64,61,65,800,2800,0.484276,16,6.95795,0,0,16351649377
37.7119,26.5168,4.77941,64,61,65,800,2800,0.484276,16,6.95795,0,0,16378168100
38.7065,25.8355,4.77941,64,61,65,800,2800,0.484276,16,6.95795,0,0,16404004382
40.7535,24.5378,4.77941,64,61,65,800,2800,0.484276,16,6.95795,0,0,16428540436
35.4578,28.2025,4.77941,64,61,65,800,2800,0.484276,16,6.95795,0,0,16456743027
41.5953,24.0412,4.77941,64,61,65,800,2800,0.484276,16,6.95795,0,0,16480784744
37.9176,26.3729,4.77941,64,61,65,800,2800,0.484276,16,6.95795,0,0,16507158084
39.6096,25.2464,4.77941,64,61,65,800,2800,0.484276,16,6.95795,0,0,16532404861
36.7852,27.1848,4.77941,64,61,65,800,2800,0.484276,16,6.95795,0,0,16559590986
42.5926,23.4783,4.77941,64,61,65,800,2800,0.484276,16,6.95795,0,0,16583067803
38.1893,26.1853,4.77941,64,61,65,800,2800,0.484276,16,6.95795,0,0,16609253781
38.1108,26.2393,4.77941,64,61,65,800,2800,0.484276,16,6.95795,0,0,16635492870
38.8304,25.753,4.77941,64,61,65,800,2800,0.484276,16,6.95795,0,0,16661249172
38.7374,25.8149,4.77941,64,61,65,800,2800,0.484276,16,6.95795,0,0,16687064576
38.3383,26.0836,4.77941,64,61,65,800,2800,0.484276,16,6.95795,0,0,16713147912
38.4173,26.03,4.77941,64,61,65,800,2800,0.484276,16,6.95795,0,0,16739179751
40.4353,24.7309,8.1381,65,64,66,925,2800,0.48439,14,6.96699,0,0,16763909048
37.7427,26.4952,8.1381,65,64,66,925,2800,0.48439,14,6.96699,0,0,16790402293
40.3588,24.7777,8.1381,65,64,66,925,2800,0.48439,14,6.96699,0,0,16815181022
37.2198,26.8674,8.1381,65,64,66,925,2800,0.48439,14,6.96699,0,0,16842050042
40.0783,24.9512,8.1381,65,64,66,925,2800,0.48439,14,6.96699,0,0,16866999781
38.3731,26.0599,8.1381,65,64,66,925,2800,0.48439,14,6.96699,0,0,16893059433
38.7902,25.7797,8.1381,65,64,66,925,2800,0.48439,14,6.96699,0,0,16918842045
40.1678,24.8956,8.1381,65,64,66,925,2800,0.48439,14,6.96699,0,0,16943735439
38.527,25.9558,8.1381,65,64,66,925,2800,0.48439,14,6.96699,0,0,16969691366
39.0207,25.6274,8.1381,65,64,66,925,2800,0.48439,14,6.96699,0,0,16995320060
37.08,26.9687,8.1381,65,64,66,925,2800,0.48439,14,6.96699,0,0,17022288897
39.1847,25.5202,8.1381,65,64,66,925,2800,0.48439,14,6.96699,0,0,17047808475
38.0802,26.2603,8.1381,65,64,66,925,2800,0.48439,14,6.96699,0,0,17074069044
40.7635,24.5318,8.1381,65,64,66,925,2800,0.48439,14,6.96699,0,0,17098600950
37.1205,26.9393,8.1381,65,64,66,925,2800,0.48439,14,6.96699,0,0,17125542356
40.8293,24.4922,8.1381,65,64,66,925,2800,0.48439,14,6.96699,0,0,17150033104
38.8186,25.7608,8.1381,65,64,66,925,2800,0.48439,14,6.96699,0,0,17175796911
39.7056,25.1854,8.1381,65,64,66,925,2800,0.48439,14,6.96699,0,0,17200979367
38.3055,26.1059,8.1381,65,64,66,925,2800,0.48439,14,6.96699,0,0,17227085486
39.7472,25.159,8.1381,65,64,66,925,2800,0.48439,14,6.96699,0,0,17252248727
38.166,26.2013,7.65432,67,65,62,806,2800,0.484276,28,6.98463,0,0,17278446457
39.4057,25.377,7.65432,67,65,62,806,2800,0.484276,28,6.98463,0,0,17303823038
37.8609,26.4125,7.65432,67,65,62,806,2800,0.484276,28,6.98463,0,0,17330236222
38.2146,26.168,7.65432,67,65,62,806,2800,0.484276,28,6.98463,0,0,17356403817
39.3599,25.4066,7.65432,67,65,62,806,2800,0.484276,28,6.98463,0,0,17381810874
39.2212,25.4964,7.65432,67,65,62,806,2800,0.484276,28,6.98463,0,0,17407307219
39.678,25.2029,7.65432,67,65,62,806,2800,0.484276,28,6.98463,0,0,17432510425
37.9409,26.3568,7.65432,67,65,62,806,2800,0.484276,28,6.98463,0,0,17458867254
38.5669,25.929,7.65432,67,65,62,806,2800,0.484276,28,6.98463,0,0,17484796771
33.8679,29.5265,7.65432,67,65,62,806,2800,0.484276,28,6.98463,0,0,17514323647
44.9562,22.2439,7.65432,67,65,62,806,2800,0.484276,28,6.98463,0,0,17536570867
31.6596,31.586,7.65432,67,65,62,806,2800,0.484276,28,6.98463,0,0,17568154480
49.3786,20.2517,7.65432,67,65,62,806,2800,0.484276,28,6.98463,0,0,17588407039
38.4145,26.0318,7.65432,67,65,62,806,2800,0.484276,28,6.98463,0,0,17614438027
40.9825,24.4007,7.65432,67,65,62,806,2800,0.484276,28,6.98463,0,0,17638839078
36.478,27.4138,7.65432,67,65,62,806,2800,0.484276,28,6.98463,0,0,17666252950
41.424,24.1406,7.65432,67,65,62,806,2800,0.484276,28,6.98463,0,0,17690394804
37.2166,26.8697,7.65432,67,65,62,806,2800,0.484276,28,6.98463,0,0,17717263944
40.4409,24.7274,7.65432,67,65,62,806,2800,0.484276,28,6.98463,0,0,17741991357
38.4191,26.0287,7.65432,67,65,62,806,2800,0.484276,28,6.98463,0,0,17768024789
39.3001,25.4452,2.81174,68,71,61,800,2800,0.484276,12,6.98487,0,0,17793467163
36.2192,27.6097,2.81174,68,71,61,800,2800,0.484276,12,6.98487,0,0,17821075620
40.2931,24.8181,2.81174,68,71,61,800,2800,0.484276,12,6.98487,0,0,17845894084
36.7541,27.2079,2.81174,68,71,61,800,2800,0.484276,12,6.98487,0,0,17873102450
42.138,23.7316,2.81174,68,71,61,800,2800,0.484276,12,6.98487,0,0,17896834786
36.5287,27.3757,2.81174,68,71,61,800,2800,0.484276,12,6.98487,0,0,17924211258
43.0776,23.2139,2.81174,68,71,61,800,2800,0.484276,12,6.98487,0,0,17947425412
36.8133,27.1641,2.81174,68,71,61,800,2800,0.484276,12,6.98487,0,0,17974588915
39.8403,25.1002,2.81174,68,71,61,800,2800,0.484276,12,6.98487,0,0,17999688215
39.4693,25.3361,2.81174,68,71,61,800,2800,0.484276,12,6.98487,0,0,18025024690
38.0594,26.2747,2.81174,68,71,61,800,2800,0.484276,12,6.98487,0,0,18051300177
38.1989,26.1787,2.81174,68,71,61,800,2800,0.484276,12,6.98487,0,0,18077479914
39.6082,25.2473,2.81174,68,71,61,800,2800,0.484276,12,6.98487,0,0,18102727532
38.8338,25.7508,2.81174,68,71,61,800,2800,0.484276,12,6.98487,0,0,18128477212
39.3571,25.4084,2.81174,68,71,61,800,2800,0.484276,12,6.98487,0,0,18153886414
36.6126,27.313,2.81174,68,71,61,800,2800,0.484276,12,6.98487,0,0,18181199036
41.2573,24.2381,2.81174,68,71,61,800,2800,0.484276,12,6.98487,0,0,18205437622
38.5827,25.9184,2.81174,68,71,61,800,2800,0.484276,12,6.98487,0,0,18231356860
39.6837,25.1993,2.81174,68,71,61,800,2800,0.484276,12,6.98487,0,0,18256556318
37.9203,26.3711,2.81174,68,71,61,800,2800,0.484276,12,6.98487,0,0,18282931171
39.831,25.1061,2.45399,67,71,60,800,2800,0.484276,12,6.96358,0,0,18308032926
37.994,26.3199,2.45399,67,71,60,800,2800,0.484276,12,6.96358,0,0,18334353828
39.5673,25.2734,2.45399,67,71,60,800,2800,0.484276,12,6.96358,0,0,18359627124
37.944,26.3546,2.45399,67,71,60,800,2800,0.484276,12,6.96358,0,0,18385984004
39.7708,25.1441,2.45399,67,71,60,800,2800,0.484276,12,6.96358,0,0,18411126605
38.4424,26.0129,2.45399,67,71,60,800,2800,0.484276,12,6.96358,0,0,18437138618
37.3012,26.8088,2.45399,67,71,60,800,2800,0.484276,12,6.96358,0,0,18463950380
39.5788,25.266,2.45399,67,71,60,800,2800,0.484276,12,6.96358,0,0,18489214329
39.2396,25.4845,2.45399,67,71,60,800,2800,0.484276,12,6.96358,0,0,18514699313
39.0484,25.6093,2.45399,67,71,60,800,2800,0.484276,12,6.96358,0,0,18540310223
39.9174,25.0517,2.45399,67,71,60,800,2800,0.484276,12,6.96358,0,0,18565361673
38.0741,26.2646,2.45399,67,71,60,800,2800,0.484276,12,6.96358,0,0,18591625137
38.3585,26.0698,2.45399,67,71,60,800,2800,0.484276,12,6.96358,0,0,18617695068
39.566,25.2742,2.45399,67,71,60,800,2800,0.484276,12,6.96358,0,0,18642969527
37.9457,26.3535,2.45399,67,71,60,800,2800,0.484276,12,6.96358,0,0,18669323311
39.4929,25.321,2.45399,67,71,60,800,2800,0.484276,12,6.96358,0,0,18694644788
39.5994,25.2529,2.45399,67,71,60,800,2800,0.484276,12,6.96358,0,0,18719898999
37.9177,26.3729,2.45399,67,71,60,800,2800,0.484276,12,6.96358,0,0,18746270976
39.8561,25.0903,2.45399,67,71,60,800,2800,0.484276,12,6.96358,0,0,18771361300
37.7882,26.4633,2.45399,67,71,60,800,2800,0.484276,12,6.96358,0,0,18797827033
39.487,25.3248,2.20859,66,62,60,800,2800,0.484276,17,6.97142,0,0,18823149151
38.1248,26.2297,2.20859,66,62,60,800,2800,0.484276,17,6.97142,0,0,18849379313
37.9121,26.3768,2.20859,66,62,60,800,2800,0.484276,17,6.97142,0,0,18875756230
39.6877,25.1967,2.20859,66,62,60,800,2800,0.484276,17,6.97142,0,0,18900953043
38.1889,26.1856,2.20859,66,62,60,800,2800,0.484276,17,6.97142,0,0,18927141396
39.3462,25.4154,2.20859,66,62,60,800,2800,0.484276,17,6.97142,0,0,18952555647
39.1319,25.5546,2.20859,66,62,60,800,2800,0.484276,17,6.97142,0,0,18978112656
39.8565,25.09,2.20859,66,62,60,800,2800,0.484276,17,6.97142,0,0,19003201256
38.3974,26.0435,2.20859,66,62,60,800,2800,0.484276,17,6.97142,0,0,19029243475
38.0415,26.2871,2.20859,66,62,60,800,2800,0.484276,17,6.97142,0,0,19055532507
39.6757,25.2043,2.20859,66,62,60,800,2800,0.484276,17,6.97142,0,0,19080736774
37.9297,26.3646,2.20859,66,62,60,800,2800,0.484276,17,6.97142,0,0,19107101659
39.7639,25.1485,2.20859,66,62,60,800,2800,0.484276,17,6.97142,0,0,19132249259
38.2442,26.1478,2.20859,66,62,60,800,2800,0.484276,17,6.97142,0,0,19158398259
39.869,25.0822,2.20859,66,62,60,800,2800,0.484276,17,6.97142,0,0,19183481399
37.5904,26.6025,2.20859,66,62,60,800,2800,0.484276,17,6.97142,0,0,19210084279
39.8236,25.1108,2.20859,66,62,60,800,2800,0.484276,17,6.97142,0,0,19235201303
37.4553,26.6985,2.20859,66,62,60,800,2800,0.484276,17,6.97142,0,0,19261893301
38.6869,25.8485,2.20859,66,62,60,800,2800,0.484276,17,6.97142,0,0,19287740654
38.6949,25.8432,2.20859,66,62,60,800,2800,0.484276,17,6.97142,0,0,19313591975
39.2771,25.4601,3.04507,66,65,60,800,2800,0.484276,16,6.96853,0,0,19339045059
39.3911,25.3864,3.04507,66,65,60,800,2800,0.484276,16,6.96853,0,0,19364433412
39.5599,25.2781,3.04507,66,65,60,800,2800,0.484276,16,6.96853,0,0,19389710836
37.972,26.3352,3.04507,66,65,60,800,2800,0.484276,16,6.96853,0,0,19416046225
39.5657,25.2744,3.04507,66,65,60,800,2800,0.484276,16,6.96853,0,0,19441319922
37.9684,26.3377,3.04507,66,65,60,800,2800,0.484276,16,6.96853,0,0,19467658076
39.432,25.3601,3.04507,66,65,60,800,2800,0.484276,16,6.96853,0,0,19493017815
39.5415,25.2899,3.04507,66,65,60,800,2800,0.484276,16,6.96853,0,0,19518308955
38.0876,26.2552,3.04507,66,65,60,800,2800,0.484276,16,6.96853,0,0,19544563863
38.7094,25.8335,3.04507,66,65,60,800,2800,0.484276,16,6.96853,0,0,19570398924
38.6229,25.8914,3.04507,66,65,60,800,2800,0.484276,16,6.96853,0,0,19596288927
38.257,26.139,3.04507,66,65,60,800,2800,0.484276,16,6.96853,0,0,19622429340
39.7029,25.1871,3.04507,66,65,60,800,2800,0.484276,16,6.96853,0,0,19647616726
39.761,25.1503,3.04507,66,65,60,800,2800,0.484276,16,6.96853,0,0,19672766731
38.0128,26.3069,3.04507,66,65,60,800,2800,0.484276,16,6.96853,0,0,19699073697
39.3132,25.4368,3.04507,66,65,60,800,2800,0.484276,16,6.96853,0,0,19724511071
37.863,26.411,3.04507,66,65,60,800,2800,0.484276,16,6.96853,0,0,19750921651
39.5422,25.2894,3.04507,66,65,60,800,2800,0.484276,16,6.96853,0,0,19776212581
39.454,25.3459,3.04507,66,65,60,800,2800,0.484276,16,6.96853,0,0,19801557031
38.2492,26.1443,3.04507,66,65,60,800,2800,0.484276,16,6.96853,0,0,19827704678
37.5234,26.65,3.0525,66,62,60,800,2800,0.484276,9,6.96938,0,0,19854353836
39.2815,25.4573,3.0525,66,62,60,800,2800,0.484276,9,6.96938,0,0,19879809655
40.0575,24.9641,3.0525,66,62,60,800,2800,0.484276,9,6.96938,0,0,19904775024
38.3687,26.0629,3.0525,66,62,60,800,2800,0.484276,9,6.96938,0,0,19930836839
39.8597,25.088,3.0525,66,62,60,800,2800,0.484276,9,6.96938,0,0,19955925109
37.9699,26.3366,3.0525,66,62,60,800,2800,0.484276,9,6.96938,0,0,19982262181
39.6104,25.2459,3.0525,66,62,60,800,2800,0.484276,9,6.96938,0,0,20007507696
38.1028,26.2448,3.0525,66,62,60,800,2800,0.484276,9,6.96938,0,0,20033754288
39.4883,25.3239,3.0525,66,62,60,800,2800,0.484276,9,6.96938,0,0,20059076707
38.0403,26.2879,3.0525,66,62,60,800,2800,0.484276,9,6.96938,0,0,20085364877
39.4227,25.3661,3.0525,66,62,60,800,2800,0.484276,9,6.96938,0,0,20110731599
38.1773,26.1936,3.0525,66,62,60,800,2800,0.484276,9,6.96938,0,0,20136925062
39.3758,25.3963,3.0525,66,62,60,800,2800,0.484276,9,6.96938,0,0,20162322992
38.2195,26.1646,3.0525,66,62,60,800,2800,0.484276,9,6.96938,0,0,20188488072
39.893,25.0671,3.0525,66,62,60,800,2800,0.484276,9,6.96938,0,0,20213555011
38.3827,26.0534,3.0525,66,62,60,800,2800,0.484276,9,6.96938,0,0,20239608081
38.3613,26.0679,3.0525,66,62,60,800,2800,0.484276,9,6.96938,0,0,20265675717
39.7095,25.1829,3.0525,66,62,60,800,2800,0.484276,9,6.96938,0,0,20290859927
38.273,26.1281,3.0525,66,62,60,800,2800,0.484276,9,6.96938,0,0,20316987346
38.4378,26.016,3.0525,66,62,60,800,2800,0.484276,9,6.96938,0,0,20343008405
40.024,24.985,2.32558,65,61,60,800,2800,0.484276,12,6.96938,0,0,20367989674
37.9445,26.3543,2.32558,65,61,60,800,2800,0.484276,12,6.96938,0,0,20394344269
39.2454,25.4807,2.32558,65,61,60,800,2800,0.484276,12,6.96938,0,0,20419824093
36.754,27.2079,2.32558,65,61,60,800,2800,0.484276,12,6.96938,0,0,20447032389
41.2135,24.2639,2.32558,65,61,60,800,2800,0.484276,12,6.96938,0,0,20471296964
37.028,27.0066,2.32558,65,61,60,800,2800,0.484276,12,6.96938,0,0,20498304133
40.9109,24.4434,2.32558,65,61,60,800,2800,0.484276,12,6.96938,0,0,20522748134
36.494,27.4018,2.32558,65,61,60,800,2800,0.484276,12,6.96938,0,0,20550149803
40.0865,24.9461,2.32558,65,61,60,800,2800,0.484276,12,6.96938,0,0,20575097168
38.1181,26.2343,2.32558,65,61,60,800,2800,0.484276,12,6.96938,0,0,20601330766
40.7906,24.5155,2.32558,65,61,60,800,2800,0.484276,12,6.96938,0,0,20625846051
37.7612,26.4822,2.32558,65,61,60,800,2800,0.484276,12,6.96938,0,0,20652327574
39.9631,25.0231,2.32558,65,61,60,800,2800,0.484276,12,6.96938,0,0,20677351884
38.2085,26.1722,2.32558,65,61,60,800,2800,0.484276,12,6.96938,0,0,20703523666
39.0992,25.5759,2.32558,65,61,60,800,2800,0.484276,12,6.96938,0,0,20729100331
39.6391,25.2276,2.32558,65,61,60,800,2800,0.484276,12,6.96938,0,0,20754328113
37.1402,26.925,2.32558,65,61,60,800,2800,0.484276,12,6.96938,0,0,20781252466
39.5154,25.3066,2.32558,65,61,60,800,2800,0.484276,12,6.96938,0,0,20806558955
38.6064,25.9024,2.32558,65,61,60,800,2800,0.484276,12,6.96938,0,0,20832461172
39.4517,25.3474,2.32558,65,61,60,800,2800,0.484276,12,6.96938,0,0,20857811743
37.9238,26.3687,2.2113,65,61,60,800,2800,0.484276,10,6.96496,0,0,20884177620
37.8775,26.4009,2.2113,65,61,60,800,2800,0.484276,10,6.96496,0,0,20910580365
41.7885,23.93,2.2113,65,61,60,800,2800,0.484276,10,6.96496,0,0,20934508999
37.4338,26.7138,2.2113,65,61,60,800,2800,0.484276,10,6.96496,0,0,20961225052
39.5438,25.2884,2.2113,65,61,60,800,2800,0.484276,10,6.96496,0,0,20986511764
39.2125,25.5021,2.2113,65,61,60,800,2800,0.484276,10,6.96496,0,0,21012015844
38.0089,26.3096,2.2113,65,61,60,800,2800,0.484276,10,6.96496,0,0,21038323861
39.7947,25.129,2.2113,65,61,60,800,2800,0.484276,10,6.96496,0,0,21063454871
37.8798,26.3993,2.2113,65,61,60,800,2800,0.484276,10,6.96496,0,0,21089853328
39.6749,25.2048,2.2113,65,61,60,800,2800,0.484276,10,6.96496,0,0,21115059108
37.6865,26.5347,2.2113,65,61,60,800,2800,0.484276,10,6.96496,0,0,21141594091
39.1406,25.5489,2.2113,65,61,60,800,2800,0.484276,10,6.96496,0,0,21167142144
39.8406,25.1001,2.2113,65,61,60,800,2800,0.484276,10,6.96496,0,0,21192242195
37.4904,26.6735,2.2113,65,61,60,800,2800,0.484276,10,6.96496,0,0,21218915849
39.446,25.3511,2.2113,65,61,60,800,2800,0.484276,10,6.96496,0,0,21244267923
39.9292,25.0443,2.2113,65,61,60,800,2800,0.484276,10,6.96496,0,0,21269312220
38.4869,25.9829,2.2113,65,61,60,800,2800,0.484276,10,6.96496,0,0,21295296190
38.1684,26.1997,2.2113,65,61,60,800,2800,0.484276,10,6.96496,0,0,21321495754
40.2738,24.83,2.2113,65,61,60,800,2800,0.484276,10,6.96496,0,0,21346327182
38.0692,26.268,2.2113,65,61,60,800,2800,0.484276,10,6.96496,0,0,21372595936
38.16,26.2054,2.20859,65,63,60,800,2800,0.484276,11,6.96496,0,0,21398798846
39.9149,25.0533,2.20859,65,63,60,800,2800,0.484276,11,6.96496,0,0,21423852952
38.2875,26.1182,2.20859,65,63,60,800,2800,0.484276,11,6.96496,0,0,21449970542
38.0699,26.2675,2.20859,65,63,60,800,2800,0.484276,11,6.96496,0,0,21476238445
37.2985,26.8107,2.20859,65,63,60,800,2800,0.484276,11,6.96496,0,0,21503050518
41.164,24.2931,2.20859,65,63,60,800,2800,0.484276,11,6.96496,0,0,21527342514
37.3217,26.794,2.20859,65,63,60,800,2800,0.484276,11,6.96496,0,0,21554137655
39.8217,25.1119,2.20859,65,63,60,800,2800,0.484276,11,6.96496,0,0,21579249429
27.8593,35.8947,2.20859,65,63,60,800,2800,0.484276,11,6.96496,0,0,21615146002
53.1759,18.8055,2.20859,65,63,60,800,2800,0.484276,11,6.96496,0,0,21633949783
45.8595,21.8057,2.20859,65,63,60,800,2800,0.484276,11,6.96496,0,0,21655755275
38.7809,25.7859,2.20859,65,63,60,800,2800,0.484276,11,6.96496,0,0,21681541634
38.0526,26.2794,2.20859,65,63,60,800,2800,0.484276,11,6.96496,0,0,21707821159
38.5965,25.9091,2.20859,65,63,60,800,2800,0.484276,11,6.96496,0,0,21733730278
39.8987,25.0635,2.20859,65,63,60,800,2800,0.484276,11,6.96496,0,0,21758793510
38.0411,26.2873,2.20859,65,63,60,800,2800,0.484276,11,6.96496,0,0,21785081821
39.9,25.0627,2.20859,65,63,60,800,2800,0.484276,11,6.96496,0,0,21810144142
37.1321,26.9309,2.20859,65,63,60,800,2800,0.484276,11,6.96496,0,0,21837075769
39.7185,25.1772,2.20859,65,63,60,800,2800,0.484276,11,6.96496,0,0,21862253898
39.7128,25.1808,2.20859,65,63,60,800,2800,0.484276,11,6.96496,0,0,21887436053
37.8029,26.453,2.82209,64,62,60,800,2800,0.484276,15,6.96845,0,0,21913887570
39.4964,25.3188,2.82209,64,62,60,800,2800,0.484276,15,6.96845,0,0,21939207123
38.0968,26.2489,2.82209,64,62,60,800,2800,0.484276,15,6.96845,0,0,21965456772
40.205,24.8725,2.82209,64,62,60,800,2800,0.484276,15,6.96845,0,0,21990330038
37.9538,26.3479,2.82209,64,62,60,800,2800,0.484276,15,6.96845,0,0,22016675576
38.8219,25.7587,2.82209,64,62,60,800,2800,0.484276,15,6.96845,0,0,22042434784
39.8148,25.1163,2.82209,64,62,60,800,2800,0.484276,15,6.96845,0,0,22067551066
38.576,25.9229,2.82209,64,62,60,800,2800,0.484276,15,6.96845,0,0,22093474312
37.8322,26.4325,2.82209,64,62,60,800,2800,0.484276,15,6.96845,0,0,22119907544
40.0825,24.9486,2.82209,64,62,60,800,2800,0.484276,15,6.96845,0,0,22144855641
38.5087,25.9681,2.82209,64,62,60,800,2800,0.484276,15,6.96845,0,0,22170823641
38.5538,25.9378,2.82209,64,62,60,800,2800,0.484276,15,6.96845,0,0,22196761664
38.5998,25.9069,2.82209,64,62,60,800,2800,0.484276,15,6.96845,0,0,22222668509
39.5637,25.2757,2.82209,64,62,60,800,2800,0.484276,15,6.96845,0,0,22247944211
38.4082,26.0361,2.82209,64,62,60,800,2800,0.484276,15,6.96845,0,0,22273980348
38.3713,26.0612,2.82209,64,62,60,800,2800,0.484276,15,6.96845,0,0,22300041603
39.5503,25.2842,2.82209,64,62,60,800,2800,0.484276,15,6.96845,0,0,22325326461
38.0583,26.2755,2.82209,64,62,60,800,2800,0.484276,15,6.96845,0,0,22351601557
40.0126,24.9921,2.82209,64,62,60,800,2800,0.484276,15,6.96845,0,0,22376594438
37.8221,26.4395,2.82209,64,62,60,800,2800,0.484276,15,6.96845,0,0,22403036437
39.5917,25.2578,1.84275,63,64,60,800,2800,0.484276,6,6.96845,0,0,22428292942
37.6495,26.5608,1.84275,63,64,60,800,2800,0.484276,6,6.96845,0,0,22454853142
38.9024,25.7053,1.84275,63,64,60,800,2800,0.484276,6,6.96845,0,0,22480558389
39.4247,25.3648,1.84275,63,64,60,800,2800,0.484276,6,6.96845,0,0,22505924560
37.9422,26.3559,1.84275,63,64,60,800,2800,0.484276,6,6.96845,0,0,22532279646
39.5068,25.3121,1.84275,63,64,60,800,2800,0.484276,6,6.96845,0,0,22557591475
39.3735,25.3978,1.84275,63,64,60,800,2800,0.484276,6,6.96845,0,0,22582990788
38.2905,26.1161,1.84275,63,64,60,800,2800,0.484276,6,6.96845,0,0,22609106044
39.8573,25.0895,1.84275,63,64,60,800,2800,0.484276,6,6.96845,0,0,22634197420
37.9263,26.3669,1.84275,63,64,60,800,2800,0.484276,6,6.96845,0,0,22660562925
39.8322,25.1053,1.84275,63,64,60,800,2800,0.484276,6,6.96845,0,0,22685668377
37.8937,26.3896,1.84275,63,64,60,800,2800,0.484276,6,6.96845,0,0,22712058348
39.9117,25.0553,1.84275,63,64,60,800,2800,0.484276,6,6.96845,0,0,22737113536
38.1042,26.2438,1.84275,63,64,60,800,2800,0.484276,6,6.96845,0,0,22763358735
40.0448,24.9721,1.84275,63,64,60,800,2800,0.484276,6,6.96845,0,0,22788329935
38.3199,26.0961,1.84275,63,64,60,800,2800,0.484276,6,6.96845,0,0,22814426206
37.856,26.4159,1.84275,63,64,60,800,2800,0.484276,6,6.96845,0,0,22840844821
39.3707,25.3996,1.84275,63,64,60,800,2800,0.484276,6,6.96845,0,0,22866242621
38.6111,25.8993,1.84275,63,64,60,800,2800,0.484276,6,6.96845,0,0,22892140950
40.0552,24.9655,1.84275,63,64,60,800,2800,0.484276,6,6.96845,0,0,22917109986
35.7059,28.0066,2.09102,61,61,60,800,2800,0.484276,16,6.96684,0,0,22945113865
40.9249,24.435,2.09102,61,61,60,800,2800,0.484276,16,6.96684,0,0,22969549450
19.0975,52.3628,2.09102,61,61,60,800,2800,0.484276,16,6.96684,0,0,23021914524
62.3934,16.0273,2.09102,61,61,60,800,2800,0.484276,16,6.96684,0,0,23037939734
44.3973,22.5239,2.09102,61,61,60,800,2800,0.484276,16,6.96684,0,0,23060463844
38.8452,25.7432,2.09102,61,61,60,800,2800,0.484276,16,6.96684,0,0,23086206942
39.6514,25.2198,2.09102,61,61,60,800,2800,0.484276,16,6.96684,0,0,23111427059
38.1012,26.2459,2.09102,61,61,60,800,2800,0.484276,16,6.96684,0,0,23137673250
37.0697,26.9762,2.09102,61,61,60,800,2800,0.484276,16,6.96684,0,0,23164649211
41.4356,24.1338,2.09102,61,61,60,800,2800,0.484276,16,6.96684,0,0,23188783521
38.6813,25.8523,2.09102,61,61,60,800,2800,0.484276,16,6.96684,0,0,23214636044
36.8771,27.1171,2.09102,61,61,60,800,2800,0.484276,16,6.96684,0,0,23241752969
41.6199,24.0269,2.09102,61,61,60,800,2800,0.484276,16,6.96684,0,0,23265780068
7.77728,128.58,2.09102,61,61,60,800,2800,0.484276,16,6.96684,0,0,23394360354
82.0508,12.1876,2.09102,61,61,60,800,2800,0.484276,16,6.96684,0,0,23406547294
41.051,24.3599,2.09102,61,61,60,800,2800,0.484276,16,6.96684,0,0,23430910894
40.3262,24.7978,2.95203,59,62,59,800,2710,0.484276,13,7.05964,0,0,23455705102
33.883,29.5133,2.95203,59,62,59,800,2710,0.484276,13,7.05964,0,0,23485218673
43.3816,23.0513,2.95203,59,62,59,800,2710,0.484276,13,7.05964,0,0,23508269961
39.9497,25.0315,2.95203,59,62,59,800,2710,0.484276,13,7.05964,0,0,23533301815
38.6504,25.873,2.95203,59,62,59,800,2710,0.484276,13,7.05964,0,0,23559174446
38.8524,25.7384,2.95203,59,62,59,800,2710,0.484276,13,7.05964,0,0,23584912975
38.239,26.1513,2.95203,59,62,59,800,2710,0.484276,13,7.05964,0,0,23611064249
38.3274,26.091,2.95203,59,62,59,800,2710,0.484276,13,7.05964,0,0,23637156111
26.9932,37.0464,2.95203,59,62,59,800,2710,0.484276,13,7.05964,0,0,23674203012
72.7784,13.7403,2.95203,59,62,59,800,2710,0.484276,13,7.05964,0,0,23687942715
38.3575,26.0705,2.95203,59,62,59,800,2710,0.484276,13,7.05964,0,0,23714013307
38.5125,25.9656,2.95203,59,62,59,800,2710,0.484276,13,7.05964,0,0,23739979092
40.2027,24.874,2.95203,59,62,59,800,2710,0.484276,13,7.05964,0,0,23764852910
12.0847,82.7492,2.95203,59,62,59,800,2710,0.484276,13,7.05964,0,0,23847602999
28.6418,34.914,2.95203,59,62,59,800,2710,0.484276,13,7.05964,0,0,23882517010
22.0849,45.2797,2.95203,59,62,59,800,2710,0.484276,13,7.05964,0,0,23927796613
44.5553,22.444,2.95203,59,62,59,800,2710,0.484276,13,7.05964,0,0,23950242366
43.3462,23.0701,3.67197,49,63,60,800,2440,0.484276,6,7.06144,0,0,23973311028
23.214,43.0774,3.67197,49,63,60,800,2440,0.484276,6,7.06144,0,0,24016388841
43.8081,22.8268,3.67197,49,63,60,800,2440,0.484276,6,7.06144,0,0,24039215549
44.5379,22.4528,3.67197,49,63,60,800,2440,0.484276,6,7.06144,0,0,24061668685
39.0339,25.6187,3.67197,49,63,60,800,2440,0.484276,6,7.06144,0,0,24087287520
14.7461,67.8145,3.67197,49,63,60,800,2440,0.484276,6,7.06144,0,0,24155102415
27.2146,36.7449,3.67197,49,63,60,800,2440,0.484276,6,7.06144,0,0,24191847290
28.2174,35.4391,3.67197,49,63,60,800,2440,0.484276,6,7.06144,0,0,24227286475
32.847,30.4442,3.67197,49,63,60,800,2440,0.484276,6,7.06144,0,0,24257731473
33.6986,29.6748,3.67197,49,63,60,800,2440,0.484276,6,7.06144,0,0,24287405815
19.7617,50.6029,3.67197,49,63,60,800,2440,0.484276,6,7.06144,0,0,24338008974
28.0709,35.6241,3.67197,49,63,60,800,2440,0.484276,6,7.06144,0,0,24373633277
27.7537,36.0312,3.67197,49,63,60,800,2440,0.484276,6,7.06144,0,0,24409665114
23.8758,41.8834,3.67197,49,63,60,800,2440,0.484276,6,7.06144,0,0,24451551533
25.9581,38.5237,9.34343,38,64,61,800,2530,0.484276,14,7.42126,0,0,24490073401
28.339,35.2871,9.34343,38,64,61,800,2530,0.484276,14,7.42126,0,0,24525361733
13.2563,75.4356,9.34343,38,64,61,800,2530,0.484276,14,7.42126,0,0,24600795268
12.3285,81.1128,9.34343,38,64,61,800,2530,0.484276,14,7.42126,0,0,24681908518
24.8874,40.1809,9.34343,38,64,61,800,2530,0.484276,14,7.42126,0,0,24722088987
23.4706,42.6066,9.34343,38,64,61,800,2530,0.484276,14,7.42126,0,0,24764697019
12.4302,80.4494,9.34343,38,64,61,800,2530,0.484276,14,7.42126,0,0,24845145762
21.3545,46.8285,9.34343,38,64,61,800,2530,0.484276,14,7.42126,0,0,24891975433
30.453,32.8374,9.34343,38,64,61,800,2530,0.484276,14,7.42126,0,0,24924813209
4.05835,246.406,9.34343,38,64,61,800,2530,0.484276,14,7.42126,0,0,25171221883
23.1987,43.1058,33.5986,30,78,63,800,2620,0.48428,23,7.44244,0,0,25214327298
27.953,35.7743,33.5986,30,78,63,800,2620,0.48428,23,7.44244,0,0,25250100490
28.8037,34.7177,33.5986,30,78,63,800,2620,0.48428,23,7.44244,0,0,25284818874
32.3939,30.87,33.5986,30,78,63,800,2620,0.48428,23,7.44244,0,0,25315688788
33.4162,29.9256,33.5986,30,78,63,800,2620,0.48428,23,7.44244,0,0,25345615404
40.9739,24.4058,33.5986,30,78,63,800,2620,0.48428,23,7.44244,0,0,25370021343
38.3989,26.0424,33.5986,30,78,63,800,2620,0.48428,23,7.44244,0,0,25396061749
30.9826,32.2761,33.5986,30,78,63,800,2620,0.48428,23,7.44244,0,0,25428339995
39.9605,25.0247,33.5986,30,78,63,800,2620,0.48428,23,7.44244,0,0,25453365156
41.4414,24.1305,33.5986,30,78,63,800,2620,0.48428,23,7.44244,0,0,25477494497
41.1676,24.2909,33.5986,30,78,63,800,2620,0.48428,23,7.44244,0,0,25501787856
39.8385,25.1013,33.5986,30,78,63,800,2620,0.48428,23,7.44244,0,0,25526887036
39.4225,25.3662,33.5986,30,78,63,800,2620,0.48428,23,7.44244,0,0,25552255902
36.0266,27.7573,33.5986,30,78,63,800,2620,0.48428,23,7.44244,0,0,25580012106
41.2351,24.2512,33.5986,30,78,63,800,2620,0.48428,23,7.44244,0,0,25604262905
38.8081,25.7678,33.5986,30,78,63,800,2620,0.48428,23,7.44244,0,0,25630031450
38.9208,25.6932,33.5986,30,78,63,800,2620,0.48428,23,7.44244,0,0,25655726909
39.5396,25.2911,33.5986,30,78,63,800,2620,0.48428,23,7.44244,0,0,25681021235
40.5539,24.6585,7.97011,26,82,69,2187,2710,0.484276,19,7.46951,0,0,25705674749
38.8555,25.7364,7.97011,26,82,69,2187,2710,0.484276,19,7.46951,0,0,25731412908
38.3475,26.0773,7.97011,26,82,69,2187,2710,0.484276,19,7.46951,0,0,25757488539
37.3828,26.7502,7.97011,26,82,69,2187,2710,0.484276,19,7.46951,0,0,25784239097
39.062,25.6004,7.97011,26,82,69,2187,2710,0.484276,19,7.46951,0,0,25809842693
40.0162,24.9899,7.97011,26,82,69,2187,2710,0.484276,19,7.46951,0,0,25834832799
38.8925,25.7119,7.97011,26,82,69,2187,2710,0.484276,19,7.46951,0,0,25860543536
38.1606,26.205,7.97011,26,82,69,2187,2710,0.484276,19,7.46951,0,0,25886750374
38.4969,25.9761,7.97011,26,82,69,2187,2710,0.484276,19,7.46951,0,0,25912726950
40.5954,24.6333,7.97011,26,82,69,2187,2710,0.484276,19,7.46951,0,0,25937361168
37.4552,26.6985,7.97011,26,82,69,2187,2710,0.484276,19,7.46951,0,0,25964059888
39.5528,25.2826,7.97011,26,82,69,2187,2710,0.484276,19,7.46951,0,0,25989341230
38.7255,25.8228,7.97011,26,82,69,2187,2710,0.484276,19,7.46951,0,0,26015165450
39.2634,25.469,7.97011,26,82,69,2187,2710,0.484276,19,7.46951,0,0,26040633101
38.8819,25.7189,7.97011,26,82,69,2187,2710,0.484276,19,7.46951,0,0,26066354819
37.8226,26.4392,7.97011,26,82,69,2187,2710,0.484276,19,7.46951,0,0,26092793962
37.1481,26.9193,7.97011,26,82,69,2187,2710,0.484276,19,7.46951,0,0,26119713277
41.9345,23.8467,7.97011,26,82,69,2187,2710,0.484276,19,7.46951,0,0,26143560969
37.36,26.7666,7.97011,26,82,69,2187,2710,0.484276,19,7.46951,0,0,26170326645
40.9883,24.3972,7.97011,26,82,69,2187,2710,0.484276,19,7.46951,0,0,26194726393
36.8736,27.1197,6.5513,39,76,68,800,2800,0.484276,44,7.52646,0,0,26221844500
40.772,24.5267,6.5513,39,76,68,800,2800,0.484276,44,7.52646,0,0,26246370726
37.7541,26.4872,6.5513,39,76,68,800,2800,0.484276,44,7.52646,0,0,26272859432
37.5839,26.6072,6.5513,39,76,68,800,2800,0.484276,44,7.52646,0,0,26299466541
41.0059,24.3867,6.5513,39,76,68,800,2800,0.484276,44,7.52646,0,0,26323852563
37.4919,26.6724,6.5513,39,76,68,800,2800,0.484276,44,7.52646,0,0,26350527399
40.6581,24.5954,6.5513,39,76,68,800,2800,0.484276,44,7.52646,0,0,26375122073
38.4547,26.0046,6.5513,39,76,68,800,2800,0.484276,44,7.52646,0,0,26401127443
39.2115,25.5027,6.5513,39,76,68,800,2800,0.484276,44,7.52646,0,0,26426629328
36.4406,27.4419,6.5513,39,76,68,800,2800,0.484276,44,7.52646,0,0,26454071974
40.8123,24.5024,6.5513,39,76,68,800,2800,0.484276,44,7.52646,0,0,26478574234
38.5848,25.917,6.5513,39,76,68,800,2800,0.484276,44,7.52646,0,0,26504493412
38.7674,25.7948,6.5513,39,76,68,800,2800,0.484276,44,7.52646,0,0,26530287506
39.7218,25.1751,6.5513,39,76,68,800,2800,0.484276,44,7.52646,0,0,26555462268
38.5062,25.9699,6.5513,39,76,68,800,2800,0.484276,44,7.52646,0,0,26581433063
39.5686,25.2726,6.5513,39,76,68,800,2800,0.484276,44,7.52646,0,0,26606704196
37.5141,26.6567,6.5513,39,76,68,800,2800,0.484276,44,7.52646,0,0,26633360877
38.6553,25.8697,6.5513,39,76,68,800,2800,0.484276,44,7.52646,0,0,26659231815
37.2029,26.8796,6.5513,39,76,68,800,2800,0.484276,44,7.52646,0,0,26686112547
39.1716,25.5287,6.5513,39,76,68,800,2800,0.484276,44,7.52646,0,0,26711642765
42.7018,23.4182,5.12195,50,71,68,2290,2800,0.484276,28,7.54094,0,0,26735060742
42.0532,23.7794,5.12195,50,71,68,2290,2800,0.484276,28,7.54094,0,0,26758840237
37.5017,26.6654,5.12195,50,71,68,2290,2800,0.484276,28,7.54094,0,0,26785506075
40.4868,24.6994,5.12195,50,71,68,2290,2800,0.484276,28,7.54094,0,0,26810203562
38.1669,26.2007,5.12195,50,71,68,2290,2800,0.484276,28,7.54094,0,0,26836407023
38.6761,25.8558,5.12195,50,71,68,2290,2800,0.484276,28,7.54094,0,0,26862264115
36.8527,27.135,5.12195,50,71,68,2290,2800,0.484276,28,7.54094,0,0,26889397581
41.7534,23.9501,5.12195,50,71,68,2290,2800,0.484276,28,7.54094,0,0,26913349750
38.3539,26.0729,5.12195,50,71,68,2290,2800,0.484276,28,7.54094,0,0,26939421163
13.3948,74.6559,5.12195,50,71,68,2290,2800,0.484276,28,7.54094,0,0,27014080226
36.9351,27.0745,5.12195,50,71,68,2290,2800,0.484276,28,7.54094,0,0,27041153218
36.0169,27.7647,5.12195,50,71,68,2290,2800,0.484276,28,7.54094,0,0,27068918369
44.418,22.5134,5.12195,50,71,68,2290,2800,0.484276,28,7.54094,0,0,27091432520
45.2572,22.0959,5.12195,50,71,68,2290,2800,0.484276,28,7.54094,0,0,27113528477
12.1947,82.0029,5.12195,50,71,68,2290,2800,0.484276,28,7.54094,0,0,27195530974
13.131,76.1558,5.12195,50,71,68,2290,2800,0.484276,28,7.54094,0,0,27271696012
24.0824,41.524,28.6036,57,77,67,800,2800,0.484276,23,7.56869,0,0,27313212717
31.2854,31.9638,28.6036,57,77,67,800,2800,0.484276,23,7.56869,0,0,27345177015
16.7532,59.6902,28.6036,57,77,67,800,2800,0.484276,23,7.56869,0,0,27404865396
29.8211,33.5333,28.6036,57,77,67,800,2800,0.484276,23,7.56869,0,0,27438400630
32.328,30.9329,28.6036,57,77,67,800,2800,0.484276,23,7.56869,0,0,27469334034
36.7055,27.2439,28.6036,57,77,67,800,2800,0.484276,23,7.56869,0,0,27496577947
41.8603,23.889,28.6036,57,77,67,800,2800,0.484276,23,7.56869,0,0,27520467888
39.3421,25.418,28.6036,57,77,67,800,2800,0.484276,23,7.56869,0,0,27545886868
41.1721,24.2883,28.6036,57,77,67,800,2800,0.484276,23,7.56869,0,0,27570173013
34.2096,29.2315,28.6036,57,77,67,800,2800,0.484276,23,7.56869,0,0,27599407270
43.1773,23.1603,28.6036,57,77,67,800,2800,0.484276,23,7.56869,0,0,27622565058
40.0915,24.9429,28.6036,57,77,67,800,2800,0.484276,23,7.56869,0,0,27647509929
37.3048,26.8062,28.6036,57,77,67,800,2800,0.484276,23,7.56869,0,0,27674316422
17.2389,58.0083,28.6036,57,77,67,800,2800,0.484276,23,7.56869,0,0,27732325914
37.5205,26.6521,28.6036,57,77,67,800,2800,0.484276,23,7.56869,0,0,27758978187
37.5682,26.6183,28.6036,57,77,67,800,2800,0.484276,23,7.56869,0,0,27785601776
41.74,23.9578,15.4412,58,69,67,1189,2710,0.484268,29,7.58281,0,0,27809555027
43.6054,22.9329,15.4412,58,69,67,1189,2710,0.484268,29,7.58281,0,0,27832488825
41.0862,24.3391,15.4412,58,69,67,1189,2710,0.484268,29,7.58281,0,0,27856827870
39.446,25.3511,15.4412,58,69,67,1189,2710,0.484268,29,7.58281,0,0,27882179113
40.8182,24.4989,15.4412,58,69,67,1189,2710,0.484268,29,7.58281,0,0,27906678167
38.7937,25.7774,15.4412,58,69,67,1189,2710,0.484268,29,7.58281,0,0,27932456301
39.7209,25.1756,15.4412,58,69,67,1189,2710,0.484268,29,7.58281,0,0,27957630702
30.0607,33.266,15.4412,58,69,67,1189,2710,0.484268,29,7.58281,0,0,27990898164
45.8945,21.7891,15.4412,58,69,67,1189,2710,0.484268,29,7.58281,0,0,28012687635
41.4554,24.1223,15.4412,58,69,67,1189,2710,0.484268,29,7.58281,0,0,28036809552
39.062,25.6003,15.4412,58,69,67,1189,2710,0.484268,29,7.58281,0,0,28062409362
40.536,24.6694,15.4412,58,69,67,1189,2710,0.484268,29,7.58281,0,0,28087080929
37.8584,26.4142,15.4412,58,69,67,1189,2710,0.484268,29,7.58281,0,0,28113493643
40.6019,24.6294,15.4412,58,69,67,1189,2710,0.484268,29,7.58281,0,0,28138122982
36.1523,27.6608,15.4412,58,69,67,1189,2710,0.484268,29,7.58281,0,0,28165784238
39.6166,25.242,15.4412,58,69,67,1189,2710,0.484268,29,7.58281,0,0,28191027759
39.5399,25.2909,15.4412,58,69,67,1189,2710,0.484268,29,7.58281,0,0,28216319110
38.4789,25.9883,15.4412,58,69,67,1189,2710,0.484268,29,7.58281,0,0,28242306436
39.0126,25.6327,15.4412,58,69,67,1189,2710,0.484268,29,7.58281,0,0,28267941811
38.3437,26.0799,15.4412,58,69,67,1189,2710,0.484268,29,7.58281,0,0,28294022943
39.352,25.4117,4.09429,61,74,66,1776,2800,0.484268,27,7.61951,0,0,28319432125
35.1693,28.4339,4.09429,61,74,66,1776,2800,0.484268,27,7.61951,0,0,28347867252
43.1721,23.1631,4.09429,61,74,66,1776,2800,0.484268,27,7.61951,0,0,28371028908
39.6778,25.203,4.09429,61,74,66,1776,2800,0.484268,27,7.61951,0,0,28396234127
38.1816,26.1906,4.09429,61,74,66,1776,2800,0.484268,27,7.61951,0,0,28422423642
35.683,28.0246,4.09429,61,74,66,1776,2800,0.484268,27,7.61951,0,0,28450448440
38.4368,26.0167,4.09429,61,74,66,1776,2800,0.484268,27,7.61951,0,0,28476468337
40.8468,24.4817,4.09429,61,74,66,1776,2800,0.484268,27,7.61951,0,0,28500949358
39.5029,25.3146,4.09429,61,74,66,1776,2800,0.484268,27,7.61951,0,0,28526262830
35.4604,28.2005,4.09429,61,74,66,1776,2800,0.484268,27,7.61951,0,0,28554465011
34.4293,29.045,4.09429,61,74,66,1776,2800,0.484268,27,7.61951,0,0,28583510373
42.7997,23.3647,4.09429,61,74,66,1776,2800,0.484268,27,7.61951,0,0,28606875220
37.919,26.372,4.09429,61,74,66,1776,2800,0.484268,27,7.61951,0,0,28633246756
37.8009,26.4544,4.09429,61,74,66,1776,2800,0.484268,27,7.61951,0,0,28659703232
41.9795,23.8211,4.09429,61,74,66,1776,2800,0.484268,27,7.61951,0,0,28683522782
31.7883,31.4581,4.09429,61,74,66,1776,2800,0.484268,27,7.61951,0,0,28714982243
39.7253,25.1729,4.09429,61,74,66,1776,2800,0.484268,27,7.61951,0,0,28740155993
39.5406,25.2905,4.09429,61,74,66,1776,2800,0.484268,27,7.61951,0,0,28765446562
42.2305,23.6796,4.09429,61,74,66,1776,2800,0.484268,27,7.61951,0,0,28789124817
36.6132,27.3126,4.09429,61,74,66,1776,2800,0.484268,27,7.61951,0,0,28816439623
36.2254,27.6049,9.67352,64,71,72,2590,2800,0.483212,16,7.8051,0,0,28844044022
39.2422,25.4828,9.67352,64,71,72,2590,2800,0.483212,16,7.8051,0,0,28869526852
35.241,28.3761,9.67352,64,71,72,2590,2800,0.483212,16,7.8051,0,0,28897904161
43.2738,23.1087,9.67352,64,71,72,2590,2800,0.483212,16,7.8051,0,0,28921014029
35.9043,27.8518,9.67352,64,71,72,2590,2800,0.483212,16,7.8051,0,0,28948867055
42.5478,23.503,9.67352,64,71,72,2590,2800,0.483212,16,7.8051,0,0,28972369891
35.8968,27.8576,9.67352,64,71,72,2590,2800,0.483212,16,7.8051,0,0,29000227144
38.8953,25.71,9.67352,64,71,72,2590,2800,0.483212,16,7.8051,0,0,29025937421
41.5882,24.0453,9.67352,64,71,72,2590,2800,0.483212,16,7.8051,0,0,29049983435
37.5875,26.6046,9.67352,64,71,72,2590,2800,0.483212,16,7.8051,0,0,29076588390
38.3584,26.0699,9.67352,64,71,72,2590,2800,0.483212,16,7.8051,0,0,29102658892
38.8968,25.7091,9.67352,64,71,72,2590,2800,0.483212,16,7.8051,0,0,29128366754
41.1864,24.2799,9.67352,64,71,72,2590,2800,0.483212,16,7.8051,0,0,29152648801
37.55,26.6312,9.67352,64,71,72,2590,2800,0.483212,16,7.8051,0,0,29179279824
37.6339,26.5718,9.67352,64,71,72,2590,2800,0.483212,16,7.8051,0,0,29205852428
37.0277,27.0068,9.67352,64,71,72,2590,2800,0.483212,16,7.8051,0,0,29232858525
36.1592,27.6555,9.67352,64,71,72,2590,2800,0.483212,16,7.8051,0,0,29260516124
41.74,23.9578,9.67352,64,71,72,2590,2800,0.483212,16,7.8051,0,0,29284473042
38.0106,26.3084,9.67352,64,71,72,2590,2800,0.483212,16,7.8051,0,0,29310780448
38.8598,25.7336,9.67352,64,71,72,2590,2800,0.483212,16,7.8051,0,0,29336521592
39.5388,25.2916,5.2439,67,72,72,2586,2800,0.483212,26,7.84156,0,0,29361808565
41.098,24.3321,5.2439,67,72,72,2586,2800,0.483212,26,7.84156,0,0,29386139564
37.2171,26.8694,5.2439,67,72,72,2586,2800,0.483212,26,7.84156,0,0,29413009085
38.1444,26.2162,5.2439,67,72,72,2586,2800,0.483212,26,7.84156,0,0,29439225821
38.8226,25.7582,5.2439,67,72,72,2586,2800,0.483212,26,7.84156,0,0,29464984709
42.0796,23.7645,5.2439,67,72,72,2586,2800,0.483212,26,7.84156,0,0,29488748484
38.8738,25.7243,5.2439,67,72,72,2586,2800,0.483212,26,7.84156,0,0,29514474239
38.6489,25.874,5.2439,67,72,72,2586,2800,0.483212,26,7.84156,0,0,29540347221
39.0238,25.6254,5.2439,67,72,72,2586,2800,0.483212,26,7.84156,0,0,29565975062
38.6604,25.8663,5.2439,67,72,72,2586,2800,0.483212,26,7.84156,0,0,29591843405
39.7876,25.1335,5.2439,67,72,72,2586,2800,0.483212,26,7.84156,0,0,29616974475
38.2304,26.1572,5.2439,67,72,72,2586,2800,0.483212,26,7.84156,0,0,29643133423
38.3951,26.045,5.2439,67,72,72,2586,2800,0.483212,26,7.84156,0,0,29669178497
39.4913,25.322,5.2439,67,72,72,2586,2800,0.483212,26,7.84156,0,0,29694499303
39.1927,25.5149,5.2439,67,72,72,2586,2800,0.483212,26,7.84156,0,0,29720015486
39.1681,25.531,5.2439,67,72,72,2586,2800,0.483212,26,7.84156,0,0,29745545504
37.6905,26.5319,5.2439,67,72,72,2586,2800,0.483212,26,7.84156,0,0,29772079746
38.3691,26.0627,5.2439,67,72,72,2586,2800,0.483212,26,7.84156,0,0,29798143134
39.6758,25.2042,5.2439,67,72,72,2586,2800,0.483212,26,7.84156,0,0,29823346360
39.6252,25.2365,5.2439,67,72,72,2586,2800,0.483212,26,7.84156,0,0,29848587336
38.1715,26.1975,4.56227,71,73,73,2587,2800,0.483212,31,7.87465,0,0,29874781710
38.2357,26.1535,4.56227,71,73,73,2587,2800,0.483212,31,7.87465,0,0,29900934897
37.0647,26.9799,4.56227,71,73,73,2587,2800,0.483212,31,7.87465,0,0,29927917490
37.705,26.5217,4.56227,71,73,73,2587,2800,0.483212,31,7.87465,0,0,29954438427
36.0182,27.7637,4.56227,71,73,73,2587,2800,0.483212,31,7.87465,0,0,29982201895
37.6806,26.5388,4.56227,71,73,73,2587,2800,0.483212,31,7.87465,0,0,30008741988
40.9896,24.3964,4.56227,71,73,73,2587,2800,0.483212,31,7.87465,0,0,30033138930
38.5157,25.9635,4.56227,71,73,73,2587,2800,0.483212,31,7.87465,0,0,30059105718
39.8322,25.1053,4.56227,71,73,73,2587,2800,0.483212,31,7.87465,0,0,30084207653
40.4125,24.7448,4.56227,71,73,73,2587,2800,0.483212,31,7.87465,0,0,30108953400
37.9733,26.3343,4.56227,71,73,73,2587,2800,0.483212,31,7.87465,0,0,30135288268
39.6426,25.2254,4.56227,71,73,73,2587,2800,0.483212,31,7.87465,0,0,30160514958
39.8511,25.0934,4.56227,71,73,73,2587,2800,0.483212,31,7.87465,0,0,30185606223
37.9646,26.3403,4.56227,71,73,73,2587,2800,0.483212,31,7.87465,0,0,30211948014
38.8777,25.7217,4.56227,71,73,73,2587,2800,0.483212,31,7.87465,0,0,30237677536
39.7531,25.1553,4.56227,71,73,73,2587,2800,0.483212,31,7.87465,0,0,30262824496
32.8534,30.4382,4.56227,71,73,73,2587,2800,0.483212,31,7.87465,0,0,30293265185
40.7011,24.5693,4.56227,71,73,73,2587,2800,0.483212,31,7.87465,0,0,30317833319
36.5998,27.3225,4.56227,71,73,73,2587,2800,0.483212,31,7.87465,0,0,30345157423
41.0872,24.3385,4.56227,71,73,73,2587,2800,0.483212,31,7.87465,0,0,30369500545
40.3214,24.8007,5.10949,73,69,74,2585,2800,0.483212,49,7.89614,0,0,30394296286
39.9555,25.0278,5.10949,73,69,74,2585,2800,0.483212,49,7.89614,0,0,30419325945
36.4344,27.4466,5.10949,73,69,74,2585,2800,0.483212,49,7.89614,0,0,30446772509
38.1818,26.1905,5.10949,73,69,74,2585,2800,0.483212,49,7.89614,0,0,30472962394
36.1772,27.6417,5.10949,73,69,74,2585,2800,0.483212,49,7.89614,0,0,30500606338
9.57585,104.429,5.10949,73,69,74,2585,2800,0.483212,49,7.89614,0,0,30605035833
34.9175,28.6389,5.10949,73,69,74,2585,2800,0.483212,49,7.89614,0,0,30633674392
32.89,30.4043,5.10949,73,69,74,2585,2800,0.483212,49,7.89614,0,0,30664079104
38.0426,26.2863,5.10949,73,69,74,2585,2800,0.483212,49,7.89614,0,0,30690365781
31.2598,31.99,5.10949,73,69,74,2585,2800,0.483212,49,7.89614,0,0,30722356118
33.5503,29.806,5.10949,73,69,74,2585,2800,0.483212,49,7.89614,0,0,30752162107
35.5377,28.1391,5.10949,73,69,74,2585,2800,0.483212,49,7.89614,0,0,30780302571
38.9124,25.6987,5.10949,73,69,74,2585,2800,0.483212,49,7.89614,0,0,30806001086
34.343,29.118,5.10949,73,69,74,2585,2800,0.483212,49,7.89614,0,0,30835118403
35.8609,27.8855,5.10949,73,69,74,2585,2800,0.483212,49,7.89614,0,0,30863004591
38.3393,26.0829,5.10949,73,69,74,2585,2800,0.483212,49,7.89614,0,0,30889093607
33.6035,29.7588,7.93651,75,69,76,2566,2800,0.483212,35,7.91602,0,0,30918847819
35.5257,28.1486,7.93651,75,69,76,2566,2800,0.483212,35,7.91602,0,0,30946995097
37.9508,26.3499,7.93651,75,69,76,2566,2800,0.483212,35,7.91602,0,0,30973347738
34.5561,28.9384,7.93651,75,69,76,2566,2800,0.483212,35,7.91602,0,0,31002285889
36.3349,27.5218,7.93651,75,69,76,2566,2800,0.483212,35,7.91602,0,0,31029807664
38.1225,26.2313,7.93651,75,69,76,2566,2800,0.483212,35,7.91602,0,0,31056038777
36.2253,27.605,7.93651,75,69,76,2566,2800,0.483212,35,7.91602,0,0,31083645100
36.1816,27.6384,7.93651,75,69,76,2566,2800,0.483212,35,7.91602,0,0,31111283563
36.5454,27.3633,7.93651,75,69,76,2566,2800,0.483212,35,7.91602,0,0,31138647381
37.6157,26.5846,7.93651,75,69,76,2566,2800,0.483212,35,7.91602,0,0,31165233370
41.3093,24.2076,7.93651,75,69,76,2566,2800,0.483212,35,7.91602,0,0,31189440186
33.6523,29.7157,7.93651,75,69,76,2566,2800,0.483212,35,7.91602,0,0,31219155415
37.3228,26.7933,7.93651,75,69,76,2566,2800,0.483212,35,7.91602,0,0,31245948182
36.3778,27.4893,7.93651,75,69,76,2566,2800,0.483212,35,7.91602,0,0,31273438427
35.1525,28.4475,7.93651,75,69,76,2566,2800,0.483212,35,7.91602,0,0,31301887250
36.8535,27.1345,7.93651,75,69,76,2566,2800,0.483212,35,7.91602,0,0,31329021678
38.8368,25.7487,7.93651,75,69,76,2566,2800,0.483212,35,7.91602,0,0,31354770086
36.5047,27.3937,7.93651,75,69,76,2566,2800,0.483212,35,7.91602,0,0,31382163098
36.2732,27.5686,7.93651,75,69,76,2566,2800,0.483212,35,7.91602,0,0,31409737742
36.7109,27.2398,6.06796,75,71,77,2457,2800,0.483212,34,7.93908,0,0,31436974061
34.1966,29.2427,6.06796,75,71,77,2457,2800,0.483212,34,7.93908,0,0,31466216963
37.181,26.8955,6.06796,75,71,77,2457,2800,0.483212,34,7.93908,0,0,31493112062
37.3877,26.7468,6.06796,75,71,77,2457,2800,0.483212,34,7.93908,0,0,31519859614
36.8561,27.1326,6.06796,75,71,77,2457,2800,0.483212,34,7.93908,0,0,31546992860
39.3026,25.4436,6.06796,75,71,77,2457,2800,0.483212,34,7.93908,0,0,31572436766
33.6549,29.7134,6.06796,75,71,77,2457,2800,0.483212,34,7.93908,0,0,31602151164
36.3256,27.5288,6.06796,75,71,77,2457,2800,0.483212,34,7.93908,0,0,31629679911
38.0101,26.3088,6.06796,75,71,77,2457,2800,0.483212,34,7.93908,0,0,31655987588
37.248,26.8471,6.06796,75,71,77,2457,2800,0.483212,34,7.93908,0,0,31682837021
37.0596,26.9836,6.06796,75,71,77,2457,2800,0.483212,34,7.93908,0,0,31709820045
34.9484,28.6136,6.06796,75,71,77,2457,2800,0.483212,34,7.93908,0,0,31738435000
38.0529,26.2792,6.06796,75,71,77,2457,2800,0.483212,34,7.93908,0,0,31764712590
40.3046,24.811,6.06796,75,71,77,2457,2800,0.483212,34,7.93908,0,0,31789523780
33.6871,29.685,6.06796,75,71,77,2457,2800,0.483212,34,7.93908,0,0,31819210715
37.0381,26.9992,6.06796,75,71,77,2457,2800,0.483212,34,7.93908,0,0,31846208547
36.4603,27.4271,6.06796,75,71,77,2457,2800,0.483212,34,7.93908,0,0,31873635433
37.9474,26.3523,6.06796,75,71,77,2457,2800,0.483212,34,7.93908,0,0,31899991050
34.3424,29.1185,6.06796,75,71,77,2457,2800,0.483212,34,7.93908,0,0,31929109990
39.1649,25.5331,6.07533,78,75,77,2529,2800,0.483212,34,7.96951,0,0,31954641491
34.4345,29.0407,6.07533,78,75,77,2529,2800,0.483212,34,7.96951,0,0,31983682455
31.4994,31.7466,6.07533,78,75,77,2529,2800,0.483212,34,7.96951,0,0,32015431118
33.1914,30.1283,6.07533,78,75,77,2529,2800,0.483212,34,7.96951,0,0,32045558861
32.1755,31.0795,6.07533,78,75,77,2529,2800,0.483212,34,7.96951,0,0,32076639711
33.7604,29.6205,6.07533,78,75,77,2529,2800,0.483212,34,7.96951,0,0,32106260372
30.6003,32.6794,6.07533,78,75,77,2529,2800,0.483212,34,7.96951,0,0,32138938629
33.5161,29.8364,6.07533,78,75,77,2529,2800,0.483212,34,7.96951,0,0,32168777169
30.4826,32.8056,6.07533,78,75,77,2529,2800,0.483212,34,7.96951,0,0,32201582754
34.3826,29.0845,6.07533,78,75,77,2529,2800,0.483212,34,7.96951,0,0,32230667751
30.3022,33.0009,6.07533,78,75,77,2529,2800,0.483212,34,7.96951,0,0,32263669665
34.7772,28.7545,6.07533,78,75,77,2529,2800,0.483212,34,7.96951,0,0,32292423931
32.246,31.0116,6.07533,78,75,77,2529,2800,0.483212,34,7.96951,0,0,32323435681
28.92,34.5782,6.07533,78,75,77,2529,2800,0.483212,34,7.96951,0,0,32358013681
31.8853,31.3624,6.07533,78,75,77,2529,2800,0.483212,34,7.96951,0,0,32389374417
30.6776,32.5971,6.07533,78,75,77,2529,2800,0.483212,34,7.96951,0,0,32421973735
30.5983,32.6816,6.07533,78,75,77,2529,2800,0.483212,34,7.96951,0,0,32454661600
31.826,31.4208,6.50602,80,74,76,2480,2800,0.483025,33,7.99792,0,0,32486075775
29.7179,33.6498,6.50602,80,74,76,2480,2800,0.483025,33,7.99792,0,0,32519727718
32.1982,31.0576,6.50602,80,74,76,2480,2800,0.483025,33,7.99792,0,0,32550785375
31.4823,31.7638,6.50602,80,74,76,2480,2800,0.483025,33,7.99792,0,0,32582550479
35.8205,27.917,6.50602,80,74,76,2480,2800,0.483025,33,7.99792,0,0,32610468056
38.3491,26.0763,6.50602,80,74,76,2480,2800,0.483025,33,7.99792,0,0,32636541924
35.9988,27.7787,6.50602,80,74,76,2480,2800,0.483025,33,7.99792,0,0,32664320761
36.7636,27.2008,6.50602,80,74,76,2480,2800,0.483025,33,7.99792,0,0,32691525560
35.5938,28.0948,6.50602,80,74,76,2480,2800,0.483025,33,7.99792,0,0,32719618326
36.7099,27.2406,6.50602,80,74,76,2480,2800,0.483025,33,7.99792,0,0,32746859964
36.3265,27.5281,6.50602,80,74,76,2480,2800,0.483025,33,7.99792,0,0,32774386277
37.503,26.6645,6.50602,80,74,76,2480,2800,0.483025,33,7.99792,0,0,32801052717
36.3501,27.5103,6.50602,80,74,76,2480,2800,0.483025,33,7.99792,0,0,32828563531
38.3532,26.0735,6.50602,80,74,76,2480,2800,0.483025,33,7.99792,0,0,32854636588
36.8528,27.135,6.50602,80,74,76,2480,2800,0.483025,33,7.99792,0,0,32881771947
34.9026,28.6511,6.50602,80,74,76,2480,2800,0.483025,33,7.99792,0,0,32910424613
36.2698,27.5712,6.50602,80,74,76,2480,2800,0.483025,33,7.99792,0,0,32937995259
36.4097,27.4652,6.50602,80,74,76,2480,2800,0.483025,33,7.99792,0,0,32965465506
37.0983,26.9554,6.32754,79,74,77,2510,2800,0.482838,30,8.01102,0,0,32992417652
37.1163,26.9423,6.32754,79,74,77,2510,2800,0.482838,30,8.01102,0,0,33019358266
36.0363,27.7498,6.32754,79,74,77,2510,2800,0.482838,30,8.01102,0,0,33047109631
38.9814,25.6533,6.32754,79,74,77,2510,2800,0.482838,30,8.01102,0,0,33072764464
36.4228,27.4553,6.32754,79,74,77,2510,2800,0.482838,30,8.01102,0,0,33100219132
36.9255,27.0816,6.32754,79,74,77,2510,2800,0.482838,30,8.01102,0,0,33127300470
36.5488,27.3607,6.32754,79,74,77,2510,2800,0.482838,30,8.01102,0,0,33154661182
34.8656,28.6816,6.32754,79,74,77,2510,2800,0.482838,30,8.01102,0,0,33183344656
39.6487,25.2215,6.32754,79,74,77,2510,2800,0.482838,30,8.01102,0,0,33208566235
33.981,29.4282,6.32754,79,74,77,2510,2800,0.482838,30,8.01102,0,0,33237995107
35.7125,28.0014,6.32754,79,74,77,2510,2800,0.482838,30,8.01102,0,0,33265995970
37.8593,26.4136,6.32754,79,74,77,2510,2800,0.482838,30,8.01102,0,0,33292409445
35.8952,27.8589,6.32754,79,74,77,2510,2800,0.482838,30,8.01102,0,0,33320270666
37.0817,26.9674,6.32754,79,74,77,2510,2800,0.482838,30,8.01102,0,0,33347236848
34.189,29.2492,6.32754,79,74,77,2510,2800,0.482838,30,8.01102,0,0,33376486904
34.24,29.2056,6.32754,79,74,77,2510,2800,0.482838,30,8.01102,0,0,33405692337
35.2081,28.4026,6.32754,79,74,77,2510,2800,0.482838,30,8.01102,0,0,33434094653
37.2883,26.8181,6.32754,79,74,77,2510,2800,0.482838,30,8.01102,0,0,33460913909
34.7292,28.7942,6.32754,79,74,77,2510,2800,0.482838,30,8.01102,0,0,33489714823
34.9055,28.6488,6.27262,77,74,79,2457,2800,0.482838,30,8.02658,0,0,33518358392
36.3502,27.5101,6.27262,77,74,79,2457,2800,0.482838,30,8.02658,0,0,33545868003
34.5016,28.9841,6.27262,77,74,79,2457,2800,0.482838,30,8.02658,0,0,33574851619
35.8686,27.8795,6.27262,77,74,79,2457,2800,0.482838,30,8.02658,0,0,33602732708
32.5018,30.7676,6.27262,77,74,79,2457,2800,0.482838,30,8.02658,0,0,33633499599
37.1824,26.8945,6.27262,77,74,79,2457,2800,0.482838,30,8.02658,0,0,33660395329
26.9888,37.0524,6.27262,77,74,79,2457,2800,0.482838,30,8.02658,0,0,33697447881
12.5423,79.7304,6.27262,77,74,79,2457,2800,0.482838,30,8.02658,0,0,33777177585
27.9409,35.7898,6.27262,77,74,79,2457,2800,0.482838,30,8.02658,0,0,33812967268
29.7235,33.6434,6.27262,77,74,79,2457,2800,0.482838,30,8.02658,0,0,33846611526
29.2974,34.1327,6.27262,77,74,79,2457,2800,0.482838,30,8.02658,0,0,33880743319
26.913,37.1567,6.27262,77,74,79,2457,2800,0.482838,30,8.02658,0,0,33917900487
29.087,34.3796,6.27262,77,74,79,2457,2800,0.482838,30,8.02658,0,0,33952282360
32.3286,30.9324,6.27262,77,74,79,2457,2800,0.482838,30,8.02658,0,0,33983216184
31.891,31.3568,6.27262,77,74,79,2457,2800,0.482838,30,8.02658,0,0,34014577200
29.0833,34.384,14.9578,75,74,70,1689,2800,0.482838,25,8.0617,0,0,34048956247
37.421,26.7229,14.9578,75,74,70,1689,2800,0.482838,25,8.0617,0,0,34075680535
30.7235,32.5484,14.9578,75,74,70,1689,2800,0.482838,25,8.0617,0,0,34108229429
35.5101,28.161,14.9578,75,74,70,1689,2800,0.482838,25,8.0617,0,0,34136389761
35.3356,28.3,14.9578,75,74,70,1689,2800,0.482838,25,8.0617,0,0,34164691288
34.0989,29.3265,14.9578,75,74,70,1689,2800,0.482838,25,8.0617,0,0,34194017788
33.5968,29.7647,14.9578,75,74,70,1689,2800,0.482838,25,8.0617,0,0,34223782659
32.2022,31.0538,14.9578,75,74,70,1689,2800,0.482838,25,8.0617,0,0,34254836419
34.6646,28.8479,14.9578,75,74,70,1689,2800,0.482838,25,8.0617,0,0,34283683830
35.7163,27.9984,14.9578,75,74,70,1689,2800,0.482838,25,8.0617,0,0,34311683220
35.865,27.8824,14.9578,75,74,70,1689,2800,0.482838,25,8.0617,0,0,34339566983
34.6704,28.8431,14.9578,75,74,70,1689,2800,0.482838,25,8.0617,0,0,34368409184
34.2546,29.1931,14.9578,75,74,70,1689,2800,0.482838,25,8.0617,0,0,34397603606
35.8424,27.8999,14.9578,75,74,70,1689,2800,0.482838,25,8.0617,0,0,34425504822
37.064,26.9804,14.9578,75,74,70,1689,2800,0.482838,25,8.0617,0,0,34452483177
35.2808,28.344,14.9578,75,74,70,1689,2800,0.482838,25,8.0617,0,0,34480829889
34.5054,28.981,14.9578,75,74,70,1689,2800,0.482838,25,8.0617,0,0,34509810610
33.795,29.5902,14.9578,75,74,70,1689,2800,0.482838,25,8.0617,0,0,34539403479
34.1475,29.2847,6.27262,73,77,79,2303,2800,0.482838,31,8.08327,0,0,34568685745
33.2621,30.0643,6.27262,73,77,79,2303,2800,0.482838,31,8.08327,0,0,34598752283
35.1866,28.4199,6.27262,73,77,79,2303,2800,0.482838,31,8.08327,0,0,34627172703
34.1805,29.2565,6.27262,73,77,79,2303,2800,0.482838,31,8.08327,0,0,34656429542
34.8542,28.6909,6.27262,73,77,79,2303,2800,0.482838,31,8.08327,0,0,34685119467
35.0019,28.5699,6.27262,73,77,79,2303,2800,0.482838,31,8.08327,0,0,34713690390
34.2316,29.2128,6.27262,73,77,79,2303,2800,0.482838,31,8.08327,0,0,34742904789
35.9758,27.7965,6.27262,73,77,79,2303,2800,0.482838,31,8.08327,0,0,34770700297
33.5622,29.7954,6.27262,73,77,79,2303,2800,0.482838,31,8.08327,0,0,34800496016
35.4747,28.1891,6.27262,73,77,79,2303,2800,0.482838,31,8.08327,0,0,34828686335
36.8248,27.1556,6.27262,73,77,79,2303,2800,0.482838,31,8.08327,0,0,34855841922
37.0141,27.0168,6.27262,73,77,79,2303,2800,0.482838,31,8.08327,0,0,34882859490
34.2352,29.2097,6.27262,73,77,79,2303,2800,0.482838,31,8.08327,0,0,34912068830
34.4607,29.0186,6.27262,73,77,79,2303,2800,0.482838,31,8.08327,0,0,34941088654
32.7044,30.5769,6.27262,73,77,79,2303,2800,0.482838,31,8.08327,0,0,34971664658
34.5584,28.9365,6.27262,73,77,79,2303,2800,0.482838,31,8.08327,0,0,35000603450
36.4609,27.4266,6.27262,73,77,79,2303,2800,0.482838,31,8.08327,0,0,35028030627
36.3099,27.5407,6.27262,73,77,79,2303,2800,0.482838,31,8.08327,0,0,35055577408
34.9086,28.6462,7.85973,72,75,71,1634,2800,0.482838,32,8.11116,0,0,35084218151
35.252,28.3672,7.85973,72,75,71,1634,2800,0.482838,32,8.11116,0,0,35112586003
35.7933,27.9382,7.85973,72,75,71,1634,2800,0.482838,32,8.11116,0,0,35140525070
37.0075,27.0215,7.85973,72,75,71,1634,2800,0.482838,32,8.11116,0,0,35167546505
37.0735,26.9735,7.85973,72,75,71,1634,2800,0.482838,32,8.11116,0,0,35194519891
35.606,28.0852,7.85973,72,75,71,1634,2800,0.482838,32,8.11116,0,0,35222606785
35.5822,28.1039,7.85973,72,75,71,1634,2800,0.482838,32,8.11116,0,0,35250710611
34.2057,29.2349,7.85973,72,75,71,1634,2800,0.482838,32,8.11116,0,0,35279945419
36.8798,27.1151,7.85973,72,75,71,1634,2800,0.482838,32,8.11116,0,0,35307060991
37.3883,26.7463,7.85973,72,75,71,1634,2800,0.482838,32,8.11116,0,0,35333808083
35.8014,27.9319,7.85973,72,75,71,1634,2800,0.482838,32,8.11116,0,0,35361739816
35.423,28.2303,7.85973,72,75,71,1634,2800,0.482838,32,8.11116,0,0,35389969418
36.0717,27.7226,7.85973,72,75,71,1634,2800,0.482838,32,8.11116,0,0,35417693812
34.5464,28.9466,7.85973,72,75,71,1634,2800,0.482838,32,8.11116,0,0,35446639087
36.835,27.1481,7.85973,72,75,71,1634,2800,0.482838,32,8.11116,0,0,35473789204
35.3437,28.2936,7.85973,72,75,71,1634,2800,0.482838,32,8.11116,0,0,35502085451
33.9713,29.4366,7.85973,72,75,71,1634,2800,0.482838,32,8.11116,0,0,35531520845
36.1331,27.6755,7.85973,72,75,71,1634,2800,0.482838,32,8.11116,0,0,35559199062
36.4,27.4725,7.11611,70,74,70,1300,2800,0.482838,25,8.13253,0,0,35586668959
35.6461,28.0536,7.11611,70,74,70,1300,2800,0.482838,25,8.13253,0,0,35614722381
36.5815,27.3362,7.11611,70,74,70,1300,2800,0.482838,25,8.13253,0,0,35642058407
34.1784,29.2583,7.11611,70,74,70,1300,2800,0.482838,25,8.13253,0,0,35671317139
35.3234,28.3098,7.11611,70,74,70,1300,2800,0.482838,25,8.13253,0,0,35699626671
32.6875,30.5928,7.11611,70,74,70,1300,2800,0.482838,25,8.13253,0,0,35730220568
36.0499,27.7394,7.11611,70,74,70,1300,2800,0.482838,25,8.13253,0,0,35757958678
37.344,26.778,7.11611,70,74,70,1300,2800,0.482838,25,8.13253,0,0,35784737188
34.3995,29.0702,7.11611,70,74,70,1300,2800,0.482838,25,8.13253,0,0,35813809220
35.1646,28.4377,7.11611,70,74,70,1300,2800,0.482838,25,8.13253,0,0,35842246672
36.6947,27.2519,7.11611,70,74,70,1300,2800,0.482838,25,8.13253,0,0,35869497739
34.9801,28.5877,7.11611,70,74,70,1300,2800,0.482838,25,8.13253,0,0,35898086605
36.1765,27.6422,7.11611,70,74,70,1300,2800,0.482838,25,8.13253,0,0,35925729276
37.813,26.4459,7.11611,70,74,70,1300,2800,0.482838,25,8.13253,0,0,35952175092
37.0257,27.0083,7.11611,70,74,70,1300,2800,0.482838,25,8.13253,0,0,35979183523
37.1542,26.9149,7.11611,70,74,70,1300,2800,0.482838,25,8.13253,0,0,36006100082
37.9234,26.369,7.11611,70,74,70,1300,2800,0.482838,25,8.13253,0,0,36032468142
38.5909,25.9129,7.11611,70,74,70,1300,2800,0.482838,25,8.13253,0,0,36058381279
38.9423,25.679,7.11611,70,74,70,1300,2800,0.482838,25,8.13253,0,0,36084063633
38.4987,25.9749,7.18563,69,74,69,1182,2800,0.482838,23,8.14261,0,0,36110036101
41.7285,23.9644,7.18563,69,74,69,1182,2800,0.482838,23,8.14261,0,0,36134000292
37.6355,26.5706,7.18563,69,74,69,1182,2800,0.482838,23,8.14261,0,0,36160573257
43.2618,23.1151,7.18563,69,74,69,1182,2800,0.482838,23,8.14261,0,0,36183686973
40.0594,24.963,7.18563,69,74,69,1182,2800,0.482838,23,8.14261,0,0,36208649997
37.7811,26.4682,7.18563,69,74,69,1182,2800,0.482838,23,8.14261,0,0,36235118807
37.9001,26.3852,7.18563,69,74,69,1182,2800,0.482838,23,8.14261,0,0,36261503829
39.5872,25.2607,7.18563,69,74,69,1182,2800,0.482838,23,8.14261,0,0,36286764902
39.7983,25.1267,7.18563,69,74,69,1182,2800,0.482838,23,8.14261,0,0,36311891784
38.5241,25.9578,7.18563,69,74,69,1182,2800,0.482838,23,8.14261,0,0,36337849385
38.1075,26.2415,7.18563,69,74,69,1182,2800,0.482838,23,8.14261,0,0,36364091939
38.0095,26.3092,7.18563,69,74,69,1182,2800,0.482838,23,8.14261,0,0,36390401229
41.2078,24.2673,7.18563,69,74,69,1182,2800,0.482838,23,8.14261,0,0,36414670052
36.1498,27.6626,7.18563,69,74,69,1182,2800,0.482838,23,8.14261,0,0,36442331128
39.098,25.5768,7.18563,69,74,69,1182,2800,0.482838,23,8.14261,0,0,36467908094
38.8192,25.7604,7.18563,69,74,69,1182,2800,0.482838,23,8.14261,0,0,36493669035
42.1211,23.7411,7.18563,69,74,69,1182,2800,0.482838,23,8.14261,0,0,36517410098
38.123,26.2309,7.18563,69,74,69,1182,2800,0.482838,23,8.14261,0,0,36543643706
37.1784,26.8973,7.18563,69,74,69,1182,2800,0.482838,23,8.14261,0,0,36570538875
27.8429,35.9158,7.18563,69,74,69,1182,2800,0.482838,23,8.14261,0,0,36606457910
39.5612,25.2773,5.78313,69,73,67,800,2800,0.482838,15,8.42295,0,0,36631732279
39.4449,25.3518,5.78313,69,73,67,800,2800,0.482838,15,8.42295,0,0,36657083792
40.3131,24.8058,5.78313,69,73,67,800,2800,0.482838,15,8.42295,0,0,36681890133
38.7742,25.7904,5.78313,69,73,67,800,2800,0.482838,15,8.42295,0,0,36707682033
41.5345,24.0764,5.78313,69,73,67,800,2800,0.482838,15,8.42295,0,0,36731757933
36.7798,27.1889,5.78313,69,73,67,800,2800,0.482838,15,8.42295,0,0,36758950089
40.2406,24.8505,5.78313,69,73,67,800,2800,0.482838,15,8.42295,0,0,36783798609
37.5525,26.6294,5.78313,69,73,67,800,2800,0.482838,15,8.42295,0,0,36810429032
36.6615,27.2765,5.78313,69,73,67,800,2800,0.482838,15,8.42295,0,0,36837704734
40.1038,24.9353,5.78313,69,73,67,800,2800,0.482838,15,8.42295,0,0,36862641389
36.2007,27.6238,5.78313,69,73,67,800,2800,0.482838,15,8.42295,0,0,36890264103
35.4339,28.2215,5.78313,69,73,67,800,2800,0.482838,15,8.42295,0,0,36918487714
35.965,27.8048,5.78313,69,73,67,800,2800,0.482838,15,8.42295,0,0,36946291026
35.8478,27.8957,5.78313,69,73,67,800,2800,0.482838,15,8.42295,0,0,36974187223
36.3206,27.5326,5.78313,69,73,67,800,2800,0.482838,15,8.42295,0,0,37001719747
34.6259,28.8801,5.78313,69,73,67,800,2800,0.482838,15,8.42295,0,0,37030600501
35.622,28.0725,5.78313,69,73,67,800,2800,0.482838,15,8.42295,0,0,37058672888
34.7105,28.8097,5.78313,69,73,67,800,2800,0.482838,15,8.42295,0,0,37087482217
35.19,28.4172,5.78313,69,73,67,800,2800,0.482838,15,8.42295,0,0,37115903018
36.7242,27.23,6.41184,69,72,68,1133,2800,0.482838,14,8.45673,0,0,37143129889
37.69,26.5322,6.41184,69,72,68,1133,2800,0.482838,14,8.45673,0,0,37169664512
36.2952,27.5519,6.41184,69,72,68,1133,2800,0.482838,14,8.45673,0,0,37197215010
38.393,26.0464,6.41184,69,72,68,1133,2800,0.482838,14,8.45673,0,0,37223262028
38.0513,26.2803,6.41184,69,72,68,1133,2800,0.482838,14,8.45673,0,0,37249543676
36.1535,27.6598,6.41184,69,72,68,1133,2800,0.482838,14,8.45673,0,0,37277202387
38.2589,26.1377,6.41184,69,72,68,1133,2800,0.482838,14,8.45673,0,0,37303340476
37.3051,26.806,6.41184,69,72,68,1133,2800,0.482838,14,8.45673,0,0,37330146357
39.0788,25.5893,6.41184,69,72,68,1133,2800,0.482838,14,8.45673,0,0,37355735807
37.6351,26.5709,6.41184,69,72,68,1133,2800,0.482838,14,8.45673,0,0,37382307690
37.3949,26.7416,6.41184,69,72,68,1133,2800,0.482838,14,8.45673,0,0,37409049841
36.2843,27.5601,6.41184,69,72,68,1133,2800,0.482838,14,8.45673,0,0,37436608705
37.4903,26.6735,6.41184,69,72,68,1133,2800,0.482838,14,8.45673,0,0,37463283922
39.3584,25.4075,6.41184,69,72,68,1133,2800,0.482838,14,8.45673,0,0,37488691761
39.2674,25.4664,6.41184,69,72,68,1133,2800,0.482838,14,8.45673,0,0,37514158400
39.501,25.3158,6.41184,69,72,68,1133,2800,0.482838,14,8.45673,0,0,37539474207
38.0882,26.2549,6.41184,69,72,68,1133,2800,0.482838,14,8.45673,0,0,37565730016
39.0051,25.6377,6.41184,69,72,68,1133,2800,0.482838,14,8.45673,0,0,37591366033
37.5459,26.6341,6.41184,69,72,68,1133,2800,0.482838,14,8.45673,0,0,37618003649
35.8399,27.9019,6.39098,69,74,67,1109,2800,0.482838,19,8.47691,0,0,37645902921
36.0458,27.7425,6.39098,69,74,67,1109,2800,0.482838,19,8.47691,0,0,37673645370
36.8138,27.1637,6.39098,69,74,67,1109,2800,0.482838,19,8.47691,0,0,37700810204
34.5537,28.9405,6.39098,69,74,67,1109,2800,0.482838,19,8.47691,0,0,37729751101
37.3933,26.7428,6.39098,69,74,67,1109,2800,0.482838,19,8.47691,0,0,37756493072
37.622,26.5802,6.39098,69,74,67,1109,2800,0.482838,19,8.47691,0,0,37783074483
36.5867,27.3323,6.39098,69,74,67,1109,2800,0.482838,19,8.47691,0,0,37810406972
36.1035,27.6981,6.39098,69,74,67,1109,2800,0.482838,19,8.47691,0,0,37838105007
37.3889,26.7459,6.39098,69,74,67,1109,2800,0.482838,19,8.47691,0,0,37864850755
39.0596,25.6019,6.39098,69,74,67,1109,2800,0.482838,19,8.47691,0,0,37890454853
37.4014,26.7369,6.39098,69,74,67,1109,2800,0.482838,19,8.47691,0,0,37917190452
37.9464,26.353,6.39098,69,74,67,1109,2800,0.482838,19,8.47691,0,0,37943543134
37.1919,26.8876,6.39098,69,74,67,1109,2800,0.482838,19,8.47691,0,0,37970431840
36.0908,27.7079,6.39098,69,74,67,1109,2800,0.482838,19,8.47691,0,0,37998141607
39.1009,25.5749,6.39098,69,74,67,1109,2800,0.482838,19,8.47691,0,0,38023717101
38.1154,26.2361,6.39098,69,74,67,1109,2800,0.482838,19,8.47691,0,0,38049951941
38.1636,26.203,6.39098,69,74,67,1109,2800,0.482838,19,8.47691,0,0,38076154932
38.2382,26.1519,6.39098,69,74,67,1109,2800,0.482838,19,8.47691,0,0,38102308670
35.6978,28.0129,6.39098,69,74,67,1109,2800,0.482838,19,8.47691,0,0,38130322978
38.8364,25.749,6.74847,69,72,68,1215,2800,0.482838,22,8.50448,0,0,38156070063
39.38,25.3936,6.74847,69,72,68,1215,2800,0.482838,22,8.50448,0,0,38181464788
38.5176,25.9622,6.74847,69,72,68,1215,2800,0.482838,22,8.50448,0,0,38207426275
38.107,26.2419,6.74847,69,72,68,1215,2800,0.482838,22,8.50448,0,0,38233668219
38.8081,25.7678,6.74847,69,72,68,1215,2800,0.482838,22,8.50448,0,0,38259436144
38.1511,26.2116,6.74847,69,72,68,1215,2800,0.482838,22,8.50448,0,0,38285648552
37.3594,26.767,6.74847,69,72,68,1215,2800,0.482838,22,8.50448,0,0,38312416141
37.6536,26.5579,6.74847,69,72,68,1215,2800,0.482838,22,8.50448,0,0,38338974669
36.7252,27.2292,6.74847,69,72,68,1215,2800,0.482838,22,8.50448,0,0,38366203874
37.6529,26.5584,6.74847,69,72,68,1215,2800,0.482838,22,8.50448,0,0,38392761640
38.3803,26.055,6.74847,69,72,68,1215,2800,0.482838,22,8.50448,0,0,38418817054
36.0734,27.7212,6.74847,69,72,68,1215,2800,0.482838,22,8.50448,0,0,38446538172
37.9525,26.3488,6.74847,69,72,68,1215,2800,0.482838,22,8.50448,0,0,38472887798
35.7025,28.0092,6.74847,69,72,68,1215,2800,0.482838,22,8.50448,0,0,38500896936
34.6195,28.8855,6.74847,69,72,68,1215,2800,0.482838,22,8.50448,0,0,38529783501
38.5716,25.9258,6.74847,69,72,68,1215,2800,0.482838,22,8.50448,0,0,38555710423
36.9669,27.0512,6.74847,69,72,68,1215,2800,0.482838,22,8.50448,0,0,38582760333
36.4171,27.4596,6.74847,69,72,68,1215,2800,0.482838,22,8.50448,0,0,38610220822
17.994,55.5741,6.74847,69,72,68,1215,2800,0.482838,22,8.50448,0,0,38665797981
30.4961,32.7911,9.90566,69,74,69,800,2800,0.482838,21,8.51952,0,0,38698585994
29.0817,34.3859,9.90566,69,74,69,800,2800,0.482838,21,8.51952,0,0,38732973557
29.3137,34.1137,9.90566,69,74,69,800,2800,0.482838,21,8.51952,0,0,38767087126
31.7169,31.5289,9.90566,69,74,69,800,2800,0.482838,21,8.51952,0,0,38798615646
29.2836,34.1488,9.90566,69,74,69,800,2800,0.482838,21,8.51952,0,0,38832766104
31.0832,32.1717,9.90566,69,74,69,800,2800,0.482838,21,8.51952,0,0,38864936458
28.0993,35.5881,9.90566,69,74,69,800,2800,0.482838,21,8.51952,0,0,38900524362
29.0327,34.4439,9.90566,69,74,69,800,2800,0.482838,21,8.51952,0,0,38934969213
27.8017,35.9691,9.90566,69,74,69,800,2800,0.482838,21,8.51952,0,0,38970937991
28.156,35.5164,9.90566,69,74,69,800,2800,0.482838,21,8.51952,0,0,39006454712
27.7256,36.0678,9.90566,69,74,69,800,2800,0.482838,21,8.51952,0,0,39042522767
28.5304,35.0503,9.90566,69,74,69,800,2800,0.482838,21,8.51952,0,0,39077573564
27.7462,36.041,9.90566,69,74,69,800,2800,0.482838,21,8.51952,0,0,39113614428
28.2303,35.4229,9.90566,69,74,69,800,2800,0.482838,21,8.51952,0,0,39149037243
18.9085,52.8861,9.90566,69,74,69,800,2800,0.482838,21,8.51952,0,0,39201932682
26.6041,37.5882,6.72963,69,71,67,800,2800,0.482838,20,8.5275,0,0,39239512112
16.2511,61.5343,6.72963,69,71,67,800,2800,0.482838,20,8.5275,0,0,39301046697
24.9185,40.1308,6.72963,69,71,67,800,2800,0.482838,20,8.5275,0,0,39341177793
26.3868,37.8978,6.72963,69,71,67,800,2800,0.482838,20,8.5275,0,0,39379078406
25.1367,39.7824,6.72963,69,71,67,800,2800,0.482838,20,8.5275,0,0,39418859135
25.6879,38.9288,6.72963,69,71,67,800,2800,0.482838,20,8.5275,0,0,39457788146
28.2927,35.3448,6.72963,69,71,67,800,2800,0.482838,20,8.5275,0,0,39493133325
30.2793,33.0259,6.72963,69,71,67,800,2800,0.482838,20,8.5275,0,0,39526160026
32.7708,30.515,6.72963,69,71,67,800,2800,0.482838,20,8.5275,0,0,39556674884
33.7859,29.5981,6.72963,69,71,67,800,2800,0.482838,20,8.5275,0,0,39586273154
33.7477,29.6317,6.72963,69,71,67,800,2800,0.482838,20,8.5275,0,0,39615905998
34.6811,28.8341,6.72963,69,71,67,800,2800,0.482838,20,8.5275,0,0,39644740965
34.7785,28.7534,6.72963,69,71,67,800,2800,0.482838,20,8.5275,0,0,39673493258
37.1681,26.9048,6.72963,69,71,67,800,2800,0.482838,20,8.5275,0,0,39700398676
38.6065,25.9023,6.72963,69,71,67,800,2800,0.482838,20,8.5275,0,0,39726307505
37.1175,26.9415,6.25,68,73,69,1727,2800,0.482838,20,8.51365,0,0,39753243680
35.4937,28.174,6.25,68,73,69,1727,2800,0.482838,20,8.51365,0,0,39781418329
36.1251,27.6816,6.25,68,73,69,1727,2800,0.482838,20,8.51365,0,0,39809098471
37.4293,26.717,6.25,68,73,69,1727,2800,0.482838,20,8.51365,0,0,39835817279
36.1806,27.6391,6.25,68,73,69,1727,2800,0.482838,20,8.51365,0,0,39863456604
36.722,27.2316,6.25,68,73,69,1727,2800,0.482838,20,8.51365,0,0,39890687402
38.3893,26.049,6.25,68,73,69,1727,2800,0.482838,20,8.51365,0,0,39916737015
38.0465,26.2837,6.25,68,73,69,1727,2800,0.482838,20,8.51365,0,0,39943022240
38.0176,26.3036,6.25,68,73,69,1727,2800,0.482838,20,8.51365,0,0,39969324176
36.4589,27.4282,6.25,68,73,69,1727,2800,0.482838,20,8.51365,0,0,39996754248
38.5509,25.9397,6.25,68,73,69,1727,2800,0.482838,20,8.51365,0,0,40022693594
37.1496,26.9182,6.25,68,73,69,1727,2800,0.482838,20,8.51365,0,0,40049613379
38.6094,25.9004,6.25,68,73,69,1727,2800,0.482838,20,8.51365,0,0,40075513963
38.283,26.1213,6.25,68,73,69,1727,2800,0.482838,20,8.51365,0,0,40101634308
39.4168,25.3699,6.25,68,73,69,1727,2800,0.482838,20,8.51365,0,0,40127004316
38.4189,26.0288,6.25,68,73,69,1727,2800,0.482838,20,8.51365,0,0,40153034012
37.3426,26.7791,6.25,68,73,69,1727,2800,0.482838,20,8.51365,0,0,40179812021
36.5674,27.3468,6.25,68,73,69,1727,2800,0.482838,20,8.51365,0,0,40207161302
37.5841,26.607,6.25,68,73,69,1727,2800,0.482838,20,8.51365,0,0,40233771276
32.9832,30.3185,5.99251,69,73,74,2356,2800,0.482838,23,8.51357,0,0,40264085899
26.6705,37.4946,5.99251,69,73,74,2356,2800,0.482838,23,8.51357,0,0,40301581582
32.6375,30.6396,5.99251,69,73,74,2356,2800,0.482838,23,8.51357,0,0,40332221475
36.8217,27.1579,5.99251,69,73,74,2356,2800,0.482838,23,8.51357,0,0,40359378385
34.9726,28.5938,5.99251,69,73,74,2356,2800,0.482838,23,8.51357,0,0,40387974394
33.0671,30.2415,5.99251,69,73,74,2356,2800,0.482838,23,8.51357,0,0,40418216361
36.645,27.2889,5.99251,69,73,74,2356,2800,0.482838,23,8.51357,0,0,40445505579
35.1932,28.4145,5.99251,69,73,74,2356,2800,0.482838,23,8.51357,0,0,40473918885
36.5677,27.3466,5.99251,69,73,74,2356,2800,0.482838,23,8.51357,0,0,40501265992
33.385,29.9536,5.99251,69,73,74,2356,2800,0.482838,23,8.51357,0,0,40531218766
36.8822,27.1133,5.99251,69,73,74,2356,2800,0.482838,23,8.51357,0,0,40558333417
38.1586,26.2064,5.99251,69,73,74,2356,2800,0.482838,23,8.51357,0,0,40584539664
37.0839,26.9659,5.99251,69,73,74,2356,2800,0.482838,23,8.51357,0,0,40611505225
37.9846,26.3265,5.99251,69,73,74,2356,2800,0.482838,23,8.51357,0,0,40637832238
36.8967,27.1027,5.99251,69,73,74,2356,2800,0.482838,23,8.51357,0,0,40664934615
38.3379,26.0838,5.99251,69,73,74,2356,2800,0.482838,23,8.51357,0,0,40691020717
35.0575,28.5246,5.99251,69,73,74,2356,2800,0.482838,23,8.51357,0,0,40719544170
36.933,27.0761,5.99251,69,73,74,2356,2800,0.482838,23,8.51357,0,0,40746622452
35.512,28.1595,6.41975,70,72,70,1802,2800,0.482838,33,8.5141,0,0,40774779939
34.5097,28.9774,6.41975,70,72,70,1802,2800,0.482838,33,8.5141,0,0,40803759037
35.4482,28.2102,6.41975,70,72,70,1802,2800,0.482838,33,8.5141,0,0,40831969433
38.3907,26.048,6.41975,70,72,70,1802,2800,0.482838,33,8.5141,0,0,40858016601
38.5532,25.9382,6.41975,70,72,70,1802,2800,0.482838,33,8.5141,0,0,40883955296
38.1777,26.1933,6.41975,70,72,70,1802,2800,0.482838,33,8.5141,0,0,40910148959
38.8924,25.712,6.41975,70,72,70,1802,2800,0.482838,33,8.5141,0,0,40935863974
41.2515,24.2416,6.41975,70,72,70,1802,2800,0.482838,33,8.5141,0,0,40960104193
38.7321,25.8184,6.41975,70,72,70,1802,2800,0.482838,33,8.5141,0,0,40985922362
38.6416,25.8788,6.41975,70,72,70,1802,2800,0.482838,33,8.5141,0,0,41011801785
36.9318,27.0769,6.41975,70,72,70,1802,2800,0.482838,33,8.5141,0,0,41038878014
39.0557,25.6045,6.41975,70,72,70,1802,2800,0.482838,33,8.5141,0,0,41064483554
40.76,24.5338,6.41975,70,72,70,1802,2800,0.482838,33,8.5141,0,0,41089017634
39.1274,25.5576,6.41975,70,72,70,1802,2800,0.482838,33,8.5141,0,0,41114576396
38.1806,26.1913,6.41975,70,72,70,1802,2800,0.482838,33,8.5141,0,0,41140766623
38.5881,25.9147,6.41975,70,72,70,1802,2800,0.482838,33,8.5141,0,0,41166683316
39.5229,25.3018,6.41975,70,72,70,1802,2800,0.482838,33,8.5141,0,0,41191984305
38.5027,25.9722,6.41975,70,72,70,1802,2800,0.482838,33,8.5141,0,0,41217956463
38.6268,25.8888,6.41975,70,72,70,1802,2800,0.482838,33,8.5141,0,0,41243846847
36.8065,27.1691,6.41975,70,72,70,1802,2800,0.482838,33,8.5141,0,0,41271016410
38.4336,26.0189,7.34055,69,74,69,1884,2800,0.482838,30,8.51542,0,0,41297032701
42.4867,23.5368,7.34055,69,74,69,1884,2800,0.482838,30,8.51542,0,0,41320570362
40.8704,24.4676,7.34055,69,74,69,1884,2800,0.482838,30,8.51542,0,0,41345038248
39.2689,25.4654,7.34055,69,74,69,1884,2800,0.482838,30,8.51542,0,0,41370505178
37.9732,26.3343,7.34055,69,74,69,1884,2800,0.482838,30,8.51542,0,0,41396839905
38.6435,25.8775,7.34055,69,74,69,1884,2800,0.482838,30,8.51542,0,0,41422717335
40.0343,24.9786,7.34055,69,74,69,1884,2800,0.482838,30,8.51542,0,0,41447697131
38.2638,26.1344,7.34055,69,74,69,1884,2800,0.482838,30,8.51542,0,0,41473830902
37.7968,26.4572,7.34055,69,74,69,1884,2800,0.482838,30,8.51542,0,0,41500287969
40.058,24.9638,7.34055,69,74,69,1884,2800,0.482838,30,8.51542,0,0,41525253208
39.1515,25.5418,7.34055,69,74,69,1884,2800,0.482838,30,8.51542,0,0,41550793956
40.7992,24.5103,7.34055,69,74,69,1884,2800,0.482838,30,8.51542,0,0,41575304242
35.367,28.275,7.34055,69,74,69,1884,2800,0.482838,30,8.51542,0,0,41603579519
37.9891,26.3234,7.34055,69,74,69,1884,2800,0.482838,30,8.51542,0,0,41629902746
41.8342,23.9039,7.34055,69,74,69,1884,2800,0.482838,30,8.51542,0,0,41653809118
38.0268,26.2972,7.34055,69,74,69,1884,2800,0.482838,30,8.51542,0,0,41680105955
35.5789,28.1065,7.34055,69,74,69,1884,2800,0.482838,30,8.51542,0,0,41708213608
38.0168,26.3041,7.34055,69,74,69,1884,2800,0.482838,30,8.51542,0,0,41734517227
41.0758,24.3452,7.34055,69,74,69,1884,2800,0.482838,30,8.51542,0,0,41758862343
40.45,24.7219,7.34055,69,74,69,1884,2800,0.482838,30,8.51542,0,0,41783587772
39.5175,25.3052,5.30864,69,73,68,1651,2800,0.482838,37,8.51378,0,0,41808891656
38.4709,25.9937,5.30864,69,73,68,1651,2800,0.482838,37,8.51378,0,0,41834884472
40.5884,24.6376,5.30864,69,73,68,1651,2800,0.482838,37,8.51378,0,0,41859524662
39.3882,25.3883,5.30864,69,73,68,1651,2800,0.482838,37,8.51378,0,0,41884911491
40.7057,24.5666,5.30864,69,73,68,1651,2800,0.482838,37,8.51378,0,0,41909478493
36.5917,27.3286,5.30864,69,73,68,1651,2800,0.482838,37,8.51378,0,0,41936808357
37.9258,26.3673,5.30864,69,73,68,1651,2800,0.482838,37,8.51378,0,0,41963175726
39.2833,25.4561,5.30864,69,73,68,1651,2800,0.482838,37,8.51378,0,0,41988631866
40.1169,24.9272,5.30864,69,73,68,1651,2800,0.482838,37,8.51378,0,0,42013558783
38.2315,26.1564,5.30864,69,73,68,1651,2800,0.482838,37,8.51378,0,0,42039716909
37.1205,26.9393,5.30864,69,73,68,1651,2800,0.482838,37,8.51378,0,0,42066656321
41.131,24.3126,5.30864,69,73,68,1651,2800,0.482838,37,8.51378,0,0,42090970599
37.7677,26.4776,5.30864,69,73,68,1651,2800,0.482838,37,8.51378,0,0,42117447113
40.9557,24.4166,5.30864,69,73,68,1651,2800,0.482838,37,8.51378,0,0,42141862751
30.3267,32.9742,5.30864,69,73,68,1651,2800,0.482838,37,8.51378,0,0,42174839066
40.9802,24.402,5.30864,69,73,68,1651,2800,0.482838,37,8.51378,0,0,42199239756
42.7978,23.3657,5.30864,69,73,68,1651,2800,0.482838,37,8.51378,0,0,42222607318
39.7804,25.138,5.30864,69,73,68,1651,2800,0.482838,37,8.51378,0,0,42247745571
37.5718,26.6157,5.30864,69,73,68,1651,2800,0.482838,37,8.51378,0,0,42274360505
37.1809,26.8955,5.30864,69,73,68,1651,2800,0.482838,37,8.51378,0,0,42301260713
43.8047,22.8286,5.12195,69,76,68,1840,2800,0.482838,17,8.51364,0,0,42324085537
35.2989,28.3295,5.12195,69,76,68,1840,2800,0.482838,17,8.51364,0,0,42352414606
41.9525,23.8365,5.12195,69,76,68,1840,2800,0.482838,17,8.51364,0,0,42376252951
37.8832,26.397,5.12195,69,76,68,1840,2800,0.482838,17,8.51364,0,0,42402650316
37.1264,26.935,5.12195,69,76,68,1840,2800,0.482838,17,8.51364,0,0,42429586502
42.7431,23.3956,5.12195,69,76,68,1840,2800,0.482838,17,8.51364,0,0,42452980483
38.2239,26.1616,5.12195,69,76,68,1840,2800,0.482838,17,8.51364,0,0,42479142497
39.2337,25.4883,5.12195,69,76,68,1840,2800,0.482838,17,8.51364,0,0,42504631458
36.9962,27.0298,5.12195,69,76,68,1840,2800,0.482838,17,8.51364,0,0,42531662031
41.6024,24.0371,5.12195,69,76,68,1840,2800,0.482838,17,8.51364,0,0,42555698758
37.2976,26.8114,5.12195,69,76,68,1840,2800,0.482838,17,8.51364,0,0,42582511643
39.4848,25.3262,5.12195,69,76,68,1840,2800,0.482838,17,8.51364,0,0,42607838049
38.3761,26.0579,5.12195,69,76,68,1840,2800,0.482838,17,8.51364,0,0,42633896068
40.4414,24.7272,5.12195,69,76,68,1840,2800,0.482838,17,8.51364,0,0,42658624042
37.5382,26.6396,5.12195,69,76,68,1840,2800,0.482838,17,8.51364,0,0,42685263631
40.375,24.7678,5.12195,69,76,68,1840,2800,0.482838,17,8.51364,0,0,42710031400
37.6961,26.5279,5.12195,69,76,68,1840,2800,0.482838,17,8.51364,0,0,42736560582
37.407,26.7329,5.12195,69,76,68,1840,2800,0.482838,17,8.51364,0,0,42763293807
40.2199,24.8633,5.12195,69,76,68,1840,2800,0.482838,17,8.51364,0,0,42788156293
39.3936,25.3848,5.12195,69,76,68,1840,2800,0.482838,17,8.51364,0,0,42813546199
37.0928,26.9594,5.64417,69,68,67,1536,2800,0.482838,29,8.50724,0,0,42840501971
40.3345,24.7926,5.64417,69,68,67,1536,2800,0.482838,29,8.50724,0,0,42865296450
40.0241,24.985,5.64417,69,68,67,1536,2800,0.482838,29,8.50724,0,0,42890280233
37.4003,26.7377,5.64417,69,68,67,1536,2800,0.482838,29,8.50724,0,0,42917018007
40.1939,24.8794,5.64417,69,68,67,1536,2800,0.482838,29,8.50724,0,0,42941897756
37.3228,26.7932,5.64417,69,68,67,1536,2800,0.482838,29,8.50724,0,0,42968692706
38.2295,26.1578,5.64417,69,68,67,1536,2800,0.482838,29,8.50724,0,0,42994849220
41.2467,24.2443,5.64417,69,68,67,1536,2800,0.482838,29,8.50724,0,0,43019093787
38.9789,25.6549,5.64417,69,68,67,1536,2800,0.482838,29,8.50724,0,0,43044750523
37.6951,26.5286,5.64417,69,68,67,1536,2800,0.482838,29,8.50724,0,0,43071279124
39.5317,25.2961,5.64417,69,68,67,1536,2800,0.482838,29,8.50724,0,0,43096575534
38.4312,26.0205,5.64417,69,68,67,1536,2800,0.482838,29,8.50724,0,0,43122595542
38.5954,25.9098,5.64417,69,68,67,1536,2800,0.482838,29,8.50724,0,0,43148506174
41.0178,24.3796,5.64417,69,68,67,1536,2800,0.482838,29,8.50724,0,0,43172885203
20.8145,48.0433,5.64417,69,68,67,1536,2800,0.482838,29,8.50724,0,0,43220928731
34.7098,28.8103,5.64417,69,68,67,1536,2800,0.482838,29,8.50724,0,0,43249739493
32.3303,30.9307,5.64417,69,68,67,1536,2800,0.482838,29,8.50724,0,0,43280669961
34.8083,28.7288,5.64417,69,68,67,1536,2800,0.482838,29,8.50724,0,0,43309399141
38.9405,25.6802,5.64417,69,68,67,1536,2800,0.482838,29,8.50724,0,0,43335083849
39.4299,25.3615,5.07246,69,73,66,1096,2800,0.482838,13,8.5051,0,0,43360440923
47.251,21.1636,5.07246,69,73,66,1096,2800,0.482838,13,8.5051,0,0,43381604310
41.8951,23.8691,5.07246,69,73,66,1096,2800,0.482838,13,8.5051,0,0,43405474595
37.3631,26.7644,5.07246,69,73,66,1096,2800,0.482838,13,8.5051,0,0,43432246072
36.6485,27.2862,5.07246,69,73,66,1096,2800,0.482838,13,8.5051,0,0,43459528728
43.3547,23.0655,5.07246,69,73,66,1096,2800,0.482838,13,8.5051,0,0,43482593001
39.8836,25.073,5.07246,69,73,66,1096,2800,0.482838,13,8.5051,0,0,43507664369
38.8652,25.73,5.07246,69,73,66,1096,2800,0.482838,13,8.5051,0,0,43533394873
35.9441,27.821,5.07246,69,73,66,1096,2800,0.482838,13,8.5051,0,0,43561215899
41.4148,24.146,5.07246,69,73,66,1096,2800,0.482838,13,8.5051,0,0,43585363724
36.8201,27.1591,5.07246,69,73,66,1096,2800,0.482838,13,8.5051,0,0,43612521586
35.8274,27.9116,5.07246,69,73,66,1096,2800,0.482838,13,8.5051,0,0,43640433151
40.7871,24.5175,5.07246,69,73,66,1096,2800,0.482838,13,8.5051,0,0,43664951312
39.5685,25.2726,5.07246,69,73,66,1096,2800,0.482838,13,8.5051,0,0,43690224408
42.7488,23.3925,5.07246,69,73,66,1096,2800,0.482838,13,8.5051,0,0,43713617528
38.4247,26.0249,5.07246,69,73,66,1096,2800,0.482838,13,8.5051,0,0,43739641683
40.1429,24.911,5.07246,69,73,66,1096,2800,0.482838,13,8.5051,0,0,43764553261
36.6037,27.3197,5.07246,69,73,66,1096,2800,0.482838,13,8.5051,0,0,43791873277
39.9971,25.0018,5.07246,69,73,66,1096,2800,0.482838,13,8.5051,0,0,43816874413
40.3647,24.7741,5.07246,69,73,66,1096,2800,0.482838,13,8.5051,0,0,43841651850
37.4725,26.6862,4.96894,68,68,65,1067,2800,0.482838,20,8.50431,0,0,43868335943
39.5886,25.2598,4.96894,68,68,65,1067,2800,0.482838,20,8.50431,0,0,43893595714
36.6692,27.2708,4.96894,68,68,65,1067,2800,0.482838,20,8.50431,0,0,43920868622
41.3675,24.1736,4.96894,68,68,65,1067,2800,0.482838,20,8.50431,0,0,43945042937
38.5865,25.9158,4.96894,68,68,65,1067,2800,0.482838,20,8.50431,0,0,43970957516
38.0979,26.2482,4.96894,68,68,65,1067,2800,0.482838,20,8.50431,0,0,43997207846
40.2596,24.8388,4.96894,68,68,65,1067,2800,0.482838,20,8.50431,0,0,44022044473
38.4657,25.9972,4.96894,68,68,65,1067,2800,0.482838,20,8.50431,0,0,44048042029
37.6141,26.5858,4.96894,68,68,65,1067,2800,0.482838,20,8.50431,0,0,44074627998
39.5012,25.3157,4.96894,68,68,65,1067,2800,0.482838,20,8.50431,0,0,44099944044
38.3039,26.107,4.96894,68,68,65,1067,2800,0.482838,20,8.50431,0,0,44126051265
38.2985,26.1107,4.96894,68,68,65,1067,2800,0.482838,20,8.50431,0,0,44152162444
37.7716,26.4749,4.96894,68,68,65,1067,2800,0.482838,20,8.50431,0,0,44178637084
39.7381,25.1648,4.96894,68,68,65,1067,2800,0.482838,20,8.50431,0,0,44203802578
39.9126,25.0547,4.96894,68,68,65,1067,2800,0.482838,20,8.50431,0,0,44228857756
39.6364,25.2293,4.96894,68,68,65,1067,2800,0.482838,20,8.50431,0,0,44254086278
38.1465,26.2147,4.96894,68,68,65,1067,2800,0.482838,20,8.50431,0,0,44280302614
39.2906,25.4514,4.96894,68,68,65,1067,2800,0.482838,20,8.50431,0,0,44305753384
37.0601,26.9832,4.96894,68,68,65,1067,2800,0.482838,20,8.50431,0,0,44332738231
39.6399,25.2271,4.96894,68,68,65,1067,2800,0.482838,20,8.50431,0,0,44357971502
39.2141,25.5011,4.0293,69,68,65,1199,2800,0.482838,14,8.50343,0,0,44383466595
39.3756,25.3964,4.0293,69,68,65,1199,2800,0.482838,14,8.50343,0,0,44408863083
36.4688,27.4207,4.0293,69,68,65,1199,2800,0.482838,14,8.50343,0,0,44436291742
39.9977,25.0015,4.0293,69,68,65,1199,2800,0.482838,14,8.50343,0,0,44461290845
37.9858,26.3256,4.0293,69,68,65,1199,2800,0.482838,14,8.50343,0,0,44487616796
40.3877,24.76,4.0293,69,68,65,1199,2800,0.482838,14,8.50343,0,0,44512376559
38.2204,26.164,4.0293,69,68,65,1199,2800,0.482838,14,8.50343,0,0,44538541088
38.6673,25.8617,4.0293,69,68,65,1199,2800,0.482838,14,8.50343,0,0,44564402999
39.1639,25.5337,4.0293,69,68,65,1199,2800,0.482838,14,8.50343,0,0,44589936493
39.7676,25.1461,4.0293,69,68,65,1199,2800,0.482838,14,8.50343,0,0,44615083062
39.2709,25.4642,4.0293,69,68,65,1199,2800,0.482838,14,8.50343,0,0,44640547788
37.4576,26.6968,4.0293,69,68,65,1199,2800,0.482838,14,8.50343,0,0,44667244996
36.9701,27.0489,4.0293,69,68,65,1199,2800,0.482838,14,8.50343,0,0,44694302008
33.8204,29.568,4.0293,69,68,65,1199,2800,0.482838,14,8.50343,0,0,44723862036
41.3548,24.181,4.0293,69,68,65,1199,2800,0.482838,14,8.50343,0,0,44748042583
39.159,25.5369,4.0293,69,68,65,1199,2800,0.482838,14,8.50343,0,0,44773579885
39.484,25.3267,4.0293,69,68,65,1199,2800,0.482838,14,8.50343,0,0,44798907143
35.2771,28.347,4.0293,69,68,65,1199,2800,0.482838,14,8.50343,0,0,44827254846
43.3562,23.0648,4.0293,69,68,65,1199,2800,0.482838,14,8.50343,0,0,44850318698
38.6638,25.864,4.0293,69,68,65,1199,2800,0.482838,14,8.50343,0,0,44876185789
38.122,26.2316,4.37424,69,68,65,1338,2800,0.482838,20,8.50078,0,0,44902414838
38.1761,26.1944,4.37424,69,68,65,1338,2800,0.482838,20,8.50078,0,0,44928610345
39.8537,25.0918,4.37424,69,68,65,1338,2800,0.482838,20,8.50078,0,0,44953701490
39.505,25.3133,4.37424,69,68,65,1338,2800,0.482838,20,8.50078,0,0,44979015042
38.7539,25.8038,4.37424,69,68,65,1338,2800,0.482838,20,8.50078,0,0,45004819265
37.2088,26.8754,4.37424,69,68,65,1338,2800,0.482838,20,8.50078,0,0,45031694987
40.7021,24.5688,4.37424,69,68,65,1338,2800,0.482838,20,8.50078,0,0,45056263702
37.6491,26.5611,4.37424,69,68,65,1338,2800,0.482838,20,8.50078,0,0,45082825035
40.2072,24.8712,4.37424,69,68,65,1338,2800,0.482838,20,8.50078,0,0,45107697500
38.2962,26.1123,4.37424,69,68,65,1338,2800,0.482838,20,8.50078,0,0,45133809249
38.5103,25.9671,4.37424,69,68,65,1338,2800,0.482838,20,8.50078,0,0,45159781958
39.8181,25.1142,4.37424,69,68,65,1338,2800,0.482838,20,8.50078,0,0,45184892128
38.6904,25.8462,4.37424,69,68,65,1338,2800,0.482838,20,8.50078,0,0,45210738400
37.5444,26.6351,4.37424,69,68,65,1338,2800,0.482838,20,8.50078,0,0,45237373812
38.3204,26.0958,4.37424,69,68,65,1338,2800,0.482838,20,8.50078,0,0,45263469681
40.7499,24.5399,4.37424,69,68,65,1338,2800,0.482838,20,8.50078,0,0,45288009362
36.5876,27.3316,4.37424,69,68,65,1338,2800,0.482838,20,8.50078,0,0,45315342142
41.0735,24.3466,4.37424,69,68,65,1338,2800,0.482838,20,8.50078,0,0,45339688459
37.3586,26.7676,4.37424,69,68,65,1338,2800,0.482838,20,8.50078,0,0,45366455999
40.8234,24.4957,4.37424,69,68,65,1338,2800,0.482838,20,8.50078,0,0,45390954082
37.3692,26.76,3.80835,69,65,65,1296,2800,0.482838,18,8.50066,0,0,45417712394
38.1499,26.2124,3.80835,69,65,65,1296,2800,0.482838,18,8.50066,0,0,45443925133
24.1907,41.3382,3.80835,69,65,65,1296,2800,0.482838,18,8.50066,0,0,45485263654
33.868,29.5264,3.80835,69,65,65,1296,2800,0.482838,18,8.50066,0,0,45514789808
35.2391,28.3776,3.80835,69,65,65,1296,2800,0.482838,18,8.50066,0,0,45543167287
39.0083,25.6356,3.80835,69,65,65,1296,2800,0.482838,18,8.50066,0,0,45568806120
36.8194,27.1596,3.80835,69,65,65,1296,2800,0.482838,18,8.50066,0,0,45595963370
42.2289,23.6805,3.80835,69,65,65,1296,2800,0.482838,18,8.50066,0,0,45619644210
42.0655,23.7725,3.80835,69,65,65,1296,2800,0.482838,18,8.50066,0,0,45643417222
41.2725,24.2292,3.80835,69,65,65,1296,2800,0.482838,18,8.50066,0,0,45667648384
36.6246,27.304,3.80835,69,65,65,1296,2800,0.482838,18,8.50066,0,0,45694953001
42.3449,23.6156,3.80835,69,65,65,1296,2800,0.482838,18,8.50066,0,0,45718568809
39.1526,25.5411,3.80835,69,65,65,1296,2800,0.482838,18,8.50066,0,0,45744108695
39.9216,25.0491,3.80835,69,65,65,1296,2800,0.482838,18,8.50066,0,0,45769159014
36.582,27.3358,3.80835,69,65,65,1296,2800,0.482838,18,8.50066,0,0,45796494188
39.1266,25.5581,3.80835,69,65,65,1296,2800,0.482838,18,8.50066,0,0,45822052730
41.2976,24.2145,3.80835,69,65,65,1296,2800,0.482838,18,8.50066,0,0,45846266750
39.3663,25.4024,3.80835,69,65,65,1296,2800,0.482838,18,8.50066,0,0,45871669489
37.7353,26.5004,3.80835,69,65,65,1296,2800,0.482838,18,8.50066,0,0,45898173214
39.845,25.0973,4.61347,69,67,66,1427,2800,0.482838,17,8.49888,0,0,45923268637
38.9812,25.6534,4.61347,69,67,66,1427,2800,0.482838,17,8.49888,0,0,45948921826
31.3175,31.931,4.61347,69,67,66,1427,2800,0.482838,17,8.49888,0,0,45980852500
39.1334,25.5536,4.61347,69,67,66,1427,2800,0.482838,17,8.49888,0,0,46006406183
43.0822,23.2114,4.61347,69,67,66,1427,2800,0.482838,17,8.49888,0,0,46029617913
44.5971,22.423,4.61347,69,67,66,1427,2800,0.482838,17,8.49888,0,0,46052040662
38.0789,26.2612,4.61347,69,67,66,1427,2800,0.482838,17,8.49888,0,0,46078304337
39.5033,25.3144,4.61347,69,67,66,1427,2800,0.482838,17,8.49888,0,0,46103617318
37.0158,27.0155,4.61347,69,67,66,1427,2800,0.482838,17,8.49888,0,0,46130634125
37.8087,26.4489,4.61347,69,67,66,1427,2800,0.482838,17,8.49888,0,0,46157082095
42.0459,23.7835,4.61347,69,67,66,1427,2800,0.482838,17,8.49888,0,0,46180867411
39.1385,25.5503,4.61347,69,67,66,1427,2800,0.482838,17,8.49888,0,0,46206416565
38.3647,26.0657,4.61347,69,67,66,1427,2800,0.482838,17,8.49888,0,0,46232482929
34.3161,29.1409,4.61347,69,67,66,1427,2800,0.482838,17,8.49888,0,0,46261624642
45.2638,22.0927,4.61347,69,67,66,1427,2800,0.482838,17,8.49888,0,0,46283716691
38.03,26.295,4.61347,69,67,66,1427,2800,0.482838,17,8.49888,0,0,46310012957
38.7287,25.8207,4.61347,69,67,66,1427,2800,0.482838,17,8.49888,0,0,46335833851
38.7657,25.796,4.61347,69,67,66,1427,2800,0.482838,17,8.49888,0,0,46361629467
40.675,24.5851,4.61347,69,67,66,1427,2800,0.482838,17,8.49888,0,0,46386214072
37.7848,26.4657,4.61347,69,67,66,1427,2800,0.482838,17,8.49888,0,0,46412684855
37.3589,26.7674,4.06404,69,65,66,1437,2800,0.482838,23,8.49856,0,0,46439449188
40.2558,24.8411,4.06404,69,65,66,1437,2800,0.482838,23,8.49856,0,0,46464289653
39.5963,25.2549,4.06404,69,65,66,1437,2800,0.482838,23,8.49856,0,0,46489545227
37.6788,26.5401,4.06404,69,65,66,1437,2800,0.482838,23,8.49856,0,0,46516086331
38.4652,25.9975,4.06404,69,65,66,1437,2800,0.482838,23,8.49856,0,0,46542083065
38.9168,25.6959,4.06404,69,65,66,1437,2800,0.482838,23,8.49856,0,0,46567780878
37.4338,26.7138,4.06404,69,65,66,1437,2800,0.482838,23,8.49856,0,0,46594494336
42.1893,23.7027,4.06404,69,65,66,1437,2800,0.482838,23,8.49856,0,0,46618197798
39.3915,25.3862,4.06404,69,65,66,1437,2800,0.482838,23,8.49856,0,0,46643584658
37.1401,26.9251,4.06404,69,65,66,1437,2800,0.482838,23,8.49856,0,0,46670510254
37.0431,26.9956,4.06404,69,65,66,1437,2800,0.482838,23,8.49856,0,0,46697506673
41.7379,23.959,4.06404,69,65,66,1437,2800,0.482838,23,8.49856,0,0,46721464572
38.8761,25.7227,4.06404,69,65,66,1437,2800,0.482838,23,8.49856,0,0,46747187071
37.0644,26.9801,4.06404,69,65,66,1437,2800,0.482838,23,8.49856,0,0,46774167039
41.094,24.3345,4.06404,69,65,66,1437,2800,0.482838,23,8.49856,0,0,46798502246
37.4931,26.6716,4.06404,69,65,66,1437,2800,0.482838,23,8.49856,0,0,46825174748
41.8907,23.8716,4.06404,69,65,66,1437,2800,0.482838,23,8.49856,0,0,46849045564
24.5384,40.7525,4.06404,69,65,66,1437,2800,0.482838,23,8.49856,0,0,46889798106
38.1973,26.1799,4.06404,69,65,66,1437,2800,0.482838,23,8.49856,0,0,46915986349
35.6781,28.0284,4.39147,69,66,66,1141,2800,0.482838,18,8.49383,0,0,46944008562
41.2142,24.2635,4.39147,69,66,66,1141,2800,0.482838,18,8.49383,0,0,46968271122
43.9277,22.7647,4.39147,69,66,66,1141,2800,0.482838,18,8.49383,0,0,46991035723
38.623,25.8913,4.39147,69,66,66,1141,2800,0.482838,18,8.49383,0,0,47016927230
42.4397,23.5629,4.39147,69,66,66,1141,2800,0.482838,18,8.49383,0,0,47040490228
39.244,25.4816,4.39147,69,66,66,1141,2800,0.482838,18,8.49383,0,0,47065972868
39.746,25.1597,4.39147,69,66,66,1141,2800,0.482838,18,8.49383,0,0,47091134104
37.8852,26.3955,4.39147,69,66,66,1141,2800,0.482838,18,8.49383,0,0,47117530698
39.0079,25.6358,4.39147,69,66,66,1141,2800,0.482838,18,8.49383,0,0,47143166785
39.5721,25.2703,4.39147,69,66,66,1141,2800,0.482838,18,8.49383,0,0,47168435373
36.7913,27.1804,4.39147,69,66,66,1141,2800,0.482838,18,8.49383,0,0,47195617470
40.2107,24.869,4.39147,69,66,66,1141,2800,0.482838,18,8.49383,0,0,47220485356
39.9354,25.0404,4.39147,69,66,66,1141,2800,0.482838,18,8.49383,0,0,47245526217
38.2996,26.1099,4.39147,69,66,66,1141,2800,0.482838,18,8.49383,0,0,47271637505
37.5352,26.6417,4.39147,69,66,66,1141,2800,0.482838,18,8.49383,0,0,47298278608
40.6356,24.609,4.39147,69,66,66,1141,2800,0.482838,18,8.49383,0,0,47322889492
30.6569,32.6191,4.39147,69,66,66,1141,2800,0.482838,18,8.49383,0,0,47355509269
42.4316,23.5673,4.39147,69,66,66,1141,2800,0.482838,18,8.49383,0,0,47379074391
41.8548,23.8921,4.39147,69,66,66,1141,2800,0.482838,18,8.49383,0,0,47402967880
37.9586,26.3445,4.39147,69,66,66,1141,2800,0.482838,18,8.49383,0,0,47429316614
40.1603,24.9002,4.55665,69,68,65,1407,2800,0.482838,14,8.49464,0,0,47454214496
35.7176,27.9974,4.55665,69,68,65,1407,2800,0.482838,14,8.49464,0,0,47482211222
41.8228,23.9104,4.55665,69,68,65,1407,2800,0.482838,14,8.49464,0,0,47506123195
39.7786,25.1391,4.55665,69,68,65,1407,2800,0.482838,14,8.49464,0,0,47531260356
39.9452,25.0343,4.55665,69,68,65,1407,2800,0.482838,14,8.49464,0,0,47556295356
38.3867,26.0507,4.55665,69,68,65,1407,2800,0.482838,14,8.49464,0,0,47582347453
35.4596,28.2011,4.55665,69,68,65,1407,2800,0.482838,14,8.49464,0,0,47610548852
17.9347,55.758,4.55665,69,68,65,1407,2800,0.482838,14,8.49464,0,0,47666305699
23.2948,42.928,4.55665,69,68,65,1407,2800,0.482838,14,8.49464,0,0,47709233601
31.4295,31.8173,4.55665,69,68,65,1407,2800,0.482838,14,8.49464,0,0,47741051164
33.4718,29.8759,4.55665,69,68,65,1407,2800,0.482838,14,8.49464,0,0,47770926813
34.5449,28.9478,4.55665,69,68,65,1407,2800,0.482838,14,8.49464,0,0,47799875795
35.8845,27.8672,4.55665,69,68,65,1407,2800,0.482838,14,8.49464,0,0,47827742596
41.4011,24.1539,4.55665,69,68,65,1407,2800,0.482838,14,8.49464,0,0,47851896673
39.0925,25.5803,4.55665,69,68,65,1407,2800,0.482838,14,8.49464,0,0,47877478659
36.8042,27.1708,4.55665,69,68,65,1407,2800,0.482838,14,8.49464,0,0,47904649766
42.6218,23.4622,4.55665,69,68,65,1407,2800,0.482838,14,8.49464,0,0,47928111965
45.5741,21.9423,4.55665,69,68,65,1407,2800,0.482838,14,8.49464,0,0,47950057850
37.5324,26.6437,9.47752,69,66,67,1517,2800,0.482838,14,8.50991,0,0,47976698362
42.2498,23.6688,9.47752,69,66,67,1517,2800,0.482838,14,8.50991,0,0,48000365986
36.2187,27.61,9.47752,69,66,67,1517,2800,0.482838,14,8.50991,0,0,48027977910
43.3109,23.0889,9.47752,69,66,67,1517,2800,0.482838,14,8.50991,0,0,48051067200
38.818,25.7613,9.47752,69,66,67,1517,2800,0.482838,14,8.50991,0,0,48076826568
36.6744,27.267,9.47752,69,66,67,1517,2800,0.482838,14,8.50991,0,0,48104094667
37.1544,26.9147,9.47752,69,66,67,1517,2800,0.482838,14,8.50991,0,0,48131008651
41.5011,24.0957,9.47752,69,66,67,1517,2800,0.482838,14,8.50991,0,0,48155106032
37.8047,26.4517,9.47752,69,66,67,1517,2800,0.482838,14,8.50991,0,0,48181556487
39.6959,25.1915,9.47752,69,66,67,1517,2800,0.482838,14,8.50991,0,0,48206748811
38.4527,26.006,9.47752,69,66,67,1517,2800,0.482838,14,8.50991,0,0,48232755844
36.587,27.3321,9.47752,69,66,67,1517,2800,0.482838,14,8.50991,0,0,48260088404
42.7765,23.3773,9.47752,69,66,67,1517,2800,0.482838,14,8.50991,0,0,48283464221
29.8804,33.4668,9.47752,69,66,67,1517,2800,0.482838,14,8.50991,0,0,48316931718
40.1521,24.9053,9.47752,69,66,67,1517,2800,0.482838,14,8.50991,0,0,48341837365
43.1744,23.1619,9.47752,69,66,67,1517,2800,0.482838,14,8.50991,0,0,48364998891
40.5538,24.6586,9.47752,69,66,67,1517,2800,0.482838,14,8.50991,0,0,48389660330
36.5391,27.368,9.47752,69,66,67,1517,2800,0.482838,14,8.50991,0,0,48417026392
40.3865,24.7607,9.47752,69,66,67,1517,2800,0.482838,14,8.50991,0,0,48441788560
41.4786,24.1088,9.47752,69,66,67,1517,2800,0.482838,14,8.50991,0,0,48465899516
41.4745,24.1112,4.1769,69,66,65,1487,2800,0.482838,21,8.50741,0,0,48490007828
37.7091,26.5188,4.1769,69,66,65,1487,2800,0.482838,21,8.50741,0,0,48516527202
39.8323,25.1053,4.1769,69,66,65,1487,2800,0.482838,21,8.50741,0,0,48541632573
35.9783,27.7945,4.1769,69,66,65,1487,2800,0.482838,21,8.50741,0,0,48569428953
36.7718,27.1947,4.1769,69,66,65,1487,2800,0.482838,21,8.50741,0,0,48596623263
41.5471,24.069,4.1769,69,66,65,1487,2800,0.482838,21,8.50741,0,0,48620693874
41.6671,23.9997,4.1769,69,66,65,1487,2800,0.482838,21,8.50741,0,0,48644691678
37.201,26.881,4.1769,69,66,65,1487,2800,0.482838,21,8.50741,0,0,48671574794
37.4886,26.6748,4.1769,69,66,65,1487,2800,0.482838,21,8.50741,0,0,48698250551
40.6496,24.6005,4.1769,69,66,65,1487,2800,0.482838,21,8.50741,0,0,48722850134
39.1837,25.5208,4.1769,69,66,65,1487,2800,0.482838,21,8.50741,0,0,48748371376
38.4408,26.014,4.1769,69,66,65,1487,2800,0.482838,21,8.50741,0,0,48774385723
39.2472,25.4795,4.1769,69,66,65,1487,2800,0.482838,21,8.50741,0,0,48799863874
36.9766,27.0441,4.1769,69,66,65,1487,2800,0.482838,21,8.50741,0,0,48826908523
41.4107,24.1483,4.1769,69,66,65,1487,2800,0.482838,21,8.50741,0,0,48851057210
39.8858,25.0715,4.1769,69,66,65,1487,2800,0.482838,21,8.50741,0,0,48876128478
36.6625,27.2758,4.1769,69,66,65,1487,2800,0.482838,21,8.50741,0,0,48903405754
38.695,25.8431,4.1769,69,66,65,1487,2800,0.482838,21,8.50741,0,0,48929248198
38.4207,26.0276,4.1769,69,66,65,1487,2800,0.482838,21,8.50741,0,0,48955278334
38.9195,25.6941,4.1769,69,66,65,1487,2800,0.482838,21,8.50741,0,0,48980973152
40.3251,24.7985,4.52876,69,69,65,1229,2800,0.482838,15,8.50293,0,0,49005770215
30.5057,32.7808,4.52876,69,69,65,1229,2800,0.482838,15,8.50293,0,0,49038550553
42.1493,23.7252,4.52876,69,69,65,1229,2800,0.482838,15,8.50293,0,0,49062275125
41.1119,24.3239,4.52876,69,69,65,1229,2800,0.482838,15,8.50293,0,0,49086599792
40.6816,24.5811,4.52876,69,69,65,1229,2800,0.482838,15,8.50293,0,0,49111181592
42.3604,23.607,4.52876,69,69,65,1229,2800,0.482838,15,8.50293,0,0,49134788422
37.91,26.3783,4.52876,69,69,65,1229,2800,0.482838,15,8.50293,0,0,49161168495
38.8335,25.751,4.52876,69,69,65,1229,2800,0.482838,15,8.50293,0,0,49186917775
33.981,29.4282,4.52876,69,69,65,1229,2800,0.482838,15,8.50293,0,0,49216346426
40.87,24.4678,4.52876,69,69,65,1229,2800,0.482838,15,8.50293,0,0,49240815033
38.0571,26.2763,4.52876,69,69,65,1229,2800,0.482838,15,8.50293,0,0,49267091141
43.0058,23.2527,4.52876,69,69,65,1229,2800,0.482838,15,8.50293,0,0,49290345210
41.4846,24.1053,4.52876,69,69,65,1229,2800,0.482838,15,8.50293,0,0,49314449734
35.8849,27.8669,4.52876,69,69,65,1229,2800,0.482838,15,8.50293,0,0,49342316335
39.6815,25.2006,4.52876,69,69,65,1229,2800,0.482838,15,8.50293,0,0,49367517807
37.2753,26.8274,4.52876,69,69,65,1229,2800,0.482838,15,8.50293,0,0,49394346652
42.1367,23.7323,4.52876,69,69,65,1229,2800,0.482838,15,8.50293,0,0,49418079609
36.3225,27.5312,4.52876,69,69,65,1229,2800,0.482838,15,8.50293,0,0,49445609198
40.6231,24.6166,4.52876,69,69,65,1229,2800,0.482838,15,8.50293,0,0,49470226935
37.0585,26.9843,4.52876,69,69,65,1229,2800,0.482838,15,8.50293,0,0,49497218615
39.8578,25.0892,4.29975,69,64,65,1188,2800,0.482838,27,8.50241,0,0,49522300543
40.2569,24.8404,4.29975,69,64,65,1188,2800,0.482838,27,8.50241,0,0,49547141979
39.4332,25.3594,4.29975,69,64,65,1188,2800,0.482838,27,8.50241,0,0,49572500516
35.9139,27.8443,4.29975,69,64,65,1188,2800,0.482838,27,8.50241,0,0,49600345857
41.1278,24.3145,4.29975,69,64,65,1188,2800,0.482838,27,8.50241,0,0,49624660245
38.8411,25.746,4.29975,69,64,65,1188,2800,0.482838,27,8.50241,0,0,49650408222
38.5966,25.909,4.29975,69,64,65,1188,2800,0.482838,27,8.50241,0,0,49676315468
38.5342,25.951,4.29975,69,64,65,1188,2800,0.482838,27,8.50241,0,0,49702267538
38.56,25.9336,4.29975,69,64,65,1188,2800,0.482838,27,8.50241,0,0,49728203468
37.77,26.476,4.29975,69,64,65,1188,2800,0.482838,27,8.50241,0,0,49754678458
36.261,27.5778,4.29975,69,64,65,1188,2800,0.482838,27,8.50241,0,0,49782256077
41.4087,24.1495,4.29975,69,64,65,1188,2800,0.482838,27,8.50241,0,0,49806407650
41.2845,24.2222,4.29975,69,64,65,1188,2800,0.482838,27,8.50241,0,0,49830628422
39.1197,25.5625,4.29975,69,64,65,1188,2800,0.482838,27,8.50241,0,0,49856191793
38.3124,26.1012,4.29975,69,64,65,1188,2800,0.482838,27,8.50241,0,0,49882292332
37.9295,26.3647,4.29975,69,64,65,1188,2800,0.482838,27,8.50241,0,0,49908657376
40.3584,24.778,4.29975,69,64,65,1188,2800,0.482838,27,8.50241,0,0,49933435324
36.3576,27.5046,4.29975,69,64,65,1188,2800,0.482838,27,8.50241,0,0,49960941078
36.6689,27.271,4.29975,69,64,65,1188,2800,0.482838,27,8.50241,0,0,49988212473
39.3354,25.4224,4.29975,69,64,65,1188,2800,0.482838,27,8.50241,0,0,50013638015
38.4917,25.9796,4.40098,69,68,64,1036,2800,0.482838,16,8.50218,0,0,50039614160
41.7626,23.9449,4.40098,69,68,64,1036,2800,0.482838,16,8.50218,0,0,50063559125
40.3594,24.7774,4.40098,69,68,64,1036,2800,0.482838,16,8.50218,0,0,50088336602
39.9107,25.056,4.40098,69,68,64,1036,2800,0.482838,16,8.50218,0,0,50113392961
40.8085,24.5047,4.40098,69,68,64,1036,2800,0.482838,16,8.50218,0,0,50137897636
37.2673,26.8331,4.40098,69,68,64,1036,2800,0.482838,16,8.50218,0,0,50164731150
33.2786,30.0494,4.40098,69,68,64,1036,2800,0.482838,16,8.50218,0,0,50194782058
38.5899,25.9135,4.40098,69,68,64,1036,2800,0.482838,16,8.50218,0,0,50220693862
41.0936,24.3347,4.40098,69,68,64,1036,2800,0.482838,16,8.50218,0,0,50245029650
38.9696,25.661,4.40098,69,68,64,1036,2800,0.482838,16,8.50218,0,0,50270690344
41.3212,24.2007,4.40098,69,68,64,1036,2800,0.482838,16,8.50218,0,0,50294891529
36.1756,27.6429,4.40098,69,68,64,1036,2800,0.482838,16,8.50218,0,0,50322535523
36.5145,27.3864,4.40098,69,68,64,1036,2800,0.482838,16,8.50218,0,0,50349920881
40.4653,24.7125,4.40098,69,68,64,1036,2800,0.482838,16,8.50218,0,0,50374633717
43.3464,23.0699,4.40098,69,68,64,1036,2800,0.482838,16,8.50218,0,0,50397703480
41.7157,23.9718,4.40098,69,68,64,1036,2800,0.482838,16,8.50218,0,0,50421676227
37.4445,26.7062,4.40098,69,68,64,1036,2800,0.482838,16,8.50218,0,0,50448384315
39.8913,25.0681,4.40098,69,68,64,1036,2800,0.482838,16,8.50218,0,0,50473451696
36.9577,27.058,4.40098,69,68,64,1036,2800,0.482838,16,8.50218,0,0,50500508768
38.0912,26.2528,4.40098,69,68,64,1036,2800,0.482838,16,8.50218,0,0,50526765500
36.0014,27.7767,5.25031,69,64,65,1100,2800,0.482838,24,8.50178,0,0,50554538876
42.7814,23.3746,5.25031,69,64,65,1100,2800,0.482838,24,8.50178,0,0,50577913742
36.878,27.1164,5.25031,69,64,65,1100,2800,0.482838,24,8.50178,0,0,50605030546
40.9257,24.4345,5.25031,69,64,65,1100,2800,0.482838,24,8.50178,0,0,50629465390
40.4438,24.7257,5.25031,69,64,65,1100,2800,0.482838,24,8.50178,0,0,50654191280
36.9203,27.0853,5.25031,69,64,65,1100,2800,0.482838,24,8.50178,0,0,50681276275
35.7753,27.9522,5.25031,69,64,65,1100,2800,0.482838,24,8.50178,0,0,50709230661
39.824,25.1105,5.25031,69,64,65,1100,2800,0.482838,24,8.50178,0,0,50734339599
43.1849,23.1562,5.25031,69,64,65,1100,2800,0.482838,24,8.50178,0,0,50757497728
39.9733,25.0167,5.25031,69,64,65,1100,2800,0.482838,24,8.50178,0,0,50782512430
38.7921,25.7785,5.25031,69,64,65,1100,2800,0.482838,24,8.50178,0,0,50808291095
37.9539,26.3477,5.25031,69,64,65,1100,2800,0.482838,24,8.50178,0,0,50834640941
37.4693,26.6885,5.25031,69,64,65,1100,2800,0.482838,24,8.50178,0,0,50861329342
38.9044,25.704,5.25031,69,64,65,1100,2800,0.482838,24,8.50178,0,0,50887032625
38.9561,25.6699,5.25031,69,64,65,1100,2800,0.482838,24,8.50178,0,0,50912702776
40.8199,24.4979,5.25031,69,64,65,1100,2800,0.482838,24,8.50178,0,0,50937200869
36.0971,27.7031,5.25031,69,64,65,1100,2800,0.482838,24,8.50178,0,0,50964904584
42.0923,23.7573,5.25031,69,64,65,1100,2800,0.482838,24,8.50178,0,0,50988661456
37.4755,26.6841,5.25031,69,64,65,1100,2800,0.482838,24,8.50178,0,0,51015345890
34.9,28.6533,5.25031,69,64,65,1100,2800,0.482838,24,8.50178,0,0,51044002112
24.479,40.8513,5.46116,69,68,64,1190,2800,0.482838,16,8.49745,0,0,51084850985
35.9033,27.8526,5.46116,69,68,64,1190,2800,0.482838,16,8.49745,0,0,51112703339
35.4921,28.1753,5.46116,69,68,64,1190,2800,0.482838,16,8.49745,0,0,51140878940
39.5282,25.2984,5.46116,69,68,64,1190,2800,0.482838,16,8.49745,0,0,51166177705
42.6452,23.4493,5.46116,69,68,64,1190,2800,0.482838,16,8.49745,0,0,51189626769
38.5396,25.9474,5.46116,69,68,64,1190,2800,0.482838,16,8.49745,0,0,51215585221
42.2477,23.6699,5.46116,69,68,64,1190,2800,0.482838,16,8.49745,0,0,51239246114
42.0236,23.7961,5.46116,69,68,64,1190,2800,0.482838,16,8.49745,0,0,51263042871
38.8767,25.7223,5.46116,69,68,64,1190,2800,0.482838,16,8.49745,0,0,51288765360
39.6734,25.2058,5.46116,69,68,64,1190,2800,0.482838,16,8.49745,0,0,51313970378
36.5145,27.3864,5.46116,69,68,64,1190,2800,0.482838,16,8.49745,0,0,51341358753
36.1538,27.6596,5.46116,69,68,64,1190,2800,0.482838,16,8.49745,0,0,51369017534
38.6383,25.8811,5.46116,69,68,64,1190,2800,0.482838,16,8.49745,0,0,51394898911
44.5302,22.4567,5.46116,69,68,64,1190,2800,0.482838,16,8.49745,0,0,51417355003
36.3918,27.4787,5.46116,69,68,64,1190,2800,0.482838,16,8.49745,0,0,51444834208
39.1674,25.5314,5.46116,69,68,64,1190,2800,0.482838,16,8.49745,0,0,51470368113
39.8077,25.1208,5.46116,69,68,64,1190,2800,0.482838,16,8.49745,0,0,51495487481
39.0761,25.5911,5.46116,69,68,64,1190,2800,0.482838,16,8.49745,0,0,51521078875
38.761,25.7991,5.46116,69,68,64,1190,2800,0.482838,16,8.49745,0,0,51546884259
38.3828,26.0533,4.7619,69,67,65,1331,2800,0.482838,21,8.49722,0,0,51572931267
39.7801,25.1382,4.7619,69,67,65,1331,2800,0.482838,21,8.49722,0,0,51598069711
39.6018,25.2514,4.7619,69,67,65,1331,2800,0.482838,21,8.49722,0,0,51623321748
38.8611,25.7327,4.7619,69,67,65,1331,2800,0.482838,21,8.49722,0,0,51649054406
36.4372,27.4444,4.7619,69,67,65,1331,2800,0.482838,21,8.49722,0,0,51676498936
37.9762,26.3323,4.7619,69,67,65,1331,2800,0.482838,21,8.49722,0,0,51702831259
38.5371,25.949,4.7619,69,67,65,1331,2800,0.482838,21,8.49722,0,0,51728781004
41.9083,23.8616,4.7619,69,67,65,1331,2800,0.482838,21,8.49722,0,0,51752644216
39.1956,25.513,4.7619,69,67,65,1331,2800,0.482838,21,8.49722,0,0,51778155730
37.1638,26.9079,4.7619,69,67,65,1331,2800,0.482838,21,8.49722,0,0,51805065776
38.4786,25.9885,4.7619,69,67,65,1331,2800,0.482838,21,8.49722,0,0,51831052762
42.8307,23.3477,4.7619,69,67,65,1331,2800,0.482838,21,8.49722,0,0,51854401268
36.6819,27.2614,4.7619,69,67,65,1331,2800,0.482838,21,8.49722,0,0,51881663205
33.2084,30.1129,4.7619,69,67,65,1331,2800,0.482838,21,8.49722,0,0,51911778203
41.6314,24.0203,4.7619,69,67,65,1331,2800,0.482838,21,8.49722,0,0,51935795855
38.0214,26.301,4.7619,69,67,65,1331,2800,0.482838,21,8.49722,0,0,51962099364
30.3374,32.9627,4.7619,69,67,65,1331,2800,0.482838,21,8.49722,0,0,51995060621
38.3499,26.0757,4.7619,69,67,65,1331,2800,0.482838,21,8.49722,0,0,52021136914
41.5219,24.0837,4.7619,69,67,65,1331,2800,0.482838,21,8.49722,0,0,52045221982
43.4043,23.0392,4.7619,69,67,65,1331,2800,0.482838,21,8.49722,0,0,52068266198
37.0133,27.0173,4.48485,69,65,65,1184,2800,0.482838,27,8.49551,0,0,52095279067
29.1301,34.3287,4.48485,69,65,65,1184,2800,0.482838,27,8.49551,0,0,52129606517
40.1299,24.9191,4.48485,69,65,65,1184,2800,0.482838,27,8.49551,0,0,52154525419
40.5345,24.6703,4.48485,69,65,65,1184,2800,0.482838,27,8.49551,0,0,52179196687
42.0818,23.7633,4.48485,69,65,65,1184,2800,0.482838,27,8.49551,0,0,52202959380
39.7109,25.182,4.48485,69,65,65,1184,2800,0.482838,27,8.49551,0,0,52228142928
37.5937,26.6002,4.48485,69,65,65,1184,2800,0.482838,27,8.49551,0,0,52254743034
39.0833,25.5864,4.48485,69,65,65,1184,2800,0.482838,27,8.49551,0,0,52280330760
37.7149,26.5147,4.48485,69,65,65,1184,2800,0.482838,27,8.49551,0,0,52306843852
43.2713,23.11,4.48485,69,65,65,1184,2800,0.482838,27,8.49551,0,0,52329954032
39.5871,25.2608,4.48485,69,65,65,1184,2800,0.482838,27,8.49551,0,0,52355215506
36.7361,27.2212,4.48485,69,65,65,1184,2800,0.482838,27,8.49551,0,0,52382438209
43.2531,23.1197,4.48485,69,65,65,1184,2800,0.482838,27,8.49551,0,0,52405556464
36.4495,27.4352,4.48485,69,65,65,1184,2800,0.482838,27,8.49551,0,0,52432993730
41.0229,24.3766,4.48485,69,65,65,1184,2800,0.482838,27,8.49551,0,0,52457369853
36.8481,27.1385,4.48485,69,65,65,1184,2800,0.482838,27,8.49551,0,0,52484508539
39.9737,25.0164,4.48485,69,65,65,1184,2800,0.482838,27,8.49551,0,0,52509524964
39.2126,25.502,4.48485,69,65,65,1184,2800,0.482838,27,8.49551,0,0,52535027982
36.3791,27.4883,4.48485,69,65,65,1184,2800,0.482838,27,8.49551,0,0,52562516023
43.9367,22.76,4.48485,69,65,65,1184,2800,0.482838,27,8.49551,0,0,52585280042
37.098,26.9556,4.64548,69,67,64,1239,2800,0.482838,20,8.49497,0,0,52612231297
39.878,25.0765,4.64548,69,67,64,1239,2800,0.482838,20,8.49497,0,0,52637308756
36.5959,27.3254,4.64548,69,67,64,1239,2800,0.482838,20,8.49497,0,0,52664634332
42.563,23.4946,4.64548,69,67,64,1239,2800,0.482838,20,8.49497,0,0,52688130656
36.6545,27.2818,4.64548,69,67,64,1239,2800,0.482838,20,8.49497,0,0,52715413121
41.082,24.3416,4.64548,69,67,64,1239,2800,0.482838,20,8.49497,0,0,52739753738
38.028,26.2964,4.64548,69,67,64,1239,2800,0.482838,20,8.49497,0,0,52766050024
33.3694,29.9676,4.64548,69,67,64,1239,2800,0.482838,20,8.49497,0,0,52796018508
43.8082,22.8268,4.64548,69,67,64,1239,2800,0.482838,20,8.49497,0,0,52818844854
40.522,24.6779,4.64548,69,67,64,1239,2800,0.482838,20,8.49497,0,0,52843523756
36.8139,27.1636,4.64548,69,67,64,1239,2800,0.482838,20,8.49497,0,0,52870687208
39.9838,25.0101,4.64548,69,67,64,1239,2800,0.482838,20,8.49497,0,0,52895697882
39.8972,25.0644,4.64548,69,67,64,1239,2800,0.482838,20,8.49497,0,0,52920762157
36.2892,27.5564,4.64548,69,67,64,1239,2800,0.482838,20,8.49497,0,0,52948318767
41.6781,23.9934,4.64548,69,67,64,1239,2800,0.482838,20,8.49497,0,0,52972312243
36.9241,27.0826,4.64548,69,67,64,1239,2800,0.482838,20,8.49497,0,0,52999396386
42.26,23.663,4.64548,69,67,64,1239,2800,0.482838,20,8.49497,0,0,53023057969
37.0353,27.0013,4.64548,69,67,64,1239,2800,0.482838,20,8.49497,0,0,53050059758
39.583,25.2634,4.64548,69,67,64,1239,2800,0.482838,20,8.49497,0,0,53075323467
33.0607,30.2474,4.64548,69,67,64,1239,2800,0.482838,20,8.49497,0,0,53105577597
33.2958,30.0338,4.37424,69,70,63,1220,2800,0.484417,15,8.48885,0,0,53135605993
38.0405,26.2877,4.37424,69,70,63,1220,2800,0.484417,15,8.48885,0,0,53161895075
43.0958,23.2041,4.37424,69,70,63,1220,2800,0.484417,15,8.48885,0,0,53185097647
39.778,25.1395,4.37424,69,70,63,1220,2800,0.484417,15,8.48885,0,0,53210238646
43.7065,22.8799,4.37424,69,70,63,1220,2800,0.484417,15,8.48885,0,0,53233117842
39.9631,25.0231,4.37424,69,70,63,1220,2800,0.484417,15,8.48885,0,0,53258142101
40.0066,24.9959,4.37424,69,70,63,1220,2800,0.484417,15,8.48885,0,0,53283136785
37.3239,26.7925,4.37424,69,70,63,1220,2800,0.484417,15,8.48885,0,0,53309931005
33.763,29.6182,4.37424,69,70,63,1220,2800,0.484417,15,8.48885,0,0,53339548661
39.9659,25.0213,4.37424,69,70,63,1220,2800,0.484417,15,8.48885,0,0,53364569724
42.807,23.3606,4.37424,69,70,63,1220,2800,0.484417,15,8.48885,0,0,53387930503
38.5908,25.9129,4.37424,69,70,63,1220,2800,0.484417,15,8.48885,0,0,53413843290
36.7153,27.2366,4.37424,69,70,63,1220,2800,0.484417,15,8.48885,0,0,53441083566
35.3697,28.2728,4.37424,69,70,63,1220,2800,0.484417,15,8.48885,0,0,53469354515
40.9409,24.4255,4.37424,69,70,63,1220,2800,0.484417,15,8.48885,0,0,53493782206
42.6585,23.442,4.37424,69,70,63,1220,2800,0.484417,15,8.48885,0,0,53517221613
38.8301,25.7532,4.37424,69,70,63,1220,2800,0.484417,15,8.48885,0,0,53542976292
40.2957,24.8165,4.37424,69,70,63,1220,2800,0.484417,15,8.48885,0,0,53567792502
35.8256,27.913,4.37424,69,70,63,1220,2800,0.484417,15,8.48885,0,0,53595707343
41.9894,23.8156,4.37424,69,70,63,1220,2800,0.484417,15,8.48885,0,0,53619526041
40.5832,24.6407,4.6798,69,63,65,1557,2800,0.484417,24,8.4863,0,0,53644162153
38.515,25.9639,4.6798,69,63,65,1557,2800,0.484417,24,8.4863,0,0,53670127187
37.6312,26.5737,4.6798,69,63,65,1557,2800,0.484417,24,8.4863,0,0,53696701184
37.2884,26.818,4.6798,69,63,65,1557,2800,0.484417,24,8.4863,0,0,53723520220
37.5403,26.638,4.6798,69,63,65,1557,2800,0.484417,24,8.4863,0,0,53750156503
41.6581,24.0049,4.6798,69,63,65,1557,2800,0.484417,24,8.4863,0,0,53774163835
39.2786,25.4592,4.6798,69,63,65,1557,2800,0.484417,24,8.4863,0,0,53799622449
34.2232,29.22,4.6798,69,63,65,1557,2800,0.484417,24,8.4863,0,0,53828843942
40.5574,24.6564,4.6798,69,63,65,1557,2800,0.484417,24,8.4863,0,0,53853499279
36.2392,27.5944,4.6798,69,63,65,1557,2800,0.484417,24,8.4863,0,0,53881095413
38.2223,26.1628,4.6798,69,63,65,1557,2800,0.484417,24,8.4863,0,0,53907257677
39.4637,25.3397,4.6798,69,63,65,1557,2800,0.484417,24,8.4863,0,0,53932597769
45.444,22.0051,4.6798,69,63,65,1557,2800,0.484417,24,8.4863,0,0,53954601663
39.2582,25.4724,4.6798,69,63,65,1557,2800,0.484417,24,8.4863,0,0,53980077009
39.9734,25.0166,4.6798,69,63,65,1557,2800,0.484417,24,8.4863,0,0,54005093634
35.0901,28.4981,4.6798,69,63,65,1557,2800,0.484417,24,8.4863,0,0,54033594696
47.7749,20.9315,4.6798,69,63,65,1557,2800,0.484417,24,8.4863,0,0,54054522491
22.9595,43.555,4.6798,69,63,65,1557,2800,0.484417,24,8.4863,0,0,54098078812
39.1501,25.5428,4.6798,69,63,65,1557,2800,0.484417,24,8.4863,0,0,54123631754
42.2001,23.6966,4.89335,70,69,65,1314,2800,0.484417,20,8.4868,0,0,54147319085
39.1994,25.5106,4.89335,70,69,65,1314,2800,0.484417,20,8.4868,0,0,54172831220
40.8713,24.467,4.89335,70,69,65,1314,2800,0.484417,20,8.4868,0,0,54197297363
42.9377,23.2896,4.89335,70,69,65,1314,2800,0.484417,20,8.4868,0,0,54220587149
37.1214,26.9386,4.89335,70,69,65,1314,2800,0.484417,20,8.4868,0,0,54247527472
40.0935,24.9417,4.89335,70,69,65,1314,2800,0.484417,20,8.4868,0,0,54272468907
34.8228,28.7168,4.89335,70,69,65,1314,2800,0.484417,20,8.4868,0,0,54301186534
41.9564,23.8343,4.89335,70,69,65,1314,2800,0.484417,20,8.4868,0,0,54325021463
32.0659,31.1858,4.89335,70,69,65,1314,2800,0.484417,20,8.4868,0,0,54356207530
37.9213,26.3704,4.89335,70,69,65,1314,2800,0.484417,20,8.4868,0,0,54382578035
37.6535,26.558,4.89335,70,69,65,1314,2800,0.484417,20,8.4868,0,0,54409135090
40.3924,24.7571,4.89335,70,69,65,1314,2800,0.484417,20,8.4868,0,0,54433894002
44.4718,22.4862,4.89335,70,69,65,1314,2800,0.484417,20,8.4868,0,0,54456379609
41.5838,24.0478,4.89335,70,69,65,1314,2800,0.484417,20,8.4868,0,0,54480427918
40.6353,24.6091,4.89335,70,69,65,1314,2800,0.484417,20,8.4868,0,0,54505038392
36.7384,27.2195,4.89335,70,69,65,1314,2800,0.484417,20,8.4868,0,0,54532258390
43.8742,22.7924,4.89335,70,69,65,1314,2800,0.484417,20,8.4868,0,0,54555050232
37.411,26.7301,4.89335,70,69,65,1314,2800,0.484417,20,8.4868,0,0,54581780832
39.9431,25.0356,4.89335,70,69,65,1314,2800,0.484417,20,8.4868,0,0,54606815762
35.349,28.2893,4.89335,70,69,65,1314,2800,0.484417,20,8.4868,0,0,54635112109
43.0865,23.2091,4.21836,69,64,64,1698,2800,0.484417,15,8.48555,0,0,54658315954
37.4159,26.7266,4.21836,69,64,64,1698,2800,0.484417,15,8.48555,0,0,54685042787
36.393,27.4778,4.21836,69,64,64,1698,2800,0.484417,15,8.48555,0,0,54712522813
40.3715,24.7699,4.21836,69,64,64,1698,2800,0.484417,15,8.48555,0,0,54737293066
38.8126,25.7649,4.21836,69,64,64,1698,2800,0.484417,15,8.48555,0,0,54763056823
40.0489,24.9695,4.21836,69,64,64,1698,2800,0.484417,15,8.48555,0,0,54788027652
27.5136,36.3456,4.21836,69,64,64,1698,2800,0.484417,15,8.48555,0,0,54824372556
43.3398,23.0735,4.21836,69,64,64,1698,2800,0.484417,15,8.48555,0,0,54847445886
42.3032,23.6389,4.21836,69,64,64,1698,2800,0.484417,15,8.48555,0,0,54871085419
39.0746,25.592,4.21836,69,64,64,1698,2800,0.484417,15,8.48555,0,0,54896678645
40.5909,24.6361,4.21836,69,64,64,1698,2800,0.484417,15,8.48555,0,0,54921314797
36.613,27.3127,4.21836,69,64,64,1698,2800,0.484417,15,8.48555,0,0,54948627309
41.7946,23.9265,4.21836,69,64,64,1698,2800,0.484417,15,8.48555,0,0,54972553979
37.436,26.7123,4.21836,69,64,64,1698,2800,0.484417,15,8.48555,0,0,54999266636
39.572,25.2704,4.21836,69,64,64,1698,2800,0.484417,15,8.48555,0,0,55024536466
37.7045,26.522,4.21836,69,64,64,1698,2800,0.484417,15,8.48555,0,0,55051059407
37.6396,26.5678,4.21836,69,64,64,1698,2800,0.484417,15,8.48555,0,0,55077627853
37.814,26.4452,4.21836,69,64,64,1698,2800,0.484417,15,8.48555,0,0,55104074340
37.6286,26.5755,4.21836,69,64,64,1698,2800,0.484417,15,8.48555,0,0,55130649068
40.5338,24.6707,4.21836,69,64,64,1698,2800,0.484417,15,8.48555,0,0,55155325605
39.8599,25.0878,4.9697,69,67,65,1633,2800,0.484417,28,8.48481,0,0,55180407944
37.2468,26.8479,4.9697,69,67,65,1633,2800,0.484417,28,8.48481,0,0,55207257758
39.2299,25.4907,4.9697,69,67,65,1633,2800,0.484417,28,8.48481,0,0,55232748021
39.0549,25.605,4.9697,69,67,65,1633,2800,0.484417,28,8.48481,0,0,55258353842
36.425,27.4536,4.9697,69,67,65,1633,2800,0.484417,28,8.48481,0,0,55285808771
40.8358,24.4883,4.9697,69,67,65,1633,2800,0.484417,28,8.48481,0,0,55310295893
38.5856,25.9164,4.9697,69,67,65,1633,2800,0.484417,28,8.48481,0,0,55336213308
35.4768,28.1874,4.9697,69,67,65,1633,2800,0.484417,28,8.48481,0,0,55364400460
43.5567,22.9586,4.9697,69,67,65,1633,2800,0.484417,28,8.48481,0,0,55387359516
38.0505,26.2809,4.9697,69,67,65,1633,2800,0.484417,28,8.48481,0,0,55413641104
37.8203,26.4408,4.9697,69,67,65,1633,2800,0.484417,28,8.48481,0,0,55440081439
37.2823,26.8224,4.9697,69,67,65,1633,2800,0.484417,28,8.48481,0,0,55466904914
39.1937,25.5143,4.9697,69,67,65,1633,2800,0.484417,28,8.48481,0,0,55492420715
37.2338,26.8573,4.9697,69,67,65,1633,2800,0.484417,28,8.48481,0,0,55519278204
38.9055,25.7033,4.9697,69,67,65,1633,2800,0.484417,28,8.48481,0,0,55544981828
36.8632,27.1273,4.9697,69,67,65,1633,2800,0.484417,28,8.48481,0,0,55572110144
37.8559,26.416,4.9697,69,67,65,1633,2800,0.484417,28,8.48481,0,0,55598525583
40.7472,24.5415,4.9697,69,67,65,1633,2800,0.484417,28,8.48481,0,0,55623068059
36.3376,27.5197,4.9697,69,67,65,1633,2800,0.484417,28,8.48481,0,0,55650588000
38.0584,26.2754,4.9697,69,67,65,1633,2800,0.484417,28,8.48481,0,0,55676870680
37.5935,26.6003,5.21212,70,66,72,2534,2800,0.484417,23,8.48504,0,0,55703463501
36.2863,27.5586,5.21212,70,66,72,2534,2800,0.484417,23,8.48504,0,0,55731023938
38.715,25.8298,5.21212,70,66,72,2534,2800,0.484417,23,8.48504,0,0,55756852767
35.8455,27.8975,5.21212,70,66,72,2534,2800,0.484417,23,8.48504,0,0,55784750927
32.7967,30.4908,5.21212,70,66,72,2534,2800,0.484417,23,8.48504,0,0,55815241410
37.5098,26.6597,5.21212,70,66,72,2534,2800,0.484417,23,8.48504,0,0,55841902600
36.82,27.1592,5.21212,70,66,72,2534,2800,0.484417,23,8.48504,0,0,55869062075
39.0716,25.594,5.21212,70,66,72,2534,2800,0.484417,23,8.48504,0,0,55894656704
36.626,27.303,5.21212,70,66,72,2534,2800,0.484417,23,8.48504,0,0,55921959889
38.1363,26.2217,5.21212,70,66,72,2534,2800,0.484417,23,8.48504,0,0,55948181374
37.8708,26.4056,5.21212,70,66,72,2534,2800,0.484417,23,8.48504,0,0,55974588157
36.6425,27.2907,5.21212,70,66,72,2534,2800,0.484417,23,8.48504,0,0,56001879399
38.8853,25.7167,5.21212,70,66,72,2534,2800,0.484417,23,8.48504,0,0,56027595937
35.4819,28.1834,5.21212,70,66,72,2534,2800,0.484417,23,8.48504,0,0,56055780925
36.9982,27.0283,5.21212,70,66,72,2534,2800,0.484417,23,8.48504,0,0,56082808763
38.6538,25.8706,5.21212,70,66,72,2534,2800,0.484417,23,8.48504,0,0,56108679540
36.1264,27.6806,5.21212,70,66,72,2534,2800,0.484417,23,8.48504,0,0,56136360703
39.0387,25.6156,5.21212,70,66,72,2534,2800,0.484417,23,8.48504,0,0,56161977124
35.9662,27.8039,5.21212,70,66,72,2534,2800,0.484417,23,8.48504,0,0,56189786227
38.2698,26.1303,5.4321,72,68,75,2558,2800,0.484417,35,8.48243,0,0,56215911542
38.9296,25.6874,5.4321,72,68,75,2558,2800,0.484417,35,8.48243,0,0,56241599987
36.3032,27.5458,5.4321,72,68,75,2558,2800,0.484417,35,8.48243,0,0,56269146167
41.973,23.8249,5.4321,72,68,75,2558,2800,0.484417,35,8.48243,0,0,56292970606
38.1789,26.1925,5.4321,72,68,75,2558,2800,0.484417,35,8.48243,0,0,56319164620
39.4163,25.3702,5.4321,72,68,75,2558,2800,0.484417,35,8.48243,0,0,56344534959
37.8087,26.4489,5.4321,72,68,75,2558,2800,0.484417,35,8.48243,0,0,56370984422
42.6184,23.464,5.4321,72,68,75,2558,2800,0.484417,35,8.48243,0,0,56394449096
39.3864,25.3894,5.4321,72,68,75,2558,2800,0.484417,35,8.48243,0,0,56419839232
39.8202,25.1129,5.4321,72,68,75,2558,2800,0.484417,35,8.48243,0,0,56444952087
38.0243,26.299,5.4321,72,68,75,2558,2800,0.484417,35,8.48243,0,0,56471250397
36.2006,27.6238,5.4321,72,68,75,2558,2800,0.484417,35,8.48243,0,0,56498874593
34.1507,29.282,5.4321,72,68,75,2558,2800,0.484417,35,8.48243,0,0,56528157781
42.1147,23.7447,5.4321,72,68,75,2558,2800,0.484417,35,8.48243,0,0,56551903222
41.703,23.9791,5.4321,72,68,75,2558,2800,0.484417,35,8.48243,0,0,56575883403
35.6672,28.037,5.4321,72,68,75,2558,2800,0.484417,35,8.48243,0,0,56603919963
40.4522,24.7206,5.4321,72,68,75,2558,2800,0.484417,35,8.48243,0,0,56628640202
37.3617,26.7654,5.4321,72,68,75,2558,2800,0.484417,35,8.48243,0,0,56655405959
38.2472,26.1457,5.4321,72,68,75,2558,2800,0.484417,35,8.48243,0,0,56681552223
33.6044,29.758,5.4321,72,68,75,2558,2800,0.484417,35,8.48243,0,0,56711317305
36.6415,27.2914,5.45455,74,68,74,2468,2800,0.484417,22,8.48465,0,0,56738601704
35.9206,27.8392,5.45455,74,68,74,2468,2800,0.484417,22,8.48465,0,0,56766442236
39.4716,25.3347,5.45455,74,68,74,2468,2800,0.484417,22,8.48465,0,0,56791778160
33.0719,30.2372,5.45455,74,68,74,2468,2800,0.484417,22,8.48465,0,0,56822013124
35.9811,27.7923,5.45455,74,68,74,2468,2800,0.484417,22,8.48465,0,0,56849805987
29.3412,34.0817,5.45455,74,68,74,2468,2800,0.484417,22,8.48465,0,0,56883890692
34.9837,28.5848,5.45455,74,68,74,2468,2800,0.484417,22,8.48465,0,0,56912475460
35.0012,28.5704,5.45455,74,68,74,2468,2800,0.484417,22,8.48465,0,0,56941045460
37.7597,26.4833,5.45455,74,68,74,2468,2800,0.484417,22,8.48465,0,0,56967527454
37.4907,26.6733,5.45455,74,68,74,2468,2800,0.484417,22,8.48465,0,0,56994200857
34.6421,28.8666,5.45455,74,68,74,2468,2800,0.484417,22,8.48465,0,0,57023067634
35.1288,28.4666,5.45455,74,68,74,2468,2800,0.484417,22,8.48465,0,0,57051537447
32.2644,30.9939,5.45455,74,68,74,2468,2800,0.484417,22,8.48465,0,0,57082528749
36.509,27.3905,5.45455,74,68,74,2468,2800,0.484417,22,8.48465,0,0,57109920910
36.8593,27.1302,5.45455,74,68,74,2468,2800,0.484417,22,8.48465,0,0,57137050619
38.9524,25.6724,5.45455,74,68,74,2468,2800,0.484417,22,8.48465,0,0,57162722894
33.4584,29.8878,5.45455,74,68,74,2468,2800,0.484417,22,8.48465,0,0,57192612530
35.3502,28.2884,5.45455,74,68,74,2468,2800,0.484417,22,8.48465,0,0,57220904269
36.8643,27.1265,6.3197,74,69,75,2437,2800,0.484417,35,8.4799,0,0,57248028668
35.6429,28.0561,6.3197,74,69,75,2437,2800,0.484417,35,8.4799,0,0,57276082901
36.5294,27.3752,6.3197,74,69,75,2437,2800,0.484417,35,8.4799,0,0,57303460655
35.0475,28.5327,6.3197,74,69,75,2437,2800,0.484417,35,8.4799,0,0,57331994287
36.9568,27.0586,6.3197,74,69,75,2437,2800,0.484417,35,8.4799,0,0,57359050698
35.1992,28.4097,6.3197,74,69,75,2437,2800,0.484417,35,8.4799,0,0,57387462532
34.5805,28.9181,6.3197,74,69,75,2437,2800,0.484417,35,8.4799,0,0,57416380485
32.4174,30.8476,6.3197,74,69,75,2437,2800,0.484417,35,8.4799,0,0,57447227567
31.9053,31.3427,6.3197,74,69,75,2437,2800,0.484417,35,8.4799,0,0,57478570098
35.1159,28.4772,6.3197,74,69,75,2437,2800,0.484417,35,8.4799,0,0,57507048487
32.7853,30.5015,6.3197,74,69,75,2437,2800,0.484417,35,8.4799,0,0,57537550231
34.6617,28.8503,6.3197,74,69,75,2437,2800,0.484417,35,8.4799,0,0,57566400177
35.2919,28.3351,6.3197,74,69,75,2437,2800,0.484417,35,8.4799,0,0,57594737421
34.573,28.9243,6.3197,74,69,75,2437,2800,0.484417,35,8.4799,0,0,57623663108
36.4646,27.4238,6.3197,74,69,75,2437,2800,0.484417,35,8.4799,0,0,57651087119
33.3634,29.973,6.3197,74,69,75,2437,2800,0.484417,35,8.4799,0,0,57681059430
35.3599,28.2806,6.3197,74,69,75,2437,2800,0.484417,35,8.4799,0,0,57709340138
34.4837,28.9992,6.3197,74,69,75,2437,2800,0.484417,35,8.4799,0,0,57738343602
35.3762,28.2676,6.38037,74,70,75,2466,2800,0.484417,38,8.47618,0,0,57766605875
37.1268,26.9348,6.38037,74,70,75,2466,2800,0.484417,38,8.47618,0,0,57793541179
35.3605,28.2802,6.38037,74,70,75,2466,2800,0.484417,38,8.47618,0,0,57821821466
34.26,29.1886,6.38037,74,70,75,2466,2800,0.484417,38,8.47618,0,0,57851010698
32.2034,31.0526,6.38037,74,70,75,2466,2800,0.484417,38,8.47618,0,0,57882063386
36.1681,27.6487,6.38037,74,70,75,2466,2800,0.484417,38,8.47618,0,0,57909712759
35.9061,27.8504,6.38037,74,70,75,2466,2800,0.484417,38,8.47618,0,0,57937565464
35.1288,28.4667,6.38037,74,70,75,2466,2800,0.484417,38,8.47618,0,0,57966029877
36.2138,27.6138,6.38037,74,70,75,2466,2800,0.484417,38,8.47618,0,0,57993643744
36.3703,27.495,6.38037,74,70,75,2466,2800,0.484417,38,8.47618,0,0,58021138908
36.5065,27.3924,6.38037,74,70,75,2466,2800,0.484417,38,8.47618,0,0,58048533344
35.0192,28.5558,6.38037,74,70,75,2466,2800,0.484417,38,8.47618,0,0,58077088787
38.554,25.9376,6.38037,74,70,75,2466,2800,0.484417,38,8.47618,0,0,58103025548
36.4977,27.399,6.38037,74,70,75,2466,2800,0.484417,38,8.47618,0,0,58130426856
34.5616,28.9339,6.38037,74,70,75,2466,2800,0.484417,38,8.47618,0,0,58159360880
35.9646,27.8051,6.38037,74,70,75,2466,2800,0.484417,38,8.47618,0,0,58187166426
32.9701,30.3305,6.38037,74,70,75,2466,2800,0.484417,38,8.47618,0,0,58217495657
35.2033,28.4064,6.38037,74,70,75,2466,2800,0.484417,38,8.47618,0,0,58245908693
35.6185,28.0753,6.93069,74,71,75,2399,2800,0.484417,39,8.47565,0,0,58273978655
37.3496,26.7741,6.93069,74,71,75,2399,2800,0.484417,39,8.47565,0,0,58300753549
38.7154,25.8295,6.93069,74,71,75,2399,2800,0.484417,39,8.47565,0,0,58326583359
35.4209,28.2319,6.93069,74,71,75,2399,2800,0.484417,39,8.47565,0,0,58354814093
33.1101,30.2022,6.93069,74,71,75,2399,2800,0.484417,39,8.47565,0,0,58385016626
36.1986,27.6254,6.93069,74,71,75,2399,2800,0.484417,39,8.47565,0,0,58412641884
34.8771,28.6721,6.93069,74,71,75,2399,2800,0.484417,39,8.47565,0,0,58441315910
35.9228,27.8374,6.93069,74,71,75,2399,2800,0.484417,39,8.47565,0,0,58469154078
38.5307,25.9533,6.93069,74,71,75,2399,2800,0.484417,39,8.47565,0,0,58495108212
36.9659,27.052,6.93069,74,71,75,2399,2800,0.484417,39,8.47565,0,0,58522158061
32.703,30.5782,6.93069,74,71,75,2399,2800,0.484417,39,8.47565,0,0,58552736438
36.9988,27.0279,6.93069,74,71,75,2399,2800,0.484417,39,8.47565,0,0,58579764547
36.4713,27.4188,6.93069,74,71,75,2399,2800,0.484417,39,8.47565,0,0,58607183999
36.5637,27.3495,6.93069,74,71,75,2399,2800,0.484417,39,8.47565,0,0,58634535494
38.5427,25.9452,6.93069,74,71,75,2399,2800,0.484417,39,8.47565,0,0,58660479368
36.493,27.4025,6.93069,74,71,75,2399,2800,0.484417,39,8.47565,0,0,58687884073
34.2652,29.1841,6.93069,74,71,75,2399,2800,0.484417,39,8.47565,0,0,58717066052
35.7273,27.9898,6.93069,74,71,75,2399,2800,0.484417,39,8.47565,0,0,58745056245
35.8404,27.9015,6.93069,74,71,75,2399,2800,0.484417,39,8.47565,0,0,58772961959
34.8152,28.7231,7.03218,75,71,75,2400,2800,0.484417,33,8.47441,0,0,58801682241
35.6183,28.0755,7.03218,75,71,75,2400,2800,0.484417,33,8.47441,0,0,58829756452
36.6369,27.2949,7.03218,75,71,75,2400,2800,0.484417,33,8.47441,0,0,58857051521
35.722,27.994,7.03218,75,71,75,2400,2800,0.484417,33,8.47441,0,0,58885045180
35.4553,28.2045,7.03218,75,71,75,2400,2800,0.484417,33,8.47441,0,0,58913250858
35.1147,28.4781,7.03218,75,71,75,2400,2800,0.484417,33,8.47441,0,0,58941730989
36.6942,27.2523,7.03218,75,71,75,2400,2800,0.484417,33,8.47441,0,0,58968984270
37.319,26.796,7.03218,75,71,75,2400,2800,0.484417,33,8.47441,0,0,58995780544
36.7481,27.2123,7.03218,75,71,75,2400,2800,0.484417,33,8.47441,0,0,59022990643
27.3086,36.6185,7.03218,75,71,75,2400,2800,0.484417,33,8.47441,0,0,59059611084
34.7807,28.7516,7.03218,75,71,75,2400,2800,0.484417,33,8.47441,0,0,59088362485
37.7272,26.506,7.03218,75,71,75,2400,2800,0.484417,33,8.47441,0,0,59114867492
34.6125,28.8913,7.03218,75,71,75,2400,2800,0.484417,33,8.47441,0,0,59143759867
37.0488,26.9914,7.03218,75,71,75,2400,2800,0.484417,33,8.47441,0,0,59170752820
38.3809,26.0547,7.03218,75,71,75,2400,2800,0.484417,33,8.47441,0,0,59196806560
32.3648,30.8978,7.03218,75,71,75,2400,2800,0.484417,33,8.47441,0,0,59227703937
32.7226,30.5599,7.03218,75,71,75,2400,2800,0.484417,33,8.47441,0,0,59258265683
35.8224,27.9155,7.03218,75,71,75,2400,2800,0.484417,33,8.47441,0,0,59286185805
35.9547,27.8128,6.74847,75,70,75,2390,2800,0.484417,38,8.47138,0,0,59313993215
33.4704,29.8772,6.74847,75,70,75,2390,2800,0.484417,38,8.47138,0,0,59343871870
34.9244,28.6332,6.74847,75,70,75,2390,2800,0.484417,38,8.47138,0,0,59372504608
35.6762,28.0299,6.74847,75,70,75,2390,2800,0.484417,38,8.47138,0,0,59400533444
37.1454,26.9213,6.74847,75,70,75,2390,2800,0.484417,38,8.47138,0,0,59427456515
35.6009,28.0892,6.74847,75,70,75,2390,2800,0.484417,38,8.47138,0,0,59455546395
32.4496,30.817,6.74847,75,70,75,2390,2800,0.484417,38,8.47138,0,0,59486364542
36.0883,27.7098,6.74847,75,70,75,2390,2800,0.484417,38,8.47138,0,0,59514073307
34.9798,28.5879,6.74847,75,70,75,2390,2800,0.484417,38,8.47138,0,0,59542662684
36.925,27.0819,6.74847,75,70,75,2390,2800,0.484417,38,8.47138,0,0,59569744533
37.1609,26.91,6.74847,75,70,75,2390,2800,0.484417,38,8.47138,0,0,59596654810
32.7201,30.5623,6.74847,75,70,75,2390,2800,0.484417,38,8.47138,0,0,59627215535
34.2962,29.1577,6.74847,75,70,75,2390,2800,0.484417,38,8.47138,0,0,59656375542
30.8677,32.3963,6.74847,75,70,75,2390,2800,0.484417,38,8.47138,0,0,59688771570
37.3116,26.8013,6.74847,75,70,75,2390,2800,0.484417,38,8.47138,0,0,59715572131
35.9282,27.8333,6.74847,75,70,75,2390,2800,0.484417,38,8.47138,0,0,59743405580
37.3197,26.7955,6.74847,75,70,75,2390,2800,0.484417,38,8.47138,0,0,59770201032
37.3196,26.7956,6.74847,75,70,75,2390,2800,0.484417,38,8.47138,0,0,59797002425
36.0848,27.7125,6.43564,74,72,73,2357,2800,0.484417,29,8.46997,0,0,59824709407
37.5691,26.6176,6.43564,74,72,73,2357,2800,0.484417,29,8.46997,0,0,59851327205
34.4487,29.0287,6.43564,74,72,73,2357,2800,0.484417,29,8.46997,0,0,59880356397
34.4257,29.0481,6.43564,74,72,73,2357,2800,0.484417,29,8.46997,0,0,59909404665
34.1817,29.2554,6.43564,74,72,73,2357,2800,0.484417,29,8.46997,0,0,59938661113
30.7144,32.5581,6.43564,74,72,73,2357,2800,0.484417,29,8.46997,0,0,59971219645
32.7994,30.4883,6.43564,74,72,73,2357,2800,0.484417,29,8.46997,0,0,60001709386
37.1599,26.9108,6.43564,74,72,73,2357,2800,0.484417,29,8.46997,0,0,60028618041
35.7823,27.9468,6.43564,74,72,73,2357,2800,0.484417,29,8.46997,0,0,60056567437
36.112,27.6916,6.43564,74,72,73,2357,2800,0.484417,29,8.46997,0,0,60084259290
36.6485,27.2863,6.43564,74,72,73,2357,2800,0.484417,29,8.46997,0,0,60111544230
36.7822,27.187,6.43564,74,72,73,2357,2800,0.484417,29,8.46997,0,0,60138730766
35.7922,27.939,6.43564,74,72,73,2357,2800,0.484417,29,8.46997,0,0,60166672478
38.2768,26.1255,6.43564,74,72,73,2357,2800,0.484417,29,8.46997,0,0,60192795769
35.1603,28.4412,6.43564,74,72,73,2357,2800,0.484417,29,8.46997,0,0,60221238671
34.9757,28.5913,6.43564,74,72,73,2357,2800,0.484417,29,8.46997,0,0,60249830903
36.5096,27.3901,6.43564,74,72,73,2357,2800,0.484417,29,8.46997,0,0,60277219948
37.3581,26.768,6.43564,74,72,73,2357,2800,0.484417,29,8.46997,0,0,60303989973
31.9227,31.3257,6.47572,72,70,75,2371,2800,0.484417,33,8.47106,0,0,60335315582
37.3854,26.7484,6.47572,72,70,75,2371,2800,0.484417,33,8.47106,0,0,60362062393
35.4783,28.1862,6.47572,72,70,75,2371,2800,0.484417,33,8.47106,0,0,60390248633
38.7357,25.816,6.47572,72,70,75,2371,2800,0.484417,33,8.47106,0,0,60416066491
34.8054,28.7312,6.47572,72,70,75,2371,2800,0.484417,33,8.47106,0,0,60444797113
36.7409,27.2176,6.47572,72,70,75,2371,2800,0.484417,33,8.47106,0,0,60472014787
36.244,27.5908,6.47572,72,70,75,2371,2800,0.484417,33,8.47106,0,0,60499605892
33.9866,29.4234,6.47572,72,70,75,2371,2800,0.484417,33,8.47106,0,0,60529030144
34.4316,29.0431,6.47572,72,70,75,2371,2800,0.484417,33,8.47106,0,0,60558074645
37.7079,26.5196,6.47572,72,70,75,2371,2800,0.484417,33,8.47106,0,0,60584593107
34.426,29.0478,6.47572,72,70,75,2371,2800,0.484417,33,8.47106,0,0,60613642617
29.9354,33.4052,6.47572,72,70,75,2371,2800,0.484417,33,8.47106,0,0,60647046094
27.431,36.455,6.47572,72,70,75,2371,2800,0.484417,33,8.47106,0,0,60683501756
32.5247,30.7459,6.47572,72,70,75,2371,2800,0.484417,33,8.47106,0,0,60714247538
35.4013,28.2476,6.47572,72,70,75,2371,2800,0.484417,33,8.47106,0,0,60742495124
34.6335,28.8738,6.47572,72,70,75,2371,2800,0.484417,33,8.47106,0,0,60771369084
33.8222,29.5663,6.47572,72,70,75,2371,2800,0.484417,33,8.47106,0,0,60800936536
36.0593,27.7321,6.47572,72,70,75,2371,2800,0.484417,33,8.47106,0,0,60828672853
33.8095,29.5775,6.62651,72,70,72,2243,2800,0.484417,29,8.46865,0,0,60858247628
34.9708,28.5953,6.62651,72,70,72,2243,2800,0.484417,29,8.46865,0,0,60886842074
32.6968,30.5841,6.62651,72,70,72,2243,2800,0.484417,29,8.46865,0,0,60917425562
31.6377,31.6079,6.62651,72,70,72,2243,2800,0.484417,29,8.46865,0,0,60949035364
31.7453,31.5007,6.62651,72,70,72,2243,2800,0.484417,29,8.46865,0,0,60980534529
34.6875,28.8288,6.62651,72,70,72,2243,2800,0.484417,29,8.46865,0,0,61009365208
35.0184,28.5564,6.62651,72,70,72,2243,2800,0.484417,29,8.46865,0,0,61037920782
32.633,30.6438,6.62651,72,70,72,2243,2800,0.484417,29,8.46865,0,0,61068566195
32.5185,30.7518,6.62651,72,70,72,2243,2800,0.484417,29,8.46865,0,0,61099318169
33.5926,29.7685,6.62651,72,70,72,2243,2800,0.484417,29,8.46865,0,0,61129085676
32.6564,30.6219,6.62651,72,70,72,2243,2800,0.484417,29,8.46865,0,0,61159708437
35.0842,28.5028,6.62651,72,70,72,2243,2800,0.484417,29,8.46865,0,0,61188211491
32.8228,30.4666,6.62651,72,70,72,2243,2800,0.484417,29,8.46865,0,0,61218677899
32.3195,30.9411,6.62651,72,70,72,2243,2800,0.484417,29,8.46865,0,0,61249620961
32.8956,30.3992,6.62651,72,70,72,2243,2800,0.484417,29,8.46865,0,0,61280020563
32.8397,30.4509,6.62651,72,70,72,2243,2800,0.484417,29,8.46865,0,0,61310469268
34.2717,29.1786,6.62651,72,70,72,2243,2800,0.484417,29,8.46865,0,0,61339651517
32.818,30.4711,6.5513,71,70,77,2405,2800,0.484417,32,8.46832,0,0,61370121822
32.2672,30.9913,6.5513,71,70,77,2405,2800,0.484417,32,8.46832,0,0,61401112172
31.4695,31.7768,6.5513,71,70,77,2405,2800,0.484417,32,8.46832,0,0,61432889419
32.0856,31.1666,6.5513,71,70,77,2405,2800,0.484417,32,8.46832,0,0,61464057713
29.653,33.7234,6.5513,71,70,77,2405,2800,0.484417,32,8.46832,0,0,61497779107
31.7019,31.5438,6.5513,71,70,77,2405,2800,0.484417,32,8.46832,0,0,61529323236
30.2023,33.11,6.5513,71,70,77,2405,2800,0.484417,32,8.46832,0,0,61562435807
30.1327,33.1865,6.5513,71,70,77,2405,2800,0.484417,32,8.46832,0,0,61595620924
28.9297,34.5666,6.5513,71,70,77,2405,2800,0.484417,32,8.46832,0,0,61630188545
29.3663,34.0527,6.5513,71,70,77,2405,2800,0.484417,32,8.46832,0,0,61664240939
30.6301,32.6476,6.5513,71,70,77,2405,2800,0.484417,32,8.46832,0,0,61696890532
27.3559,36.5552,6.5513,71,70,77,2405,2800,0.484417,32,8.46832,0,0,61733442946
30.1998,33.1128,6.5513,71,70,77,2405,2800,0.484417,32,8.46832,0,0,61766558342
29.9243,33.4176,6.5513,71,70,77,2405,2800,0.484417,32,8.46832,0,0,61799977048
28.4411,35.1604,6.5513,71,70,77,2405,2800,0.484417,32,8.46832,0,0,61835136679
30.5173,32.7683,6.5513,71,70,77,2405,2800,0.484417,32,8.46832,0,0,61867910224
30.9413,32.3193,5.74163,72,70,76,2391,2800,0.484417,33,8.46899,0,0,61900225630
30.2242,33.0861,5.74163,72,70,76,2391,2800,0.484417,33,8.46899,0,0,61933311942
30.4134,32.8802,5.74163,72,70,76,2391,2800,0.484417,33,8.46899,0,0,61966191216
30.1192,33.2014,5.74163,72,70,76,2391,2800,0.484417,33,8.46899,0,0,61999395630
32.3581,30.9042,5.74163,72,70,76,2391,2800,0.484417,33,8.46899,0,0,62030299638
33.3838,29.9547,5.74163,72,70,76,2391,2800,0.484417,33,8.46899,0,0,62060253745
33.8221,29.5665,5.74163,72,70,76,2391,2800,0.484417,33,8.46899,0,0,62089820074
32.594,30.6805,5.74163,72,70,76,2391,2800,0.484417,33,8.46899,0,0,62120502367
33.4889,29.8606,5.74163,72,70,76,2391,2800,0.484417,33,8.46899,0,0,62150362588
33.3525,29.9828,5.74163,72,70,76,2391,2800,0.484417,33,8.46899,0,0,62180346430
27.0159,37.0153,5.74163,72,70,76,2391,2800,0.484417,33,8.46899,0,0,62217362003
33.4498,29.8955,5.74163,72,70,76,2391,2800,0.484417,33,8.46899,0,0,62247259092
34.6669,28.846,5.74163,72,70,76,2391,2800,0.484417,33,8.46899,0,0,62276106253
36.5315,27.3736,5.74163,72,70,76,2391,2800,0.484417,33,8.46899,0,0,62303479559
35.1577,28.4433,5.74163,72,70,76,2391,2800,0.484417,33,8.46899,0,0,62331924114
35.8865,27.8656,5.74163,72,70,76,2391,2800,0.484417,33,8.46899,0,0,62359788581
35.5906,28.0973,5.74163,72,70,76,2391,2800,0.484417,33,8.46899,0,0,62387889732
35.5313,28.1442,5.10328,75,70,76,2572,2800,0.484417,34,8.46854,0,0,62416030257
35.3538,28.2855,5.10328,75,70,76,2572,2800,0.484417,34,8.46854,0,0,62444317317
36.2993,27.5487,5.10328,75,70,76,2572,2800,0.484417,34,8.46854,0,0,62471865490
29.6193,33.7618,5.10328,75,70,76,2572,2800,0.484417,34,8.46854,0,0,62505628512
35.2368,28.3794,5.10328,75,70,76,2572,2800,0.484417,34,8.46854,0,0,62534008075
38.8841,25.7175,5.10328,75,70,76,2572,2800,0.484417,34,8.46854,0,0,62559725645
33.1972,30.123,5.10328,75,70,76,2572,2800,0.484417,34,8.46854,0,0,62589849801
34.8594,28.6866,5.10328,75,70,76,2572,2800,0.484417,34,8.46854,0,0,62618535639
35.3731,28.27,5.10328,75,70,76,2572,2800,0.484417,34,8.46854,0,0,62646805025
32.6812,30.5987,5.10328,75,70,76,2572,2800,0.484417,34,8.46854,0,0,62677405645
30.701,32.5723,5.10328,75,70,76,2572,2800,0.484417,34,8.46854,0,0,62709977181
31.307,31.9417,5.10328,75,70,76,2572,2800,0.484417,34,8.46854,0,0,62741920249
33.8007,29.5852,5.10328,75,70,76,2572,2800,0.484417,34,8.46854,0,0,62771505925
33.7932,29.5918,5.10328,75,70,76,2572,2800,0.484417,34,8.46854,0,0,62801096449
34.6347,28.8728,5.10328,75,70,76,2572,2800,0.484417,34,8.46854,0,0,62829970600
34.595,28.9059,5.10328,75,70,76,2572,2800,0.484417,34,8.46854,0,0,62858878344
35.0942,28.4948,5.10328,75,70,76,2572,2800,0.484417,34,8.46854,0,0,62887372943
35.6272,28.0685,5.10328,75,70,76,2572,2800,0.484417,34,8.46854,0,0,62915447214
35.0761,28.5094,5.7554,76,70,75,2517,2800,0.484417,31,8.46899,0,0,62943951401
37.6206,26.5812,5.7554,76,70,75,2517,2800,0.484417,31,8.46899,0,0,62970531740
36.8625,27.1278,5.7554,76,70,75,2517,2800,0.484417,31,8.46899,0,0,62997660116
39.5084,25.3111,5.7554,76,70,75,2517,2800,0.484417,31,8.46899,0,0,63022971133
39.426,25.364,5.7554,76,70,75,2517,2800,0.484417,31,8.46899,0,0,63048336002
37.4456,26.7054,5.7554,76,70,75,2517,2800,0.484417,31,8.46899,0,0,63075041655
39.5633,25.276,5.7554,76,70,75,2517,2800,0.484417,31,8.46899,0,0,63100317617
40.3418,24.7882,5.7554,76,70,75,2517,2800,0.484417,31,8.46899,0,0,63125106455
40.9743,24.4056,5.7554,76,70,75,2517,2800,0.484417,31,8.46899,0,0,63149512134
38.3062,26.1054,5.7554,76,70,75,2517,2800,0.484417,31,8.46899,0,0,63175618553
40.4469,24.7238,5.7554,76,70,75,2517,2800,0.484417,31,8.46899,0,0,63200342359
40.1801,24.8879,5.7554,76,70,75,2517,2800,0.484417,31,8.46899,0,0,63225230965
39.0815,25.5875,5.7554,76,70,75,2517,2800,0.484417,31,8.46899,0,0,63250819793
39.1575,25.5379,5.7554,76,70,75,2517,2800,0.484417,31,8.46899,0,0,63276357987
38.6005,25.9064,5.7554,76,70,75,2517,2800,0.484417,31,8.46899,0,0,63302263760
37.8506,26.4196,5.7554,76,70,75,2517,2800,0.484417,31,8.46899,0,0,63328684258
40.0719,24.9552,5.7554,76,70,75,2517,2800,0.484417,31,8.46899,0,0,63353639799
39.6709,25.2074,5.7554,76,70,75,2517,2800,0.484417,31,8.46899,0,0,63378847533
36.7595,27.2038,5.7554,76,70,75,2517,2800,0.484417,31,8.46899,0,0,63406052112
40.7335,24.5498,5.7554,76,70,75,2517,2800,0.484417,31,8.46899,0,0,63430625516
38.183,26.1897,4.91401,78,70,73,2561,2800,0.484417,34,8.46846,0,0,63456791858
40.2844,24.8235,4.91401,78,70,73,2561,2800,0.484417,34,8.46846,0,0,63481615691
37.0666,26.9785,4.91401,78,70,73,2561,2800,0.484417,34,8.46846,0,0,63508595900
39.0206,25.6275,4.91401,78,70,73,2561,2800,0.484417,34,8.46846,0,0,63534223381
40.5844,24.64,4.91401,78,70,73,2561,2800,0.484417,34,8.46846,0,0,63558863319
38.3009,26.1091,4.91401,78,70,73,2561,2800,0.484417,34,8.46846,0,0,63584973376
28.8608,34.6491,4.91401,78,70,73,2561,2800,0.484417,34,8.46846,0,0,63619621457
39.9144,25.0536,4.91401,78,70,73,2561,2800,0.484417,34,8.46846,0,0,63644676074
44.9094,22.2671,4.91401,78,70,73,2561,2800,0.484417,34,8.46846,0,0,63666943231
41.123,24.3173,4.91401,78,70,73,2561,2800,0.484417,34,8.46846,0,0,63691261637
37.6819,26.538,4.91401,78,70,73,2561,2800,0.484417,34,8.46846,0,0,63717799616
39.3469,25.415,4.91401,78,70,73,2561,2800,0.484417,34,8.46846,0,0,63743215971
36.9289,27.0791,4.91401,78,70,73,2561,2800,0.484417,34,8.46846,0,0,63770296157
40.3102,24.8076,4.91401,78,70,73,2561,2800,0.484417,34,8.46846,0,0,63795105293
38.9841,25.6515,4.91401,78,70,73,2561,2800,0.484417,34,8.46846,0,0,63820755166
26.3757,37.9137,4.91401,78,70,73,2561,2800,0.484417,34,8.46846,0,0,63858669224
43.267,23.1123,4.91401,78,70,73,2561,2800,0.484417,34,8.46846,0,0,63881781647
41.8782,23.8788,4.91401,78,70,73,2561,2800,0.484417,34,8.46846,0,0,63905660929
39.8544,25.0913,4.91401,78,70,73,2561,2800,0.484417,34,8.46846,0,0,63930755541
39.8914,25.068,4.81013,77,70,66,1552,2800,0.484417,36,8.4686,0,0,63955821959
40.9933,24.3942,4.81013,77,70,66,1552,2800,0.484417,36,8.4686,0,0,63980215626
36.7313,27.2248,4.81013,77,70,66,1552,2800,0.484417,36,8.4686,0,0,64007440834
39.9923,25.0048,4.81013,77,70,66,1552,2800,0.484417,36,8.4686,0,0,64032444314
39.8099,25.1193,4.81013,77,70,66,1552,2800,0.484417,36,8.4686,0,0,64057564504
37.5521,26.6296,4.81013,77,70,66,1552,2800,0.484417,36,8.4686,0,0,64084194806
39.973,25.0169,4.81013,77,70,66,1552,2800,0.484417,36,8.4686,0,0,64109212794
37.5582,26.6253,4.81013,77,70,66,1552,2800,0.484417,36,8.4686,0,0,64135836143
37.4995,26.6671,4.81013,77,70,66,1552,2800,0.484417,36,8.4686,0,0,64162504446
41.7094,23.9754,4.81013,77,70,66,1552,2800,0.484417,36,8.4686,0,0,64186479077
38.6087,25.9009,4.81013,77,70,66,1552,2800,0.484417,36,8.4686,0,0,64212380832
38.5898,25.9136,4.81013,77,70,66,1552,2800,0.484417,36,8.4686,0,0,64238294550
35.9943,27.7822,4.81013,77,70,66,1552,2800,0.484417,36,8.4686,0,0,64266076994
43.3685,23.0582,4.81013,77,70,66,1552,2800,0.484417,36,8.4686,0,0,64289135556
37.7431,26.4949,4.81013,77,70,66,1552,2800,0.484417,36,8.4686,0,0,64315630424
39.085,25.5852,4.81013,77,70,66,1552,2800,0.484417,36,8.4686,0,0,64341215856
38.2009,26.1774,4.81013,77,70,66,1552,2800,0.484417,36,8.4686,0,0,64367393449
37.6766,26.5417,4.81013,77,70,66,1552,2800,0.484417,36,8.4686,0,0,64393937239
42.4098,23.5794,4.81013,77,70,66,1552,2800,0.484417,36,8.4686,0,0,64417515847
38.9672,25.6626,4.81013,77,70,66,1552,2800,0.484417,36,8.4686,0,0,64443181089
36.0443,27.7436,4.68557,73,68,65,1120,2800,0.484417,25,8.46774,0,0,64470922615
38.6345,25.8836,4.68557,73,68,65,1120,2800,0.484417,25,8.46774,0,0,64496806267
41.7716,23.9397,4.68557,73,68,65,1120,2800,0.484417,25,8.46774,0,0,64520746192
38.9468,25.6761,4.68557,73,68,65,1120,2800,0.484417,25,8.46774,0,0,64546422425
38.5459,25.9431,4.68557,73,68,65,1120,2800,0.484417,25,8.46774,0,0,64572366029
37.3378,26.7825,4.68557,73,68,65,1120,2800,0.484417,25,8.46774,0,0,64599148577
39.2133,25.5016,4.68557,73,68,65,1120,2800,0.484417,25,8.46774,0,0,64624650001
40.2806,24.8259,4.68557,73,68,65,1120,2800,0.484417,25,8.46774,0,0,64649477331
38.5726,25.9251,4.68557,73,68,65,1120,2800,0.484417,25,8.46774,0,0,64675401829
34.0589,29.3609,4.68557,73,68,65,1120,2800,0.484417,25,8.46774,0,0,64704762423
41.7009,23.9803,4.68557,73,68,65,1120,2800,0.484417,25,8.46774,0,0,64728743005
41.9896,23.8154,4.68557,73,68,65,1120,2800,0.484417,25,8.46774,0,0,64752558717
38.0404,26.2878,4.68557,73,68,65,1120,2800,0.484417,25,8.46774,0,0,64778846477
38.1167,26.2352,4.68557,73,68,65,1120,2800,0.484417,25,8.46774,0,0,64805082069
37.5144,26.6564,4.68557,73,68,65,1120,2800,0.484417,25,8.46774,0,0,64831738460
42.7769,23.3771,4.68557,73,68,65,1120,2800,0.484417,25,8.46774,0,0,64855115740
38.3636,26.0664,4.68557,73,68,65,1120,2800,0.484417,25,8.46774,0,0,64881182295
39.2648,25.4681,4.68557,73,68,65,1120,2800,0.484417,25,8.46774,0,0,64906650587
38.5891,25.9141,4.68557,73,68,65,1120,2800,0.484417,25,8.46774,0,0,64932565247
37.1148,26.9434,4.68557,73,68,65,1120,2800,0.484417,25,8.46774,0,0,64959514377
39.4911,25.3222,4.03423,71,66,63,913,2800,0.484417,20,8.47306,0,0,64984831536
40.6024,24.6291,4.03423,71,66,63,913,2800,0.484417,20,8.47306,0,0,65009460394
37.42,26.7237,4.03423,71,66,63,913,2800,0.484417,20,8.47306,0,0,65036184612
37.4888,26.6746,4.03423,71,66,63,913,2800,0.484417,20,8.47306,0,0,65062859057
41.2479,24.2437,4.03423,71,66,63,913,2800,0.484417,20,8.47306,0,0,65087103183
40.0282,24.9824,4.03423,71,66,63,913,2800,0.484417,20,8.47306,0,0,65112085915
37.592,26.6014,4.03423,71,66,63,913,2800,0.484417,20,8.47306,0,0,65138687062
39.0653,25.5981,4.03423,71,66,63,913,2800,0.484417,20,8.47306,0,0,65164285449
35.9342,27.8287,4.03423,71,66,63,913,2800,0.484417,20,8.47306,0,0,65192114159
44.3881,22.5285,4.03423,71,66,63,913,2800,0.484417,20,8.47306,0,0,65214642827
31.0674,32.1881,4.03423,71,66,63,913,2800,0.484417,20,8.47306,0,0,65246831666
39.7876,25.1335,4.03423,71,66,63,913,2800,0.484417,20,8.47306,0,0,65271965070
43.6457,22.9118,4.03423,71,66,63,913,2800,0.484417,20,8.47306,0,0,65294876777
42.5971,23.4758,4.03423,71,66,63,913,2800,0.484417,20,8.47306,0,0,65318353333
39.8416,25.0994,4.03423,71,66,63,913,2800,0.484417,20,8.47306,0,0,65343452744
31.9412,31.3076,4.03423,71,66,63,913,2800,0.484417,20,8.47306,0,0,65374760600
42.5899,23.4797,4.03423,71,66,63,913,2800,0.484417,20,8.47306,0,0,65398240432
43.3748,23.0549,4.03423,71,66,63,913,2800,0.484417,20,8.47306,0,0,65421294987
37.7407,26.4966,4.03423,71,66,63,913,2800,0.484417,20,8.47306,0,0,65447792069
40.762,24.5326,4.03423,71,66,63,913,2800,0.484417,20,8.47306,0,0,65472327652
38.2722,26.1287,3.69914,70,66,64,993,2800,0.484417,14,8.47181,0,0,65498453949
36.2464,27.5889,3.69914,70,66,64,993,2800,0.484417,14,8.47181,0,0,65526043390
42.118,23.7428,3.69914,70,66,64,993,2800,0.484417,14,8.47181,0,0,65549785946
39.7479,25.1585,3.69914,70,66,64,993,2800,0.484417,14,8.47181,0,0,65574944547
37.3555,26.7699,3.69914,70,66,64,993,2800,0.484417,14,8.47181,0,0,65601714982
37.7927,26.4601,3.69914,70,66,64,993,2800,0.484417,14,8.47181,0,0,65628174915
39.4037,25.3783,3.69914,70,66,64,993,2800,0.484417,14,8.47181,0,0,65653553118
36.1566,27.6575,3.69914,70,66,64,993,2800,0.484417,14,8.47181,0,0,65681211469
41.3798,24.1664,3.69914,70,66,64,993,2800,0.484417,14,8.47181,0,0,65705377969
39.452,25.3472,3.69914,70,66,64,993,2800,0.484417,14,8.47181,0,0,65730725605
41.4098,24.1489,3.69914,70,66,64,993,2800,0.484417,14,8.47181,0,0,65754874443
37.1366,26.9276,3.69914,70,66,64,993,2800,0.484417,14,8.47181,0,0,65781802163
38.3779,26.0566,3.69914,70,66,64,993,2800,0.484417,14,8.47181,0,0,65807859069
40.0546,24.9659,3.69914,70,66,64,993,2800,0.484417,14,8.47181,0,0,65832825160
39.5247,25.3006,3.69914,70,66,64,993,2800,0.484417,14,8.47181,0,0,65858126088
36.0101,27.77,3.69914,70,66,64,993,2800,0.484417,14,8.47181,0,0,65885895828
40.6369,24.6082,3.69914,70,66,64,993,2800,0.484417,14,8.47181,0,0,65910504448
38.1398,26.2193,3.69914,70,66,64,993,2800,0.484417,14,8.47181,0,0,65936724240
39.7255,25.1727,3.69914,70,66,64,993,2800,0.484417,14,8.47181,0,0,65961896637
30.1622,33.154,3.69914,70,66,64,993,2800,0.484417,14,8.47181,0,0,65995053471
43.0367,23.236,3.85542,70,68,62,803,2800,0.484417,13,8.47111,0,0,66018287533
42.6903,23.4245,3.85542,70,68,62,803,2800,0.484417,13,8.47111,0,0,66041711771
43.8546,22.8026,3.85542,70,68,62,803,2800,0.484417,13,8.47111,0,0,66064515736
40.1789,24.8887,3.85542,70,68,62,803,2800,0.484417,13,8.47111,0,0,66089403339
36.6292,27.3006,3.85542,70,68,62,803,2800,0.484417,13,8.47111,0,0,66116705061
39.391,25.3865,3.85542,70,68,62,803,2800,0.484417,13,8.47111,0,0,66142091390
38.7078,25.8346,3.85542,70,68,62,803,2800,0.484417,13,8.47111,0,0,66167926320
37.7627,26.4812,3.85542,70,68,62,803,2800,0.484417,13,8.47111,0,0,66194407582
41.1733,24.2876,3.85542,70,68,62,803,2800,0.484417,13,8.47111,0,0,66218695300
37.2931,26.8146,3.85542,70,68,62,803,2800,0.484417,13,8.47111,0,0,66245510008
39.1926,25.515,3.85542,70,68,62,803,2800,0.484417,13,8.47111,0,0,66271024818
37.8744,26.4031,3.85542,70,68,62,803,2800,0.484417,13,8.47111,0,0,66297428234
40.9796,24.4024,3.85542,70,68,62,803,2800,0.484417,13,8.47111,0,0,66321830978
37.206,26.8774,3.85542,70,68,62,803,2800,0.484417,13,8.47111,0,0,66348709145
40.5186,24.68,3.85542,70,68,62,803,2800,0.484417,13,8.47111,0,0,66373388438
39.0891,25.5826,3.85542,70,68,62,803,2800,0.484417,13,8.47111,0,0,66398971656
37.569,26.6177,3.85542,70,68,62,803,2800,0.484417,13,8.47111,0,0,66425590096
38.6762,25.8557,3.85542,70,68,62,803,2800,0.484417,13,8.47111,0,0,66451445704
40.5696,24.649,3.85542,70,68,62,803,2800,0.484417,13,8.47111,0,0,66476094830
37.6691,26.547,3.85542,70,68,62,803,2800,0.484417,13,8.47111,0,0,66502647226
38.0291,26.2957,4.55105,70,63,62,937,2800,0.484417,19,8.47186,0,0,66528937571
40.7137,24.5617,4.55105,70,63,62,937,2800,0.484417,19,8.47186,0,0,66553500234
37.9817,26.3285,4.55105,70,63,62,937,2800,0.484417,19,8.47186,0,0,66579828019
39.7743,25.1419,4.55105,70,63,62,937,2800,0.484417,19,8.47186,0,0,66604970971
37.3821,26.7508,4.55105,70,63,62,937,2800,0.484417,19,8.47186,0,0,66631721609
40.557,24.6566,4.55105,70,63,62,937,2800,0.484417,19,8.47186,0,0,66656378319
37.5554,26.6273,4.55105,70,63,62,937,2800,0.484417,19,8.47186,0,0,66683005806
37.8487,26.421,4.55105,70,63,62,937,2800,0.484417,19,8.47186,0,0,66709427116
39.8231,25.111,4.55105,70,63,62,937,2800,0.484417,19,8.47186,0,0,66734538439
37.565,26.6205,4.55105,70,63,62,937,2800,0.484417,19,8.47186,0,0,66761158913
38.9135,25.698,4.55105,70,63,62,937,2800,0.484417,19,8.47186,0,0,66786857016
40.1163,24.9275,4.55105,70,63,62,937,2800,0.484417,19,8.47186,0,0,66811784855
38.8133,25.7644,4.55105,70,63,62,937,2800,0.484417,19,8.47186,0,0,66837549403
37.9107,26.3778,4.55105,70,63,62,937,2800,0.484417,19,8.47186,0,0,66863927572
40.6734,24.5861,4.55105,70,63,62,937,2800,0.484417,19,8.47186,0,0,66888514081
38.5677,25.9284,4.55105,70,63,62,937,2800,0.484417,19,8.47186,0,0,66914442737
39.4195,25.3682,4.55105,70,63,62,937,2800,0.484417,19,8.47186,0,0,66939811021
36.7471,27.213,4.55105,70,63,62,937,2800,0.484417,19,8.47186,0,0,66967024267
41.49,24.1022,4.55105,70,63,62,937,2800,0.484417,19,8.47186,0,0,66991126076
36.6307,27.2995,4.55105,70,63,62,937,2800,0.484417,19,8.47186,0,0,67018428449
40.9618,24.413,3.7851,70,66,62,924,2800,0.484417,12,8.4713,0,0,67042839027
37.6396,26.5678,3.7851,70,66,62,924,2800,0.484417,12,8.4713,0,0,67069407013
38.3867,26.0507,3.7851,70,66,62,924,2800,0.484417,12,8.4713,0,0,67095457938
41.0991,24.3314,3.7851,70,66,62,924,2800,0.484417,12,8.4713,0,0,67119791873
37.6674,26.5482,3.7851,70,66,62,924,2800,0.484417,12,8.4713,0,0,67146338428
38.7392,25.8136,3.7851,70,66,62,924,2800,0.484417,12,8.4713,0,0,67172152439
38.5337,25.9513,3.7851,70,66,62,924,2800,0.484417,12,8.4713,0,0,67198103226
41.1926,24.2762,3.7851,70,66,62,924,2800,0.484417,12,8.4713,0,0,67222380094
37.4523,26.7006,3.7851,70,66,62,924,2800,0.484417,12,8.4713,0,0,67249080978
39.5988,25.2533,3.7851,70,66,62,924,2800,0.484417,12,8.4713,0,0,67274334197
37.4648,26.6917,3.7851,70,66,62,924,2800,0.484417,12,8.4713,0,0,67301026796
38.3532,26.0734,3.7851,70,66,62,924,2800,0.484417,12,8.4713,0,0,67327100334
39.2003,25.51,3.7851,70,66,62,924,2800,0.484417,12,8.4713,0,0,67352610084
39.6142,25.2435,3.7851,70,66,62,924,2800,0.484417,12,8.4713,0,0,67377853415
39.0561,25.6042,3.7851,70,66,62,924,2800,0.484417,12,8.4713,0,0,67403458093
37.5211,26.6517,3.7851,70,66,62,924,2800,0.484417,12,8.4713,0,0,67430109985
39.2859,25.4544,3.7851,70,66,62,924,2800,0.484417,12,8.4713,0,0,67455564592
38.7372,25.815,3.7851,70,66,62,924,2800,0.484417,12,8.4713,0,0,67481379625
39.3231,25.4304,3.7851,70,66,62,924,2800,0.484417,12,8.4713,0,0,67506810217
38.9141,25.6976,3.7851,70,66,62,924,2800,0.484417,12,8.4713,0,0,67532511406
38.8364,25.7491,3.31695,69,61,62,932,2800,0.484417,20,8.47116,0,0,67558256969
39.0734,25.5929,3.31695,69,61,62,932,2800,0.484417,20,8.47116,0,0,67583850296
38.652,25.8719,3.31695,69,61,62,932,2800,0.484417,20,8.47116,0,0,67609722065
38.9991,25.6416,3.31695,69,61,62,932,2800,0.484417,20,8.47116,0,0,67635364003
38.1575,26.2072,3.31695,69,61,62,932,2800,0.484417,20,8.47116,0,0,67661571723
39.1998,25.5103,3.31695,69,61,62,932,2800,0.484417,20,8.47116,0,0,67687082384
39.3096,25.439,3.31695,69,61,62,932,2800,0.484417,20,8.47116,0,0,67712521242
37.4826,26.6791,3.31695,69,61,62,932,2800,0.484417,20,8.47116,0,0,67739201017
38.9384,25.6816,3.31695,69,61,62,932,2800,0.484417,20,8.47116,0,0,67764882078
40.4768,24.7055,3.31695,69,61,62,932,2800,0.484417,20,8.47116,0,0,67789588291
36.8689,27.1231,3.31695,69,61,62,932,2800,0.484417,20,8.47116,0,0,67816712139
39.9951,25.0031,3.31695,69,61,62,932,2800,0.484417,20,8.47116,0,0,67841715610
38.2771,26.1253,3.31695,69,61,62,932,2800,0.484417,20,8.47116,0,0,67867840093
38.163,26.2034,3.31695,69,61,62,932,2800,0.484417,20,8.47116,0,0,67894043935
40.8753,24.4646,3.31695,69,61,62,932,2800,0.484417,20,8.47116,0,0,67918508605
39.2514,25.4768,3.31695,69,61,62,932,2800,0.484417,20,8.47116,0,0,67943985443
36.194,27.6289,3.31695,69,61,62,932,2800,0.484417,20,8.47116,0,0,67971615370
38.3131,26.1007,3.31695,69,61,62,932,2800,0.484417,20,8.47116,0,0,67997715939
43.0733,23.2162,3.31695,69,61,62,932,2800,0.484417,20,8.47116,0,0,68020932227
37.3199,26.7954,3.31695,69,61,62,932,2800,0.484417,20,8.47116,0,0,68047730314
39.7393,25.164,3.43558,69,64,62,948,2800,0.484417,12,8.47107,0,0,68072891921
37.5644,26.6209,3.43558,69,64,62,948,2800,0.484417,12,8.47107,0,0,68099513377
40.0896,24.9442,3.43558,69,64,62,948,2800,0.484417,12,8.47107,0,0,68124457416
38.9037,25.7045,3.43558,69,64,62,948,2800,0.484417,12,8.47107,0,0,68150162262
36.7811,27.1879,3.43558,69,64,62,948,2800,0.484417,12,8.47107,0,0,68177350270
40.1871,24.8836,3.43558,69,64,62,948,2800,0.484417,12,8.47107,0,0,68202234136
38.3751,26.0585,3.43558,69,64,62,948,2800,0.484417,12,8.47107,0,0,68228292586
39.1845,25.5203,3.43558,69,64,62,948,2800,0.484417,12,8.47107,0,0,68253813417
39.2432,25.4821,3.43558,69,64,62,948,2800,0.484417,12,8.47107,0,0,68279295605
39.4166,25.37,3.43558,69,64,62,948,2800,0.484417,12,8.47107,0,0,68304665854
38.3684,26.0631,3.43558,69,64,62,948,2800,0.484417,12,8.47107,0,0,68330729092
39.1822,25.5218,3.43558,69,64,62,948,2800,0.484417,12,8.47107,0,0,68356251356
39.2194,25.4976,3.43558,69,64,62,948,2800,0.484417,12,8.47107,0,0,68381748412
37.7768,26.4713,3.43558,69,64,62,948,2800,0.484417,12,8.47107,0,0,68408220377
39.4372,25.3568,3.43558,69,64,62,948,2800,0.484417,12,8.47107,0,0,68433577061
37.5736,26.6144,3.43558,69,64,62,948,2800,0.484417,12,8.47107,0,0,68460192334
32.9057,30.3899,3.43558,69,64,62,948,2800,0.484417,12,8.47107,0,0,68490581628
42.406,23.5816,3.43558,69,64,62,948,2800,0.484417,12,8.47107,0,0,68514163772
39.7067,25.1847,3.43558,69,64,62,948,2800,0.484417,12,8.47107,0,0,68539348422
40.143,24.9109,3.43558,69,64,62,948,2800,0.484417,12,8.47107,0,0,68564262505
41.6583,24.0048,3.5409,69,63,62,1038,2800,0.484417,14,8.47275,0,0,68588264277
37.8801,26.3991,3.5409,69,63,62,1038,2800,0.484417,14,8.47275,0,0,68614664006
39.4267,25.3635,3.5409,69,63,62,1038,2800,0.484417,14,8.47275,0,0,68640027212
37.5809,26.6092,3.5409,69,63,62,1038,2800,0.484417,14,8.47275,0,0,68666636855
41.1764,24.2858,3.5409,69,63,62,1038,2800,0.484417,14,8.47275,0,0,68690923100
36.4353,27.4459,3.5409,69,63,62,1038,2800,0.484417,14,8.47275,0,0,68718369934
41.0392,24.3669,3.5409,69,63,62,1038,2800,0.484417,14,8.47275,0,0,68742736340
39.324,25.4297,3.5409,69,63,62,1038,2800,0.484417,14,8.47275,0,0,68768166220
36.2778,27.5651,3.5409,69,63,62,1038,2800,0.484417,14,8.47275,0,0,68795730845
39.819,25.1136,3.5409,69,63,62,1038,2800,0.484417,14,8.47275,0,0,68820845013
40.2616,24.8376,3.5409,69,63,62,1038,2800,0.484417,14,8.47275,0,0,68845682101
39.8743,25.0788,3.5409,69,63,62,1038,2800,0.484417,14,8.47275,0,0,68870761434
35.7948,27.937,3.5409,69,63,62,1038,2800,0.484417,14,8.47275,0,0,68898699229
40.885,24.4589,3.5409,69,63,62,1038,2800,0.484417,14,8.47275,0,0,68923157998
39.1784,25.5243,3.5409,69,63,62,1038,2800,0.484417,14,8.47275,0,0,68948682716
38.2586,26.1379,3.5409,69,63,62,1038,2800,0.484417,14,8.47275,0,0,68974820544
38.5821,25.9187,3.5409,69,63,62,1038,2800,0.484417,14,8.47275,0,0,69000739903
37.5419,26.6369,3.5409,69,63,62,1038,2800,0.484417,14,8.47275,0,0,69027378110
40.1927,24.8801,3.5409,69,63,62,1038,2800,0.484417,14,8.47275,0,0,69052257417
39.1907,25.5163,3.5409,69,63,62,1038,2800,0.484417,14,8.47275,0,0,69077776395
38.7678,25.7946,3.6855,69,61,62,953,2800,0.484417,18,8.47265,0,0,69103568505
38.0143,26.3059,3.6855,69,61,62,953,2800,0.484417,18,8.47265,0,0,69129874779
40.7509,24.5394,3.6855,69,61,62,953,2800,0.484417,18,8.47265,0,0,69154414059
37.4677,26.6896,3.6855,69,61,62,953,2800,0.484417,18,8.47265,0,0,69181104283
39.0789,25.5893,3.6855,69,61,62,953,2800,0.484417,18,8.47265,0,0,69206693102
38.5148,25.964,3.6855,69,61,62,953,2800,0.484417,18,8.47265,0,0,69232657355
39.498,25.3177,3.6855,69,61,62,953,2800,0.484417,18,8.47265,0,0,69257976016
38.6812,25.8523,3.6855,69,61,62,953,2800,0.484417,18,8.47265,0,0,69283828129
38.6186,25.8942,3.6855,69,61,62,953,2800,0.484417,18,8.47265,0,0,69309722831
38.4617,25.9999,3.6855,69,61,62,953,2800,0.484417,18,8.47265,0,0,69335722440
37.2632,26.8361,3.6855,69,61,62,953,2800,0.484417,18,8.47265,0,0,69362560001
42.2738,23.6553,3.6855,69,61,62,953,2800,0.484417,18,8.47265,0,0,69386214752
37.6416,26.5664,3.6855,69,61,62,953,2800,0.484417,18,8.47265,0,0,69412783018
38.5433,25.9448,3.6855,69,61,62,953,2800,0.484417,18,8.47265,0,0,69438726511
38.7065,25.8355,3.6855,69,61,62,953,2800,0.484417,18,8.47265,0,0,69464562143
39.6686,25.2089,3.6855,69,61,62,953,2800,0.484417,18,8.47265,0,0,69489771399
38.6884,25.8475,3.6855,69,61,62,953,2800,0.484417,18,8.47265,0,0,69515619164
39.1417,25.5482,3.6855,69,61,62,953,2800,0.484417,18,8.47265,0,0,69541167416
38.9495,25.6743,3.6855,69,61,62,953,2800,0.484417,18,8.47265,0,0,69566841965
36.6558,27.2808,3.6855,69,61,62,953,2800,0.484417,18,8.47265,0,0,69594127727
39.9867,25.0083,3.07125,69,63,62,949,2800,0.484417,11,8.47353,0,0,69619131678
40.0708,24.9558,3.07125,69,63,62,949,2800,0.484417,11,8.47353,0,0,69644087820
38.6318,25.8854,3.07125,69,63,62,949,2800,0.484417,11,8.47353,0,0,69669972884
37.7312,26.5033,3.07125,69,63,62,949,2800,0.484417,11,8.47353,0,0,69696476409
40.6439,24.604,3.07125,69,63,62,949,2800,0.484417,11,8.47353,0,0,69721080891
38.4186,26.029,3.07125,69,63,62,949,2800,0.484417,11,8.47353,0,0,69747109775
39.4744,25.3329,3.07125,69,63,62,949,2800,0.484417,11,8.47353,0,0,69772443254
36.8637,27.127,3.07125,69,63,62,949,2800,0.484417,11,8.47353,0,0,69799570439
40.8147,24.501,3.07125,69,63,62,949,2800,0.484417,11,8.47353,0,0,69824071487
37.4509,26.7017,3.07125,69,63,62,949,2800,0.484417,11,8.47353,0,0,69850773022
36.8606,27.1293,3.07125,69,63,62,949,2800,0.484417,11,8.47353,0,0,69877902801
40.5967,24.6326,3.07125,69,63,62,949,2800,0.484417,11,8.47353,0,0,69902535597
38.6743,25.857,3.07125,69,63,62,949,2800,0.484417,11,8.47353,0,0,69928392598
40.2169,24.8652,3.07125,69,63,62,949,2800,0.484417,11,8.47353,0,0,69953257489
37.7009,26.5246,3.07125,69,63,62,949,2800,0.484417,11,8.47353,0,0,69979782814
39.5532,25.2824,3.07125,69,63,62,949,2800,0.484417,11,8.47353,0,0,70005064927
37.418,26.7251,3.07125,69,63,62,949,2800,0.484417,11,8.47353,0,0,70031790688
41.122,24.3179,3.07125,69,63,62,949,2800,0.484417,11,8.47353,0,0,70056108643
38.3885,26.0494,3.07125,69,63,62,949,2800,0.484417,11,8.47353,0,0,70082158567
39.1487,25.5436,3.07125,69,63,62,949,2800,0.484417,11,8.47353,0,0,70107705256
39.2354,25.4872,3.45253,69,61,61,919,2800,0.484417,20,8.47316,0,0,70133189428
36.2741,27.5679,3.45253,69,61,61,919,2800,0.484417,20,8.47316,0,0,70160758271
39.1771,25.5251,3.45253,69,61,61,919,2800,0.484417,20,8.47316,0,0,70186283841
33.5671,29.7911,3.45253,69,61,61,919,2800,0.484417,20,8.47316,0,0,70216075793
37.2812,26.8232,3.45253,69,61,61,919,2800,0.484417,20,8.47316,0,0,70242898406
35.8545,27.8905,3.45253,69,61,61,919,2800,0.484417,20,8.47316,0,0,70270789583
41.2094,24.2663,3.45253,69,61,61,919,2800,0.484417,20,8.47316,0,0,70295055390
45.1417,22.1525,3.45253,69,61,61,919,2800,0.484417,20,8.47316,0,0,70317207753
40.4319,24.733,3.45253,69,61,61,919,2800,0.484417,20,8.47316,0,0,70341942179
40.96,24.4141,3.45253,69,61,61,919,2800,0.484417,20,8.47316,0,0,70366357366
38.9011,25.7062,3.45253,69,61,61,919,2800,0.484417,20,8.47316,0,0,70392064837
40.0195,24.9878,3.45253,69,61,61,919,2800,0.484417,20,8.47316,0,0,70417052207
37.1356,26.9283,3.45253,69,61,61,919,2800,0.484417,20,8.47316,0,0,70443980087
37.3202,26.7952,3.45253,69,61,61,919,2800,0.484417,20,8.47316,0,0,70470774578
37.2643,26.8353,3.45253,69,61,61,919,2800,0.484417,20,8.47316,0,0,70497612850
39.0503,25.608,3.45253,69,61,61,919,2800,0.484417,20,8.47316,0,0,70523218249
35.7596,27.9645,3.45253,69,61,61,919,2800,0.484417,20,8.47316,0,0,70551182975
37.1095,26.9473,3.45253,69,61,61,919,2800,0.484417,20,8.47316,0,0,70578132245
36.1027,27.6987,3.45253,69,61,61,919,2800,0.484417,20,8.47316,0,0,70605830380
41.1968,24.2738,3.45253,69,61,61,919,2800,0.484417,20,8.47316,0,0,70630109812
45.9064,21.7835,4.35308,69,66,65,1398,2800,0.484417,11,8.47168,0,0,70651889155
37.5232,26.6502,4.35308,69,66,65,1398,2800,0.484417,11,8.47168,0,0,70678539044
38.3415,26.0814,4.35308,69,66,65,1398,2800,0.484417,11,8.47168,0,0,70704621759
37.19,26.8889,4.35308,69,66,65,1398,2800,0.484417,11,8.47168,0,0,70731509574
41.8938,23.8699,4.35308,69,66,65,1398,2800,0.484417,11,8.47168,0,0,70755381011
36.8873,27.1096,4.35308,69,66,65,1398,2800,0.484417,11,8.47168,0,0,70782491434
35.4199,28.2327,4.35308,69,66,65,1398,2800,0.484417,11,8.47168,0,0,70810723180
37.0716,26.9749,4.35308,69,66,65,1398,2800,0.484417,11,8.47168,0,0,70837699351
42.649,23.4472,4.35308,69,66,65,1398,2800,0.484417,11,8.47168,0,0,70861146101
36.9632,27.0539,4.35308,69,66,65,1398,2800,0.484417,11,8.47168,0,0,70888201190
37.1756,26.8993,4.35308,69,66,65,1398,2800,0.484417,11,8.47168,0,0,70915100677
37.9749,26.3332,4.35308,69,66,65,1398,2800,0.484417,11,8.47168,0,0,70941433301
39.9429,25.0357,4.35308,69,66,65,1398,2800,0.484417,11,8.47168,0,0,70966468942
33.785,29.5989,4.35308,69,66,65,1398,2800,0.484417,11,8.47168,0,0,70996069636
40.464,24.7133,4.35308,69,66,65,1398,2800,0.484417,11,8.47168,0,0,71020783884
36.8044,27.1707,4.35308,69,66,65,1398,2800,0.484417,11,8.47168,0,0,71047952496
38.1101,26.2397,4.35308,69,66,65,1398,2800,0.484417,11,8.47168,0,0,71074192506
37.1927,26.887,4.35308,69,66,65,1398,2800,0.484417,11,8.47168,0,0,71101081513
31.6121,31.6335,4.35308,69,66,65,1398,2800,0.484417,11,8.47168,0,0,71132717084
37.2873,26.8188,5.54855,69,62,67,2045,2800,0.484417,25,8.47235,0,0,71159532443
37.9236,26.3688,5.54855,69,62,67,2045,2800,0.484417,25,8.47235,0,0,71185902066
38.7761,25.7891,5.54855,69,62,67,2045,2800,0.484417,25,8.47235,0,0,71211690609
38.5626,25.9318,5.54855,69,62,67,2045,2800,0.484417,25,8.47235,0,0,71237622632
40.7888,24.5165,5.54855,69,62,67,2045,2800,0.484417,25,8.47235,0,0,71262139960
38.931,25.6865,5.54855,69,62,67,2045,2800,0.484417,25,8.47235,0,0,71287827664
39.1522,25.5413,5.54855,69,62,67,2045,2800,0.484417,25,8.47235,0,0,71313368543
37.5049,26.6632,5.54855,69,62,67,2045,2800,0.484417,25,8.47235,0,0,71340031106
36.1392,27.6708,5.54855,69,62,67,2045,2800,0.484417,25,8.47235,0,0,71367704053
39.3105,25.4385,5.54855,69,62,67,2045,2800,0.484417,25,8.47235,0,0,71393141458
39.096,25.578,5.54855,69,62,67,2045,2800,0.484417,25,8.47235,0,0,71418719156
37.7749,26.4726,5.54855,69,62,67,2045,2800,0.484417,25,8.47235,0,0,71445192403
38.0113,26.3079,5.54855,69,62,67,2045,2800,0.484417,25,8.47235,0,0,71471500731
37.1108,26.9464,5.54855,69,62,67,2045,2800,0.484417,25,8.47235,0,0,71498447026
38.5001,25.974,5.54855,69,62,67,2045,2800,0.484417,25,8.47235,0,0,71524420877
38.7728,25.7913,5.54855,69,62,67,2045,2800,0.484417,25,8.47235,0,0,71550213568
38.1748,26.1953,5.54855,69,62,67,2045,2800,0.484417,25,8.47235,0,0,71576408113
36.456,27.4303,5.54855,69,62,67,2045,2800,0.484417,25,8.47235,0,0,71603839427
34.1311,29.2988,5.54855,69,62,67,2045,2800,0.484417,25,8.47235,0,0,71633142403
35.66,28.0426,6.06061,70,68,68,2170,2800,0.484417,21,8.47176,0,0,71661182349
36.2493,27.5868,6.06061,70,68,68,2170,2800,0.484417,21,8.47176,0,0,71688768083
38.0322,26.2935,6.06061,70,68,68,2170,2800,0.484417,21,8.47176,0,0,71715061724
34.7436,28.7823,6.06061,70,68,68,2170,2800,0.484417,21,8.47176,0,0,71743845676
36.181,27.6388,6.06061,70,68,68,2170,2800,0.484417,21,8.47176,0,0,71771482886
32.9287,30.3687,6.06061,70,68,68,2170,2800,0.484417,21,8.47176,0,0,71801851390
32.4692,30.7984,6.06061,70,68,68,2170,2800,0.484417,21,8.47176,0,0,71832650061
36.7191,27.2338,6.06061,70,68,68,2170,2800,0.484417,21,8.47176,0,0,71859884386
35.0583,28.5239,6.06061,70,68,68,2170,2800,0.484417,21,8.47176,0,0,71888408952
36.0016,27.7765,6.06061,70,68,68,2170,2800,0.484417,21,8.47176,0,0,71916185754
35.3728,28.2703,6.06061,70,68,68,2170,2800,0.484417,21,8.47176,0,0,71944456664
36.2415,27.5927,6.06061,70,68,68,2170,2800,0.484417,21,8.47176,0,0,71972049672
35.775,27.9525,6.06061,70,68,68,2170,2800,0.484417,21,8.47176,0,0,72000003096
38.9999,25.6411,6.06061,70,68,68,2170,2800,0.484417,21,8.47176,0,0,72025643742
33.565,29.7929,6.06061,70,68,68,2170,2800,0.484417,21,8.47176,0,0,72055435654
36.8048,27.1703,6.06061,70,68,68,2170,2800,0.484417,21,8.47176,0,0,72082606680
33.0888,30.2217,6.06061,70,68,68,2170,2800,0.484417,21,8.47176,0,0,72112829952
37.2072,26.8765,6.06061,70,68,68,2170,2800,0.484417,21,8.47176,0,0,72139711976
35.2555,28.3644,6.51629,70,67,71,2278,2800,0.484417,21,8.47538,0,0,72168069819
37.2532,26.8433,6.51629,70,67,71,2278,2800,0.484417,21,8.47538,0,0,72194913531
37.2679,26.8327,6.51629,70,67,71,2278,2800,0.484417,21,8.47538,0,0,72221748016
37.8915,26.3912,6.51629,70,67,71,2278,2800,0.484417,21,8.47538,0,0,72248137687
37.0643,26.9801,6.51629,70,67,71,2278,2800,0.484417,21,8.47538,0,0,72275119278
36.501,27.3965,6.51629,70,67,71,2278,2800,0.484417,21,8.47538,0,0,72302514515
37.8401,26.427,6.51629,70,67,71,2278,2800,0.484417,21,8.47538,0,0,72328942888
37.3776,26.754,6.51629,70,67,71,2278,2800,0.484417,21,8.47538,0,0,72355697844
37.9262,26.367,6.51629,70,67,71,2278,2800,0.484417,21,8.47538,0,0,72382064923
37.091,26.9607,6.51629,70,67,71,2278,2800,0.484417,21,8.47538,0,0,72409025544
37.521,26.6518,6.51629,70,67,71,2278,2800,0.484417,21,8.47538,0,0,72435677748
37.5304,26.6451,6.51629,70,67,71,2278,2800,0.484417,21,8.47538,0,0,72462323348
37.2316,26.8589,6.51629,70,67,71,2278,2800,0.484417,21,8.47538,0,0,72489183001
36.6873,27.2574,6.51629,70,67,71,2278,2800,0.484417,21,8.47538,0,0,72516440599
36.7651,27.1997,6.51629,70,67,71,2278,2800,0.484417,21,8.47538,0,0,72543639819
38.1491,26.2129,6.51629,70,67,71,2278,2800,0.484417,21,8.47538,0,0,72569854301
37.8467,26.4224,6.51629,70,67,71,2278,2800,0.484417,21,8.47538,0,0,72596277705
37.9267,26.3666,6.51629,70,67,71,2278,2800,0.484417,21,8.47538,0,0,72622643571
37.6354,26.5707,6.51629,70,67,71,2278,2800,0.484417,21,8.47538,0,0,72649217618
39.0878,25.5834,6.21891,70,68,75,2324,2800,0.484417,31,8.47495,0,0,72674799673
35.825,27.9135,6.21891,70,68,75,2324,2800,0.484417,31,8.47495,0,0,72702710908
37.4548,26.6989,6.21891,70,68,75,2324,2800,0.484417,31,8.47495,0,0,72729411061
38.8524,25.7384,6.21891,70,68,75,2324,2800,0.484417,31,8.47495,0,0,72755149741
38.8681,25.728,6.21891,70,68,75,2324,2800,0.484417,31,8.47495,0,0,72780879985
37.3895,26.7455,6.21891,70,68,75,2324,2800,0.484417,31,8.47495,0,0,72807625483
35.4039,28.2455,6.21891,70,68,75,2324,2800,0.484417,31,8.47495,0,0,72835869221
38.3142,26.1,6.21891,70,68,75,2324,2800,0.484417,31,8.47495,0,0,72861971203
38.4613,26.0001,6.21891,70,68,75,2324,2800,0.484417,31,8.47495,0,0,72887971543
39.7829,25.1365,6.21891,70,68,75,2324,2800,0.484417,31,8.47495,0,0,72913108624
36.2827,27.5613,6.21891,70,68,75,2324,2800,0.484417,31,8.47495,0,0,72940668550
37.1547,26.9145,6.21891,70,68,75,2324,2800,0.484417,31,8.47495,0,0,72967584738
39.1844,25.5204,6.21891,70,68,75,2324,2800,0.484417,31,8.47495,0,0,72993103816
38.5099,25.9674,6.21891,70,68,75,2324,2800,0.484417,31,8.47495,0,0,73019073940
33.3044,30.0261,6.21891,70,68,75,2324,2800,0.484417,31,8.47495,0,0,73049098068
31.7935,31.453,6.21891,70,68,75,2324,2800,0.484417,31,8.47495,0,0,73080551537
16.4612,60.749,6.21891,70,68,75,2324,2800,0.484417,31,8.47495,0,0,73141301690
35.9131,27.845,6.21891,70,68,75,2324,2800,0.484417,31,8.47495,0,0,73169150067
39.3587,25.4074,6.78788,70,69,71,2163,2800,0.484417,27,8.47388,0,0,73194553608
39.7576,25.1524,6.78788,70,69,71,2163,2800,0.484417,27,8.47388,0,0,73219708152
37.0082,27.0211,6.78788,70,69,71,2163,2800,0.484417,27,8.47388,0,0,73246727133
36.9524,27.0618,6.78788,70,69,71,2163,2800,0.484417,27,8.47388,0,0,73273789135
37.8454,26.4233,6.78788,70,69,71,2163,2800,0.484417,27,8.47388,0,0,73300212369
39.2985,25.4463,6.78788,70,69,71,2163,2800,0.484417,27,8.47388,0,0,73325661214
39.8197,25.1132,6.78788,70,69,71,2163,2800,0.484417,27,8.47388,0,0,73350774912
38.4674,25.996,6.78788,70,69,71,2163,2800,0.484417,27,8.47388,0,0,73376770764
39.3258,25.4286,6.78788,70,69,71,2163,2800,0.484417,27,8.47388,0,0,73402201907
28.7637,34.766,6.78788,70,69,71,2163,2800,0.484417,27,8.47388,0,0,73436965855
37.9872,26.3246,6.78788,70,69,71,2163,2800,0.484417,27,8.47388,0,0,73463291706
38.5797,25.9204,6.78788,70,69,71,2163,2800,0.484417,27,8.47388,0,0,73489212027
38.8121,25.7652,6.78788,70,69,71,2163,2800,0.484417,27,8.47388,0,0,73514976014
38.0905,26.2532,6.78788,70,69,71,2163,2800,0.484417,27,8.47388,0,0,73541231112
37.3466,26.7762,6.78788,70,69,71,2163,2800,0.484417,27,8.47388,0,0,73568008781
38.6277,25.8882,6.78788,70,69,71,2163,2800,0.484417,27,8.47388,0,0,73593895718
38.7854,25.7829,6.78788,70,69,71,2163,2800,0.484417,27,8.47388,0,0,73619679893
38.2509,26.1432,6.78788,70,69,71,2163,2800,0.484417,27,8.47388,0,0,73645823382
28.4708,35.1237,6.78788,70,69,71,2163,2800,0.484417,27,8.47388,0,0,73680950402
36.4443,27.4391,6.52709,70,69,73,2466,2800,0.484417,31,8.47631,0,0,73708384723
37.3524,26.7721,6.52709,70,69,73,2466,2800,0.484417,31,8.47631,0,0,73735157041
39.6703,25.2078,6.52709,70,69,73,2466,2800,0.484417,31,8.47631,0,0,73760365566
38.7782,25.7877,6.52709,70,69,73,2466,2800,0.484417,31,8.47631,0,0,73786154560
36.7591,27.2041,6.52709,70,69,73,2466,2800,0.484417,31,8.47631,0,0,73813357246
37.7696,26.4763,6.52709,70,69,73,2466,2800,0.484417,31,8.47631,0,0,73839836184
38.7613,25.7989,6.52709,70,69,73,2466,2800,0.484417,31,8.47631,0,0,73865636570
38.299,26.1103,6.52709,70,69,73,2466,2800,0.484417,31,8.47631,0,0,73891746075
30.1919,33.1215,6.52709,70,69,73,2466,2800,0.484417,31,8.47631,0,0,73924868495
37.528,26.6468,6.52709,70,69,73,2466,2800,0.484417,31,8.47631,0,0,73951513103
37.6875,26.534,6.52709,70,69,73,2466,2800,0.484417,31,8.47631,0,0,73978049640
38.2239,26.1616,6.52709,70,69,73,2466,2800,0.484417,31,8.47631,0,0,74004211022
39.7171,25.178,6.52709,70,69,73,2466,2800,0.484417,31,8.47631,0,0,74029388800
40.0031,24.9981,6.52709,70,69,73,2466,2800,0.484417,31,8.47631,0,0,74054387602
38.3453,26.0788,6.52709,70,69,73,2466,2800,0.484417,31,8.47631,0,0,74080466920
38.8302,25.7531,6.52709,70,69,73,2466,2800,0.484417,31,8.47631,0,0,74106221269
35.0299,28.5471,6.52709,70,69,73,2466,2800,0.484417,31,8.47631,0,0,74134767886
31.6728,31.5729,6.52709,70,69,73,2466,2800,0.484417,31,8.47631,0,0,74166341911
37.5142,26.6566,6.52709,70,69,73,2466,2800,0.484417,31,8.47631,0,0,74193003953
39.1935,25.5144,7.34394,71,69,75,2378,2800,0.484417,33,8.47852,0,0,74218511769
38.2725,26.1284,7.34394,71,69,75,2378,2800,0.484417,33,8.47852,0,0,74244640150
35.9399,27.8242,7.34394,71,69,75,2378,2800,0.484417,33,8.47852,0,0,74272466455
35.8862,27.8658,7.34394,71,69,75,2378,2800,0.484417,33,8.47852,0,0,74300332365
38.1473,26.2142,7.34394,71,69,75,2378,2800,0.484417,33,8.47852,0,0,74326546256
37.9067,26.3805,7.34394,71,69,75,2378,2800,0.484417,33,8.47852,0,0,74352926509
37.6871,26.5343,7.34394,71,69,75,2378,2800,0.484417,33,8.47852,0,0,74379460962
35.4791,28.1856,7.34394,71,69,75,2378,2800,0.484417,33,8.47852,0,0,74407648535
37.2817,26.8228,7.34394,71,69,75,2378,2800,0.484417,33,8.47852,0,0,74434472079
30.9338,32.3271,7.34394,71,69,75,2378,2800,0.484417,33,8.47852,0,0,74466798236
37.314,26.7996,7.34394,71,69,75,2378,2800,0.484417,33,8.47852,0,0,74493597354
38.6849,25.8499,7.34394,71,69,75,2378,2800,0.484417,33,8.47852,0,0,74519448224
36.885,27.1113,7.34394,71,69,75,2378,2800,0.484417,33,8.47852,0,0,74546559759
37.7817,26.4678,7.34394,71,69,75,2378,2800,0.484417,33,8.47852,0,0,74573027907
36.6373,27.2946,7.34394,71,69,75,2378,2800,0.484417,33,8.47852,0,0,74600321413
39.1598,25.5364,7.34394,71,69,75,2378,2800,0.484417,33,8.47852,0,0,74625860799
41.1978,24.2731,7.34394,71,69,75,2378,2800,0.484417,33,8.47852,0,0,74650134090
37.1086,26.948,7.34394,71,69,75,2378,2800,0.484417,33,8.47852,0,0,74677082328
38.9398,25.6807,7.34394,71,69,75,2378,2800,0.484417,33,8.47852,0,0,74702764432
39.0811,25.5878,6.80693,71,70,74,2385,2800,0.484417,26,8.47382,0,0,74728349934
39.8397,25.1006,6.80693,71,70,74,2385,2800,0.484417,26,8.47382,0,0,74753450517
39.7171,25.178,6.80693,71,70,74,2385,2800,0.484417,26,8.47382,0,0,74778629376
38.3876,26.0501,6.80693,71,70,74,2385,2800,0.484417,26,8.47382,0,0,74804680432
42.2668,23.6592,6.80693,71,70,74,2385,2800,0.484417,26,8.47382,0,0,74828340032
38.2128,26.1692,6.80693,71,70,74,2385,2800,0.484417,26,8.47382,0,0,74854509339
37.2387,26.8538,6.80693,71,70,74,2385,2800,0.484417,26,8.47382,0,0,74881363942
39.0323,25.6198,6.80693,71,70,74,2385,2800,0.484417,26,8.47382,0,0,74906983849
37.9231,26.3692,6.80693,71,70,74,2385,2800,0.484417,26,8.47382,0,0,74933353161
40.1377,24.9143,6.80693,71,70,74,2385,2800,0.484417,26,8.47382,0,0,74958268276
41.5108,24.0901,6.80693,71,70,74,2385,2800,0.484417,26,8.47382,0,0,74982358654
39.0336,25.619,6.80693,71,70,74,2385,2800,0.484417,26,8.47382,0,0,75007978290
37.2545,26.8424,6.80693,71,70,74,2385,2800,0.484417,26,8.47382,0,0,75034818977
41.5018,24.0953,6.80693,71,70,74,2385,2800,0.484417,26,8.47382,0,0,75058916498
37.086,26.9644,6.80693,71,70,74,2385,2800,0.484417,26,8.47382,0,0,75085882310
42.4326,23.5668,6.80693,71,70,74,2385,2800,0.484417,26,8.47382,0,0,75109449166
37.6339,26.5718,6.80693,71,70,74,2385,2800,0.484417,26,8.47382,0,0,75136020557
36.68,27.2628,6.80693,71,70,74,2385,2800,0.484417,26,8.47382,0,0,75163282805
41.2108,24.2655,6.80693,71,70,74,2385,2800,0.484417,26,8.47382,0,0,75187548742
39.2792,25.4587,6.80693,71,70,74,2385,2800,0.484417,26,8.47382,0,0,75213015491
38.6897,25.8467,5.32838,71,68,65,1915,2800,0.484417,30,8.47411,0,0,75238854830
37.3804,26.752,5.32838,71,68,65,1915,2800,0.484417,30,8.47411,0,0,75265608654
39.5426,25.2892,5.32838,71,68,65,1915,2800,0.484417,30,8.47411,0,0,75290897559
39.599,25.2532,5.32838,71,68,65,1915,2800,0.484417,30,8.47411,0,0,75316150147
39.0896,25.5823,5.32838,71,68,65,1915,2800,0.484417,30,8.47411,0,0,75341734828
36.7463,27.2136,5.32838,71,68,65,1915,2800,0.484417,30,8.47411,0,0,75368947422
35.8261,27.9126,5.32838,71,68,65,1915,2800,0.484417,30,8.47411,0,0,75396862004
44.2859,22.5805,5.32838,71,68,65,1915,2800,0.484417,30,8.47411,0,0,75419441918
35.9178,27.8414,5.32838,71,68,65,1915,2800,0.484417,30,8.47411,0,0,75447282210
37.8753,26.4025,5.32838,71,68,65,1915,2800,0.484417,30,8.47411,0,0,75473686097
38.8261,25.7559,5.32838,71,68,65,1915,2800,0.484417,30,8.47411,0,0,75499441729
41.3281,24.1966,5.32838,71,68,65,1915,2800,0.484417,30,8.47411,0,0,75523639368
38.843,25.7447,5.32838,71,68,65,1915,2800,0.484417,30,8.47411,0,0,75549384399
39.403,25.3788,5.32838,71,68,65,1915,2800,0.484417,30,8.47411,0,0,75574762553
35.5854,28.1014,5.32838,71,68,65,1915,2800,0.484417,30,8.47411,0,0,75602863854
42.532,23.5117,5.32838,71,68,65,1915,2800,0.484417,30,8.47411,0,0,75626377410
38.3708,26.0615,5.32838,71,68,65,1915,2800,0.484417,30,8.47411,0,0,75652438324
40.0929,24.942,5.32838,71,68,65,1915,2800,0.484417,30,8.47411,0,0,75677382132
36.6196,27.3078,5.32838,71,68,65,1915,2800,0.484417,30,8.47411,0,0,75704689915
33.4845,29.8645,5.32838,71,68,65,1915,2800,0.484417,30,8.47411,0,0,75734556398
41.7999,23.9235,5.21212,70,69,67,1707,2800,0.484417,34,8.47454,0,0,75758478229
37.5106,26.6591,5.21212,70,69,67,1707,2800,0.484417,34,8.47454,0,0,75785137957
38.4045,26.0386,5.21212,70,69,67,1707,2800,0.484417,34,8.47454,0,0,75811176409
39.6156,25.2426,5.21212,70,69,67,1707,2800,0.484417,34,8.47454,0,0,75836419398
39.8409,25.0998,5.21212,70,69,67,1707,2800,0.484417,34,8.47454,0,0,75861519069
39.0021,25.6397,5.21212,70,69,67,1707,2800,0.484417,34,8.47454,0,0,75887159715
38.2186,26.1653,5.21212,70,69,67,1707,2800,0.484417,34,8.47454,0,0,75913324364
36.9027,27.0983,5.21212,70,69,67,1707,2800,0.484417,34,8.47454,0,0,75940424427
38.0276,26.2967,5.21212,70,69,67,1707,2800,0.484417,34,8.47454,0,0,75966720362
39.7292,25.1704,5.21212,70,69,67,1707,2800,0.484417,34,8.47454,0,0,75991889854
39.5536,25.2821,5.21212,70,69,67,1707,2800,0.484417,34,8.47454,0,0,76017174261
38.0255,26.2981,5.21212,70,69,67,1707,2800,0.484417,34,8.47454,0,0,76043470918
36.1451,27.6662,5.21212,70,69,67,1707,2800,0.484417,34,8.47454,0,0,76071138265
39.6094,25.2465,5.21212,70,69,67,1707,2800,0.484417,34,8.47454,0,0,76096386214
39.1607,25.5358,5.21212,70,69,67,1707,2800,0.484417,34,8.47454,0,0,76121921663
38.4993,25.9745,5.21212,70,69,67,1707,2800,0.484417,34,8.47454,0,0,76147895874
38.5712,25.9261,5.21212,70,69,67,1707,2800,0.484417,34,8.47454,0,0,76173822045
37.7043,26.5222,5.21212,70,69,67,1707,2800,0.484417,34,8.47454,0,0,76200344034
39.9707,25.0183,5.21212,70,69,67,1707,2800,0.484417,34,8.47454,0,0,76225362824
38.9536,25.6716,5.21212,70,69,67,1707,2800,0.484417,34,8.47454,0,0,76251040078
35.203,28.4067,6.23472,69,69,73,2445,2800,0.484417,13,8.4742,0,0,76279442063
35.7115,28.0022,6.23472,69,69,73,2445,2800,0.484417,13,8.4742,0,0,76307446132
33.7824,29.6012,6.23472,69,69,73,2445,2800,0.484417,13,8.4742,0,0,76337046225
43.0602,23.2233,6.23472,69,69,73,2445,2800,0.484417,13,8.4742,0,0,76360270578
38.4317,26.0202,6.23472,69,69,73,2445,2800,0.484417,13,8.4742,0,0,76386290175
41.6312,24.0204,6.23472,69,69,73,2445,2800,0.484417,13,8.4742,0,0,76410311814
35.3288,28.3055,6.23472,69,69,73,2445,2800,0.484417,13,8.4742,0,0,76438618621
43.2707,23.1103,6.23472,69,69,73,2445,2800,0.484417,13,8.4742,0,0,76461726986
35.4896,28.1773,6.23472,69,69,73,2445,2800,0.484417,13,8.4742,0,0,76489905593
42.3143,23.6326,6.23472,69,69,73,2445,2800,0.484417,13,8.4742,0,0,76513540496
39.4261,25.3639,6.23472,69,69,73,2445,2800,0.484417,13,8.4742,0,0,76538904794
36.0518,27.7379,6.23472,69,69,73,2445,2800,0.484417,13,8.4742,0,0,76566641892
42.536,23.5095,6.23472,69,69,73,2445,2800,0.484417,13,8.4742,0,0,76590151600
38.8113,25.7657,6.23472,69,69,73,2445,2800,0.484417,13,8.4742,0,0,76615917912
37.9823,26.3281,6.23472,69,69,73,2445,2800,0.484417,13,8.4742,0,0,76642244875
38.1765,26.1941,6.23472,69,69,73,2445,2800,0.484417,13,8.4742,0,0,76668442786
40.5008,24.6909,6.23472,69,69,73,2445,2800,0.484417,13,8.4742,0,0,76693132518
35.4543,28.2054,6.23472,69,69,73,2445,2800,0.484417,13,8.4742,0,0,76721338396
40.2024,24.8742,6.23472,69,69,73,2445,2800,0.484417,13,8.4742,0,0,76746212193
40.7032,24.5681,6.23472,69,69,73,2445,2800,0.484417,13,8.4742,0,0,76770782892
35.7036,28.0084,5.60976,69,66,71,2475,2800,0.484417,41,8.47416,0,0,76798789155
43.8668,22.7963,5.60976,69,66,71,2475,2800,0.484417,41,8.47416,0,0,76821586667
38.4649,25.9977,5.60976,69,66,71,2475,2800,0.484417,41,8.47416,0,0,76847584273
36.6018,27.3211,5.60976,69,66,71,2475,2800,0.484417,41,8.47416,0,0,76874904970
39.7592,25.1514,5.60976,69,66,71,2475,2800,0.484417,41,8.47416,0,0,76900056719
39.8834,25.0731,5.60976,69,66,71,2475,2800,0.484417,41,8.47416,0,0,76925132254
38.3263,26.0917,5.60976,69,66,71,2475,2800,0.484417,41,8.47416,0,0,76951223425
39.5647,25.2751,5.60976,69,66,71,2475,2800,0.484417,41,8.47416,0,0,76976497603
37.8059,26.4509,5.60976,69,66,71,2475,2800,0.484417,41,8.47416,0,0,77002948830
37.7711,26.4753,5.60976,69,66,71,2475,2800,0.484417,41,8.47416,0,0,77029424872
41.221,24.2595,5.60976,69,66,71,2475,2800,0.484417,41,8.47416,0,0,77053684798
35.3426,28.2945,5.60976,69,66,71,2475,2800,0.484417,41,8.47416,0,0,77081979773
41.5321,24.0778,5.60976,69,66,71,2475,2800,0.484417,41,8.47416,0,0,77106057236
35.2803,28.3444,5.60976,69,66,71,2475,2800,0.484417,41,8.47416,0,0,77134402495
42.9594,23.2778,5.60976,69,66,71,2475,2800,0.484417,41,8.47416,0,0,77157680049
38.7714,25.7922,5.60976,69,66,71,2475,2800,0.484417,41,8.47416,0,0,77183472990
37.6762,26.5419,5.60976,69,66,71,2475,2800,0.484417,41,8.47416,0,0,77210015137
38.2638,26.1344,5.60976,69,66,71,2475,2800,0.484417,41,8.47416,0,0,77236149458
39.3633,25.4044,5.60976,69,66,71,2475,2800,0.484417,41,8.47416,0,0,77261554592
40.5141,24.6828,5.60976,69,66,71,2475,2800,0.484417,41,8.47416,0,0,77286243984
38.1079,26.2413,5.29557,70,70,73,2479,2800,0.484417,30,8.47465,0,0,77312480387
37.2984,26.8108,5.29557,70,70,73,2479,2800,0.484417,30,8.47465,0,0,77339291348
37.4187,26.7246,5.29557,70,70,73,2479,2800,0.484417,30,8.47465,0,0,77366016658
41.8888,23.8727,5.29557,70,70,73,2479,2800,0.484417,30,8.47465,0,0,77389889188
35.9667,27.8035,5.29557,70,70,73,2479,2800,0.484417,30,8.47465,0,0,77417692460
40.3384,24.7903,5.29557,70,70,73,2479,2800,0.484417,30,8.47465,0,0,77442483973
39.9956,25.0027,5.29557,70,70,73,2479,2800,0.484417,30,8.47465,0,0,77467486972
40.0691,24.9569,5.29557,70,70,73,2479,2800,0.484417,30,8.47465,0,0,77492442954
37.9228,26.3693,5.29557,70,70,73,2479,2800,0.484417,30,8.47465,0,0,77518813549
40.2862,24.8224,5.29557,70,70,73,2479,2800,0.484417,30,8.47465,0,0,77543636180
35.1717,28.432,5.29557,70,70,73,2479,2800,0.484417,30,8.47465,0,0,77572066910
36.8165,27.1617,5.29557,70,70,73,2479,2800,0.484417,30,8.47465,0,0,77599230382
39.3097,25.439,5.29557,70,70,73,2479,2800,0.484417,30,8.47465,0,0,77624668538
37.6044,26.5926,5.29557,70,70,73,2479,2800,0.484417,30,8.47465,0,0,77651262161
36.6783,27.2641,5.29557,70,70,73,2479,2800,0.484417,30,8.47465,0,0,77678526162
36.5865,27.3325,5.29557,70,70,73,2479,2800,0.484417,30,8.47465,0,0,77705859182
36.4795,27.4127,5.29557,70,70,73,2479,2800,0.484417,30,8.47465,0,0,77733271040
39.1917,25.5156,5.29557,70,70,73,2479,2800,0.484417,30,8.47465,0,0,77758787403
34.6854,28.8306,5.29557,70,70,73,2479,2800,0.484417,30,8.47465,0,0,77787620086
33.1547,30.1616,5.93434,70,70,75,2400,2800,0.484417,19,8.48015,0,0,77817779969
37.2463,26.8483,5.93434,70,70,75,2400,2800,0.484417,19,8.48015,0,0,77844627909
35.7582,27.9656,5.93434,70,70,75,2400,2800,0.484417,19,8.48015,0,0,77872594558
38.1756,26.1948,5.93434,70,70,75,2400,2800,0.484417,19,8.48015,0,0,77898791186
45.2565,22.0963,5.93434,70,70,75,2400,2800,0.484417,19,8.48015,0,0,77920886662
39.5879,25.2603,5.93434,70,70,75,2400,2800,0.484417,19,8.48015,0,0,77946146484
39.6097,25.2463,5.93434,70,70,75,2400,2800,0.484417,19,8.48015,0,0,77971394954
38.7972,25.775,5.93434,70,70,75,2400,2800,0.484417,19,8.48015,0,0,77997169020
43.1576,23.1709,5.93434,70,70,75,2400,2800,0.484417,19,8.48015,0,0,78020341095
36.8836,27.1123,5.93434,70,70,75,2400,2800,0.484417,19,8.48015,0,0,78047454173
41.0206,24.378,5.93434,70,70,75,2400,2800,0.484417,19,8.48015,0,0,78071832751
36.0016,27.7766,5.93434,70,70,75,2400,2800,0.484417,19,8.48015,0,0,78099608442
42.595,23.4769,5.93434,70,70,75,2400,2800,0.484417,19,8.48015,0,0,78123087373
37.7491,26.4907,5.93434,70,70,75,2400,2800,0.484417,19,8.48015,0,0,78149577642
40.5485,24.6618,5.93434,70,70,75,2400,2800,0.484417,19,8.48015,0,0,78174239101
36.3103,27.5404,5.93434,70,70,75,2400,2800,0.484417,19,8.48015,0,0,78201780091
36.1926,27.6299,5.93434,70,70,75,2400,2800,0.484417,19,8.48015,0,0,78229410580
40.9881,24.3973,5.93434,70,70,75,2400,2800,0.484417,19,8.48015,0,0,78253808073
39.3949,25.384,5.93434,70,70,75,2400,2800,0.484417,19,8.48015,0,0,78279192739
40.2197,24.8635,5.93434,70,70,75,2400,2800,0.484417,19,8.48015,0,0,78304059243
36.4814,27.4112,5.01836,69,67,65,1509,2800,0.484417,17,8.48083,0,0,78331467755
36.9573,27.0582,5.01836,69,67,65,1509,2800,0.484417,17,8.48083,0,0,78358525759
43.91,22.7738,5.01836,69,67,65,1509,2800,0.484417,17,8.48083,0,0,78381300078
39.7526,25.1556,5.01836,69,67,65,1509,2800,0.484417,17,8.48083,0,0,78406456536
37.4325,26.7147,5.01836,69,67,65,1509,2800,0.484417,17,8.48083,0,0,78433171386
40.557,24.6567,5.01836,69,67,65,1509,2800,0.484417,17,8.48083,0,0,78457827095
37.9563,26.3461,5.01836,69,67,65,1509,2800,0.484417,17,8.48083,0,0,78484173985
38.5149,25.964,5.01836,69,67,65,1509,2800,0.484417,17,8.48083,0,0,78510139009
39.276,25.4608,5.01836,69,67,65,1509,2800,0.484417,17,8.48083,0,0,78535600789
36.7458,27.214,5.01836,69,67,65,1509,2800,0.484417,17,8.48083,0,0,78562813714
40.8782,24.4629,5.01836,69,67,65,1509,2800,0.484417,17,8.48083,0,0,78587276381
39.4123,25.3728,5.01836,69,67,65,1509,2800,0.484417,17,8.48083,0,0,78612649615
36.811,27.1658,5.01836,69,67,65,1509,2800,0.484417,17,8.48083,0,0,78639815281
38.9455,25.6769,5.01836,69,67,65,1509,2800,0.484417,17,8.48083,0,0,78665492996
40.4958,24.6939,5.01836,69,67,65,1509,2800,0.484417,17,8.48083,0,0,78690186806
36.6156,27.3108,5.01836,69,67,65,1509,2800,0.484417,17,8.48083,0,0,78717498156
40.4151,24.7432,5.01836,69,67,65,1509,2800,0.484417,17,8.48083,0,0,78742242540
37.2904,26.8165,5.01836,69,67,65,1509,2800,0.484417,17,8.48083,0,0,78769059052
36.9852,27.0378,5.01836,69,67,65,1509,2800,0.484417,17,8.48083,0,0,78796097139
43.3383,23.0743,5.01836,69,67,65,1509,2800,0.484417,17,8.48083,0,0,78819178554
37.2213,26.8664,4.19753,68,65,65,1429,2800,0.484417,27,8.47924,0,0,78846038667
38.5521,25.9389,4.19753,68,65,65,1429,2800,0.484417,27,8.47924,0,0,78871979075
36.7032,27.2456,4.19753,68,65,65,1429,2800,0.484417,27,8.47924,0,0,78899224080
42.2116,23.6901,4.19753,68,65,65,1429,2800,0.484417,27,8.47924,0,0,78922915319
37.257,26.8406,4.19753,68,65,65,1429,2800,0.484417,27,8.47924,0,0,78949757909
39.971,25.0182,4.19753,68,65,65,1429,2800,0.484417,27,8.47924,0,0,78974779604
35.1739,28.4302,4.19753,68,65,65,1429,2800,0.484417,27,8.47924,0,0,79003204192
44.7853,22.3287,4.19753,68,65,65,1429,2800,0.484417,27,8.47924,0,0,79025535741
36.5155,27.3856,4.19753,68,65,65,1429,2800,0.484417,27,8.47924,0,0,79052919185
39.3354,25.4224,4.19753,68,65,65,1429,2800,0.484417,27,8.47924,0,0,79078342704
38.7008,25.8393,4.19753,68,65,65,1429,2800,0.484417,27,8.47924,0,0,79104181181
37.3917,26.7439,4.19753,68,65,65,1429,2800,0.484417,27,8.47924,0,0,79130927581
41.2354,24.251,4.19753,68,65,65,1429,2800,0.484417,27,8.47924,0,0,79155176806
37.1016,26.953,4.19753,68,65,65,1429,2800,0.484417,27,8.47924,0,0,79182131767
40.584,24.6402,4.19753,68,65,65,1429,2800,0.484417,27,8.47924,0,0,79206773329
37.1094,26.9473,4.19753,68,65,65,1429,2800,0.484417,27,8.47924,0,0,79233720896
41.3236,24.1992,4.19753,68,65,65,1429,2800,0.484417,27,8.47924,0,0,79257919878
38.8487,25.7409,4.19753,68,65,65,1429,2800,0.484417,27,8.47924,0,0,79283661683
40.7138,24.5617,4.19753,68,65,65,1429,2800,0.484417,27,8.47924,0,0,79308222133
35.3359,28.2999,4.19753,68,65,65,1429,2800,0.484417,27,8.47924,0,0,79336525874
39.3702,25.3999,5,69,67,65,1489,2800,0.484417,14,8.47687,0,0,79361922963
40.7473,24.5415,5,69,67,65,1489,2800,0.484417,14,8.47687,0,0,79386464737
40.2205,24.8629,5,69,67,65,1489,2800,0.484417,14,8.47687,0,0,79411327724
37.0155,27.0157,5,69,67,65,1489,2800,0.484417,14,8.47687,0,0,79438344451
37.5932,26.6006,5,69,67,65,1489,2800,0.484417,14,8.47687,0,0,79464944567
40.1347,24.9161,5,69,67,65,1489,2800,0.484417,14,8.47687,0,0,79489862106
38.8321,25.7519,5,69,67,65,1489,2800,0.484417,14,8.47687,0,0,79515614983
39.2198,25.4973,5,69,67,65,1489,2800,0.484417,14,8.47687,0,0,79541110787
36.9642,27.0532,5,69,67,65,1489,2800,0.484417,14,8.47687,0,0,79568164162
41.2692,24.2311,5,69,67,65,1489,2800,0.484417,14,8.47687,0,0,79592396326
38.959,25.668,5,69,67,65,1489,2800,0.484417,14,8.47687,0,0,79618063491
39.3775,25.3952,5,69,67,65,1489,2800,0.484417,14,8.47687,0,0,79643460701
36.0995,27.7012,5,69,67,65,1489,2800,0.484417,14,8.47687,0,0,79671161471
38.8125,25.7649,5,69,67,65,1489,2800,0.484417,14,8.47687,0,0,79696926119
39.1782,25.5244,5,69,67,65,1489,2800,0.484417,14,8.47687,0,0,79722450306
40.9545,24.4174,5,69,67,65,1489,2800,0.484417,14,8.47687,0,0,79746868449
39.5779,25.2667,5,69,67,65,1489,2800,0.484417,14,8.47687,0,0,79772136626
35.4278,28.2264,5,69,67,65,1489,2800,0.484417,14,8.47687,0,0,79800361609
43.1674,23.1657,5,69,67,65,1489,2800,0.484417,14,8.47687,0,0,79823529447
37.2466,26.8481,5,69,67,65,1489,2800,0.484417,14,8.47687,0,0,79850383969
39.7308,25.1694,4.43896,69,65,64,1380,2800,0.484417,25,8.47647,0,0,79875547049
38.127,26.2281,4.43896,69,65,64,1380,2800,0.484417,25,8.47647,0,0,79901775187
40.2328,24.8553,4.43896,69,65,64,1380,2800,0.484417,25,8.47647,0,0,79926631231
38.0788,26.2613,4.43896,69,65,64,1380,2800,0.484417,25,8.47647,0,0,79952891138
40.493,24.6956,4.43896,69,65,64,1380,2800,0.484417,25,8.47647,0,0,79977588024
37.7681,26.4774,4.43896,69,65,64,1380,2800,0.484417,25,8.47647,0,0,80004066010
36.4508,27.4342,4.43896,69,65,64,1380,2800,0.484417,25,8.47647,0,0,80031500080
42.6973,23.4207,4.43896,69,65,64,1380,2800,0.484417,25,8.47647,0,0,80054919760
37.6246,26.5783,4.43896,69,65,64,1380,2800,0.484417,25,8.47647,0,0,80081501340
39.1495,25.5431,4.43896,69,65,64,1380,2800,0.484417,25,8.47647,0,0,80107042179
36.0536,27.7365,4.43896,69,65,64,1380,2800,0.484417,25,8.47647,0,0,80134780319
41.9176,23.8563,4.43896,69,65,64,1380,2800,0.484417,25,8.47647,0,0,80158635736
38.9128,25.6985,4.43896,69,65,64,1380,2800,0.484417,25,8.47647,0,0,80184334531
27.5611,36.283,4.43896,69,65,64,1380,2800,0.484417,25,8.47647,0,0,80220617860
40.1329,24.9172,4.43896,69,65,64,1380,2800,0.484417,25,8.47647,0,0,80245570585
37.7743,26.473,4.43896,69,65,64,1380,2800,0.484417,25,8.47647,0,0,80272010260
39.7019,25.1877,4.43896,69,65,64,1380,2800,0.484417,25,8.47647,0,0,80297196663
43.1211,23.1905,4.43896,69,65,64,1380,2800,0.484417,25,8.47647,0,0,80320388205
43.2381,23.1278,4.43896,69,65,64,1380,2800,0.484417,25,8.47647,0,0,80343515787
36.7536,27.2082,4.43896,69,65,64,1380,2800,0.484417,25,8.47647,0,0,80370726919
38.0698,26.2676,4.37956,69,64,65,1591,2800,0.484417,22,8.47543,0,0,80396992266
42.2414,23.6735,4.37956,69,64,65,1591,2800,0.484417,22,8.47543,0,0,80420665512
40.2402,24.8507,4.37956,69,64,65,1591,2800,0.484417,22,8.47543,0,0,80445518760
36.8962,27.103,4.37956,69,64,65,1591,2800,0.484417,22,8.47543,0,0,80472620216
39.5176,25.3052,4.37956,69,64,65,1591,2800,0.484417,22,8.47543,0,0,80497926064
39.3906,25.3868,4.37956,69,64,65,1591,2800,0.484417,22,8.47543,0,0,80523313575
37.9631,26.3414,4.37956,69,64,65,1591,2800,0.484417,22,8.47543,0,0,80549655907
41.4821,24.1068,4.37956,69,64,65,1591,2800,0.484417,22,8.47543,0,0,80573763367
35.9773,27.7953,4.37956,69,64,65,1591,2800,0.484417,22,8.47543,0,0,80601559626
39.2664,25.4671,4.37956,69,64,65,1591,2800,0.484417,22,8.47543,0,0,80627026756
39.0487,25.609,4.37956,69,64,65,1591,2800,0.484417,22,8.47543,0,0,80652635292
40.6345,24.6096,4.37956,69,64,65,1591,2800,0.484417,22,8.47543,0,0,80677245905
35.5858,28.1011,4.37956,69,64,65,1591,2800,0.484417,22,8.47543,0,0,80705347988
39.4603,25.3419,4.37956,69,64,65,1591,2800,0.484417,22,8.47543,0,0,80730689352
39.1215,25.5614,4.37956,69,64,65,1591,2800,0.484417,22,8.47543,0,0,80756251952
40.1288,24.9198,4.37956,69,64,65,1591,2800,0.484417,22,8.47543,0,0,80781173609
38.783,25.7845,4.37956,69,64,65,1591,2800,0.484417,22,8.47543,0,0,80806955169
38.1887,26.1857,4.37956,69,64,65,1591,2800,0.484417,22,8.47543,0,0,80833142300
41.3581,24.1791,4.37956,69,64,65,1591,2800,0.484417,22,8.47543,0,0,80857322025
36.1408,27.6696,4.37956,69,64,65,1591,2800,0.484417,22,8.47543,0,0,80884994662
42.6402,23.452,4.43896,69,67,64,1321,2800,0.484417,27,8.47386,0,0,80908443577
35.5959,28.0931,4.43896,69,67,64,1321,2800,0.484417,27,8.47386,0,0,80936537725
38.0537,26.2787,4.43896,69,67,64,1321,2800,0.484417,27,8.47386,0,0,80962817399
39.2558,25.474,4.43896,69,67,64,1321,2800,0.484417,27,8.47386,0,0,80988290641
43.0347,23.2371,4.43896,69,67,64,1321,2800,0.484417,27,8.47386,0,0,81011526526
37.1028,26.9521,4.43896,69,67,64,1321,2800,0.484417,27,8.47386,0,0,81038479533
36.9804,27.0414,4.43896,69,67,64,1321,2800,0.484417,27,8.47386,0,0,81065522279
43.7937,22.8343,4.43896,69,67,64,1321,2800,0.484417,27,8.47386,0,0,81088355779
37.5179,26.6539,4.43896,69,67,64,1321,2800,0.484417,27,8.47386,0,0,81115010838
40.5018,24.6902,4.43896,69,67,64,1321,2800,0.484417,27,8.47386,0,0,81139701442
36.8984,27.1015,4.43896,69,67,64,1321,2800,0.484417,27,8.47386,0,0,81166803819
41.0666,24.3507,4.43896,69,67,64,1321,2800,0.484417,27,8.47386,0,0,81191154034
37.8202,26.4409,4.43896,69,67,64,1321,2800,0.484417,27,8.47386,0,0,81217595783
39.4876,25.3244,4.43896,69,67,64,1321,2800,0.484417,27,8.47386,0,0,81242919755
37.3701,26.7594,4.43896,69,67,64,1321,2800,0.484417,27,8.47386,0,0,81269681894
38.1804,26.1914,4.43896,69,67,64,1321,2800,0.484417,27,8.47386,0,0,81295871399
40.5067,24.6873,4.43896,69,67,64,1321,2800,0.484417,27,8.47386,0,0,81320560089
38.0796,26.2608,4.43896,69,67,64,1321,2800,0.484417,27,8.47386,0,0,81346821169
38.0599,26.2744,4.43896,69,67,64,1321,2800,0.484417,27,8.47386,0,0,81373095082
38.5519,25.9391,4.43896,69,67,64,1321,2800,0.484417,27,8.47386,0,0,81399038536
40.9838,24.3999,4.41718,69,65,63,1271,2800,0.484417,19,8.47432,0,0,81423435539
38.3758,26.0581,4.41718,69,65,63,1271,2800,0.484417,19,8.47432,0,0,81449493187
39.6167,25.2419,4.41718,69,65,63,1271,2800,0.484417,19,8.47432,0,0,81474734895
37.2032,26.8794,4.41718,69,65,63,1271,2800,0.484417,19,8.47432,0,0,81501614534
38.2923,26.1149,4.41718,69,65,63,1271,2800,0.484417,19,8.47432,0,0,81527731003
39.7334,25.1677,4.41718,69,65,63,1271,2800,0.484417,19,8.47432,0,0,81552899232
40.9615,24.4132,4.41718,69,65,63,1271,2800,0.484417,19,8.47432,0,0,81577312746
36.7771,27.1908,4.41718,69,65,63,1271,2800,0.484417,19,8.47432,0,0,81604503349
37.7274,26.5059,4.41718,69,65,63,1271,2800,0.484417,19,8.47432,0,0,81631009448
41.5602,24.0615,4.41718,69,65,63,1271,2800,0.484417,19,8.47432,0,0,81655070481
38.8742,25.724,4.41718,69,65,63,1271,2800,0.484417,19,8.47432,0,0,81680796136
38.4982,25.9752,4.41718,69,65,63,1271,2800,0.484417,19,8.47432,0,0,81706771099
37.0037,27.0243,4.41718,69,65,63,1271,2800,0.484417,19,8.47432,0,0,81733795340
41.0058,24.3868,4.41718,69,65,63,1271,2800,0.484417,19,8.47432,0,0,81758182405
37.6566,26.5558,4.41718,69,65,63,1271,2800,0.484417,19,8.47432,0,0,81784739399
40.6215,24.6175,4.41718,69,65,63,1271,2800,0.484417,19,8.47432,0,0,81809355713
36.8275,27.1536,4.41718,69,65,63,1271,2800,0.484417,19,8.47432,0,0,81836510259
38.1555,26.2086,4.41718,69,65,63,1271,2800,0.484417,19,8.47432,0,0,81862719692
41.6882,23.9876,4.41718,69,65,63,1271,2800,0.484417,19,8.47432,0,0,81886706886
39.9743,25.016,4.41718,69,65,63,1271,2800,0.484417,19,8.47432,0,0,81911728040
36.4935,27.4022,4.88401,69,66,63,1330,2800,0.484417,14,8.47428,0,0,81939127124
37.9163,26.3739,4.88401,69,66,63,1330,2800,0.484417,14,8.47428,0,0,81965500514
38.2454,26.1469,4.88401,69,66,63,1330,2800,0.484417,14,8.47428,0,0,81991647259
40.7115,24.5631,4.88401,69,66,63,1330,2800,0.484417,14,8.47428,0,0,82016210584
38.2552,26.1402,4.88401,69,66,63,1330,2800,0.484417,14,8.47428,0,0,82042350917
38.3845,26.0522,4.88401,69,66,63,1330,2800,0.484417,14,8.47428,0,0,82068403726
38.9543,25.6711,4.88401,69,66,63,1330,2800,0.484417,14,8.47428,0,0,82094075941
40.6346,24.6096,4.88401,69,66,63,1330,2800,0.484417,14,8.47428,0,0,82118684390
38.9008,25.7064,4.88401,69,66,63,1330,2800,0.484417,14,8.47428,0,0,82144392242
37.4147,26.7274,4.88401,69,66,63,1330,2800,0.484417,14,8.47428,0,0,82171119266
38.7025,25.8381,4.88401,69,66,63,1330,2800,0.484417,14,8.47428,0,0,82196957252
40.7219,24.5568,4.88401,69,66,63,1330,2800,0.484417,14,8.47428,0,0,82221515477
37.3391,26.7816,4.88401,69,66,63,1330,2800,0.484417,14,8.47428,0,0,82248298425
41.1028,24.3292,4.88401,69,66,63,1330,2800,0.484417,14,8.47428,0,0,82272626489
33.1615,30.1555,4.88401,69,66,63,1330,2800,0.484417,14,8.47428,0,0,82302782945
37.8711,26.4054,4.88401,69,66,63,1330,2800,0.484417,14,8.47428,0,0,82329188706
40.3699,24.7709,4.88401,69,66,63,1330,2800,0.484417,14,8.47428,0,0,82353959280
43.0445,23.2318,4.88401,69,66,63,1330,2800,0.484417,14,8.47428,0,0,82377191739
39.4979,25.3178,4.88401,69,66,63,1330,2800,0.484417,14,8.47428,0,0,82402509789
37.0322,27.0036,4.88401,69,66,63,1330,2800,0.484417,14,8.47428,0,0,82429517669
40.141,24.9122,4.85437,69,62,64,1348,2800,0.484417,27,8.47376,0,0,82454425531
39.5263,25.2996,4.85437,69,62,64,1348,2800,0.484417,27,8.47376,0,0,82479727531
38.2349,26.1541,4.85437,69,62,64,1348,2800,0.484417,27,8.47376,0,0,82505879787
36.9879,27.0359,4.85437,69,62,64,1348,2800,0.484417,27,8.47376,0,0,82532918926
39.5068,25.3121,4.85437,69,62,64,1348,2800,0.484417,27,8.47376,0,0,82558228671
36.5296,27.375,4.85437,69,62,64,1348,2800,0.484417,27,8.47376,0,0,82585604231
39.006,25.6371,4.85437,69,62,64,1348,2800,0.484417,27,8.47376,0,0,82611243404
41.3609,24.1774,4.85437,69,62,64,1348,2800,0.484417,27,8.47376,0,0,82635420003
42.324,23.6273,4.85437,69,62,64,1348,2800,0.484417,27,8.47376,0,0,82659047503
37.4053,26.7342,4.85437,69,62,64,1348,2800,0.484417,27,8.47376,0,0,82685781359
39.8344,25.1039,4.85437,69,62,64,1348,2800,0.484417,27,8.47376,0,0,82710885969
37.6309,26.5739,4.85437,69,62,64,1348,2800,0.484417,27,8.47376,0,0,82737460607
38.6414,25.879,4.85437,69,62,64,1348,2800,0.484417,27,8.47376,0,0,82763339430
40.5841,24.6402,4.85437,69,62,64,1348,2800,0.484417,27,8.47376,0,0,82787979969
38.5238,25.958,4.85437,69,62,64,1348,2800,0.484417,27,8.47376,0,0,82813945184
38.0002,26.3157,4.85437,69,62,64,1348,2800,0.484417,27,8.47376,0,0,82840254213
38.5286,25.9547,4.85437,69,62,64,1348,2800,0.484417,27,8.47376,0,0,82866208918
38.5853,25.9166,4.85437,69,62,64,1348,2800,0.484417,27,8.47376,0,0,82892126924
39.1185,25.5634,4.85437,69,62,64,1348,2800,0.484417,27,8.47376,0,0,82917689874
36.9939,27.0315,4.85437,69,62,64,1348,2800,0.484417,27,8.47376,0,0,82944723663
40.3826,24.7631,4.40098,69,67,64,1308,2800,0.484417,12,8.47072,0,0,82969484789
37.2139,26.8717,4.40098,69,67,64,1308,2800,0.484417,12,8.47072,0,0,82996357987
40.7996,24.51,4.40098,69,67,64,1308,2800,0.484417,12,8.47072,0,0,83020867771
39.5192,25.3042,4.40098,69,67,64,1308,2800,0.484417,12,8.47072,0,0,83046172898
37.23,26.8601,4.40098,69,67,64,1308,2800,0.484417,12,8.47072,0,0,83073033051
39.677,25.2035,4.40098,69,67,64,1308,2800,0.484417,12,8.47072,0,0,83098236126
39.0745,25.5922,4.40098,69,67,64,1308,2800,0.484417,12,8.47072,0,0,83123830645
37.3013,26.8087,4.40098,69,67,64,1308,2800,0.484417,12,8.47072,0,0,83150638661
41.053,24.3587,4.40098,69,67,64,1308,2800,0.484417,12,8.47072,0,0,83174998374
36.5654,27.3483,4.40098,69,67,64,1308,2800,0.484417,12,8.47072,0,0,83202346192
37.9023,26.3836,4.40098,69,67,64,1308,2800,0.484417,12,8.47072,0,0,83228732456
40.4468,24.7239,4.40098,69,67,64,1308,2800,0.484417,12,8.47072,0,0,83253455571
41.8293,23.9067,4.40098,69,67,64,1308,2800,0.484417,12,8.47072,0,0,83277362404
36.6709,27.2696,4.40098,69,67,64,1308,2800,0.484417,12,8.47072,0,0,83304631444
38.004,26.313,4.40098,69,67,64,1308,2800,0.484417,12,8.47072,0,0,83330944932
29.3592,34.0609,4.40098,69,67,64,1308,2800,0.484417,12,8.47072,0,0,83365008407
38.1694,26.199,4.40098,69,67,64,1308,2800,0.484417,12,8.47072,0,0,83391205016
39.711,25.1819,4.40098,69,67,64,1308,2800,0.484417,12,8.47072,0,0,83416388584
41.2446,24.2456,4.40098,69,67,64,1308,2800,0.484417,12,8.47072,0,0,83440635315
42.2321,23.6787,4.40098,69,67,64,1308,2800,0.484417,12,8.47072,0,0,83464317557
41.0056,24.3869,4.5067,69,63,65,1360,2800,0.484417,28,8.46898,0,0,83488700484
41.278,24.226,4.5067,69,63,65,1360,2800,0.484417,28,8.46898,0,0,83512927147
36.8896,27.1079,4.5067,69,63,65,1360,2800,0.484417,28,8.46898,0,0,83540037350
38.7558,25.8026,4.5067,69,63,65,1360,2800,0.484417,28,8.46898,0,0,83565839609
39.4995,25.3168,4.5067,69,63,65,1360,2800,0.484417,28,8.46898,0,0,83591156096
35.6206,28.0736,4.5067,69,63,65,1360,2800,0.484417,28,8.46898,0,0,83619228914
39.573,25.2697,4.5067,69,63,65,1360,2800,0.484417,28,8.46898,0,0,83644499957
36.3568,27.5052,4.5067,69,63,65,1360,2800,0.484417,28,8.46898,0,0,83672004489
41.1318,24.3121,4.5067,69,63,65,1360,2800,0.484417,28,8.46898,0,0,83696317835
42.2338,23.6777,4.5067,69,63,65,1360,2800,0.484417,28,8.46898,0,0,83719996400
39.2431,25.4822,4.5067,69,63,65,1360,2800,0.484417,28,8.46898,0,0,83745478098
37.4135,26.7283,4.5067,69,63,65,1360,2800,0.484417,28,8.46898,0,0,83772207345
32.4556,30.8113,4.5067,69,63,65,1360,2800,0.484417,28,8.46898,0,0,83803019872
36.7994,27.1744,4.5067,69,63,65,1360,2800,0.484417,28,8.46898,0,0,83830193103
39.1495,25.5431,4.5067,69,63,65,1360,2800,0.484417,28,8.46898,0,0,83855736476
42.7396,23.3975,4.5067,69,63,65,1360,2800,0.484417,28,8.46898,0,0,83879136038
41.9785,23.8217,4.5067,69,63,65,1360,2800,0.484417,28,8.46898,0,0,83902956159
38.6046,25.9037,4.5067,69,63,65,1360,2800,0.484417,28,8.46898,0,0,83928861641
41.6168,24.0287,4.5067,69,63,65,1360,2800,0.484417,28,8.46898,0,0,83952890444
38.0155,26.3051,4.5067,69,63,65,1360,2800,0.484417,28,8.46898,0,0,83979199944
39.0059,25.6371,4.6683,69,66,64,1387,2800,0.484417,13,8.4675,0,0,84004833286
38.4349,26.018,4.6683,69,66,64,1387,2800,0.484417,13,8.4675,0,0,84030851871
40.0711,24.9557,4.6683,69,66,64,1387,2800,0.484417,13,8.4675,0,0,84055806279
37.71,26.5182,4.6683,69,66,64,1387,2800,0.484417,13,8.4675,0,0,84082325894
40.1269,24.9209,4.6683,69,66,64,1387,2800,0.484417,13,8.4675,0,0,84107247250
37.4705,26.6877,4.6683,69,66,64,1387,2800,0.484417,13,8.4675,0,0,84133935100
40.0116,24.9927,4.6683,69,66,64,1387,2800,0.484417,13,8.4675,0,0,84158928592
35.2875,28.3386,4.6683,69,66,64,1387,2800,0.484417,13,8.4675,0,0,84187267068
39.6827,25.1999,4.6683,69,66,64,1387,2800,0.484417,13,8.4675,0,0,84212466757
37.2773,26.826,4.6683,69,66,64,1387,2800,0.484417,13,8.4675,0,0,84239292957
42.0048,23.8068,4.6683,69,66,64,1387,2800,0.484417,13,8.4675,0,0,84263099853
40.2487,24.8455,4.6683,69,66,64,1387,2800,0.484417,13,8.4675,0,0,84287945828
40.1865,24.884,4.6683,69,66,64,1387,2800,0.484417,13,8.4675,0,0,84312830716
36.2883,27.5571,4.6683,69,66,64,1387,2800,0.484417,13,8.4675,0,0,84340388017
40.4745,24.7069,4.6683,69,66,64,1387,2800,0.484417,13,8.4675,0,0,84365094941
40.6197,24.6186,4.6683,69,66,64,1387,2800,0.484417,13,8.4675,0,0,84389713920
37.1759,26.8991,4.6683,69,66,64,1387,2800,0.484417,13,8.4675,0,0,84416613237
39.4738,25.3333,4.6683,69,66,64,1387,2800,0.484417,13,8.4675,0,0,84441946226
37.1305,26.932,4.6683,69,66,64,1387,2800,0.484417,13,8.4675,0,0,84468878444
39.4697,25.3359,4.6683,69,66,64,1387,2800,0.484417,13,8.4675,0,0,84494223055
38.3788,26.0561,4.29448,69,64,64,1241,2800,0.484417,30,8.46755,0,0,84520271485
41.4559,24.122,4.29448,69,64,64,1241,2800,0.484417,30,8.46755,0,0,84544394194
38.3105,26.1025,4.29448,69,64,64,1241,2800,0.484417,30,8.46755,0,0,84570496425
37.8327,26.4321,4.29448,69,64,64,1241,2800,0.484417,30,8.46755,0,0,84596930139
42.7631,23.3846,4.29448,69,64,64,1241,2800,0.484417,30,8.46755,0,0,84620315204
38.0372,26.29,4.29448,69,64,64,1241,2800,0.484417,30,8.46755,0,0,84646604055
38.6078,25.9015,4.29448,69,64,64,1241,2800,0.484417,30,8.46755,0,0,84672506913
35.3948,28.2527,4.29448,69,64,64,1241,2800,0.484417,30,8.46755,0,0,84700759939
41.7604,23.9461,4.29448,69,64,64,1241,2800,0.484417,30,8.46755,0,0,84724705114
39.0386,25.6157,4.29448,69,64,64,1241,2800,0.484417,30,8.46755,0,0,84750322506
38.7128,25.8312,4.29448,69,64,64,1241,2800,0.484417,30,8.46755,0,0,84776153719
39.294,25.4492,4.29448,69,64,64,1241,2800,0.484417,30,8.46755,0,0,84801602555
35.7222,27.9938,4.29448,69,64,64,1241,2800,0.484417,30,8.46755,0,0,84829597006
42.974,23.2699,4.29448,69,64,64,1241,2800,0.484417,30,8.46755,0,0,84852866915
36.7061,27.2434,4.29448,69,64,64,1241,2800,0.484417,30,8.46755,0,0,84880113022
40.2403,24.8507,4.29448,69,64,64,1241,2800,0.484417,30,8.46755,0,0,84904961983
39.179,25.5239,4.29448,69,64,64,1241,2800,0.484417,30,8.46755,0,0,84930486611
38.9593,25.6678,4.29448,69,64,64,1241,2800,0.484417,30,8.46755,0,0,84956153166
38.3804,26.055,4.29448,69,64,64,1241,2800,0.484417,30,8.46755,0,0,84982208579
39.4312,25.3606,4.29448,69,64,64,1241,2800,0.484417,30,8.46755,0,0,85007574620
37.4491,26.7029,4.18719,69,68,64,1270,2800,0.484417,10,8.46958,0,0,85034274953
40.3386,24.7902,4.18719,69,68,64,1270,2800,0.484417,10,8.46958,0,0,85059064483
36.3579,27.5043,4.18719,69,68,64,1270,2800,0.484417,10,8.46958,0,0,85086570277
41.502,24.0952,4.18719,69,68,64,1270,2800,0.484417,10,8.46958,0,0,85110665193
32.8879,30.4063,4.18719,69,68,64,1270,2800,0.484417,10,8.46958,0,0,85141070416
39.4859,25.3255,4.18719,69,68,64,1270,2800,0.484417,10,8.46958,0,0,85166397474
40.8105,24.5035,4.18719,69,68,64,1270,2800,0.484417,10,8.46958,0,0,85190900746
42.9989,23.2564,4.18719,69,68,64,1270,2800,0.484417,10,8.46958,0,0,85214156649
36.1343,27.6745,4.18719,69,68,64,1270,2800,0.484417,10,8.46958,0,0,85241833704
40.214,24.8669,4.18719,69,68,64,1270,2800,0.484417,10,8.46958,0,0,85266699436
40.8958,24.4524,4.18719,69,68,64,1270,2800,0.484417,10,8.46958,0,0,85291151523
35.7502,27.9719,4.18719,69,68,64,1270,2800,0.484417,10,8.46958,0,0,85319125485
33.4339,29.9098,4.18719,69,68,64,1270,2800,0.484417,10,8.46958,0,0,85349034207
38.0091,26.3095,4.18719,69,68,64,1270,2800,0.484417,10,8.46958,0,0,85375344619
44.5477,22.4478,4.18719,69,68,64,1270,2800,0.484417,10,8.46958,0,0,85397792806
42.5733,23.4889,4.18719,69,68,64,1270,2800,0.484417,10,8.46958,0,0,85421281596
40.1767,24.8901,4.18719,69,68,64,1270,2800,0.484417,10,8.46958,0,0,85446172375
37.9681,26.3379,4.18719,69,68,64,1270,2800,0.484417,10,8.46958,0,0,85472510819
38.4198,26.0282,4.18719,69,68,64,1270,2800,0.484417,10,8.46958,0,0,85498539533
41.0019,24.3891,4.18719,69,68,64,1270,2800,0.484417,10,8.46958,0,0,85522933861
39.1965,25.5125,4.29975,69,64,64,1474,2800,0.484417,25,8.46957,0,0,85548441347
38.9214,25.6928,4.29975,69,64,64,1474,2800,0.484417,25,8.46957,0,0,85574135373
36.6831,27.2605,4.29975,69,64,64,1474,2800,0.484417,25,8.46957,0,0,85601395607
39.0243,25.6251,4.29975,69,64,64,1474,2800,0.484417,25,8.46957,0,0,85627021234
31.6977,31.548,4.29975,69,64,64,1474,2800,0.484417,25,8.46957,0,0,85658569461
43.5993,22.9362,4.29975,69,64,64,1474,2800,0.484417,25,8.46957,0,0,85681505283
42.7041,23.417,4.29975,69,64,64,1474,2800,0.484417,25,8.46957,0,0,85704921677
36.0229,27.7601,4.29975,69,64,64,1474,2800,0.484417,25,8.46957,0,0,85732683381
41.6594,24.0042,4.29975,69,64,64,1474,2800,0.484417,25,8.46957,0,0,85756687808
41.3947,24.1577,4.29975,69,64,64,1474,2800,0.484417,25,8.46957,0,0,85780844290
36.4771,27.4145,4.29975,69,64,64,1474,2800,0.484417,25,8.46957,0,0,85808260436
34.2567,29.1913,4.29975,69,64,64,1474,2800,0.484417,25,8.46957,0,0,85837452353
48.5606,20.5928,4.29975,69,64,64,1474,2800,0.484417,25,8.46957,0,0,85858044429
34.3112,29.145,4.29975,69,64,64,1474,2800,0.484417,25,8.46957,0,0,85887192133
44.756,22.3434,4.29975,69,64,64,1474,2800,0.484417,25,8.46957,0,0,85909535554
36.7144,27.2373,4.29975,69,64,64,1474,2800,0.484417,25,8.46957,0,0,85936773235
35.751,27.9712,4.29975,69,64,64,1474,2800,0.484417,25,8.46957,0,0,85964744683
34.8913,28.6605,4.29975,69,64,64,1474,2800,0.484417,25,8.46957,0,0,85993404231
43.3092,23.0898,4.29975,69,64,64,1474,2800,0.484417,25,8.46957,0,0,86016495755
38.5414,25.9461,4.29975,69,64,64,1474,2800,0.484417,25,8.46957,0,0,86042445541
44.5792,22.432,4.98783,69,65,65,1441,2800,0.484417,14,8.46796,0,0,86064873060
35.7404,27.9796,4.98783,69,65,65,1441,2800,0.484417,14,8.46796,0,0,86092852963
43.4021,23.0404,4.98783,69,65,65,1441,2800,0.484417,14,8.46796,0,0,86115894083
35.3776,28.2664,4.98783,69,65,65,1441,2800,0.484417,14,8.46796,0,0,86144160995
41.401,24.154,4.98783,69,65,65,1441,2800,0.484417,14,8.46796,0,0,86168315263
40.7939,24.5135,4.98783,69,65,65,1441,2800,0.484417,14,8.46796,0,0,86192828564
38.3055,26.1059,4.98783,69,65,65,1441,2800,0.484417,14,8.46796,0,0,86218936376
37.0547,26.9871,4.98783,69,65,65,1441,2800,0.484417,14,8.46796,0,0,86245922115
37.2295,26.8604,4.98783,69,65,65,1441,2800,0.484417,14,8.46796,0,0,86272784041
40.159,24.901,4.98783,69,65,65,1441,2800,0.484417,14,8.46796,0,0,86297684789
40.5309,24.6725,4.98783,69,65,65,1441,2800,0.484417,14,8.46796,0,0,86322358271
39.6548,25.2177,4.98783,69,65,65,1441,2800,0.484417,14,8.46796,0,0,86347574661
37.1032,26.9518,4.98783,69,65,65,1441,2800,0.484417,14,8.46796,0,0,86374528339
37.6881,26.5336,4.98783,69,65,65,1441,2800,0.484417,14,8.46796,0,0,86401060818
42.4367,23.5645,4.98783,69,65,65,1441,2800,0.484417,14,8.46796,0,0,86424625780
38.4181,26.0294,4.98783,69,65,65,1441,2800,0.484417,14,8.46796,0,0,86450656558
39.4781,25.3305,4.98783,69,65,65,1441,2800,0.484417,14,8.46796,0,0,86475987543
37.2609,26.8378,4.98783,69,65,65,1441,2800,0.484417,14,8.46796,0,0,86502824873
37.639,26.5682,4.98783,69,65,65,1441,2800,0.484417,14,8.46796,0,0,86529394381
40.4232,24.7383,4.98783,69,65,65,1441,2800,0.484417,14,8.46796,0,0,86554136081
36.1926,27.6299,4.81482,69,67,63,1371,2800,0.484417,20,8.4689,0,0,86581762411
39.6391,25.2276,4.81482,69,67,63,1371,2800,0.484417,20,8.4689,0,0,86606991084
38.7263,25.8222,4.81482,69,67,63,1371,2800,0.484417,20,8.4689,0,0,86632813390
42.4804,23.5403,4.81482,69,67,63,1371,2800,0.484417,20,8.4689,0,0,86656354538
30.9622,32.2975,4.81482,69,67,63,1371,2800,0.484417,20,8.4689,0,0,86688652702
40.4736,24.7075,4.81482,69,67,63,1371,2800,0.484417,20,8.4689,0,0,86713358464
36.1473,27.6646,4.81482,69,67,63,1371,2800,0.484417,20,8.4689,0,0,86741023487
43.9628,22.7465,4.81482,69,67,63,1371,2800,0.484417,20,8.4689,0,0,86763770324
40.4192,24.7407,4.81482,69,67,63,1371,2800,0.484417,20,8.4689,0,0,86788512234
38.7119,25.8319,4.81482,69,67,63,1371,2800,0.484417,20,8.4689,0,0,86814344510
38.509,25.968,4.81482,69,67,63,1371,2800,0.484417,20,8.4689,0,0,86840313471
42.4011,23.5843,4.81482,69,67,63,1371,2800,0.484417,20,8.4689,0,0,86863897229
36.2797,27.5636,4.81482,69,67,63,1371,2800,0.484417,20,8.4689,0,0,86891461483
41.6764,23.9944,4.81482,69,67,63,1371,2800,0.484417,20,8.4689,0,0,86915456141
39.1513,25.5419,4.81482,69,67,63,1371,2800,0.484417,20,8.4689,0,0,86940998823
36.0674,27.7259,4.81482,69,67,63,1371,2800,0.484417,20,8.4689,0,0,86968724820
38.9633,25.6652,4.81482,69,67,63,1371,2800,0.484417,20,8.4689,0,0,86994392076
41.0179,24.3796,4.81482,69,67,63,1371,2800,0.484417,20,8.4689,0,0,87018770394
39.706,25.1851,4.81482,69,67,63,1371,2800,0.484417,20,8.4689,0,0,87043954493
37.0874,26.9634,4.81482,69,67,63,1371,2800,0.484417,20,8.4689,0,0,87070921978
39.8121,25.118,5.25672,69,64,65,1324,2800,0.484417,25,8.46845,0,0,87096036627
40.5183,24.6802,5.25672,69,64,65,1324,2800,0.484417,25,8.46845,0,0,87120718244
30.6907,32.5832,5.25672,69,64,65,1324,2800,0.484417,25,8.46845,0,0,87153301091
37.3868,26.7474,5.25672,69,64,65,1324,2800,0.484417,25,8.46845,0,0,87180049896
40.6836,24.5799,5.25672,69,64,65,1324,2800,0.484417,25,8.46845,0,0,87204629131
43.2707,23.1103,5.25672,69,64,65,1324,2800,0.484417,25,8.46845,0,0,87227741364
43.8971,22.7805,5.25672,69,64,65,1324,2800,0.484417,25,8.46845,0,0,87250521323
39.2841,25.4556,5.25672,69,64,65,1324,2800,0.484417,25,8.46845,0,0,87275977333
36.331,27.5247,5.25672,69,64,65,1324,2800,0.484417,25,8.46845,0,0,87303502634
37.8359,26.4299,5.25672,69,64,65,1324,2800,0.484417,25,8.46845,0,0,87329932430
29.0709,34.3986,5.25672,69,64,65,1324,2800,0.484417,25,8.46845,0,0,87364330112
28.8754,34.6316,5.25672,69,64,65,1324,2800,0.484417,25,8.46845,0,0,87398963756
31.8998,31.3482,5.25672,69,64,65,1324,2800,0.484417,25,8.46845,0,0,87430310245
35.4898,28.1771,5.25672,69,64,65,1324,2800,0.484417,25,8.46845,0,0,87458488530
35.9087,27.8484,5.25672,69,64,65,1324,2800,0.484417,25,8.46845,0,0,87486336246
40.0241,24.985,5.25672,69,64,65,1324,2800,0.484417,25,8.46845,0,0,87511321382
40.8177,24.4992,5.25672,69,64,65,1324,2800,0.484417,25,8.46845,0,0,87535820637
41.532,24.0778,5.25672,69,64,65,1324,2800,0.484417,25,8.46845,0,0,87559898952
40.573,24.647,5.25672,69,64,65,1324,2800,0.484417,25,8.46845,0,0,87584551695
41.0509,24.36,5.04305,69,68,64,1488,2800,0.484417,17,8.4693,0,0,87608908102
35.5008,28.1683,5.04305,69,68,64,1488,2800,0.484417,17,8.4693,0,0,87637075817
39.2317,25.4896,5.04305,69,68,64,1488,2800,0.484417,17,8.4693,0,0,87662566652
39.9028,25.0609,5.04305,69,68,64,1488,2800,0.484417,17,8.4693,0,0,87687627270
40.7578,24.5352,5.04305,69,68,64,1488,2800,0.484417,17,8.4693,0,0,87712162723
37.2419,26.8515,5.04305,69,68,64,1488,2800,0.484417,17,8.4693,0,0,87739014059
38.4605,26.0007,5.04305,69,68,64,1488,2800,0.484417,17,8.4693,0,0,87765015181
41.6997,23.981,5.04305,69,68,64,1488,2800,0.484417,17,8.4693,0,0,87788995633
34.8121,28.7256,5.04305,69,68,64,1488,2800,0.484417,17,8.4693,0,0,87817721977
42.083,23.7626,5.04305,69,68,64,1488,2800,0.484417,17,8.4693,0,0,87841486593
38.0504,26.2809,5.04305,69,68,64,1488,2800,0.484417,17,8.4693,0,0,87867765647
40.5045,24.6886,5.04305,69,68,64,1488,2800,0.484417,17,8.4693,0,0,87892455699
38.7061,25.8357,5.04305,69,68,64,1488,2800,0.484417,17,8.4693,0,0,87918291932
39.5117,25.309,5.04305,69,68,64,1488,2800,0.484417,17,8.4693,0,0,87943600455
35.5857,28.1012,5.04305,69,68,64,1488,2800,0.484417,17,8.4693,0,0,87971701566
38.9539,25.6714,5.04305,69,68,64,1488,2800,0.484417,17,8.4693,0,0,87997373119
40.6732,24.5862,5.04305,69,68,64,1488,2800,0.484417,17,8.4693,0,0,88021958957
38.1439,26.2165,5.04305,69,68,64,1488,2800,0.484417,17,8.4693,0,0,88048176374
40.1476,24.9081,5.04305,69,68,64,1488,2800,0.484417,17,8.4693,0,0,88073084857
38.5706,25.9265,5.04305,69,68,64,1488,2800,0.484417,17,8.4693,0,0,88099014404
40.1945,24.8791,4.55105,69,63,64,1307,2800,0.484417,27,8.46832,0,0,88123890335
36.2383,27.5951,4.55105,69,63,64,1307,2800,0.484417,27,8.46832,0,0,88151485788
40.1117,24.9304,4.55105,69,63,64,1307,2800,0.484417,27,8.46832,0,0,88176417133
36.7155,27.2364,4.55105,69,63,64,1307,2800,0.484417,27,8.46832,0,0,88203653853
39.4646,25.3392,4.55105,69,63,64,1307,2800,0.484417,27,8.46832,0,0,88228993664
40.8184,24.4988,4.55105,69,63,64,1307,2800,0.484417,27,8.46832,0,0,88253491456
40.0363,24.9774,4.55105,69,63,64,1307,2800,0.484417,27,8.46832,0,0,88278469299
36.9793,27.0421,4.55105,69,63,64,1307,2800,0.484417,27,8.46832,0,0,88305512275
38.9957,25.6439,4.55105,69,63,64,1307,2800,0.484417,27,8.46832,0,0,88331156307
38.6881,25.8478,4.55105,69,63,64,1307,2800,0.484417,27,8.46832,0,0,88357004582
40.5058,24.6878,4.55105,69,63,64,1307,2800,0.484417,27,8.46832,0,0,88381692100
36.5244,27.379,4.55105,69,63,64,1307,2800,0.484417,27,8.46832,0,0,88409070946
36.2003,27.6241,4.55105,69,63,64,1307,2800,0.484417,27,8.46832,0,0,88436696465
46.2263,21.6327,4.55105,69,63,64,1307,2800,0.484417,27,8.46832,0,0,88458328963
37.2559,26.8414,4.55105,69,63,64,1307,2800,0.484417,27,8.46832,0,0,88485170882
40.1888,24.8826,4.55105,69,63,64,1307,2800,0.484417,27,8.46832,0,0,88510053455
35.6575,28.0446,4.55105,69,63,64,1307,2800,0.484417,27,8.46832,0,0,88538098421
38.0506,26.2808,4.55105,69,63,64,1307,2800,0.484417,27,8.46832,0,0,88564380430
43.6525,22.9082,4.55105,69,63,64,1307,2800,0.484417,27,8.46832,0,0,88587287548
37.1944,26.8858,4.55105,69,63,64,1307,2800,0.484417,27,8.46832,0,0,88614178349
38.879,25.7208,4.30504,69,67,64,1262,2800,0.484417,16,8.4679,0,0,88639894266
38.7702,25.793,4.30504,69,67,64,1262,2800,0.484417,16,8.4679,0,0,88665688450
37.1614,26.9096,4.30504,69,67,64,1262,2800,0.484417,16,8.4679,0,0,88692597815
35.3167,28.3152,4.30504,69,67,64,1262,2800,0.484417,16,8.4679,0,0,88720914300
38.9644,25.6645,4.30504,69,67,64,1262,2800,0.484417,16,8.4679,0,0,88746578410
41.0418,24.3654,4.30504,69,67,64,1262,2800,0.484417,16,8.4679,0,0,88770943874
38.0432,26.2859,4.30504,69,67,64,1262,2800,0.484417,16,8.4679,0,0,88797232204
39.4714,25.3348,4.30504,69,67,64,1262,2800,0.484417,16,8.4679,0,0,88822565073
38.6286,25.8876,4.30504,69,67,64,1262,2800,0.484417,16,8.4679,0,0,88848453103
38.6813,25.8523,4.30504,69,67,64,1262,2800,0.484417,16,8.4679,0,0,88874306457
42.503,23.5278,4.30504,69,67,64,1262,2800,0.484417,16,8.4679,0,0,88897833478
40.3477,24.7845,4.30504,69,67,64,1262,2800,0.484417,16,8.4679,0,0,88922618900
40.6388,24.607,4.30504,69,67,64,1262,2800,0.484417,16,8.4679,0,0,88947227119
33.9883,29.4219,4.30504,69,67,64,1262,2800,0.484417,16,8.4679,0,0,88976648166
39.3363,25.4218,4.30504,69,67,64,1262,2800,0.484417,16,8.4679,0,0,89002071284
37.6995,26.5255,4.30504,69,67,64,1262,2800,0.484417,16,8.4679,0,0,89028596449
39.6412,25.2263,4.30504,69,67,64,1262,2800,0.484417,16,8.4679,0,0,89053822937
42.3757,23.5984,4.30504,69,67,64,1262,2800,0.484417,16,8.4679,0,0,89077421984
39.3261,25.4284,4.30504,69,67,64,1262,2800,0.484417,16,8.4679,0,0,89102849980
36.8623,27.128,4.30504,69,67,64,1262,2800,0.484417,16,8.4679,0,0,89129982264
40.8466,24.4819,4.79705,69,63,65,1255,2800,0.484417,24,8.47049,0,0,89154460960
40.063,24.9607,4.79705,69,63,65,1255,2800,0.484417,24,8.47049,0,0,89179422152
36.5385,27.3684,4.79705,69,63,65,1255,2800,0.484417,24,8.47049,0,0,89206791390
38.1333,26.2238,4.79705,69,63,65,1255,2800,0.484417,24,8.47049,0,0,89233015039
38.0363,26.2907,4.79705,69,63,65,1255,2800,0.484417,24,8.47049,0,0,89259305574
37.1705,26.903,4.79705,69,63,65,1255,2800,0.484417,24,8.47049,0,0,89286208567
40.7178,24.5593,4.79705,69,63,65,1255,2800,0.484417,24,8.47049,0,0,89310769147
40.6444,24.6036,4.79705,69,63,65,1255,2800,0.484417,24,8.47049,0,0,89335372227
33.1849,30.1342,4.79705,69,63,65,1255,2800,0.484417,24,8.47049,0,0,89365506672
40.5384,24.6679,4.79705,69,63,65,1255,2800,0.484417,24,8.47049,0,0,89390174783
42.8627,23.3303,4.79705,69,63,65,1255,2800,0.484417,24,8.47049,0,0,89413506177
37.8343,26.431,4.79705,69,63,65,1255,2800,0.484417,24,8.47049,0,0,89439938117
40.5396,24.6673,4.79705,69,63,65,1255,2800,0.484417,24,8.47049,0,0,89464605778
40.8338,24.4895,4.79705,69,63,65,1255,2800,0.484417,24,8.47049,0,0,89489094072
37.9259,26.3672,4.79705,69,63,65,1255,2800,0.484417,24,8.47049,0,0,89515463685
38.7583,25.801,4.79705,69,63,65,1255,2800,0.484417,24,8.47049,0,0,89541263249
34.5348,28.9563,4.79705,69,63,65,1255,2800,0.484417,24,8.47049,0,0,89570219835
46.8067,21.3644,4.79705,69,63,65,1255,2800,0.484417,24,8.47049,0,0,89591584019
37.3543,26.7707,4.79705,69,63,65,1255,2800,0.484417,24,8.47049,0,0,89618356167
40.6282,24.6134,4.79705,69,63,65,1255,2800,0.484417,24,8.47049,0,0,89642975467
30.5887,32.6918,5.50122,69,65,63,1279,2800,0.484417,18,8.47168,0,0,89675661358
41.181,24.283,5.50122,69,65,63,1279,2800,0.484417,18,8.47168,0,0,89699947012
42.4882,23.536,5.50122,69,65,63,1279,2800,0.484417,18,8.47168,0,0,89723481307
41.6567,24.0058,5.50122,69,65,63,1279,2800,0.484417,18,8.47168,0,0,89747489000
39.0377,25.6162,5.50122,69,65,63,1279,2800,0.484417,18,8.47168,0,0,89773105510
37.3005,26.8093,5.50122,69,65,63,1279,2800,0.484417,18,8.47168,0,0,89799913736
34.7169,28.8044,5.50122,69,65,63,1279,2800,0.484417,18,8.47168,0,0,89828720010
43.8206,22.8203,5.50122,69,65,63,1279,2800,0.484417,18,8.47168,0,0,89851539223
36.4405,27.442,5.50122,69,65,63,1279,2800,0.484417,18,8.47168,0,0,89878981628
42.9553,23.28,5.50122,69,65,63,1279,2800,0.484417,18,8.47168,0,0,89902261235
34.7377,28.7872,5.50122,69,65,63,1279,2800,0.484417,18,8.47168,0,0,89931049085
38.0659,26.2702,5.50122,69,65,63,1279,2800,0.484417,18,8.47168,0,0,89957319381
40.1906,24.8815,5.50122,69,65,63,1279,2800,0.484417,18,8.47168,0,0,89982201745
43.0528,23.2273,5.50122,69,65,63,1279,2800,0.484417,18,8.47168,0,0,90005430096
38.0247,26.2987,5.50122,69,65,63,1279,2800,0.484417,18,8.47168,0,0,90031728024
39.2956,25.4481,5.50122,69,65,63,1279,2800,0.484417,18,8.47168,0,0,90057177712
40.0124,24.9923,5.50122,69,65,63,1279,2800,0.484417,18,8.47168,0,0,90082171614
39.4305,25.3611,5.50122,69,65,63,1279,2800,0.484417,18,8.47168,0,0,90107529941
38.453,26.0058,5.50122,69,65,63,1279,2800,0.484417,18,8.47168,0,0,90133536753
31.6404,31.6052,5.50122,69,65,63,1279,2800,0.484417,18,8.47168,0,0,90165145163
43.3115,23.0885,5.7623,69,66,63,1130,2800,0.484417,21,8.47097,0,0,90188229955
43.6092,22.9309,5.7623,69,66,63,1130,2800,0.484417,21,8.47097,0,0,90211160827
36.3592,27.5034,5.7623,69,66,63,1130,2800,0.484417,21,8.47097,0,0,90238665359
40.3018,24.8128,5.7623,69,66,63,1130,2800,0.484417,21,8.47097,0,0,90263477862
40.9831,24.4003,5.7623,69,66,63,1130,2800,0.484417,21,8.47097,0,0,90287880656
39.1127,25.5671,5.7623,69,66,63,1130,2800,0.484417,21,8.47097,0,0,90313447022
35.4495,28.2092,5.7623,69,66,63,1130,2800,0.484417,21,8.47097,0,0,90341656426
35.8079,27.9268,5.7623,69,66,63,1130,2800,0.484417,21,8.47097,0,0,90369584162
36.8075,27.1684,5.7623,69,66,63,1130,2800,0.484417,21,8.47097,0,0,90396752984
46.4152,21.5447,5.7623,69,66,63,1130,2800,0.484417,21,8.47097,0,0,90418296525
39.4145,25.3714,5.7623,69,66,63,1130,2800,0.484417,21,8.47097,0,0,90443669007
39.2537,25.4753,5.7623,69,66,63,1130,2800,0.484417,21,8.47097,0,0,90469145014
37.9583,26.3447,5.7623,69,66,63,1130,2800,0.484417,21,8.47097,0,0,90495490452
41.1427,24.3056,5.7623,69,66,63,1130,2800,0.484417,21,8.47097,0,0,90519794370
39.6495,25.221,5.7623,69,66,63,1130,2800,0.484417,21,8.47097,0,0,90545017202
37.8692,26.4067,5.7623,69,66,63,1130,2800,0.484417,21,8.47097,0,0,90571423334
38.3893,26.049,5.7623,69,66,63,1130,2800,0.484417,21,8.47097,0,0,90597473558
36.7288,27.2266,5.7623,69,66,63,1130,2800,0.484417,21,8.47097,0,0,90624699407
42.4976,23.5307,5.7623,69,66,63,1130,2800,0.484417,21,8.47097,0,0,90648230746
38.0754,26.2637,5.7623,69,66,63,1130,2800,0.484417,21,8.47097,0,0,90674500683
36.5825,27.3354,5.07426,69,64,64,1237,2800,0.484417,23,8.47095,0,0,90701830968
42.0339,23.7903,5.07426,69,64,64,1237,2800,0.484417,23,8.47095,0,0,90725620261
36.6663,27.273,5.07426,69,64,64,1237,2800,0.484417,23,8.47095,0,0,90752894581
39.2171,25.4991,5.07426,69,64,64,1237,2800,0.484417,23,8.47095,0,0,90778393350
39.7871,25.1338,5.07426,69,64,64,1237,2800,0.484417,23,8.47095,0,0,90803529069
36.5594,27.3527,5.07426,69,64,64,1237,2800,0.484417,23,8.47095,0,0,90830881215
40.3607,24.7766,5.07426,69,64,64,1237,2800,0.484417,23,8.47095,0,0,90855659463
40.3436,24.7871,5.07426,69,64,64,1237,2800,0.484417,23,8.47095,0,0,90880446358
36.8249,27.1556,5.07426,69,64,64,1237,2800,0.484417,23,8.47095,0,0,90907601394
40.1101,24.9314,5.07426,69,64,64,1237,2800,0.484417,23,8.47095,0,0,90932532980
38.9658,25.6635,5.07426,69,64,64,1237,2800,0.484417,23,8.47095,0,0,90958197130
39.138,25.5506,5.07426,69,64,64,1237,2800,0.484417,23,8.47095,0,0,90983748267
38.196,26.1807,5.07426,69,64,64,1237,2800,0.484417,23,8.47095,0,0,91009929036
38.9996,25.6413,5.07426,69,64,64,1237,2800,0.484417,23,8.47095,0,0,91035570854
38.7692,25.7937,5.07426,69,64,64,1237,2800,0.484417,23,8.47095,0,0,91061365709
37.5564,26.6266,5.07426,69,64,64,1237,2800,0.484417,23,8.47095,0,0,91087992845
34.9903,28.5794,5.07426,69,64,64,1237,2800,0.484417,23,8.47095,0,0,91116573245
38.5426,25.9453,5.07426,69,64,64,1237,2800,0.484417,23,8.47095,0,0,91142517881
40.2381,24.8521,5.07426,69,64,64,1237,2800,0.484417,23,8.47095,0,0,91167369657
42.5976,23.4755,5.07426,69,64,64,1237,2800,0.484417,23,8.47095,0,0,91190850752
41.2475,24.2439,4.90196,69,69,65,1332,2800,0.484417,16,8.46965,0,0,91215091111
37.8123,26.4464,4.90196,69,69,65,1332,2800,0.484417,16,8.46965,0,0,91241537338
37.0803,26.9685,4.90196,69,69,65,1332,2800,0.484417,16,8.46965,0,0,91268506536
41.8969,23.8681,4.90196,69,69,65,1332,2800,0.484417,16,8.46965,0,0,91292374547
38.4875,25.9824,4.90196,69,69,65,1332,2800,0.484417,16,8.46965,0,0,91318356182
31.035,32.2217,4.90196,69,69,65,1332,2800,0.484417,16,8.46965,0,0,91350578664
37.7122,26.5166,4.90196,69,69,65,1332,2800,0.484417,16,8.46965,0,0,91377096896
43.9407,22.758,4.90196,69,69,65,1332,2800,0.484417,16,8.46965,0,0,91399854564
42.9797,23.2668,4.90196,69,69,65,1332,2800,0.484417,16,8.46965,0,0,91423121246
39.8115,25.1184,4.90196,69,69,65,1332,2800,0.484417,16,8.46965,0,0,91448240484
37.9424,26.3557,4.90196,69,69,65,1332,2800,0.484417,16,8.46965,0,0,91474596922
37.6872,26.5342,4.90196,69,69,65,1332,2800,0.484417,16,8.46965,0,0,91501130273
43.1549,23.1723,4.90196,69,69,65,1332,2800,0.484417,16,8.46965,0,0,91524303801
35.5316,28.144,4.90196,69,69,65,1332,2800,0.484417,16,8.46965,0,0,91552447291
41.7657,23.9431,4.90196,69,69,65,1332,2800,0.484417,16,8.46965,0,0,91576390573
36.9854,27.0377,4.90196,69,69,65,1332,2800,0.484417,16,8.46965,0,0,91603428099
36.3954,27.476,4.90196,69,69,65,1332,2800,0.484417,16,8.46965,0,0,91630904679
42.3724,23.6003,4.90196,69,69,65,1332,2800,0.484417,16,8.46965,0,0,91654504987
39.8514,25.0932,4.90196,69,69,65,1332,2800,0.484417,16,8.46965,0,0,91679598998
37.435,26.7129,4.90196,69,69,65,1332,2800,0.484417,16,8.46965,0,0,91706315972
38.7196,25.8267,4.77356,69,63,64,1280,2800,0.484417,26,8.46995,0,0,91732139802
38.4873,25.9826,4.77356,69,63,64,1280,2800,0.484417,26,8.46995,0,0,91758123190
40.9014,24.449,4.77356,69,63,64,1280,2800,0.484417,26,8.46995,0,0,91782570758
37.9835,26.3272,4.77356,69,63,64,1280,2800,0.484417,26,8.46995,0,0,91808899474
31.7163,31.5295,4.77356,69,63,64,1280,2800,0.484417,26,8.46995,0,0,91840428325
42.572,23.4896,4.77356,69,63,64,1280,2800,0.484417,26,8.46995,0,0,91863917705
47.0816,21.2397,4.77356,69,63,64,1280,2800,0.484417,26,8.46995,0,0,91885157967
37.1404,26.9249,4.77356,69,63,64,1280,2800,0.484417,26,8.46995,0,0,91912084274
38.6959,25.8425,4.77356,69,63,64,1280,2800,0.484417,26,8.46995,0,0,91937927871
36.0947,27.7049,4.77356,69,63,64,1280,2800,0.484417,26,8.46995,0,0,91965632839
42.2846,23.6493,4.77356,69,63,64,1280,2800,0.484417,26,8.46995,0,0,91989281438
40.4794,24.7039,4.77356,69,63,64,1280,2800,0.484417,26,8.46995,0,0,92013985337
38.439,26.0152,4.77356,69,63,64,1280,2800,0.484417,26,8.46995,0,0,92040000555
37.6063,26.5913,4.77356,69,63,64,1280,2800,0.484417,26,8.46995,0,0,92066592766
41.8988,23.867,4.77356,69,63,64,1280,2800,0.484417,26,8.46995,0,0,92090459233
37.4261,26.7193,4.77356,69,63,64,1280,2800,0.484417,26,8.46995,0,0,92117180897
40.2488,24.8454,4.77356,69,63,64,1280,2800,0.484417,26,8.46995,0,0,92142024508
35.2723,28.3508,4.77356,69,63,64,1280,2800,0.484417,26,8.46995,0,0,92170376860
38.1835,26.1893,4.77356,69,63,64,1280,2800,0.484417,26,8.46995,0,0,92196566636
42.3419,23.6173,4.77356,69,63,64,1280,2800,0.484417,26,8.46995,0,0,92220183966
38.8902,25.7134,4.19236,69,66,63,1202,2800,0.484417,15,8.47035,0,0,92245897268
38.7936,25.7774,4.19236,69,66,63,1202,2800,0.484417,15,8.47035,0,0,92271674410
38.8875,25.7152,4.19236,69,66,63,1202,2800,0.484417,15,8.47035,0,0,92297389315
40.0415,24.9741,4.19236,69,66,63,1202,2800,0.484417,15,8.47035,0,0,92322365284
37.4909,26.6731,4.19236,69,66,63,1202,2800,0.484417,15,8.47035,0,0,92349039278
30.5089,32.7773,4.19236,69,66,63,1202,2800,0.484417,15,8.47035,0,0,92381815588
38.8301,25.7532,4.19236,69,66,63,1202,2800,0.484417,15,8.47035,0,0,92407568194
43.1866,23.1553,4.19236,69,66,63,1202,2800,0.484417,15,8.47035,0,0,92430725622
41.8524,23.8935,4.19236,69,66,63,1202,2800,0.484417,15,8.47035,0,0,92454618900
39.7912,25.1312,4.19236,69,66,63,1202,2800,0.484417,15,8.47035,0,0,92479750461
36.3643,27.4995,4.19236,69,66,63,1202,2800,0.484417,15,8.47035,0,0,92507250274
39.1191,25.563,4.19236,69,66,63,1202,2800,0.484417,15,8.47035,0,0,92532812923
40.7285,24.5528,4.19236,69,66,63,1202,2800,0.484417,15,8.47035,0,0,92557366119
38.1491,26.213,4.19236,69,66,63,1202,2800,0.484417,15,8.47035,0,0,92583579960
39.8784,25.0762,4.19236,69,66,63,1202,2800,0.484417,15,8.47035,0,0,92608655466
38.0212,26.3011,4.19236,69,66,63,1202,2800,0.484417,15,8.47035,0,0,92634957011
38.1353,26.2224,4.19236,69,66,63,1202,2800,0.484417,15,8.47035,0,0,92661179248
40.3732,24.7689,4.19236,69,66,63,1202,2800,0.484417,15,8.47035,0,0,92685950022
38.2786,26.1242,4.19236,69,66,63,1202,2800,0.484417,15,8.47035,0,0,92712073884
37.6732,26.5441,4.19236,69,66,63,1202,2800,0.484417,15,8.47035,0,0,92738622143
39.6188,25.2405,4.62287,69,63,64,1185,2800,0.484417,25,8.46957,0,0,92763859392
38.4935,25.9784,4.62287,69,63,64,1185,2800,0.484417,25,8.46957,0,0,92789837631
41.2254,24.2569,4.62287,69,63,64,1185,2800,0.484417,25,8.46957,0,0,92814094521
30.5841,32.6967,4.62287,69,63,64,1185,2800,0.484417,25,8.46957,0,0,92846792214
41.459,24.1202,4.62287,69,63,64,1185,2800,0.484417,25,8.46957,0,0,92870914622
41.9799,23.821,4.62287,69,63,64,1185,2800,0.484417,25,8.46957,0,0,92894734212
40.6046,24.6277,4.62287,69,63,64,1185,2800,0.484417,25,8.46957,0,0,92919363029
40.7336,24.5497,4.62287,69,63,64,1185,2800,0.484417,25,8.46957,0,0,92943911867
35.9217,27.8383,4.62287,69,63,64,1185,2800,0.484417,25,8.46957,0,0,92971750456
39.5075,25.3117,4.62287,69,63,64,1185,2800,0.484417,25,8.46957,0,0,92997062695
41.3313,24.1947,4.62287,69,63,64,1185,2800,0.484417,25,8.46957,0,0,93021259132
38.9739,25.6582,4.62287,69,63,64,1185,2800,0.484417,25,8.46957,0,0,93046916058
37.2467,26.848,4.62287,69,63,64,1185,2800,0.484417,25,8.46957,0,0,93073765522
40.2051,24.8724,4.62287,69,63,64,1185,2800,0.484417,25,8.46957,0,0,93098638928
39.27,25.4647,4.62287,69,63,64,1185,2800,0.484417,25,8.46957,0,0,93124104225
39.0144,25.6316,4.62287,69,63,64,1185,2800,0.484417,25,8.46957,0,0,93149736766
38.9698,25.6609,4.62287,69,63,64,1185,2800,0.484417,25,8.46957,0,0,93175396046
37.5597,26.6243,4.62287,69,63,64,1185,2800,0.484417,25,8.46957,0,0,93202020758
41.8913,23.8713,4.62287,69,63,64,1185,2800,0.484417,25,8.46957,0,0,93225893127
31.4792,31.7671,4.62287,69,63,64,1185,2800,0.484417,25,8.46957,0,0,93257670203
41.2348,24.2514,4.3849,69,64,62,1350,2800,0.484417,13,8.46857,0,0,93281912706
37.8814,26.3982,4.3849,69,64,62,1350,2800,0.484417,13,8.46857,0,0,93308310873
43.5459,22.9643,4.3849,69,64,62,1350,2800,0.484417,13,8.46857,0,0,93331275479
39.5475,25.286,4.3849,69,64,62,1350,2800,0.484417,13,8.46857,0,0,93356560558
35.9702,27.8008,4.3849,69,64,62,1350,2800,0.484417,13,8.46857,0,0,93384362057
37.4294,26.717,4.3849,69,64,62,1350,2800,0.484417,13,8.46857,0,0,93411079432
37.7869,26.4642,4.3849,69,64,62,1350,2800,0.484417,13,8.46857,0,0,93437544294
40.6039,24.6282,4.3849,69,64,62,1350,2800,0.484417,13,8.46857,0,0,93462174765
44.2335,22.6073,4.3849,69,64,62,1350,2800,0.484417,13,8.46857,0,0,93484781870
39.1812,25.5224,4.3849,69,64,62,1350,2800,0.484417,13,8.46857,0,0,93510303783
37.7168,26.5134,4.3849,69,64,62,1350,2800,0.484417,13,8.46857,0,0,93536817407
38.9229,25.6918,4.3849,69,64,62,1350,2800,0.484417,13,8.46857,0,0,93562508948
41.9063,23.8627,4.3849,69,64,62,1350,2800,0.484417,13,8.46857,0,0,93586371238
38.1038,26.2441,4.3849,69,64,62,1350,2800,0.484417,13,8.46857,0,0,93612616247
37.181,26.8955,4.3849,69,64,62,1350,2800,0.484417,13,8.46857,0,0,93639511977
38.6437,25.8775,4.3849,69,64,62,1350,2800,0.484417,13,8.46857,0,0,93665389858
43.0666,23.2199,4.3849,69,64,62,1350,2800,0.484417,13,8.46857,0,0,93688608991
36.0326,27.7526,4.3849,69,64,62,1350,2800,0.484417,13,8.46857,0,0,93716362330
39.1627,25.5345,4.3849,69,64,62,1350,2800,0.484417,13,8.46857,0,0,93741898109
39.2947,25.4487,4.3849,69,64,62,1350,2800,0.484417,13,8.46857,0,0,93767351694
38.8274,25.755,5.08685,69,63,63,1268,2800,0.484417,22,8.46764,0,0,93793100923
32.2641,30.9942,5.08685,69,63,63,1268,2800,0.484417,22,8.46764,0,0,93824096023
42.9136,23.3026,5.08685,69,63,63,1268,2800,0.484417,22,8.46764,0,0,93847400036
41.6975,23.9823,5.08685,69,63,63,1268,2800,0.484417,22,8.46764,0,0,93871381499
38.1573,26.2073,5.08685,69,63,63,1268,2800,0.484417,22,8.46764,0,0,93897589409
40.581,24.6421,5.08685,69,63,63,1268,2800,0.484417,22,8.46764,0,0,93922231712
40.3933,24.7566,5.08685,69,63,63,1268,2800,0.484417,22,8.46764,0,0,93946988590
37.0438,26.9951,5.08685,69,63,63,1268,2800,0.484417,22,8.46764,0,0,93973983696
38.1091,26.2404,5.08685,69,63,63,1268,2800,0.484417,22,8.46764,0,0,94000225470
39.9205,25.0498,5.08685,69,63,63,1268,2800,0.484417,22,8.46764,0,0,94025275227
39.5259,25.2999,5.08685,69,63,63,1268,2800,0.484417,22,8.46764,0,0,94050575785
38.5281,25.9551,5.08685,69,63,63,1268,2800,0.484417,22,8.46764,0,0,94076530420
38.8652,25.73,5.08685,69,63,63,1268,2800,0.484417,22,8.46764,0,0,94102260443
36.8321,27.1503,5.08685,69,63,63,1268,2800,0.484417,22,8.46764,0,0,94129410811
39.2518,25.4765,5.08685,69,63,63,1268,2800,0.484417,22,8.46764,0,0,94154887479
41.6393,24.0158,5.08685,69,63,63,1268,2800,0.484417,22,8.46764,0,0,94178904188
36.0274,27.7566,5.08685,69,63,63,1268,2800,0.484417,22,8.46764,0,0,94206661024
40.5018,24.6902,5.08685,69,63,63,1268,2800,0.484417,22,8.46764,0,0,94231351317
37.5772,26.6119,5.08685,69,63,63,1268,2800,0.484417,22,8.46764,0,0,94257964016
40.3233,24.7995,5.08685,69,63,63,1268,2800,0.484417,22,8.46764,0,0,94282768052
39.2948,25.4486,4.05405,69,64,64,1300,2800,0.484417,18,8.46801,0,0,94308211729
37.8235,26.4386,4.05405,69,64,64,1300,2800,0.484417,18,8.46801,0,0,94334652124
35.6318,28.0648,4.05405,69,64,64,1300,2800,0.484417,18,8.46801,0,0,94362716176
41.3112,24.2065,4.05405,69,64,64,1300,2800,0.484417,18,8.46801,0,0,94386923112
36.4658,27.423,4.05405,69,64,64,1300,2800,0.484417,18,8.46801,0,0,94414346031
37.3949,26.7416,4.05405,69,64,64,1300,2800,0.484417,18,8.46801,0,0,94441088033
40.9092,24.4444,4.05405,69,64,64,1300,2800,0.484417,18,8.46801,0,0,94465532455
39.7806,25.1379,4.05405,69,64,64,1300,2800,0.484417,18,8.46801,0,0,94490672652
42.6577,23.4424,4.05405,69,64,64,1300,2800,0.484417,18,8.46801,0,0,94514114834
36.2985,27.5493,4.05405,69,64,64,1300,2800,0.484417,18,8.46801,0,0,94541665031
39.5978,25.2539,4.05405,69,64,64,1300,2800,0.484417,18,8.46801,0,0,94566920194
40.4407,24.7276,4.05405,69,64,64,1300,2800,0.484417,18,8.46801,0,0,94591647436
38.688,25.8478,4.05405,69,64,64,1300,2800,0.484417,18,8.46801,0,0,94617495932
39.2773,25.46,4.05405,69,64,64,1300,2800,0.484417,18,8.46801,0,0,94642956790
38.8492,25.7406,4.05405,69,64,64,1300,2800,0.484417,18,8.46801,0,0,94668696121
38.0309,26.2944,4.05405,69,64,64,1300,2800,0.484417,18,8.46801,0,0,94694994230
37.3758,26.7553,4.05405,69,64,64,1300,2800,0.484417,18,8.46801,0,0,94721745940
40.8021,24.5086,4.05405,69,64,64,1300,2800,0.484417,18,8.46801,0,0,94746255554
38.6142,25.8972,4.05405,69,64,64,1300,2800,0.484417,18,8.46801,0,0,94772152060
38.2018,26.1768,4.05405,69,64,64,1300,2800,0.484417,18,8.46801,0,0,94798333180
33.6525,29.7155,4.77356,69,67,63,1196,2800,0.484417,17,8.46824,0,0,94828048098
45.0506,22.1972,4.77356,69,67,63,1196,2800,0.484417,17,8.46824,0,0,94850242008
40.1929,24.88,4.77356,69,67,63,1196,2800,0.484417,17,8.46824,0,0,94875122418
36.3368,27.5203,4.77356,69,67,63,1196,2800,0.484417,17,8.46824,0,0,94902644362
42.9585,23.2783,4.77356,69,67,63,1196,2800,0.484417,17,8.46824,0,0,94925921946
37.1954,26.885,4.77356,69,67,63,1196,2800,0.484417,17,8.46824,0,0,94952808188
39.5027,25.3147,4.77356,69,67,63,1196,2800,0.484417,17,8.46824,0,0,94978122461
39.3754,25.3966,4.77356,69,67,63,1196,2800,0.484417,17,8.46824,0,0,95003519500
33.7555,29.6248,4.77356,69,67,63,1196,2800,0.484417,17,8.46824,0,0,95033144630
44.5761,22.4336,4.77356,69,67,63,1196,2800,0.484417,17,8.46824,0,0,95055577739
38.3807,26.0548,4.77356,69,67,63,1196,2800,0.484417,17,8.46824,0,0,95081633924
35.4825,28.1829,4.77356,69,67,63,1196,2800,0.484417,17,8.46824,0,0,95109816678
43.2131,23.1411,4.77356,69,67,63,1196,2800,0.484417,17,8.46824,0,0,95132958016
39.9075,25.058,4.77356,69,67,63,1196,2800,0.484417,17,8.46824,0,0,95158016339
39.159,25.5369,4.77356,69,67,63,1196,2800,0.484417,17,8.46824,0,0,95183553180
38.8829,25.7183,4.77356,69,67,63,1196,2800,0.484417,17,8.46824,0,0,95209271031
36.9954,27.0304,4.77356,69,67,63,1196,2800,0.484417,17,8.46824,0,0,95236302235
39.446,25.3511,4.77356,69,67,63,1196,2800,0.484417,17,8.46824,0,0,95261656744
39.1077,25.5704,4.77356,69,67,63,1196,2800,0.484417,17,8.46824,0,0,95287224253
40.0505,24.9685,4.77356,69,67,63,1196,2800,0.484417,17,8.46824,0,0,95312196515
38.3657,26.0649,4.4226,69,63,62,1074,2800,0.484417,26,8.46964,0,0,95338257990
37.6725,26.5445,4.4226,69,63,62,1074,2800,0.484417,26,8.46964,0,0,95364803002
33.9447,29.4597,4.4226,69,63,62,1074,2800,0.484417,26,8.46964,0,0,95394267330
40.1062,24.9338,4.4226,69,63,62,1074,2800,0.484417,26,8.46964,0,0,95419198084
40.6537,24.598,4.4226,69,63,62,1074,2800,0.484417,26,8.46964,0,0,95443795683
41.6704,23.9978,4.4226,69,63,62,1074,2800,0.484417,26,8.46964,0,0,95467793467
37.29,26.8168,4.4226,69,63,62,1074,2800,0.484417,26,8.46964,0,0,95494613586
40.6459,24.6027,4.4226,69,63,62,1074,2800,0.484417,26,8.46964,0,0,95519213880
39.227,25.4927,4.4226,69,63,62,1074,2800,0.484417,26,8.46964,0,0,95544706698
39.7711,25.1439,4.4226,69,63,62,1074,2800,0.484417,26,8.46964,0,0,95569850522
36.8288,27.1527,4.4226,69,63,62,1074,2800,0.484417,26,8.46964,0,0,95597004116
41.39,24.1604,4.4226,69,63,62,1074,2800,0.484417,26,8.46964,0,0,95621166529
37.343,26.7788,4.4226,69,63,62,1074,2800,0.484417,26,8.46964,0,0,95647943266
40.0165,24.9897,4.4226,69,63,62,1074,2800,0.484417,26,8.46964,0,0,95672933131
33.9602,29.4463,4.4226,69,63,62,1074,2800,0.484417,26,8.46964,0,0,95702379846
44.5442,22.4496,4.4226,69,63,62,1074,2800,0.484417,26,8.46964,0,0,95724829686
38.3103,26.1026,4.4226,69,63,62,1074,2800,0.484417,26,8.46964,0,0,95750932920
39.7699,25.1446,4.4226,69,63,62,1074,2800,0.484417,26,8.46964,0,0,95776077615
39.2929,25.4499,4.4226,69,63,62,1074,2800,0.484417,26,8.46964,0,0,95801527403
30.5172,32.7684,4.4226,69,63,62,1074,2800,0.484417,26,8.46964,0,0,95834303232
43.0682,23.219,4.11125,69,69,62,860,2800,0.484417,13,8.47002,0,0,95857515463
42.5294,23.5131,4.11125,69,69,62,860,2800,0.484417,13,8.47002,0,0,95881029620
42.7788,23.3761,4.11125,69,69,62,860,2800,0.484417,13,8.47002,0,0,95904405828
38.305,26.1062,4.11125,69,69,62,860,2800,0.484417,13,8.47002,0,0,95930512368
40.7221,24.5567,4.11125,69,69,62,860,2800,0.484417,13,8.47002,0,0,95955068890
36.703,27.2457,4.11125,69,69,62,860,2800,0.484417,13,8.47002,0,0,95982314877
41.2093,24.2664,4.11125,69,69,62,860,2800,0.484417,13,8.47002,0,0,96006581856
37.2469,26.8479,4.11125,69,69,62,860,2800,0.484417,13,8.47002,0,0,96033429416
39.4807,25.3288,4.11125,69,69,62,860,2800,0.484417,13,8.47002,0,0,96058758397
38.9599,25.6674,4.11125,69,69,62,860,2800,0.484417,13,8.47002,0,0,96084426444
38.897,25.7089,4.11125,69,69,62,860,2800,0.484417,13,8.47002,0,0,96110135488
38.7634,25.7975,4.11125,69,69,62,860,2800,0.484417,13,8.47002,0,0,96135934070
36.9413,27.07,4.11125,69,69,62,860,2800,0.484417,13,8.47002,0,0,96163003546
39.2715,25.4638,4.11125,69,69,62,860,2800,0.484417,13,8.47002,0,0,96188467340
40.2545,24.8419,4.11125,69,69,62,860,2800,0.484417,13,8.47002,0,0,96213309528
39.3932,25.3851,4.11125,69,69,62,860,2800,0.484417,13,8.47002,0,0,96238694895
37.5905,26.6025,4.11125,69,69,62,860,2800,0.484417,13,8.47002,0,0,96265299509
41.7076,23.9765,4.11125,69,69,62,860,2800,0.484417,13,8.47002,0,0,96289276123
37.9934,26.3204,4.11125,69,69,62,860,2800,0.484417,13,8.47002,0,0,96315594931
37.9504,26.3502,4.11125,69,69,62,860,2800,0.484417,13,8.47002,0,0,96341947923
38.6255,25.8896,3.86052,69,62,62,962,2800,0.484417,23,8.46541,0,0,96367836684
34.0778,29.3446,3.86052,69,62,62,962,2800,0.484417,23,8.46541,0,0,96397181438
41.7485,23.953,3.86052,69,62,62,962,2800,0.484417,23,8.46541,0,0,96421133266
41.7184,23.9703,3.86052,69,62,62,962,2800,0.484417,23,8.46541,0,0,96445103318
38.0896,26.2539,3.86052,69,62,62,962,2800,0.484417,23,8.46541,0,0,96471359278
38.8517,25.7389,3.86052,69,62,62,962,2800,0.484417,23,8.46541,0,0,96497097366
39.7406,25.1632,3.86052,69,62,62,962,2800,0.484417,23,8.46541,0,0,96522260416
38.213,26.1691,3.86052,69,62,62,962,2800,0.484417,23,8.46541,0,0,96548430525
39.7643,25.1482,3.86052,69,62,62,962,2800,0.484417,23,8.46541,0,0,96573577896
36.5749,27.3412,3.86052,69,62,62,962,2800,0.484417,23,8.46541,0,0,96600919973
41.4333,24.1352,3.86052,69,62,62,962,2800,0.484417,23,8.46541,0,0,96625055365
37.827,26.4362,3.86052,69,62,62,962,2800,0.484417,23,8.46541,0,0,96651492254
39.0755,25.5915,3.86052,69,62,62,962,2800,0.484417,23,8.46541,0,0,96677084750
37.4665,26.6905,3.86052,69,62,62,962,2800,0.484417,23,8.46541,0,0,96703776417
38.2015,26.177,3.86052,69,62,62,962,2800,0.484417,23,8.46541,0,0,96729953098
41.5943,24.0418,3.86052,69,62,62,962,2800,0.484417,23,8.46541,0,0,96753995185
40.5412,24.6663,3.86052,69,62,62,962,2800,0.484417,23,8.46541,0,0,96778660452
37.3089,26.8032,3.86052,69,62,62,962,2800,0.484417,23,8.46541,0,0,96805463758
31.8868,31.3609,3.86052,69,62,62,962,2800,0.484417,23,8.46541,0,0,96836825235
45.6948,21.8843,3.86052,69,62,62,962,2800,0.484417,23,8.46541,0,0,96858712420
40.6259,24.6148,4.16157,69,65,63,986,2800,0.484417,10,8.46686,0,0,96883323585
40.9458,24.4225,4.16157,69,65,63,986,2800,0.484417,10,8.46686,0,0,96907747047
36.6441,27.2895,4.16157,69,65,63,986,2800,0.484417,10,8.46686,0,0,96935036776
41.1483,24.3023,4.16157,69,65,63,986,2800,0.484417,10,8.46686,0,0,96959339392
37.5034,26.6642,4.16157,69,65,63,986,2800,0.484417,10,8.46686,0,0,96986004520
40.1469,24.9085,4.16157,69,65,63,986,2800,0.484417,10,8.46686,0,0,97010912551
37.1612,26.9098,4.16157,69,65,63,986,2800,0.484417,10,8.46686,0,0,97037822598
38.8774,25.7219,4.16157,69,65,63,986,2800,0.484417,10,8.46686,0,0,97063544937
40.1361,24.9153,4.16157,69,65,63,986,2800,0.484417,10,8.46686,0,0,97088459841
38.6078,25.9015,4.16157,69,65,63,986,2800,0.484417,10,8.46686,0,0,97114362348
38.7778,25.788,4.16157,69,65,63,986,2800,0.484417,10,8.46686,0,0,97140151503
35.5157,28.1566,4.16157,69,65,63,986,2800,0.484417,10,8.46686,0,0,97168306655
43.1148,23.1939,4.16157,69,65,63,986,2800,0.484417,10,8.46686,0,0,97191501283
38.2812,26.1225,4.16157,69,65,63,986,2800,0.484417,10,8.46686,0,0,97217625095
38.9644,25.6645,4.16157,69,65,63,986,2800,0.484417,10,8.46686,0,0,97243290276
37.1617,26.9094,4.16157,69,65,63,986,2800,0.484417,10,8.46686,0,0,97270199612
38.048,26.2826,4.16157,69,65,63,986,2800,0.484417,10,8.46686,0,0,97296482061
42.1001,23.7529,4.16157,69,65,63,986,2800,0.484417,10,8.46686,0,0,97320235407
40.1234,24.9231,4.16157,69,65,63,986,2800,0.484417,10,8.46686,0,0,97345158767
37.2675,26.833,4.16157,69,65,63,986,2800,0.484417,10,8.46686,0,0,97371994555
33.9285,29.4737,4.41176,69,63,63,1040,2800,0.484417,21,8.4679,0,0,97401466457
41.0759,24.3452,4.41176,69,63,63,1040,2800,0.484417,21,8.4679,0,0,97425811322
40.0266,24.9834,4.41176,69,63,63,1040,2800,0.484417,21,8.4679,0,0,97450795306
42.1287,23.7368,4.41176,69,63,63,1040,2800,0.484417,21,8.4679,0,0,97474533043
37.2729,26.8292,4.41176,69,63,63,1040,2800,0.484417,21,8.4679,0,0,97501361977
41.2503,24.2422,4.41176,69,63,63,1040,2800,0.484417,21,8.4679,0,0,97525604711
37.1841,26.8932,4.41176,69,63,63,1040,2800,0.484417,21,8.4679,0,0,97552497806
39.0519,25.6069,4.41176,69,63,63,1040,2800,0.484417,21,8.4679,0,0,97578104478
38.8377,25.7482,4.41176,69,63,63,1040,2800,0.484417,21,8.4679,0,0,97603852946
37.8028,26.4531,4.41176,69,63,63,1040,2800,0.484417,21,8.4679,0,0,97630306026
41.2796,24.225,4.41176,69,63,63,1040,2800,0.484417,21,8.4679,0,0,97654531908
37.3544,26.7706,4.41176,69,63,63,1040,2800,0.484417,21,8.4679,0,0,97681302032
39.0178,25.6293,4.41176,69,63,63,1040,2800,0.484417,21,8.4679,0,0,97706931527
37.4742,26.685,4.41176,69,63,63,1040,2800,0.484417,21,8.4679,0,0,97733617203
40.9517,24.419,4.41176,69,63,63,1040,2800,0.484417,21,8.4679,0,0,97758036087
37.6118,26.5874,4.41176,69,63,63,1040,2800,0.484417,21,8.4679,0,0,97784623959
39.8002,25.1255,4.41176,69,63,63,1040,2800,0.484417,21,8.4679,0,0,97809749870
35.5831,28.1032,4.41176,69,63,63,1040,2800,0.484417,21,8.4679,0,0,97837853225
40.4472,24.7236,4.41176,69,63,63,1040,2800,0.484417,21,8.4679,0,0,97862576530
39.4511,25.3479,4.41176,69,63,63,1040,2800,0.484417,21,8.4679,0,0,97887928294
40.2481,24.8459,4.85437,69,63,63,989,2800,0.484417,18,8.46772,0,0,97912770442
38.6973,25.8416,4.85437,69,63,63,989,2800,0.484417,18,8.46772,0,0,97938613868
34.6701,28.8433,4.85437,69,63,63,989,2800,0.484417,18,8.46772,0,0,97967457261
43.0201,23.245,4.85437,69,63,63,989,2800,0.484417,18,8.46772,0,0,97990700800
39.383,25.3917,4.85437,69,63,63,989,2800,0.484417,18,8.46772,0,0,98016093481
39.2403,25.484,4.85437,69,63,63,989,2800,0.484417,18,8.46772,0,0,98041580018
37.9574,26.3453,4.85437,69,63,63,989,2800,0.484417,18,8.46772,0,0,98067923852
41.4267,24.139,4.85437,69,63,63,989,2800,0.484417,18,8.46772,0,0,98092063332
36.396,27.4755,4.85437,69,63,63,989,2800,0.484417,18,8.46772,0,0,98119538730
41.0428,24.3648,4.85437,69,63,63,989,2800,0.484417,18,8.46772,0,0,98143904484
37.4052,26.7343,4.85437,69,63,63,989,2800,0.484417,18,8.46772,0,0,98170638260
38.1611,26.2047,4.85437,69,63,63,989,2800,0.484417,18,8.46772,0,0,98196842964
40.752,24.5386,4.85437,69,63,63,989,2800,0.484417,18,8.46772,0,0,98221384638
38.854,25.7373,4.85437,69,63,63,989,2800,0.484417,18,8.46772,0,0,98247119501
39.5079,25.3114,4.85437,69,63,63,989,2800,0.484417,18,8.46772,0,0,98272432722
36.5503,27.3596,4.85437,69,63,63,989,2800,0.484417,18,8.46772,0,0,98299791090
41.0986,24.3317,4.85437,69,63,63,989,2800,0.484417,18,8.46772,0,0,98324125015
36.6591,27.2783,4.85437,69,63,63,989,2800,0.484417,18,8.46772,0,0,98351401379
40.8595,24.4741,4.85437,69,63,63,989,2800,0.484417,18,8.46772,0,0,98375875767
38.3325,26.0875,4.85437,69,63,63,989,2800,0.484417,18,8.46772,0,0,98401965565
33.6503,29.7174,4.04908,69,65,63,995,2800,0.484417,15,8.4677,0,0,98431680844
41.4422,24.13,4.04908,69,65,63,995,2800,0.484417,15,8.4677,0,0,98455811838
41.9423,23.8423,4.04908,69,65,63,995,2800,0.484417,15,8.4677,0,0,98479654180
38.3468,26.0778,4.04908,69,65,63,995,2800,0.484417,15,8.4677,0,0,98505732908
36.5046,27.3938,4.04908,69,65,63,995,2800,0.484417,15,8.4677,0,0,98533126051
41.417,24.1447,4.04908,69,65,63,995,2800,0.484417,15,8.4677,0,0,98557271672
40.1838,24.8857,4.04908,69,65,63,995,2800,0.484417,15,8.4677,0,0,98582158965
37.8288,26.4349,4.04908,69,65,63,995,2800,0.484417,15,8.4677,0,0,98608592798
39.3473,25.4147,4.04908,69,65,63,995,2800,0.484417,15,8.4677,0,0,98634007611
40.1812,24.8873,4.04908,69,65,63,995,2800,0.484417,15,8.4677,0,0,98658894593
37.5529,26.6291,4.04908,69,65,63,995,2800,0.484417,15,8.4677,0,0,98685525135
38.1813,26.1909,4.04908,69,65,63,995,2800,0.484417,15,8.4677,0,0,98711715672
39.7186,25.1771,4.04908,69,65,63,995,2800,0.484417,15,8.4677,0,0,98736894181
37.5378,26.6398,4.04908,69,65,63,995,2800,0.484417,15,8.4677,0,0,98763532809
40.3045,24.8111,4.04908,69,65,63,995,2800,0.484417,15,8.4677,0,0,98788344400
39.4771,25.3311,4.04908,69,65,63,995,2800,0.484417,15,8.4677,0,0,98813675815
39.2744,25.4618,4.04908,69,65,63,995,2800,0.484417,15,8.4677,0,0,98839137215
36.5526,27.3578,4.04908,69,65,63,995,2800,0.484417,15,8.4677,0,0,98866495553
39.8148,25.1163,4.04908,69,65,63,995,2800,0.484417,15,8.4677,0,0,98891612135
39.3618,25.4053,4.04908,69,65,63,995,2800,0.484417,15,8.4677,0,0,98917019373
33.5506,29.8057,3.81304,69,62,62,974,2800,0.484417,24,8.46945,0,0,98946825643
44.0879,22.682,3.81304,69,62,62,974,2800,0.484417,24,8.46945,0,0,98969506176
36.9115,27.0918,3.81304,69,62,62,974,2800,0.484417,24,8.46945,0,0,98996598595
41.8298,23.9064,3.81304,69,62,62,974,2800,0.484417,24,8.46945,0,0,99020504517
38.8433,25.7444,3.81304,69,62,62,974,2800,0.484417,24,8.46945,0,0,99046249278
37.5413,26.6373,3.81304,69,62,62,974,2800,0.484417,24,8.46945,0,0,99072888577
39.5838,25.2628,3.81304,69,62,62,974,2800,0.484417,24,8.46945,0,0,99098150963
40.3901,24.7585,3.81304,69,62,62,974,2800,0.484417,24,8.46945,0,0,99122908482
37.4632,26.6928,3.81304,69,62,62,974,2800,0.484417,24,8.46945,0,0,99149602774
41.4904,24.102,3.81304,69,62,62,974,2800,0.484417,24,8.46945,0,0,99173704734
36.811,27.1658,3.81304,69,62,62,974,2800,0.484417,24,8.46945,0,0,99200869779
40.7452,24.5428,3.81304,69,62,62,974,2800,0.484417,24,8.46945,0,0,99225413497
36.9725,27.0471,3.81304,69,62,62,974,2800,0.484417,24,8.46945,0,0,99252460451
40.9111,24.4432,3.81304,69,62,62,974,2800,0.484417,24,8.46945,0,0,99276903620
35.9923,27.7837,3.81304,69,62,62,974,2800,0.484417,24,8.46945,0,0,99304687667
36.5623,27.3506,3.81304,69,62,62,974,2800,0.484417,24,8.46945,0,0,99332038560
39.7265,25.1721,3.81304,69,62,62,974,2800,0.484417,24,8.46945,0,0,99357210657
36.773,27.1939,3.81304,69,62,62,974,2800,0.484417,24,8.46945,0,0,99384404697
35.4634,28.1981,3.81304,69,62,62,974,2800,0.484417,24,8.46945,0,0,99412604102
35.9063,27.8503,3.81304,69,62,62,974,2800,0.484417,24,8.46945,0,0,99440456747
39.4145,25.3714,4.11622,69,67,62,1032,2800,0.484417,11,8.47155,0,0,99465825503
38.2092,26.1717,4.11622,69,67,62,1032,2800,0.484417,11,8.47155,0,0,99491997645
42.1102,23.7472,4.11622,69,67,62,1032,2800,0.484417,11,8.47155,0,0,99515745481
39.5788,25.266,4.11622,69,67,62,1032,2800,0.484417,11,8.47155,0,0,99541011484
38.685,25.8498,4.11622,69,67,62,1032,2800,0.484417,11,8.47155,0,0,99566862083
41.3656,24.1747,4.11622,69,67,62,1032,2800,0.484417,11,8.47155,0,0,99591036579
35.9343,27.8286,4.11622,69,67,62,1032,2800,0.484417,11,8.47155,0,0,99618865519
40.3092,24.8082,4.11622,69,67,62,1032,2800,0.484417,11,8.47155,0,0,99643674515
39.447,25.3504,4.11622,69,67,62,1032,2800,0.484417,11,8.47155,0,0,99669025598
39.6436,25.2248,4.11622,69,67,62,1032,2800,0.484417,11,8.47155,0,0,99694251796
39.2944,25.4489,4.11622,69,67,62,1032,2800,0.484417,11,8.47155,0,0,99719699340
37.3792,26.7528,4.11622,69,67,62,1032,2800,0.484417,11,8.47155,0,0,99746453634
38.9775,25.6559,4.11622,69,67,62,1032,2800,0.484417,11,8.47155,0,0,99772108837
36.5654,27.3482,4.11622,69,67,62,1032,2800,0.484417,11,8.47155,0,0,99799457337
42.0755,23.7668,4.11622,69,67,62,1032,2800,0.484417,11,8.47155,0,0,99823225069
36.5245,27.3789,4.11622,69,67,62,1032,2800,0.484417,11,8.47155,0,0,99850603565
41.3374,24.1911,4.11622,69,67,62,1032,2800,0.484417,11,8.47155,0,0,99874795413
38.7528,25.8046,4.11622,69,67,62,1032,2800,0.484417,11,8.47155,0,0,99900601609
40.1963,24.8779,4.11622,69,67,62,1032,2800,0.484417,11,8.47155,0,0,99925478212
37.5578,26.6257,4.11622,69,67,62,1032,2800,0.484417,11,8.47155,0,0,99952107933
40.5077,24.6867,5.30864,69,61,64,1358,2800,0.484417,22,8.4702,0,0,99976792345
36.8706,27.1219,5.30864,69,61,64,1358,2800,0.484417,22,8.4702,0,0,100003913878
39.2598,25.4714,5.30864,69,61,64,1358,2800,0.484417,22,8.4702,0,0,100029384455
40.5461,24.6633,5.30864,69,61,64,1358,2800,0.484417,22,8.4702,0,0,100054049190
38.1979,26.1795,5.30864,69,61,64,1358,2800,0.484417,22,8.4702,0,0,100080228426
38.2571,26.1389,5.30864,69,61,64,1358,2800,0.484417,22,8.4702,0,0,100106367527
38.046,26.284,5.30864,69,61,64,1358,2800,0.484417,22,8.4702,0,0,100132652091
39.6838,25.1992,5.30864,69,61,64,1358,2800,0.484417,22,8.4702,0,0,100157852100
39.4097,25.3744,5.30864,69,61,64,1358,2800,0.484417,22,8.4702,0,0,100183226466
37.4148,26.7274,5.30864,69,61,64,1358,2800,0.484417,22,8.4702,0,0,100209954031
38.5919,25.9122,5.30864,69,61,64,1358,2800,0.484417,22,8.4702,0,0,100235866216
42.6743,23.4333,5.30864,69,61,64,1358,2800,0.484417,22,8.4702,0,0,100259299811
35.179,28.426,5.30864,69,61,64,1358,2800,0.484417,22,8.4702,0,0,100287726673
39.28,25.4583,5.30864,69,61,64,1358,2800,0.484417,22,8.4702,0,0,100313185418
32.5095,30.7602,5.30864,69,61,64,1358,2800,0.484417,22,8.4702,0,0,100343944966
40.7664,24.53,5.30864,69,61,64,1358,2800,0.484417,22,8.4702,0,0,100368475419
38.4153,26.0313,5.30864,69,61,64,1358,2800,0.484417,22,8.4702,0,0,100394507489
35.0216,28.5538,5.30864,69,61,64,1358,2800,0.484417,22,8.4702,0,0,100423061529
36.5967,27.3249,5.30864,69,61,64,1358,2800,0.484417,22,8.4702,0,0,100450386915
41.3531,24.182,5.30864,69,61,64,1358,2800,0.484417,22,8.4702,0,0,100474575848
38.6393,25.8804,5.44135,70,65,65,1328,2800,0.484417,24,8.47116,0,0,100500448248
39.9532,25.0293,5.44135,70,65,65,1328,2800,0.484417,24,8.47116,0,0,100525477838
40.2923,24.8186,5.44135,70,65,65,1328,2800,0.484417,24,8.47116,0,0,100550297023
37.2992,26.8102,5.44135,70,65,65,1328,2800,0.484417,24,8.47116,0,0,100577108224
38.4146,26.0318,5.44135,70,65,65,1328,2800,0.484417,24,8.47116,0,0,100603142168
41.1264,24.3153,5.44135,70,65,65,1328,2800,0.484417,24,8.47116,0,0,100627455644
38.1944,26.1819,5.44135,70,65,65,1328,2800,0.484417,24,8.47116,0,0,100653637295
41.0799,24.3428,5.44135,70,65,65,1328,2800,0.484417,24,8.47116,0,0,100677982280
34.6451,28.8641,5.44135,70,65,65,1328,2800,0.484417,24,8.47116,0,0,100706846052
35.9077,27.8492,5.44135,70,65,65,1328,2800,0.484417,24,8.47116,0,0,100734694629
42.7096,23.4139,5.44135,70,65,65,1328,2800,0.484417,24,8.47116,0,0,100758109239
35.8591,27.8869,5.44135,70,65,65,1328,2800,0.484417,24,8.47116,0,0,100785995317
41.2057,24.2685,5.44135,70,65,65,1328,2800,0.484417,24,8.47116,0,0,100810264470
41.6183,24.0279,5.44135,70,65,65,1328,2800,0.484417,24,8.47116,0,0,100834293382
34.9852,28.5835,5.44135,70,65,65,1328,2800,0.484417,24,8.47116,0,0,100862876017
41.3736,24.17,5.44135,70,65,65,1328,2800,0.484417,24,8.47116,0,0,100887047547
39.417,25.3698,5.44135,70,65,65,1328,2800,0.484417,24,8.47116,0,0,100912416082
38.945,25.6772,5.44135,70,65,65,1328,2800,0.484417,24,8.47116,0,0,100938094829
42.4646,23.549,5.44135,70,65,65,1328,2800,0.484417,24,8.47116,0,0,100961644903
36.4148,27.4613,5.44135,70,65,65,1328,2800,0.484417,24,8.47116,0,0,100989108489
37.1565,26.9132,5.54187,70,68,65,1643,2800,0.484417,14,8.46928,0,0,101016018075
37.4817,26.6797,5.54187,70,68,65,1643,2800,0.484417,14,8.46928,0,0,101042698120
38.3463,26.0782,5.54187,70,68,65,1643,2800,0.484417,14,8.46928,0,0,101068777509
39.0101,25.6344,5.54187,70,68,65,1643,2800,0.484417,14,8.46928,0,0,101094411161
38.6808,25.8526,5.54187,70,68,65,1643,2800,0.484417,14,8.46928,0,0,101120263604
36.9372,27.073,5.54187,70,68,65,1643,2800,0.484417,14,8.46928,0,0,101147337088
39.7797,25.1384,5.54187,70,68,65,1643,2800,0.484417,14,8.46928,0,0,101172476603
42.8391,23.3432,5.54187,70,68,65,1643,2800,0.484417,14,8.46928,0,0,101195819369
36.74,27.2183,5.54187,70,68,65,1643,2800,0.484417,14,8.46928,0,0,101223038075
39.8535,25.0919,5.54187,70,68,65,1643,2800,0.484417,14,8.46928,0,0,101248130903
38.6834,25.8509,5.54187,70,68,65,1643,2800,0.484417,14,8.46928,0,0,101273981432
37.5667,26.6193,5.54187,70,68,65,1643,2800,0.484417,14,8.46928,0,0,101300601686
41.7373,23.9594,5.54187,70,68,65,1643,2800,0.484417,14,8.46928,0,0,101324561989
38.9344,25.6842,5.54187,70,68,65,1643,2800,0.484417,14,8.46928,0,0,101350245796
38.882,25.7189,5.54187,70,68,65,1643,2800,0.484417,14,8.46928,0,0,101375965811
34.3713,29.0941,5.54187,70,68,65,1643,2800,0.484417,14,8.46928,0,0,101405060375
36.7484,27.2121,5.54187,70,68,65,1643,2800,0.484417,14,8.46928,0,0,101432271296
43.6524,22.9082,5.54187,70,68,65,1643,2800,0.484417,14,8.46928,0,0,101455182011
41.2664,24.2328,5.54187,70,68,65,1643,2800,0.484417,14,8.46928,0,0,101479413895
37.1367,26.9275,5.54187,70,68,65,1643,2800,0.484417,14,8.46928,0,0,101506345031
36.5565,27.3549,5.77396,70,65,65,1695,2800,0.484417,33,8.47481,0,0,101533696065
41.8166,23.914,5.77396,70,65,65,1695,2800,0.484417,33,8.47481,0,0,101557611054
38.6208,25.8928,5.77396,70,65,65,1695,2800,0.484417,33,8.47481,0,0,101583502881
38.4278,26.0228,5.77396,70,65,65,1695,2800,0.484417,33,8.47481,0,0,101609526475
36.971,27.0482,5.77396,70,65,65,1695,2800,0.484417,33,8.47481,0,0,101636576334
40.5438,24.6647,5.77396,70,65,65,1695,2800,0.484417,33,8.47481,0,0,101661240137
38.6271,25.8885,5.77396,70,65,65,1695,2800,0.484417,33,8.47481,0,0,101687129159
39.4898,25.323,5.77396,70,65,65,1695,2800,0.484417,33,8.47481,0,0,101712452630
37.3088,26.8033,5.77396,70,65,65,1695,2800,0.484417,33,8.47481,0,0,101739256588
36.4663,27.4226,5.77396,70,65,65,1695,2800,0.484417,33,8.47481,0,0,101766681029
43.6552,22.9068,5.77396,70,65,65,1695,2800,0.484417,33,8.47481,0,0,101789585242
36.8134,27.164,5.77396,70,65,65,1695,2800,0.484417,33,8.47481,0,0,101816752221
40.8884,24.4568,5.77396,70,65,65,1695,2800,0.484417,33,8.47481,0,0,101841208325
35.6906,28.0185,5.77396,70,65,65,1695,2800,0.484417,33,8.47481,0,0,101869226140
42.9793,23.267,5.77396,70,65,65,1695,2800,0.484417,33,8.47481,0,0,101892494626
37.3193,26.7958,5.77396,70,65,65,1695,2800,0.484417,33,8.47481,0,0,101919289797
38.4928,25.9789,5.77396,70,65,65,1695,2800,0.484417,33,8.47481,0,0,101945269258
37.9398,26.3575,5.77396,70,65,65,1695,2800,0.484417,33,8.47481,0,0,101971627941
42.4696,23.5463,5.77396,70,65,65,1695,2800,0.484417,33,8.47481,0,0,101995175270
37.3657,26.7625,5.77396,70,65,65,1695,2800,0.484417,33,8.47481,0,0,102021942709
37.9856,26.3258,5.52147,70,69,66,1772,2800,0.484417,13,8.47311,0,0,102048263351
37.4407,26.7089,5.52147,70,69,66,1772,2800,0.484417,13,8.47311,0,0,102074971579
38.4491,26.0084,5.52147,70,69,66,1772,2800,0.484417,13,8.47311,0,0,102100981327
42.717,23.4099,5.52147,70,69,66,1772,2800,0.484417,13,8.47311,0,0,102124391198
37.645,26.5639,5.52147,70,69,66,1772,2800,0.484417,13,8.47311,0,0,102150956038
38.5024,25.9724,5.52147,70,69,66,1772,2800,0.484417,13,8.47311,0,0,102176929708
38.8081,25.7678,5.52147,70,69,66,1772,2800,0.484417,13,8.47311,0,0,102202695519
39.1419,25.5481,5.52147,70,69,66,1772,2800,0.484417,13,8.47311,0,0,102228245394
38.2664,26.1326,5.52147,70,69,66,1772,2800,0.484417,13,8.47311,0,0,102254377542
41.0916,24.3359,5.52147,70,69,66,1772,2800,0.484417,13,8.47311,0,0,102278712779
37.2416,26.8517,5.52147,70,69,66,1772,2800,0.484417,13,8.47311,0,0,102305565749
39.5855,25.2618,5.52147,70,69,66,1772,2800,0.484417,13,8.47311,0,0,102330829397
38.445,26.0112,5.52147,70,69,66,1772,2800,0.484417,13,8.47311,0,0,102356840338
38.3207,26.0955,5.52147,70,69,66,1772,2800,0.484417,13,8.47311,0,0,102382936568
39.0986,25.5764,5.52147,70,69,66,1772,2800,0.484417,13,8.47311,0,0,102408511641
34.3742,29.0916,5.52147,70,69,66,1772,2800,0.484417,13,8.47311,0,0,102437605243
36.2701,27.5709,5.52147,70,69,66,1772,2800,0.484417,13,8.47311,0,0,102465177683
39.5442,25.2882,5.52147,70,69,66,1772,2800,0.484417,13,8.47311,0,0,102490464294
39.7863,25.1343,5.52147,70,69,66,1772,2800,0.484417,13,8.47311,0,0,102515598270
39.0234,25.6256,5.52147,70,69,66,1772,2800,0.484417,13,8.47311,0,0,102541230600
36.4247,27.4539,5.73171,70,63,68,2010,2800,0.484417,40,8.47245,0,0,102568677985
39.2449,25.481,5.73171,70,63,68,2010,2800,0.484417,40,8.47245,0,0,102594159572
39.5321,25.2959,5.73171,70,63,68,2010,2800,0.484417,40,8.47245,0,0,102619455521
38.8574,25.7351,5.73171,70,63,68,2010,2800,0.484417,40,8.47245,0,0,102645191536
38.1853,26.1881,5.73171,70,63,68,2010,2800,0.484417,40,8.47245,0,0,102671379668
38.0484,26.2823,5.73171,70,63,68,2010,2800,0.484417,40,8.47245,0,0,102697662449
35.9065,27.8501,5.73171,70,63,68,2010,2800,0.484417,40,8.47245,0,0,102725511837
38.8634,25.7311,5.73171,70,63,68,2010,2800,0.484417,40,8.47245,0,0,102751243213
40.6367,24.6083,5.73171,70,63,68,2010,2800,0.484417,40,8.47245,0,0,102775853957
37.4741,26.6851,5.73171,70,63,68,2010,2800,0.484417,40,8.47245,0,0,102802537710
37.9623,26.3419,5.73171,70,63,68,2010,2800,0.484417,40,8.47245,0,0,102828880052
40.4301,24.734,5.73171,70,63,68,2010,2800,0.484417,40,8.47245,0,0,102853615449
37.0217,27.0112,5.73171,70,63,68,2010,2800,0.484417,40,8.47245,0,0,102880627127
37.1197,26.9399,5.73171,70,63,68,2010,2800,0.484417,40,8.47245,0,0,102907565817
38.2806,26.1229,5.73171,70,63,68,2010,2800,0.484417,40,8.47245,0,0,102933690321
41.1135,24.3229,5.73171,70,63,68,2010,2800,0.484417,40,8.47245,0,0,102958012874
39.4044,25.3779,5.73171,70,63,68,2010,2800,0.484417,40,8.47245,0,0,102983391929
38.879,25.7209,5.73171,70,63,68,2010,2800,0.484417,40,8.47245,0,0,103009111333
38.9533,25.6717,5.73171,70,63,68,2010,2800,0.484417,40,8.47245,0,0,103034784750
38.7005,25.8395,5.73171,70,63,68,2010,2800,0.484417,40,8.47245,0,0,103060628196
39.0653,25.5982,6.21951,70,68,65,1677,2800,0.484417,26,8.47203,0,0,103086223477
37.1232,26.9374,6.21951,70,68,65,1677,2800,0.484417,26,8.47203,0,0,103113162097
38.5461,25.9429,6.21951,70,68,65,1677,2800,0.484417,26,8.47203,0,0,103139104699
39.014,25.6318,6.21951,70,68,65,1677,2800,0.484417,26,8.47203,0,0,103164736528
39.5784,25.2663,6.21951,70,68,65,1677,2800,0.484417,26,8.47203,0,0,103190003233
41.5434,24.0712,6.21951,70,68,65,1677,2800,0.484417,26,8.47203,0,0,103214076168
39.2589,25.4719,6.21951,70,68,65,1677,2800,0.484417,26,8.47203,0,0,103239547646
34.7952,28.7396,6.21951,70,68,65,1677,2800,0.484417,26,8.47203,0,0,103268285752
42.6124,23.4673,6.21951,70,68,65,1677,2800,0.484417,26,8.47203,0,0,103291754784
38.6965,25.8421,6.21951,70,68,65,1677,2800,0.484417,26,8.47203,0,0,103317596808
37.778,26.4704,6.21951,70,68,65,1677,2800,0.484417,26,8.47203,0,0,103344066048
40.139,24.9135,6.21951,70,68,65,1677,2800,0.484417,26,8.47203,0,0,103368981163
35.859,27.887,6.21951,70,68,65,1677,2800,0.484417,26,8.47203,0,0,103396869114
35.7994,27.9334,6.21951,70,68,65,1677,2800,0.484417,26,8.47203,0,0,103424802741
41.0277,24.3738,6.21951,70,68,65,1677,2800,0.484417,26,8.47203,0,0,103449177392
40.442,24.7268,6.21951,70,68,65,1677,2800,0.484417,26,8.47203,0,0,103473904584
37.9316,26.3632,6.21951,70,68,65,1677,2800,0.484417,26,8.47203,0,0,103500268957
40.798,24.511,6.21951,70,68,65,1677,2800,0.484417,26,8.47203,0,0,103524791576
40.5421,24.6657,6.21951,70,68,65,1677,2800,0.484417,26,8.47203,0,0,103549444669
33.9239,29.4777,6.21951,70,68,65,1677,2800,0.484417,26,8.47203,0,0,103578927883
43.5645,22.9545,5.74572,69,66,65,1526,2800,0.484417,27,8.47165,0,0,103601878663
39.5783,25.2664,5.74572,69,66,65,1526,2800,0.484417,27,8.47165,0,0,103627146209
39.0972,25.5773,5.74572,69,66,65,1526,2800,0.484417,27,8.47165,0,0,103652723696
38.8913,25.7127,5.74572,69,66,65,1526,2800,0.484417,27,8.47165,0,0,103678436737
38.2502,26.1436,5.74572,69,66,65,1526,2800,0.484417,27,8.47165,0,0,103704578954
34.5249,28.9646,5.74572,69,66,65,1526,2800,0.484417,27,8.47165,0,0,103733544276
43.363,23.0612,5.74572,69,66,65,1526,2800,0.484417,27,8.47165,0,0,103756604832
40.6265,24.6145,5.74572,69,66,65,1526,2800,0.484417,27,8.47165,0,0,103781219564
37.312,26.801,5.74572,69,66,65,1526,2800,0.484417,27,8.47165,0,0,103808022610
39.2761,25.4608,5.74572,69,66,65,1526,2800,0.484417,27,8.47165,0,0,103833482035
39.1482,25.544,5.74572,69,66,65,1526,2800,0.484417,27,8.47165,0,0,103859025820
40.7013,24.5693,5.74572,69,66,65,1526,2800,0.484417,27,8.47165,0,0,103883595246
38.2741,26.1274,5.74572,69,66,65,1526,2800,0.484417,27,8.47165,0,0,103909723186
36.4045,27.4691,5.74572,69,66,65,1526,2800,0.484417,27,8.47165,0,0,103937191840
43.3455,23.0704,5.74572,69,66,65,1526,2800,0.484417,27,8.47165,0,0,103960264169
35.3001,28.3285,5.74572,69,66,65,1526,2800,0.484417,27,8.47165,0,0,103988591604
42.0786,23.765,5.74572,69,66,65,1526,2800,0.484417,27,8.47165,0,0,104012356832
37.7792,26.4696,5.74572,69,66,65,1526,2800,0.484417,27,8.47165,0,0,104038826533
37.695,26.5287,5.74572,69,66,65,1526,2800,0.484417,27,8.47165,0,0,104065357208
39.7258,25.1725,5.74572,69,66,65,1526,2800,0.484417,27,8.47165,0,0,104090531168
39.5906,25.2585,4.83871,69,70,64,1287,2800,0.484417,14,8.47237,0,0,104115787203
38.1951,26.1814,4.83871,69,70,64,1287,2800,0.484417,14,8.47237,0,0,104141968693
38.4799,25.9876,4.83871,69,70,64,1287,2800,0.484417,14,8.47237,0,0,104167957832
40.1658,24.8968,4.83871,69,70,64,1287,2800,0.484417,14,8.47237,0,0,104192853170
37.8343,26.431,4.83871,69,70,64,1287,2800,0.484417,14,8.47237,0,0,104219284659
37.0553,26.9867,4.83871,69,70,64,1287,2800,0.484417,14,8.47237,0,0,104246271660
38.0023,26.3142,4.83871,69,70,64,1287,2800,0.484417,14,8.47237,0,0,104272585729
44.5663,22.4385,4.83871,69,70,64,1287,2800,0.484417,14,8.47237,0,0,104295024559
36.6358,27.2957,4.83871,69,70,64,1287,2800,0.484417,14,8.47237,0,0,104322320249
39.5897,25.2591,4.83871,69,70,64,1287,2800,0.484417,14,8.47237,0,0,104347579700
37.4437,26.7068,4.83871,69,70,64,1287,2800,0.484417,14,8.47237,0,0,104374286977
38.3863,26.0509,4.83871,69,70,64,1287,2800,0.484417,14,8.47237,0,0,104400337882
34.6358,28.8719,4.83871,69,70,64,1287,2800,0.484417,14,8.47237,0,0,104429210751
37.5473,26.6331,4.83871,69,70,64,1287,2800,0.484417,14,8.47237,0,0,104455842816
40.2499,24.8448,4.83871,69,70,64,1287,2800,0.484417,14,8.47237,0,0,104480690454
42.0108,23.8034,4.83871,69,70,64,1287,2800,0.484417,14,8.47237,0,0,104504493313
33.4705,29.877,4.83871,69,70,64,1287,2800,0.484417,14,8.47237,0,0,104534369944
41.2662,24.2329,4.83871,69,70,64,1287,2800,0.484417,14,8.47237,0,0,104558602719
40.0627,24.9609,4.83871,69,70,64,1287,2800,0.484417,14,8.47237,0,0,104583564261
37.1631,26.9084,4.83871,69,70,64,1287,2800,0.484417,14,8.47237,0,0,104610475520
38.0334,26.2926,5.2439,69,64,65,1207,2800,0.484417,28,8.47427,0,0,104636766526
42.4034,23.583,5.2439,69,64,65,1207,2800,0.484417,28,8.47427,0,0,104660348550
36.6937,27.2526,5.2439,69,64,65,1207,2800,0.484417,28,8.47427,0,0,104687601600
37.9738,26.334,5.2439,69,64,65,1207,2800,0.484417,28,8.47427,0,0,104713936478
38.9374,25.6822,5.2439,69,64,65,1207,2800,0.484417,28,8.47427,0,0,104739618481
42.875,23.3236,5.2439,69,64,65,1207,2800,0.484417,28,8.47427,0,0,104762943043
36.3505,27.5099,5.2439,69,64,65,1207,2800,0.484417,28,8.47427,0,0,104790454137
40.0371,24.9768,5.2439,69,64,65,1207,2800,0.484417,28,8.47427,0,0,104815430477
38.0315,26.294,5.2439,69,64,65,1207,2800,0.484417,28,8.47427,0,0,104841723997
38.9715,25.6598,5.2439,69,64,65,1207,2800,0.484417,28,8.47427,0,0,104867384129
38.8479,25.7414,5.2439,69,64,65,1207,2800,0.484417,28,8.47427,0,0,104893125985
39.579,25.2659,5.2439,69,64,65,1207,2800,0.484417,28,8.47427,0,0,104918391848
38.8768,25.7223,5.2439,69,64,65,1207,2800,0.484417,28,8.47427,0,0,104944114157
37.0305,27.0048,5.2439,69,64,65,1207,2800,0.484417,28,8.47427,0,0,104971119472
40.418,24.7414,5.2439,69,64,65,1207,2800,0.484417,28,8.47427,0,0,104995861092
38.5341,25.951,5.2439,69,64,65,1207,2800,0.484417,28,8.47427,0,0,105021811869
40.9437,24.4238,5.2439,69,64,65,1207,2800,0.484417,28,8.47427,0,0,105046236364
36.8219,27.1578,5.2439,69,64,65,1207,2800,0.484417,28,8.47427,0,0,105073393764
38.6585,25.8676,5.2439,69,64,65,1207,2800,0.484417,28,8.47427,0,0,105099261987
40.0303,24.9811,5.2439,69,64,65,1207,2800,0.484417,28,8.47427,0,0,105124245630
38.2522,26.1423,5.39216,69,68,64,1205,2800,0.484417,14,8.48027,0,0,105150386054
38.9666,25.663,5.39216,69,68,64,1205,2800,0.484417,14,8.48027,0,0,105176048681
37.1309,26.9318,5.39216,69,68,64,1205,2800,0.484417,14,8.48027,0,0,105202980548
41.2436,24.2462,5.39216,69,68,64,1205,2800,0.484417,14,8.48027,0,0,105227227360
38.1077,26.2414,5.39216,69,68,64,1205,2800,0.484417,14,8.48027,0,0,105253468592
38.7065,25.8355,5.39216,69,68,64,1205,2800,0.484417,14,8.48027,0,0,105279304564
39.1135,25.5666,5.39216,69,68,64,1205,2800,0.484417,14,8.48027,0,0,105304871822
36.5626,27.3504,5.39216,69,68,64,1205,2800,0.484417,14,8.48027,0,0,105332221624
40.896,24.4523,5.39216,69,68,64,1205,2800,0.484417,14,8.48027,0,0,105356674862
39.1963,25.5126,5.39216,69,68,64,1205,2800,0.484417,14,8.48027,0,0,105382186907
37.9995,26.3161,5.39216,69,68,64,1205,2800,0.484417,14,8.48027,0,0,105408503621
37.9442,26.3545,5.39216,69,68,64,1205,2800,0.484417,14,8.48027,0,0,105434859408
41.9652,23.8293,5.39216,69,68,64,1205,2800,0.484417,14,8.48027,0,0,105458687584
38.1808,26.1912,5.39216,69,68,64,1205,2800,0.484417,14,8.48027,0,0,105484878942
38.8103,25.7664,5.39216,69,68,64,1205,2800,0.484417,14,8.48027,0,0,105510645565
36.6585,27.2788,5.39216,69,68,64,1205,2800,0.484417,14,8.48027,0,0,105537924604
42.835,23.3454,5.39216,69,68,64,1205,2800,0.484417,14,8.48027,0,0,105561270825
36.5081,27.3912,5.39216,69,68,64,1205,2800,0.484417,14,8.48027,0,0,105588661714
40.4457,24.7245,5.39216,69,68,64,1205,2800,0.484417,14,8.48027,0,0,105613387744
38.1085,26.2409,5.39216,69,68,64,1205,2800,0.484417,14,8.48027,0,0,105639630049
37.2969,26.8119,5.49451,69,64,64,1193,2800,0.484417,26,8.47847,0,0,105666439056
40.7518,24.5388,5.49451,69,64,64,1193,2800,0.484417,26,8.47847,0,0,105690980510
38.0411,26.2873,5.49451,69,64,64,1193,2800,0.484417,26,8.47847,0,0,105717267358
36.513,27.3875,5.49451,69,64,64,1193,2800,0.484417,26,8.47847,0,0,105744654730
38.0494,26.2816,5.49451,69,64,64,1193,2800,0.484417,26,8.47847,0,0,105770937170
41.0559,24.357,5.49451,69,64,64,1193,2800,0.484417,26,8.47847,0,0,105795293126
38.5094,25.9677,5.49451,69,64,64,1193,2800,0.484417,26,8.47847,0,0,105821261706
39.2453,25.4808,5.49451,69,64,64,1193,2800,0.484417,26,8.47847,0,0,105846742893
38.4391,26.0152,5.49451,69,64,64,1193,2800,0.484417,26,8.47847,0,0,105872757400
38.3637,26.0663,5.49451,69,64,64,1193,2800,0.484417,26,8.47847,0,0,105898823814
40.2198,24.8634,5.49451,69,64,64,1193,2800,0.484417,26,8.47847,0,0,105923688875
38.8706,25.7264,5.49451,69,64,64,1193,2800,0.484417,26,8.47847,0,0,105949414901
36.5227,27.3802,5.49451,69,64,64,1193,2800,0.484417,26,8.47847,0,0,105976796192
40.6339,24.61,5.49451,69,64,64,1193,2800,0.484417,26,8.47847,0,0,106001405313
40.0896,24.9441,5.49451,69,64,64,1193,2800,0.484417,26,8.47847,0,0,106026349833
38.2604,26.1367,5.49451,69,64,64,1193,2800,0.484417,26,8.47847,0,0,106052486299
38.3572,26.0707,5.49451,69,64,64,1193,2800,0.484417,26,8.47847,0,0,106078557422
38.7267,25.822,5.49451,69,64,64,1193,2800,0.484417,26,8.47847,0,0,106104379658
41.1155,24.3217,5.49451,69,64,64,1193,2800,0.484417,26,8.47847,0,0,106128701390
37.0212,27.0116,5.49451,69,64,64,1193,2800,0.484417,26,8.47847,0,0,106155716023
38.291,26.1158,6.08273,69,68,65,1401,2800,0.484417,14,8.47778,0,0,106181828874
39.8524,25.0926,6.08273,69,68,65,1401,2800,0.484417,14,8.47778,0,0,106206921843
37.4861,26.6766,6.08273,69,68,65,1401,2800,0.484417,14,8.47778,0,0,106233598141
40.1643,24.8977,6.08273,69,68,65,1401,2800,0.484417,14,8.47778,0,0,106258496705
39.6873,25.197,6.08273,69,68,65,1401,2800,0.484417,14,8.47778,0,0,106283693749
38.6734,25.8576,6.08273,69,68,65,1401,2800,0.484417,14,8.47778,0,0,106309550971
38.5657,25.9298,6.08273,69,68,65,1401,2800,0.484417,14,8.47778,0,0,106335480819
39.1769,25.5252,6.08273,69,68,65,1401,2800,0.484417,14,8.47778,0,0,106361007992
38.2958,26.1125,6.08273,69,68,65,1401,2800,0.484417,14,8.47778,0,0,106387119310
38.7536,25.804,6.08273,69,68,65,1401,2800,0.484417,14,8.47778,0,0,106412923753
38.6224,25.8917,6.08273,69,68,65,1401,2800,0.484417,14,8.47778,0,0,106438815560
36.6243,27.3043,6.08273,69,68,65,1401,2800,0.484417,14,8.47778,0,0,106466120107
41.2784,24.2257,6.08273,69,68,65,1401,2800,0.484417,14,8.47778,0,0,106490346320
38.9138,25.6978,6.08273,69,68,65,1401,2800,0.484417,14,8.47778,0,0,106516045726
37.4724,26.6863,6.08273,69,68,65,1401,2800,0.484417,14,8.47778,0,0,106542732824
39.4897,25.3231,6.08273,69,68,65,1401,2800,0.484417,14,8.47778,0,0,106568056125
38.9456,25.6768,6.08273,69,68,65,1401,2800,0.484417,14,8.47778,0,0,106593731946
41.5117,24.0896,6.08273,69,68,65,1401,2800,0.484417,14,8.47778,0,0,106617821573
36.9957,27.0302,6.08273,69,68,65,1401,2800,0.484417,14,8.47778,0,0,106644852126
37.595,26.5993,6.08273,69,68,65,1401,2800,0.484417,14,8.47778,0,0,106671454435
40.5361,24.6694,5.85366,69,63,65,1259,2800,0.484417,28,8.47534,0,0,106696120994
37.4608,26.6945,5.85366,69,63,65,1259,2800,0.484417,28,8.47534,0,0,106722815687
40.1819,24.8868,5.85366,69,63,65,1259,2800,0.484417,28,8.47534,0,0,106747703280
38.6488,25.874,5.85366,69,63,65,1259,2800,0.484417,28,8.47534,0,0,106773577133
37.3106,26.8021,5.85366,69,63,65,1259,2800,0.484417,28,8.47534,0,0,106800379448
40.5768,24.6446,5.85366,69,63,65,1259,2800,0.484417,28,8.47534,0,0,106825024466
40.38,24.7647,5.85366,69,63,65,1259,2800,0.484417,28,8.47534,0,0,106849789089
37.2097,26.8747,5.85366,69,63,65,1259,2800,0.484417,28,8.47534,0,0,106876663939
36.4889,27.4056,5.85366,69,63,65,1259,2800,0.484417,28,8.47534,0,0,106904070257
42.2777,23.6531,5.85366,69,63,65,1259,2800,0.484417,28,8.47534,0,0,106927723535
39.746,25.1597,5.85366,69,63,65,1259,2800,0.484417,28,8.47534,0,0,106952883569
38.1563,26.208,5.85366,69,63,65,1259,2800,0.484417,28,8.47534,0,0,106979091549
37.572,26.6156,5.85366,69,63,65,1259,2800,0.484417,28,8.47534,0,0,107005708847
38.3098,26.103,5.85366,69,63,65,1259,2800,0.484417,28,8.47534,0,0,107031810477
39.652,25.2194,5.85366,69,63,65,1259,2800,0.484417,28,8.47534,0,0,107057030143
39.7932,25.1299,5.85366,69,63,65,1259,2800,0.484417,28,8.47534,0,0,107082161033
38.7314,25.8188,5.85366,69,63,65,1259,2800,0.484417,28,8.47534,0,0,107107980855
39.1747,25.5267,5.85366,69,63,65,1259,2800,0.484417,28,8.47534,0,0,107133507266
38.9058,25.7031,5.85366,69,63,65,1259,2800,0.484417,28,8.47534,0,0,107159210289
39.4468,25.3506,5.85366,69,63,65,1259,2800,0.484417,28,8.47534,0,0,107184564508
37.0241,27.0094,5.65111,69,67,64,1262,2800,0.484417,14,8.47374,0,0,107211570354
38.5129,25.9653,5.65111,69,67,64,1262,2800,0.484417,14,8.47374,0,0,107237537362
34.6729,28.8409,5.65111,69,67,64,1262,2800,0.484417,14,8.47374,0,0,107266377179
44.5003,22.4718,5.65111,69,67,64,1262,2800,0.484417,14,8.47374,0,0,107288849662
39.6217,25.2387,5.65111,69,67,64,1262,2800,0.484417,14,8.47374,0,0,107314088393
39.8955,25.0655,5.65111,69,67,64,1262,2800,0.484417,14,8.47374,0,0,107339154161
36.3577,27.5045,5.65111,69,67,64,1262,2800,0.484417,14,8.47374,0,0,107366660646
40.7666,24.5299,5.65111,69,67,64,1262,2800,0.484417,14,8.47374,0,0,107391190429
40.8525,24.4783,5.65111,69,67,64,1262,2800,0.484417,14,8.47374,0,0,107415667602
36.2296,27.6017,5.65111,69,67,64,1262,2800,0.484417,14,8.47374,0,0,107443269466
38.2363,26.1532,5.65111,69,67,64,1262,2800,0.484417,14,8.47374,0,0,107469423585
39.987,25.0081,5.65111,69,67,64,1262,2800,0.484417,14,8.47374,0,0,107494431254
39.3936,25.3848,5.65111,69,67,64,1262,2800,0.484417,14,8.47374,0,0,107519816220
37.9356,26.3605,5.65111,69,67,64,1262,2800,0.484417,14,8.47374,0,0,107546176756
38.95,25.674,5.65111,69,67,64,1262,2800,0.484417,14,8.47374,0,0,107571850574
37.4135,26.7283,5.65111,69,67,64,1262,2800,0.484417,14,8.47374,0,0,107598579010
40.1126,24.9298,5.65111,69,67,64,1262,2800,0.484417,14,8.47374,0,0,107623510997
39.5614,25.2772,5.65111,69,67,64,1262,2800,0.484417,14,8.47374,0,0,107648787920
35.6102,28.0818,5.65111,69,67,64,1262,2800,0.484417,14,8.47374,0,0,107676869154
43.0563,23.2254,5.65111,69,67,64,1262,2800,0.484417,14,8.47374,0,0,107700098166
37.384,26.7494,5.39216,69,65,65,1192,2800,0.484417,22,8.47371,0,0,107726844155
37.4697,26.6882,5.39216,69,65,65,1192,2800,0.484417,22,8.47371,0,0,107753532396
42.4766,23.5423,5.39216,69,65,65,1192,2800,0.484417,22,8.47371,0,0,107777076339
37.1554,26.914,5.39216,69,65,65,1192,2800,0.484417,22,8.47371,0,0,107803990353
40.7922,24.5145,5.39216,69,65,65,1192,2800,0.484417,22,8.47371,0,0,107828504786
37.9795,26.33,5.39216,69,65,65,1192,2800,0.484417,22,8.47371,0,0,107854835115
40.2039,24.8732,5.39216,69,65,65,1192,2800,0.484417,22,8.47371,0,0,107879709133
37.9824,26.328,5.39216,69,65,65,1192,2800,0.484417,22,8.47371,0,0,107906037509
36.1162,27.6884,5.39216,69,65,65,1192,2800,0.484417,22,8.47371,0,0,107933724884
37.2622,26.8368,5.39216,69,65,65,1192,2800,0.484417,22,8.47371,0,0,107960562014
38.8387,25.7475,5.39216,69,65,65,1192,2800,0.484417,22,8.47371,0,0,107986310091
41.1248,24.3162,5.39216,69,65,65,1192,2800,0.484417,22,8.47371,0,0,108010625952
37.0534,26.9881,5.39216,69,65,65,1192,2800,0.484417,22,8.47371,0,0,108037614746
44.1166,22.6672,5.39216,69,65,65,1192,2800,0.484417,22,8.47371,0,0,108060282215
29.7695,33.5915,5.39216,69,65,65,1192,2800,0.484417,22,8.47371,0,0,108093873755
31.5017,31.7443,5.39216,69,65,65,1192,2800,0.484417,22,8.47371,0,0,108125619532
38.0048,26.3125,5.39216,69,65,65,1192,2800,0.484417,22,8.47371,0,0,108151930876
39.4434,25.3528,5.39216,69,65,65,1192,2800,0.484417,22,8.47371,0,0,108177285035
41.5938,24.0421,5.39216,69,65,65,1192,2800,0.484417,22,8.47371,0,0,108201331290
41.4166,24.1449,5.54855,69,66,65,1202,2800,0.484417,23,8.47363,0,0,108225471130
39.2636,25.4689,5.54855,69,66,65,1202,2800,0.484417,23,8.47363,0,0,108250941406
36.6548,27.2815,5.54855,69,66,65,1202,2800,0.484417,23,8.47363,0,0,108278221978
39.2912,25.451,5.54855,69,66,65,1202,2800,0.484417,23,8.47363,0,0,108303675904
42.0878,23.7599,5.54855,69,66,65,1202,2800,0.484417,23,8.47363,0,0,108327433828
35.7248,27.9917,5.54855,69,66,65,1202,2800,0.484417,23,8.47363,0,0,108355426085
35.8988,27.8561,5.54855,69,66,65,1202,2800,0.484417,23,8.47363,0,0,108383285222
34.6998,28.8186,5.54855,69,66,65,1202,2800,0.484417,23,8.47363,0,0,108412101354
38.1545,26.2092,5.54855,69,66,65,1202,2800,0.484417,23,8.47363,0,0,108438310967
38.9353,25.6836,5.54855,69,66,65,1202,2800,0.484417,23,8.47363,0,0,108463995575
34.9435,28.6176,5.54855,69,66,65,1202,2800,0.484417,23,8.47363,0,0,108492614377
39.9003,25.0625,5.54855,69,66,65,1202,2800,0.484417,23,8.47363,0,0,108517675346
37.8231,26.4389,5.54855,69,66,65,1202,2800,0.484417,23,8.47363,0,0,108544114199
40.7066,24.566,5.54855,69,66,65,1202,2800,0.484417,23,8.47363,0,0,108568680219
40.1172,24.9269,5.54855,69,66,65,1202,2800,0.484417,23,8.47363,0,0,108593607486
37.458,26.6965,5.54855,69,66,65,1202,2800,0.484417,23,8.47363,0,0,108620303852
38.0454,26.2844,5.54855,69,66,65,1202,2800,0.484417,23,8.47363,0,0,108646589778
38.135,26.2226,5.54855,69,66,65,1202,2800,0.484417,23,8.47363,0,0,108672811174
38.0272,26.297,5.54855,69,66,65,1202,2800,0.484417,23,8.47363,0,0,108699109042
38.3756,26.0582,5.54855,69,66,65,1202,2800,0.484417,23,8.47363,0,0,108725170207
37.8212,26.4402,6.49038,69,69,65,1445,2800,0.484417,24,8.47115,0,0,108751608579
36.3098,27.5408,6.49038,69,69,65,1445,2800,0.484417,24,8.47115,0,0,108779148918
37.3214,26.7943,6.49038,69,69,65,1445,2800,0.484417,24,8.47115,0,0,108805944009
36.7222,27.2315,6.49038,69,69,65,1445,2800,0.484417,24,8.47115,0,0,108833174657
37.4449,26.7059,6.49038,69,69,65,1445,2800,0.484417,24,8.47115,0,0,108859880591
37.7088,26.519,6.49038,69,69,65,1445,2800,0.484417,24,8.47115,0,0,108886399765
36.8299,27.1519,6.49038,69,69,65,1445,2800,0.484417,24,8.47115,0,0,108913552066
37.5427,26.6363,6.49038,69,69,65,1445,2800,0.484417,24,8.47115,0,0,108940188780
37.5148,26.6562,6.49038,69,69,65,1445,2800,0.484417,24,8.47115,0,0,108966846414
38.993,25.6456,6.49038,69,69,65,1445,2800,0.484417,24,8.47115,0,0,108992491087
36.7376,27.2201,6.49038,69,69,65,1445,2800,0.484417,24,8.47115,0,0,109019711386
36.5276,27.3766,6.49038,69,69,65,1445,2800,0.484417,24,8.47115,0,0,109047089340
36.6919,27.254,6.49038,69,69,65,1445,2800,0.484417,24,8.47115,0,0,109074342581
36.8879,27.1091,6.49038,69,69,65,1445,2800,0.484417,24,8.47115,0,0,109101451791
38.1479,26.2138,6.49038,69,69,65,1445,2800,0.484417,24,8.47115,0,0,109127665843
37.7115,26.5171,6.49038,69,69,65,1445,2800,0.484417,24,8.47115,0,0,109154182982
36.4431,27.4401,6.49038,69,69,65,1445,2800,0.484417,24,8.47115,0,0,109181623184
38.0718,26.2662,6.49038,69,69,65,1445,2800,0.484417,24,8.47115,0,0,109207890585
37.1178,26.9412,6.49038,69,69,65,1445,2800,0.484417,24,8.47115,0,0,109234835297
37.4906,26.6734,6.32754,69,68,66,1433,2800,0.484417,19,8.47039,0,0,109261504913
35.9665,27.8036,6.32754,69,68,66,1433,2800,0.484417,19,8.47039,0,0,109289308015
38.2332,26.1553,6.32754,69,68,66,1433,2800,0.484417,19,8.47039,0,0,109315465169
35.2263,28.3879,6.32754,69,68,66,1433,2800,0.484417,19,8.47039,0,0,109343853299
38.1813,26.1908,6.32754,69,68,66,1433,2800,0.484417,19,8.47039,0,0,109370043365
36.4834,27.4098,6.32754,69,68,66,1433,2800,0.484417,19,8.47039,0,0,109397454522
39.2431,25.4822,6.32754,69,68,66,1433,2800,0.484417,19,8.47039,0,0,109422936119
38.4561,26.0037,6.32754,69,68,66,1433,2800,0.484417,19,8.47039,0,0,109448939896
37.5557,26.6271,6.32754,69,68,66,1433,2800,0.484417,19,8.47039,0,0,109475567984
38.174,26.1958,6.32754,69,68,66,1433,2800,0.484417,19,8.47039,0,0,109501762849
39.2995,25.4456,6.32754,69,68,66,1433,2800,0.484417,19,8.47039,0,0,109527208860
29.4745,33.9277,6.32754,69,68,66,1433,2800,0.484417,19,8.47039,0,0,109561136300
33.5776,29.7817,6.32754,69,68,66,1433,2800,0.484417,19,8.47039,0,0,109590920147
36.3243,27.5298,6.32754,69,68,66,1433,2800,0.484417,19,8.47039,0,0,109618449095
38.2377,26.1522,6.32754,69,68,66,1433,2800,0.484417,19,8.47039,0,0,109644602452
39.4327,25.3596,6.32754,69,68,66,1433,2800,0.484417,19,8.47039,0,0,109669961430
37.5412,26.6374,6.32754,69,68,66,1433,2800,0.484417,19,8.47039,0,0,109696599036
38.3463,26.0781,6.32754,69,68,66,1433,2800,0.484417,19,8.47039,0,0,109722676952
38.8705,25.7264,6.32754,69,68,66,1433,2800,0.484417,19,8.47039,0,0,109748407907
38.7077,25.8346,6.16523,69,67,65,1294,2800,0.484417,23,8.46829,0,0,109774239230
36.7569,27.2058,6.16523,69,67,65,1294,2800,0.484417,23,8.46829,0,0,109801445312
37.3568,26.7689,6.16523,69,67,65,1294,2800,0.484417,23,8.46829,0,0,109828213693
37.1333,26.93,6.16523,69,67,65,1294,2800,0.484417,23,8.46829,0,0,109855143968
37.5785,26.6109,6.16523,69,67,65,1294,2800,0.484417,23,8.46829,0,0,109881755445
36.1992,27.6249,6.16523,69,67,65,1294,2800,0.484417,23,8.46829,0,0,109909381815
36.2439,27.5908,6.16523,69,67,65,1294,2800,0.484417,23,8.46829,0,0,109936971707
36.6945,27.2521,6.16523,69,67,65,1294,2800,0.484417,23,8.46829,0,0,109964223505
33.1256,30.1881,6.16523,69,67,65,1294,2800,0.484417,23,8.46829,0,0,109994412192
39.3031,25.4433,6.16523,69,67,65,1294,2800,0.484417,23,8.46829,0,0,110019855568
37.7363,26.4997,6.16523,69,67,65,1294,2800,0.484417,23,8.46829,0,0,110046356768
38.03,26.295,6.16523,69,67,65,1294,2800,0.484417,23,8.46829,0,0,110072652192
40.1308,24.9185,6.16523,69,67,65,1294,2800,0.484417,23,8.46829,0,0,110097571384
38.9133,25.6981,6.16523,69,67,65,1294,2800,0.484417,23,8.46829,0,0,110123267915
38.7972,25.7751,6.16523,69,67,65,1294,2800,0.484417,23,8.46829,0,0,110149042902
38.8819,25.7189,6.16523,69,67,65,1294,2800,0.484417,23,8.46829,0,0,110174764250
39.3438,25.417,6.16523,69,67,65,1294,2800,0.484417,23,8.46829,0,0,110200179242
38.8086,25.7675,6.16523,69,67,65,1294,2800,0.484417,23,8.46829,0,0,110225948329
38.9159,25.6965,6.16523,69,67,65,1294,2800,0.484417,23,8.46829,0,0,110251649418
37.7254,26.5074,5.9194,69,67,65,1553,2800,0.484417,20,8.50009,0,0,110278153794
40.3759,24.7673,5.9194,69,67,65,1553,2800,0.484417,20,8.50009,0,0,110302921412
37.4291,26.7172,5.9194,69,67,65,1553,2800,0.484417,20,8.50009,0,0,110329638407
37.4159,26.7266,5.9194,69,67,65,1553,2800,0.484417,20,8.50009,0,0,110356364288
41.8884,23.8729,5.9194,69,67,65,1553,2800,0.484417,20,8.50009,0,0,110380238971
36.7631,27.2012,5.9194,69,67,65,1553,2800,0.484417,20,8.50009,0,0,110407438832
39.1927,25.5149,5.9194,69,67,65,1553,2800,0.484417,20,8.50009,0,0,110432954132
40.0773,24.9518,5.9194,69,67,65,1553,2800,0.484417,20,8.50009,0,0,110457907549
38.7606,25.7994,5.9194,69,67,65,1553,2800,0.484417,20,8.50009,0,0,110483705941
37.438,26.7108,5.9194,69,67,65,1553,2800,0.484417,20,8.50009,0,0,110510417916
38.9493,25.6744,5.9194,69,67,65,1553,2800,0.484417,20,8.50009,0,0,110536093617
40.555,24.6578,5.9194,69,67,65,1553,2800,0.484417,20,8.50009,0,0,110560751329
40.3792,24.7652,5.9194,69,67,65,1553,2800,0.484417,20,8.50009,0,0,110585516693
37.3844,26.7491,5.9194,69,67,65,1553,2800,0.484417,20,8.50009,0,0,110612266359
38.1021,26.2453,5.9194,69,67,65,1553,2800,0.484417,20,8.50009,0,0,110638511279
40.3596,24.7773,5.9194,69,67,65,1553,2800,0.484417,20,8.50009,0,0,110663289036
37.5658,26.62,5.9194,69,67,65,1553,2800,0.484417,20,8.50009,0,0,110689909800
38.254,26.141,5.9194,69,67,65,1553,2800,0.484417,20,8.50009,0,0,110716051866
39.7691,25.1452,5.9194,69,67,65,1553,2800,0.484417,20,8.50009,0,0,110741196702
37.2249,26.8638,5.9194,69,67,65,1553,2800,0.484417,20,8.50009,0,0,110768066493
39.4026,25.379,5.76687,69,68,66,1590,2800,0.484417,16,8.49831,0,0,110793440890
41.905,23.8635,5.76687,69,68,66,1590,2800,0.484417,16,8.49831,0,0,110817305063
35.4136,28.2377,5.76687,69,68,66,1590,2800,0.484417,16,8.49831,0,0,110845541358
40.5814,24.6418,5.76687,69,68,66,1590,2800,0.484417,16,8.49831,0,0,110870185424
38.6122,25.8986,5.76687,69,68,66,1590,2800,0.484417,16,8.49831,0,0,110896084955
39.4716,25.3347,5.76687,69,68,66,1590,2800,0.484417,16,8.49831,0,0,110921420018
38.4508,26.0073,5.76687,69,68,66,1590,2800,0.484417,16,8.49831,0,0,110947426971
36.9189,27.0864,5.76687,69,68,66,1590,2800,0.484417,16,8.49831,0,0,110974513088
37.0164,27.0151,5.76687,69,68,66,1590,2800,0.484417,16,8.49831,0,0,111001527841
39.454,25.346,5.76687,69,68,66,1590,2800,0.484417,16,8.49831,0,0,111026875557
39.9546,25.0284,5.76687,69,68,66,1590,2800,0.484417,16,8.49831,0,0,111051905007
31.9271,31.3214,5.76687,69,68,66,1590,2800,0.484417,16,8.49831,0,0,111083225867
37.1406,26.9247,5.76687,69,68,66,1590,2800,0.484417,16,8.49831,0,0,111110149600
39.7653,25.1475,5.76687,69,68,66,1590,2800,0.484417,16,8.49831,0,0,111135299585
38.6863,25.8489,5.76687,69,68,66,1590,2800,0.484417,16,8.49831,0,0,111161148702
39.3713,25.3992,5.76687,69,68,66,1590,2800,0.484417,16,8.49831,0,0,111186548987
37.3473,26.7757,5.76687,69,68,66,1590,2800,0.484417,16,8.49831,0,0,111213323559
37.7366,26.4995,5.76687,69,68,66,1590,2800,0.484417,16,8.49831,0,0,111239822245
37.6131,26.5865,5.76687,69,68,66,1590,2800,0.484417,16,8.49831,0,0,111266408925
39.6287,25.2342,5.76687,69,68,66,1590,2800,0.484417,16,8.49831,0,0,111291648138
38.5776,25.9218,5.81114,69,68,65,1487,2800,0.484417,29,8.50011,0,0,111317565092
38.4396,26.0149,5.81114,69,68,65,1487,2800,0.484417,29,8.50011,0,0,111343582284
38.547,25.9424,5.81114,69,68,65,1487,2800,0.484417,29,8.50011,0,0,111369526649
39.7157,25.1789,5.81114,69,68,65,1487,2800,0.484417,29,8.50011,0,0,111394704346
40.7102,24.5639,5.81114,69,68,65,1487,2800,0.484417,29,8.50011,0,0,111419267231
37.4196,26.724,5.81114,69,68,65,1487,2800,0.484417,29,8.50011,0,0,111445993533
38.0082,26.3101,5.81114,69,68,65,1487,2800,0.484417,29,8.50011,0,0,111472301671
39.2457,25.4805,5.81114,69,68,65,1487,2800,0.484417,29,8.50011,0,0,111497784320
38.4622,25.9995,5.81114,69,68,65,1487,2800,0.484417,29,8.50011,0,0,111523782386
39.0548,25.6051,5.81114,69,68,65,1487,2800,0.484417,29,8.50011,0,0,111549387645
38.5413,25.9462,5.81114,69,68,65,1487,2800,0.484417,29,8.50011,0,0,111575333985
37.241,26.8521,5.81114,69,68,65,1487,2800,0.484417,29,8.50011,0,0,111602187756
38.087,26.2557,5.81114,69,68,65,1487,2800,0.484417,29,8.50011,0,0,111628443365
39.7707,25.1441,5.81114,69,68,65,1487,2800,0.484417,29,8.50011,0,0,111653587900
38.5042,25.9712,5.81114,69,68,65,1487,2800,0.484417,29,8.50011,0,0,111679558846
38.0701,26.2673,5.81114,69,68,65,1487,2800,0.484417,29,8.50011,0,0,111705825826
39.3237,25.4299,5.81114,69,68,65,1487,2800,0.484417,29,8.50011,0,0,111731259664
39.0278,25.6228,5.81114,69,68,65,1487,2800,0.484417,29,8.50011,0,0,111756881354
35.5093,28.1616,5.81114,69,68,65,1487,2800,0.484417,29,8.50011,0,0,111785043039
35.7876,27.9427,5.81114,69,68,65,1487,2800,0.484417,29,8.50011,0,0,111812987636
38.0506,26.2808,5.9466,69,67,66,1640,2800,0.484417,18,8.50166,0,0,111839265177
40.4342,24.7316,5.9466,69,67,66,1640,2800,0.484417,18,8.50166,0,0,111863997158
37.563,26.622,5.9466,69,67,66,1640,2800,0.484417,18,8.50166,0,0,111890619114
39.7528,25.1555,5.9466,69,67,66,1640,2800,0.484417,18,8.50166,0,0,111915775001
39.1165,25.5647,5.9466,69,67,66,1640,2800,0.484417,18,8.50166,0,0,111941339414
35.6954,28.0148,5.9466,69,67,66,1640,2800,0.484417,18,8.50166,0,0,111969355665
35.1566,28.4441,5.9466,69,67,66,1640,2800,0.484417,18,8.50166,0,0,111997800271
35.0414,28.5377,5.9466,69,67,66,1640,2800,0.484417,18,8.50166,0,0,112026337129
40.426,24.7365,5.9466,69,67,66,1640,2800,0.484417,18,8.50166,0,0,112051074531
37.0458,26.9936,5.9466,69,67,66,1640,2800,0.484417,18,8.50166,0,0,112078068084
39.9743,25.0161,5.9466,69,67,66,1640,2800,0.484417,18,8.50166,0,0,112103085461
40.0248,24.9845,5.9466,69,67,66,1640,2800,0.484417,18,8.50166,0,0,112128068363
39.4743,25.3329,5.9466,69,67,66,1640,2800,0.484417,18,8.50166,0,0,112153403185
36.1511,27.6616,5.9466,69,67,66,1640,2800,0.484417,18,8.50166,0,0,112181064581
37.5993,26.5962,5.9466,69,67,66,1640,2800,0.484417,18,8.50166,0,0,112207661580
39.117,25.5643,5.9466,69,67,66,1640,2800,0.484417,18,8.50166,0,0,112233224951
40.0563,24.9648,5.9466,69,67,66,1640,2800,0.484417,18,8.50166,0,0,112258189860
38.9011,25.7062,5.9466,69,67,66,1640,2800,0.484417,18,8.50166,0,0,112283895928
38.0245,26.2988,5.9466,69,67,66,1640,2800,0.484417,18,8.50166,0,0,112310195590
39.6503,25.2205,5.9466,69,67,66,1640,2800,0.484417,18,8.50166,0,0,112335419624
37.176,26.8991,6.05327,69,66,66,1639,2800,0.484417,27,8.50243,0,0,112362317188
40.6051,24.6275,6.05327,69,66,66,1639,2800,0.484417,27,8.50243,0,0,112386944022
37.1709,26.9028,6.05327,69,66,66,1639,2800,0.484417,27,8.50243,0,0,112413845793
38.3779,26.0567,6.05327,69,66,66,1639,2800,0.484417,27,8.50243,0,0,112439904803
41.1565,24.2975,6.05327,69,66,66,1639,2800,0.484417,27,8.50243,0,0,112464201378
37.9404,26.3571,6.05327,69,66,66,1639,2800,0.484417,27,8.50243,0,0,112490559740
39.8198,25.1131,6.05327,69,66,66,1639,2800,0.484417,27,8.50243,0,0,112515673367
37.0397,26.998,6.05327,69,66,66,1639,2800,0.484417,27,8.50243,0,0,112542669135
38.7653,25.7963,6.05327,69,66,66,1639,2800,0.484417,27,8.50243,0,0,112568468598
39.145,25.5461,6.05327,69,66,66,1639,2800,0.484417,27,8.50243,0,0,112594012152
42.5743,23.4884,6.05327,69,66,66,1639,2800,0.484417,27,8.50243,0,0,112617502705
36.7175,27.235,6.05327,69,66,66,1639,2800,0.484417,27,8.50243,0,0,112644738733
38.8817,25.719,6.05327,69,66,66,1639,2800,0.484417,27,8.50243,0,0,112670456293
37.9061,26.381,6.05327,69,66,66,1639,2800,0.484417,27,8.50243,0,0,112696839562
38.6735,25.8575,6.05327,69,66,66,1639,2800,0.484417,27,8.50243,0,0,112722696603
38.6913,25.8456,6.05327,69,66,66,1639,2800,0.484417,27,8.50243,0,0,112748542915
38.5465,25.9427,6.05327,69,66,66,1639,2800,0.484417,27,8.50243,0,0,112774484114
37.8299,26.4341,6.05327,69,66,66,1639,2800,0.484417,27,8.50243,0,0,112800919802
39.0225,25.6262,6.05327,69,66,66,1639,2800,0.484417,27,8.50243,0,0,112826545870
38.0816,26.2594,6.05327,69,66,66,1639,2800,0.484417,27,8.50243,0,0,112852807601
37.6231,26.5794,6.34146,69,69,65,1490,2800,0.484417,32,8.50501,0,0,112879384643
38.2799,26.1233,6.34146,69,69,65,1490,2800,0.484417,32,8.50501,0,0,112905508575
38.545,25.9437,6.34146,69,69,65,1490,2800,0.484417,32,8.50501,0,0,112931451939
39.235,25.4874,6.34146,69,69,65,1490,2800,0.484417,32,8.50501,0,0,112956939888
37.9505,26.3501,6.34146,69,69,65,1490,2800,0.484417,32,8.50501,0,0,112983291978
38.1753,26.1949,6.34146,69,69,65,1490,2800,0.484417,32,8.50501,0,0,113009484990
37.6078,26.5902,6.34146,69,69,65,1490,2800,0.484417,32,8.50501,0,0,113036077752
40.0523,24.9674,6.34146,69,69,65,1490,2800,0.484417,32,8.50501,0,0,113061043792
39.0462,25.6107,6.34146,69,69,65,1490,2800,0.484417,32,8.50501,0,0,113086654612
37.7263,26.5067,6.34146,69,69,65,1490,2800,0.484417,32,8.50501,0,0,113113162685
39.0332,25.6192,6.34146,69,69,65,1490,2800,0.484417,32,8.50501,0,0,113138782582
39.337,25.4214,6.34146,69,69,65,1490,2800,0.484417,32,8.50501,0,0,113164203405
39.4931,25.3208,6.34146,69,69,65,1490,2800,0.484417,32,8.50501,0,0,113189525784
38.5038,25.9715,6.34146,69,69,65,1490,2800,0.484417,32,8.50501,0,0,113215496889
40.4856,24.7002,6.34146,69,69,65,1490,2800,0.484417,32,8.50501,0,0,113240197412
36.8305,27.1514,6.34146,69,69,65,1490,2800,0.484417,32,8.50501,0,0,113267347559
40.7943,24.5132,6.34146,69,69,65,1490,2800,0.484417,32,8.50501,0,0,113291862202
40.1708,24.8937,6.34146,69,69,65,1490,2800,0.484417,32,8.50501,0,0,113316756097
37.4621,26.6937,6.34146,69,69,65,1490,2800,0.484417,32,8.50501,0,0,113343449919
38.7133,25.8309,6.34146,69,69,65,1490,2800,0.484417,32,8.50501,0,0,113369285921
38.0167,26.3043,6.57734,69,70,66,1512,2800,0.484417,15,8.50381,0,0,113395584641
40.0229,24.9857,6.57734,69,70,66,1512,2800,0.484417,15,8.50381,0,0,113420573003
38.872,25.7255,6.57734,69,70,66,1512,2800,0.484417,15,8.50381,0,0,113446298578
38.0061,26.3116,6.57734,69,70,66,1512,2800,0.484417,15,8.50381,0,0,113472610153
39.2521,25.4763,6.57734,69,70,66,1512,2800,0.484417,15,8.50381,0,0,113498085208
38.0704,26.2671,6.57734,69,70,66,1512,2800,0.484417,15,8.50381,0,0,113524353030
38.3556,26.0718,6.57734,69,70,66,1512,2800,0.484417,15,8.50381,0,0,113550424624
39.8622,25.0864,6.57734,69,70,66,1512,2800,0.484417,15,8.50381,0,0,113575512042
38.8038,25.7707,6.57734,69,70,66,1512,2800,0.484417,15,8.50381,0,0,113601282992
38.5942,25.9106,6.57734,69,70,66,1512,2800,0.484417,15,8.50381,0,0,113627194406
38.8299,25.7533,6.57734,69,70,66,1512,2800,0.484417,15,8.50381,0,0,113652946721
37.804,26.4522,6.57734,69,70,66,1512,2800,0.484417,15,8.50381,0,0,113679400251
39.2003,25.51,6.57734,69,70,66,1512,2800,0.484417,15,8.50381,0,0,113704910793
39.493,25.321,6.57734,69,70,66,1512,2800,0.484417,15,8.50381,0,0,113730232210
38.6475,25.8749,6.57734,69,70,66,1512,2800,0.484417,15,8.50381,0,0,113756106204
34.5834,28.9156,6.57734,69,70,66,1512,2800,0.484417,15,8.50381,0,0,113785023065
35.7952,27.9367,6.57734,69,70,66,1512,2800,0.484417,15,8.50381,0,0,113812960779
40.1858,24.8844,6.57734,69,70,66,1512,2800,0.484417,15,8.50381,0,0,113837843233
39.5815,25.2643,6.57734,69,70,66,1512,2800,0.484417,15,8.50381,0,0,113863108554
35.6539,28.0474,6.57734,69,70,66,1512,2800,0.484417,15,8.50381,0,0,113891160513
40.3282,24.7965,6.16687,69,67,65,1422,2800,0.484417,36,8.50469,0,0,113915952828
37.2121,26.873,6.16687,69,67,65,1422,2800,0.484417,36,8.50469,0,0,113942825785
39.4599,25.3422,6.16687,69,67,65,1422,2800,0.484417,36,8.50469,0,0,113968167740
39.9041,25.0601,6.16687,69,67,65,1422,2800,0.484417,36,8.50469,0,0,113993228839
40.6883,24.5771,6.16687,69,67,65,1422,2800,0.484417,36,8.50469,0,0,114017806130
35.84,27.9018,6.16687,69,67,65,1422,2800,0.484417,36,8.50469,0,0,114045708709
41.8019,23.9224,6.16687,69,67,65,1422,2800,0.484417,36,8.50469,0,0,114069631122
37.9308,26.3638,6.16687,69,67,65,1422,2800,0.484417,36,8.50469,0,0,114095995415
34.2679,29.1818,6.16687,69,67,65,1422,2800,0.484417,36,8.50469,0,0,114125177994
36.776,27.1916,6.16687,69,67,65,1422,2800,0.484417,36,8.50469,0,0,114152369539
37.9773,26.3315,6.16687,69,67,65,1422,2800,0.484417,36,8.50469,0,0,114178700089
40.4332,24.7322,6.16687,69,67,65,1422,2800,0.484417,36,8.50469,0,0,114203434485
39.1574,25.538,6.16687,69,67,65,1422,2800,0.484417,36,8.50469,0,0,114228971266
39.2783,25.4594,6.16687,69,67,65,1422,2800,0.484417,36,8.50469,0,0,114254431503
38.7184,25.8275,6.16687,69,67,65,1422,2800,0.484417,36,8.50469,0,0,114280258809
30.0382,33.2909,6.16687,69,67,65,1422,2800,0.484417,36,8.50469,0,0,114313549795
35.0385,28.5401,6.16687,69,67,65,1422,2800,0.484417,36,8.50469,0,0,114342090340
36.5245,27.3789,6.16687,69,67,65,1422,2800,0.484417,36,8.50469,0,0,114369468796
39.1646,25.5333,6.16687,69,67,65,1422,2800,0.484417,36,8.50469,0,0,114395009814
40.0546,24.9659,6.72478,69,70,65,1323,2800,0.484417,18,8.50429,0,0,114419969944
31.9076,31.3405,6.72478,69,70,65,1323,2800,0.484417,18,8.50429,0,0,114451310471
35.2241,28.3897,6.72478,69,70,65,1323,2800,0.484417,18,8.50429,0,0,114479699843
34.6886,28.8279,6.72478,69,70,65,1323,2800,0.484417,18,8.50429,0,0,114508527326
36.6228,27.3054,6.72478,69,70,65,1323,2800,0.484417,18,8.50429,0,0,114535833506
36.7591,27.2041,6.72478,69,70,65,1323,2800,0.484417,18,8.50429,0,0,114563037805
35.0227,28.5529,6.72478,69,70,65,1323,2800,0.484417,18,8.50429,0,0,114591591946
34.8884,28.6628,6.72478,69,70,65,1323,2800,0.484417,18,8.50429,0,0,114620254600
39.7926,25.1303,6.72478,69,70,65,1323,2800,0.484417,18,8.50429,0,0,114645386461
39.4442,25.3523,6.72478,69,70,65,1323,2800,0.484417,18,8.50429,0,0,114670738616
36.1746,27.6437,6.72478,69,70,65,1323,2800,0.484417,18,8.50429,0,0,114698380966
37.3449,26.7774,6.72478,69,70,65,1323,2800,0.484417,18,8.50429,0,0,114725159617
39.6279,25.2348,6.72478,69,70,65,1323,2800,0.484417,18,8.50429,0,0,114750397717
38.6334,25.8844,6.72478,69,70,65,1323,2800,0.484417,18,8.50429,0,0,114776279916
38.1986,26.179,6.72478,69,70,65,1323,2800,0.484417,18,8.50429,0,0,114802458421
39.7947,25.129,6.72478,69,70,65,1323,2800,0.484417,18,8.50429,0,0,114827586936
39.1175,25.564,6.72478,69,70,65,1323,2800,0.484417,18,8.50429,0,0,114853152421
38.2928,26.1145,6.72478,69,70,65,1323,2800,0.484417,18,8.50429,0,0,114879265863
37.2751,26.8275,6.72478,69,70,65,1323,2800,0.484417,18,8.50429,0,0,114906095990
38.5511,25.9396,6.19579,69,68,66,1681,2800,0.484417,22,8.50605,0,0,114932033303
37.2525,26.8439,6.19579,69,68,66,1681,2800,0.484417,22,8.50605,0,0,114958878758
38.4961,25.9767,6.19579,69,68,66,1681,2800,0.484417,22,8.50605,0,0,114984853992
37.8013,26.4541,6.19579,69,68,66,1681,2800,0.484417,22,8.50605,0,0,115011309065
39.264,25.4687,6.19579,69,68,66,1681,2800,0.484417,22,8.50605,0,0,115036777708
37.6522,26.5589,6.19579,69,68,66,1681,2800,0.484417,22,8.50605,0,0,115063337157
37.8799,26.3992,6.19579,69,68,66,1681,2800,0.484417,22,8.50605,0,0,115089736015
38.6691,25.8604,6.19579,69,68,66,1681,2800,0.484417,22,8.50605,0,0,115115596964
37.8972,26.3872,6.19579,69,68,66,1681,2800,0.484417,22,8.50605,0,0,115141983810
37.2179,26.8688,6.19579,69,68,66,1681,2800,0.484417,22,8.50605,0,0,115168854132
39.1488,25.5436,6.19579,69,68,66,1681,2800,0.484417,22,8.50605,0,0,115194396463
40.2375,24.8525,6.19579,69,68,66,1681,2800,0.484417,22,8.50605,0,0,115219250193
36.7479,27.2124,6.19579,69,68,66,1681,2800,0.484417,22,8.50605,0,0,115246462146
35.4169,28.2351,6.19579,69,68,66,1681,2800,0.484417,22,8.50605,0,0,115274699362
35.9337,27.829,6.19579,69,68,66,1681,2800,0.484417,22,8.50605,0,0,115302526790
40.1803,24.8878,6.19579,69,68,66,1681,2800,0.484417,22,8.50605,0,0,115327415004
39.5598,25.2782,6.19579,69,68,66,1681,2800,0.484417,22,8.50605,0,0,115352694403
36.2874,27.5578,6.19579,69,68,66,1681,2800,0.484417,22,8.50605,0,0,115380251353
36.3958,27.4757,6.19579,69,68,66,1681,2800,0.484417,22,8.50605,0,0,115407733533
35.3597,28.2808,6.64994,69,71,66,1510,2800,0.484417,30,8.50629,0,0,115436007899
39.2293,25.4911,6.64994,69,71,66,1510,2800,0.484417,30,8.50629,0,0,115461499765
39.921,25.0495,6.64994,69,71,66,1510,2800,0.484417,30,8.50629,0,0,115486548872
37.4538,26.6996,6.64994,69,71,66,1510,2800,0.484417,30,8.50629,0,0,115513249005
37.739,26.4978,6.64994,69,71,66,1510,2800,0.484417,30,8.50629,0,0,115539746598
40.1707,24.8938,6.64994,69,71,66,1510,2800,0.484417,30,8.50629,0,0,115564641535
38.6079,25.9014,6.64994,69,71,66,1510,2800,0.484417,30,8.50629,0,0,115590543471
38.4169,26.0302,6.64994,69,71,66,1510,2800,0.484417,30,8.50629,0,0,115616575050
39.8026,25.124,6.64994,69,71,66,1510,2800,0.484417,30,8.50629,0,0,115641699257
36.7868,27.1837,6.64994,69,71,66,1510,2800,0.484417,30,8.50629,0,0,115668880933
39.7941,25.1294,6.64994,69,71,66,1510,2800,0.484417,30,8.50629,0,0,115694011071
40.4447,24.7251,6.64994,69,71,66,1510,2800,0.484417,30,8.50629,0,0,115718736681
37.6305,26.5742,6.64994,69,71,66,1510,2800,0.484417,30,8.50629,0,0,115745311519
35.5008,28.1684,6.64994,69,71,66,1510,2800,0.484417,30,8.50629,0,0,115773479184
33.8955,29.5024,6.64994,69,71,66,1510,2800,0.484417,30,8.50629,0,0,115802982335
39.5295,25.2976,6.64994,69,71,66,1510,2800,0.484417,30,8.50629,0,0,115828279878
37.4468,26.7045,6.64994,69,71,66,1510,2800,0.484417,30,8.50629,0,0,115854985100
38.2496,26.1441,6.64994,69,71,66,1510,2800,0.484417,30,8.50629,0,0,115881131064
37.3533,26.7714,6.64994,69,71,66,1510,2800,0.484417,30,8.50629,0,0,115907904464
37.4065,26.7333,6.06827,69,69,66,1412,2800,0.484417,21,8.5053,0,0,115934634744
40.2279,24.8584,6.06827,69,69,66,1412,2800,0.484417,21,8.5053,0,0,115959494194
36.0046,27.7742,6.06827,69,69,66,1412,2800,0.484417,21,8.5053,0,0,115987267881
37.0177,27.0141,6.06827,69,69,66,1412,2800,0.484417,21,8.5053,0,0,116014281402
38.8855,25.7165,6.06827,69,69,66,1412,2800,0.484417,21,8.5053,0,0,116039999182
41.1411,24.3066,6.06827,69,69,66,1412,2800,0.484417,21,8.5053,0,0,116064307088
36.7338,27.2229,6.06827,69,69,66,1412,2800,0.484417,21,8.5053,0,0,116091531114
39.0345,25.6183,6.06827,69,69,66,1412,2800,0.484417,21,8.5053,0,0,116117147665
38.0139,26.3062,6.06827,69,69,66,1412,2800,0.484417,21,8.5053,0,0,116143454169
39.6034,25.2503,6.06827,69,69,66,1412,2800,0.484417,21,8.5053,0,0,116168704543
37.6069,26.5908,6.06827,69,69,66,1412,2800,0.484417,21,8.5053,0,0,116195296273
40.5615,24.6539,6.06827,69,69,66,1412,2800,0.484417,21,8.5053,0,0,116219950388
37.2843,26.8209,6.06827,69,69,66,1412,2800,0.484417,21,8.5053,0,0,116246770817
38.8497,25.7402,6.06827,69,69,66,1412,2800,0.484417,21,8.5053,0,0,116272511089
41.0547,24.3577,6.06827,69,69,66,1412,2800,0.484417,21,8.5053,0,0,116296869280
33.9387,29.4649,6.06827,69,69,66,1412,2800,0.484417,21,8.5053,0,0,116326334319
36.0498,27.7394,6.06827,69,69,66,1412,2800,0.484417,21,8.5053,0,0,116354074673
37.7827,26.4671,6.06827,69,69,66,1412,2800,0.484417,21,8.5053,0,0,116380541108
37.1607,26.9102,6.06827,69,69,66,1412,2800,0.484417,21,8.5053,0,0,116407451596
32.8819,30.4119,6.06827,69,69,66,1412,2800,0.484417,21,8.5053,0,0,116437870324
37.6244,26.5785,6.19785,69,68,66,1318,2800,0.484417,24,8.505,0,0,116464442898
37.9334,26.362,6.19785,69,68,66,1318,2800,0.484417,24,8.505,0,0,116490804867
38.6579,25.8679,6.19785,69,68,66,1318,2800,0.484417,24,8.505,0,0,116516674672
35.7893,27.9413,6.19785,69,68,66,1318,2800,0.484417,24,8.505,0,0,116544615092
38.9885,25.6486,6.19785,69,68,66,1318,2800,0.484417,24,8.505,0,0,116570264253
41.1983,24.2728,6.19785,69,68,66,1318,2800,0.484417,24,8.505,0,0,116594538536
40.7239,24.5556,6.19785,69,68,66,1318,2800,0.484417,24,8.505,0,0,116619094517
36.7544,27.2076,6.19785,69,68,66,1318,2800,0.484417,24,8.505,0,0,116646300720
38.9577,25.6689,6.19785,69,68,66,1318,2800,0.484417,24,8.505,0,0,116671970530
39.1788,25.524,6.19785,69,68,66,1318,2800,0.484417,24,8.505,0,0,116697493866
39.1054,25.5719,6.19785,69,68,66,1318,2800,0.484417,24,8.505,0,0,116723067125
38.4882,25.982,6.19785,69,68,66,1318,2800,0.484417,24,8.505,0,0,116749048921
38.4672,25.9962,6.19785,69,68,66,1318,2800,0.484417,24,8.505,0,0,116775044833
37.1983,26.883,6.19785,69,68,66,1318,2800,0.484417,24,8.505,0,0,116801928540
41.2625,24.2351,6.19785,69,68,66,1318,2800,0.484417,24,8.505,0,0,116826164090
38.7451,25.8097,6.19785,69,68,66,1318,2800,0.484417,24,8.505,0,0,116851973823
36.7728,27.194,6.19785,69,68,66,1318,2800,0.484417,24,8.505,0,0,116879169296
39.0481,25.6094,6.19785,69,68,66,1318,2800,0.484417,24,8.505,0,0,116904777581
39.0356,25.6176,6.19785,69,68,66,1318,2800,0.484417,24,8.505,0,0,116930395464
39.796,25.1282,6.19785,69,68,66,1318,2800,0.484417,24,8.505,0,0,116955525922
38.9971,25.643,6.24235,69,69,66,1523,2800,0.484417,23,8.50393,0,0,116981167901
36.604,27.3194,6.24235,69,69,66,1523,2800,0.484417,23,8.50393,0,0,117008486213
38.7203,25.8263,6.24235,69,69,66,1523,2800,0.484417,23,8.50393,0,0,117034312527
40.4907,24.697,6.24235,69,69,66,1523,2800,0.484417,23,8.50393,0,0,117059011146
40.2656,24.8351,6.24235,69,69,66,1523,2800,0.484417,23,8.50393,0,0,117083845479
32.438,30.8281,6.24235,69,69,66,1523,2800,0.484417,23,8.50393,0,0,117114675319
35.0342,28.5435,6.24235,69,69,66,1523,2800,0.484417,23,8.50393,0,0,117143217487
37.3526,26.7719,6.24235,69,69,66,1523,2800,0.484417,23,8.50393,0,0,117169991659
41.0351,24.3694,6.24235,69,69,66,1523,2800,0.484417,23,8.50393,0,0,117194360339
40.804,24.5074,6.24235,69,69,66,1523,2800,0.484417,23,8.50393,0,0,117218866877
37.558,26.6255,6.24235,69,69,66,1523,2800,0.484417,23,8.50393,0,0,117245493723
38.6874,25.8482,6.24235,69,69,66,1523,2800,0.484417,23,8.50393,0,0,117271342830
42.5655,23.4932,6.24235,69,69,66,1523,2800,0.484417,23,8.50393,0,0,117294835967
39.8711,25.0808,6.24235,69,69,66,1523,2800,0.484417,23,8.50393,0,0,117319917504
37.9245,26.3682,6.24235,69,69,66,1523,2800,0.484417,23,8.50393,0,0,117346285965
38.3639,26.0662,6.24235,69,69,66,1523,2800,0.484417,23,8.50393,0,0,117372351398
37.0345,27.0018,6.24235,69,69,66,1523,2800,0.484417,23,8.50393,0,0,117399354289
41.4524,24.124,6.24235,69,69,66,1523,2800,0.484417,23,8.50393,0,0,117423479442
37.9226,26.3695,6.24235,69,69,66,1523,2800,0.484417,23,8.50393,0,0,117449847552
37.2141,26.8715,6.24235,69,69,66,1523,2800,0.484417,23,8.50393,0,0,117476723154
38.9805,25.6539,6.15942,69,69,65,1124,2800,0.484417,22,8.50464,0,0,117502373568
38.9119,25.6991,6.15942,69,69,65,1124,2800,0.484417,22,8.50464,0,0,117528073956
39.3325,25.4242,6.15942,69,69,65,1124,2800,0.484417,22,8.50464,0,0,117553499989
38.7444,25.8102,6.15942,69,69,65,1124,2800,0.484417,22,8.50464,0,0,117579309572
37.4434,26.707,6.15942,69,69,65,1124,2800,0.484417,22,8.50464,0,0,117606015426
37.5089,26.6603,6.15942,69,69,65,1124,2800,0.484417,22,8.50464,0,0,117632676255
42.3099,23.6352,6.15942,69,69,65,1124,2800,0.484417,22,8.50464,0,0,117656313523
39.4414,25.3541,6.15942,69,69,65,1124,2800,0.484417,22,8.50464,0,0,117681667361
36.5609,27.3516,6.15942,69,69,65,1124,2800,0.484417,22,8.50464,0,0,117709019607
38.9263,25.6896,6.15942,69,69,65,1124,2800,0.484417,22,8.50464,0,0,117734707702
34.4247,29.0489,6.15942,69,69,65,1124,2800,0.484417,22,8.50464,0,0,117763757182
37.0925,26.9596,6.15942,69,69,65,1124,2800,0.484417,22,8.50464,0,0,117790716681
38.9591,25.668,6.15942,69,69,65,1124,2800,0.484417,22,8.50464,0,0,117816384869
38.8211,25.7592,6.15942,69,69,65,1124,2800,0.484417,22,8.50464,0,0,117842145079
38.6037,25.9043,6.15942,69,69,65,1124,2800,0.484417,22,8.50464,0,0,117868048758
41.354,24.1814,6.15942,69,69,65,1124,2800,0.484417,22,8.50464,0,0,117892231228
39.8504,25.0939,6.15942,69,69,65,1124,2800,0.484417,22,8.50464,0,0,117917325660
36.6489,27.2859,6.15942,69,69,65,1124,2800,0.484417,22,8.50464,0,0,117944611611
40.5832,24.6408,6.15942,69,69,65,1124,2800,0.484417,22,8.50464,0,0,117969251380
38.5123,25.9657,6.15942,69,69,65,1124,2800,0.484417,22,8.50464,0,0,117995220351
38.9042,25.7042,5.85366,69,69,66,1363,2800,0.484417,28,8.50473,0,0,118020921962
38.3049,26.1063,5.85366,69,69,66,1363,2800,0.484417,28,8.50473,0,0,118047030775
39.4381,25.3562,5.85366,69,69,66,1363,2800,0.484417,28,8.50473,0,0,118072386086
39.8737,25.0792,5.85366,69,69,66,1363,2800,0.484417,28,8.50473,0,0,118097466040
36.7608,27.2029,5.85366,69,69,66,1363,2800,0.484417,28,8.50473,0,0,118124668205
38.611,25.8994,5.85366,69,69,66,1363,2800,0.484417,28,8.50473,0,0,118150567606
39.444,25.3524,5.85366,69,69,66,1363,2800,0.484417,28,8.50473,0,0,118175921173
37.856,26.4159,5.85366,69,69,66,1363,2800,0.484417,28,8.50473,0,0,118202335811
40.1954,24.8784,5.85366,69,69,66,1363,2800,0.484417,28,8.50473,0,0,118227214808
39.5597,25.2783,5.85366,69,69,66,1363,2800,0.484417,28,8.50473,0,0,118252493995
36.9897,27.0346,5.85366,69,69,66,1363,2800,0.484417,28,8.50473,0,0,118279527774
34.8762,28.6729,5.85366,69,69,66,1363,2800,0.484417,28,8.50473,0,0,118308201119
36.0093,27.7706,5.85366,69,69,66,1363,2800,0.484417,28,8.50473,0,0,118335971870
38.8699,25.7269,5.85366,69,69,66,1363,2800,0.484417,28,8.50473,0,0,118361699299
39.0201,25.6278,5.85366,69,69,66,1363,2800,0.484417,28,8.50473,0,0,118387327100
37.3741,26.7565,5.85366,69,69,66,1363,2800,0.484417,28,8.50473,0,0,118414085473
39.5999,25.2526,5.85366,69,69,66,1363,2800,0.484417,28,8.50473,0,0,118439337539
42.2604,23.6628,5.85366,69,69,66,1363,2800,0.484417,28,8.50473,0,0,118463000295
37.5519,26.6298,5.85366,69,69,66,1363,2800,0.484417,28,8.50473,0,0,118489630387
39.6538,25.2183,5.85366,69,69,66,1363,2800,0.484417,28,8.50473,0,0,118514852467
37.6738,26.5436,5.73171,69,68,66,1602,2800,0.484417,17,8.50443,0,0,118541393021
37.799,26.4557,5.73171,69,68,66,1602,2800,0.484417,17,8.50443,0,0,118567848145
40.0823,24.9486,5.73171,69,68,66,1602,2800,0.484417,17,8.50443,0,0,118592798716
33.7543,29.6258,5.73171,69,68,66,1602,2800,0.484417,17,8.50443,0,0,118622424126
36.0154,27.7659,5.73171,69,68,66,1602,2800,0.484417,17,8.50443,0,0,118650189648
40.2935,24.8179,5.73171,69,68,66,1602,2800,0.484417,17,8.50443,0,0,118675007901
36.7306,27.2252,5.73171,69,68,66,1602,2800,0.484417,17,8.50443,0,0,118702234882
40.1811,24.8873,5.73171,69,68,66,1602,2800,0.484417,17,8.50443,0,0,118727122716
39.8083,25.1204,5.73171,69,68,66,1602,2800,0.484417,17,8.50443,0,0,118752242875
39.3524,25.4114,5.73171,69,68,66,1602,2800,0.484417,17,8.50443,0,0,118777655093
38.1684,26.1997,5.73171,69,68,66,1602,2800,0.484417,17,8.50443,0,0,118803855759
39.7279,25.1712,5.73171,69,68,66,1602,2800,0.484417,17,8.50443,0,0,118829027535
39.3324,25.4244,5.73171,69,68,66,1602,2800,0.484417,17,8.50443,0,0,118854451665
36.8358,27.1475,5.73171,69,68,66,1602,2800,0.484417,17,8.50443,0,0,118881599267
38.8718,25.7256,5.73171,69,68,66,1602,2800,0.484417,17,8.50443,0,0,118907326084
38.7473,25.8083,5.73171,69,68,66,1602,2800,0.484417,17,8.50443,0,0,118933133002
41.9309,23.8487,5.73171,69,68,66,1602,2800,0.484417,17,8.50443,0,0,118956982688
39.0018,25.6398,5.73171,69,68,66,1602,2800,0.484417,17,8.50443,0,0,118982622823
38.1929,26.1829,5.73171,69,68,66,1602,2800,0.484417,17,8.50443,0,0,119008806277
38.2212,26.1635,5.73171,69,68,66,1602,2800,0.484417,17,8.50443,0,0,119034972258
38.4858,25.9836,6.08273,69,67,65,1236,2800,0.484417,19,8.50455,0,0,119060952511
37.7034,26.5228,6.08273,69,67,65,1236,2800,0.484417,19,8.50455,0,0,119087475642
37.8751,26.4026,6.08273,69,67,65,1236,2800,0.484417,19,8.50455,0,0,119113878347
40.209,24.8701,6.08273,69,67,65,1236,2800,0.484417,19,8.50455,0,0,119138749610
41.7309,23.9631,6.08273,69,67,65,1236,2800,0.484417,19,8.50455,0,0,119162711917
38.3769,26.0573,6.08273,69,67,65,1236,2800,0.484417,19,8.50455,0,0,119188770086
39.1409,25.5487,6.08273,69,67,65,1236,2800,0.484417,19,8.50455,0,0,119214318920
39.0458,25.611,6.08273,69,67,65,1236,2800,0.484417,19,8.50455,0,0,119239929138
36.1007,27.7003,6.08273,69,67,65,1236,2800,0.484417,19,8.50455,0,0,119267629908
40.258,24.8398,6.08273,69,67,65,1236,2800,0.484417,19,8.50455,0,0,119292470073
40.0359,24.9776,6.08273,69,67,65,1236,2800,0.484417,19,8.50455,0,0,119317447945
39.1269,25.5578,6.08273,69,67,65,1236,2800,0.484417,19,8.50455,0,0,119343006347
38.6492,25.8738,6.08273,69,67,65,1236,2800,0.484417,19,8.50455,0,0,119368880110
38.7377,25.8147,6.08273,69,67,65,1236,2800,0.484417,19,8.50455,0,0,119394695123
38.7339,25.8172,6.08273,69,67,65,1236,2800,0.484417,19,8.50455,0,0,119420512820
39.1287,25.5567,6.08273,69,67,65,1236,2800,0.484417,19,8.50455,0,0,119446070260
39.1392,25.5498,6.08273,69,67,65,1236,2800,0.484417,19,8.50455,0,0,119471619144
35.5112,28.1601,6.08273,69,67,65,1236,2800,0.484417,19,8.50455,0,0,119499779696
43.4874,22.9952,6.08273,69,67,65,1236,2800,0.484417,19,8.50455,0,0,119522775441
38.2877,26.118,6.08273,69,67,65,1236,2800,0.484417,19,8.50455,0,0,119548895896
37.324,26.7924,5.4254,69,70,65,1298,2800,0.484417,21,8.50455,0,0,119575685838
39.1703,25.5296,5.4254,69,70,65,1298,2800,0.484417,21,8.50455,0,0,119601216948
39.5402,25.2907,5.4254,69,70,65,1298,2800,0.484417,21,8.50455,0,0,119626506335
39.19,25.5167,5.4254,69,70,65,1298,2800,0.484417,21,8.50455,0,0,119652023399
39.1986,25.5111,5.4254,69,70,65,1298,2800,0.484417,21,8.50455,0,0,119677534622
37.1969,26.8839,5.4254,69,70,65,1298,2800,0.484417,21,8.50455,0,0,119704418590
38.7344,25.8169,5.4254,69,70,65,1298,2800,0.484417,21,8.50455,0,0,119730236117
39.3714,25.3991,5.4254,69,70,65,1298,2800,0.484417,21,8.50455,0,0,119755634849
40.2694,24.8327,5.4254,69,70,65,1298,2800,0.484417,21,8.50455,0,0,119780468782
37.8488,26.4209,5.4254,69,70,65,1298,2800,0.484417,21,8.50455,0,0,119806889781
38.6166,25.8956,5.4254,69,70,65,1298,2800,0.484417,21,8.50455,0,0,119832786207
40.5382,24.6681,5.4254,69,70,65,1298,2800,0.484417,21,8.50455,0,0,119857452976
38.1903,26.1847,5.4254,69,70,65,1298,2800,0.484417,21,8.50455,0,0,119883639275
37.486,26.6766,5.4254,69,70,65,1298,2800,0.484417,21,8.50455,0,0,119910315604
37.692,26.5308,5.4254,69,70,65,1298,2800,0.484417,21,8.50455,0,0,119936846680
39.792,25.1307,5.4254,69,70,65,1298,2800,0.484417,21,8.50455,0,0,119961976708
37.663,26.5512,5.4254,69,70,65,1298,2800,0.484417,21,8.50455,0,0,119988528152
39.45,25.3486,5.4254,69,70,65,1298,2800,0.484417,21,8.50455,0,0,120013876459
38.974,25.6581,5.4254,69,70,65,1298,2800,0.484417,21,8.50455,0,0,120039536471
41.3223,24.2,5.4254,69,70,65,1298,2800,0.484417,21,8.50455,0,0,120063738799
37.9054,26.3815,5.64417,69,67,65,1380,2800,0.484417,26,8.50408,0,0,120090117619
37.5416,26.6371,5.64417,69,67,65,1380,2800,0.484417,26,8.50408,0,0,120116755165
34.7386,28.7864,5.64417,69,67,65,1380,2800,0.484417,26,8.50408,0,0,120145541111
40.8584,24.4747,5.64417,69,67,65,1380,2800,0.484417,26,8.50408,0,0,120170016370
40.2301,24.857,5.64417,69,67,65,1380,2800,0.484417,26,8.50408,0,0,120194873617
35.7925,27.9388,5.64417,69,67,65,1380,2800,0.484417,26,8.50408,0,0,120222813375
39.3982,25.3819,5.64417,69,67,65,1380,2800,0.484417,26,8.50408,0,0,120248194073
39.7078,25.184,5.64417,69,67,65,1380,2800,0.484417,26,8.50408,0,0,120273379255
42.5167,23.5201,5.64417,69,67,65,1380,2800,0.484417,26,8.50408,0,0,120296899433
30.5779,32.7034,5.64417,69,67,65,1380,2800,0.484417,26,8.50408,0,0,120329603929
36.0988,27.7018,5.64417,69,67,65,1380,2800,0.484417,26,8.50408,0,0,120357304699
38.4081,26.0362,5.64417,69,67,65,1380,2800,0.484417,26,8.50408,0,0,120383341578
39.3003,25.4451,5.64417,69,67,65,1380,2800,0.484417,26,8.50408,0,0,120408787939
38.9518,25.6727,5.64417,69,67,65,1380,2800,0.484417,26,8.50408,0,0,120434459192
41.8316,23.9054,5.64417,69,67,65,1380,2800,0.484417,26,8.50408,0,0,120458364894
39.3019,25.4441,5.64417,69,67,65,1380,2800,0.484417,26,8.50408,0,0,120483809522
37.4543,26.6992,5.64417,69,67,65,1380,2800,0.484417,26,8.50408,0,0,120510508392
39.3337,25.4235,5.64417,69,67,65,1380,2800,0.484417,26,8.50408,0,0,120535932362
38.8298,25.7534,5.64417,69,67,65,1380,2800,0.484417,26,8.50408,0,0,120561685759
38.3964,26.0441,5.64417,69,67,65,1380,2800,0.484417,26,8.50408,0,0,120587734129
37.829,26.4347,5.69007,69,69,65,1402,2800,0.484417,16,8.50371,0,0,120614165709
40.4011,24.7518,5.69007,69,69,65,1402,2800,0.484417,16,8.50371,0,0,120638917738
29.5679,33.8204,5.69007,69,69,65,1402,2800,0.484417,16,8.50371,0,0,120672737686
34.9277,28.6306,5.69007,69,69,65,1402,2800,0.484417,16,8.50371,0,0,120701368310
31.1836,32.0682,5.69007,69,69,65,1402,2800,0.484417,16,8.50371,0,0,120733436592
39.902,25.0614,5.69007,69,69,65,1402,2800,0.484417,16,8.50371,0,0,120758498142
39.2797,25.4584,5.69007,69,69,65,1402,2800,0.484417,16,8.50371,0,0,120783956656
36.4084,27.4662,5.69007,69,69,65,1402,2800,0.484417,16,8.50371,0,0,120811423748
35.4385,28.2179,5.69007,69,69,65,1402,2800,0.484417,16,8.50371,0,0,120839641147
39.9691,25.0193,5.69007,69,69,65,1402,2800,0.484417,16,8.50371,0,0,120864660537
37.8739,26.4034,5.69007,69,69,65,1402,2800,0.484417,16,8.50371,0,0,120891065176
41.3182,24.2024,5.69007,69,69,65,1402,2800,0.484417,16,8.50371,0,0,120915267083
38.352,26.0743,5.69007,69,69,65,1402,2800,0.484417,16,8.50371,0,0,120941341212
36.8334,27.1492,5.69007,69,69,65,1402,2800,0.484417,16,8.50371,0,0,120968490498
39.9329,25.042,5.69007,69,69,65,1402,2800,0.484417,16,8.50371,0,0,120993533372
35.1608,28.4407,5.69007,69,69,65,1402,2800,0.484417,16,8.50371,0,0,121021973609
38.6372,25.8818,5.69007,69,69,65,1402,2800,0.484417,16,8.50371,0,0,121047855367
39.0728,25.5932,5.69007,69,69,65,1402,2800,0.484417,16,8.50371,0,0,121073449225
40.7713,24.5271,5.69007,69,69,65,1402,2800,0.484417,16,8.50371,0,0,121097981592
39.7249,25.1731,6.08696,69,64,66,1443,2800,0.484417,24,8.50441,0,0,121123149802
39.6081,25.2474,6.08696,69,64,66,1443,2800,0.484417,24,8.50441,0,0,121148397881
37.0388,26.9987,6.08696,69,64,66,1443,2800,0.484417,24,8.50441,0,0,121175395773
37.6404,26.5672,6.08696,69,64,66,1443,2800,0.484417,24,8.50441,0,0,121201963908
40.9638,24.4118,6.08696,69,64,66,1443,2800,0.484417,24,8.50441,0,0,121226375869
39.3277,25.4274,6.08696,69,64,66,1443,2800,0.484417,24,8.50441,0,0,121251803024
36.8389,27.1452,6.08696,69,64,66,1443,2800,0.484417,24,8.50441,0,0,121278949064
39.859,25.0884,6.08696,69,64,66,1443,2800,0.484417,24,8.50441,0,0,121304038325
38.6432,25.8778,6.08696,69,64,66,1443,2800,0.484417,24,8.50441,0,0,121329916226
36.7373,27.2203,6.08696,69,64,66,1443,2800,0.484417,24,8.50441,0,0,121357135683
40.8521,24.4785,6.08696,69,64,66,1443,2800,0.484417,24,8.50441,0,0,121381614209
39.3931,25.3852,6.08696,69,64,66,1443,2800,0.484417,24,8.50441,0,0,121407000518
37.6563,26.556,6.08696,69,64,66,1443,2800,0.484417,24,8.50441,0,0,121433557032
40.434,24.7316,6.08696,69,64,66,1443,2800,0.484417,24,8.50441,0,0,121458288762
39.7317,25.1688,6.08696,69,64,66,1443,2800,0.484417,24,8.50441,0,0,121483457232
37.8309,26.4334,6.08696,69,64,66,1443,2800,0.484417,24,8.50441,0,0,121509890695
38.4245,26.025,6.08696,69,64,66,1443,2800,0.484417,24,8.50441,0,0,121535915882
38.0513,26.2803,6.08696,69,64,66,1443,2800,0.484417,24,8.50441,0,0,121562196819
38.7493,25.8069,6.08696,69,64,66,1443,2800,0.484417,24,8.50441,0,0,121588003967
37.8542,26.4171,6.08696,69,64,66,1443,2800,0.484417,24,8.50441,0,0,121614427652
38.2319,26.1562,6.57734,69,68,65,1442,2800,0.484417,20,8.50045,0,0,121640578204
40.7985,24.5107,6.57734,69,68,65,1442,2800,0.484417,20,8.50045,0,0,121665089501
39.8154,25.1159,6.57734,69,68,65,1442,2800,0.484417,20,8.50045,0,0,121690205763
39.4645,25.3393,6.57734,69,68,65,1442,2800,0.484417,20,8.50045,0,0,121715544313
38.2508,26.1432,6.57734,69,68,65,1442,2800,0.484417,20,8.50045,0,0,121741688763
38.5448,25.9438,6.57734,69,68,65,1442,2800,0.484417,20,8.50045,0,0,121767631906
40.243,24.8491,6.57734,69,68,65,1442,2800,0.484417,20,8.50045,0,0,121792481919
39.4053,25.3773,6.57734,69,68,65,1442,2800,0.484417,20,8.50045,0,0,121817858209
35.925,27.8358,6.57734,69,68,65,1442,2800,0.484417,20,8.50045,0,0,121845694203
42.1646,23.7166,6.57734,69,68,65,1442,2800,0.484417,20,8.50045,0,0,121869411701
37.0766,26.9712,6.57734,69,68,65,1442,2800,0.484417,20,8.50045,0,0,121896382352
39.4342,25.3587,6.57734,69,68,65,1442,2800,0.484417,20,8.50045,0,0,121921743132
38.656,25.8692,6.57734,69,68,65,1442,2800,0.484417,20,8.50045,0,0,121947612517
37.4886,26.6748,6.57734,69,68,65,1442,2800,0.484417,20,8.50045,0,0,121974286331
36.595,27.3261,6.57734,69,68,65,1442,2800,0.484417,20,8.50045,0,0,122001613801
41.4631,24.1178,6.57734,69,68,65,1442,2800,0.484417,20,8.50045,0,0,122025730468
40.0201,24.9874,6.57734,69,68,65,1442,2800,0.484417,20,8.50045,0,0,122050719111
37.8741,26.4033,6.57734,69,68,65,1442,2800,0.484417,20,8.50045,0,0,122077121585
39.4341,25.3588,6.57734,69,68,65,1442,2800,0.484417,20,8.50045,0,0,122102480503
38.071,26.2667,6.57734,69,68,65,1442,2800,0.484417,20,8.50045,0,0,122128751100
39.5203,25.3034,5.99755,69,68,65,1463,2800,0.484417,31,8.50046,0,0,122154051197
36.8866,27.1101,5.99755,69,68,65,1463,2800,0.484417,31,8.50046,0,0,122181162471
40.354,24.7807,5.99755,69,68,65,1463,2800,0.484417,31,8.50046,0,0,122205943444
40.2519,24.8436,5.99755,69,68,65,1463,2800,0.484417,31,8.50046,0,0,122230786324
37.1769,26.8984,5.99755,69,68,65,1463,2800,0.484417,31,8.50046,0,0,122257685741
39.1069,25.571,5.99755,69,68,65,1463,2800,0.484417,31,8.50046,0,0,122283258239
24.9671,40.0527,5.99755,69,68,65,1463,2800,0.484417,31,8.50046,0,0,122323309365
34.5491,28.9444,5.99755,69,68,65,1463,2800,0.484417,31,8.50046,0,0,122352253838
37.2231,26.865,5.99755,69,68,65,1463,2800,0.484417,31,8.50046,0,0,122379119291
37.4965,26.6691,5.99755,69,68,65,1463,2800,0.484417,31,8.50046,0,0,122405788556
40.5954,24.6333,5.99755,69,68,65,1463,2800,0.484417,31,8.50046,0,0,122430422273
39.0255,25.6243,5.99755,69,68,65,1463,2800,0.484417,31,8.50046,0,0,122456047410
40.8911,24.4552,5.99755,69,68,65,1463,2800,0.484417,31,8.50046,0,0,122480501941
37.5833,26.6075,5.99755,69,68,65,1463,2800,0.484417,31,8.50046,0,0,122507110963
38.128,26.2275,5.99755,69,68,65,1463,2800,0.484417,31,8.50046,0,0,122533339081
40.428,24.7353,5.99755,69,68,65,1463,2800,0.484417,31,8.50046,0,0,122558074458
37.3005,26.8093,5.99755,69,68,65,1463,2800,0.484417,31,8.50046,0,0,122584883606
38.7493,25.8069,5.99755,69,68,65,1463,2800,0.484417,31,8.50046,0,0,122610689772
39.4373,25.3567,5.99755,69,68,65,1463,2800,0.484417,31,8.50046,0,0,122636049150
38.1618,26.2042,6.09453,70,70,65,1429,2800,0.484417,14,8.49931,0,0,122662250357
40.4037,24.7502,6.09453,70,70,65,1429,2800,0.484417,14,8.49931,0,0,122687001645
36.9156,27.0888,6.09453,70,70,65,1429,2800,0.484417,14,8.49931,0,0,122714090207
40.9328,24.4303,6.09453,70,70,65,1429,2800,0.484417,14,8.49931,0,0,122738521564
35.8702,27.8783,6.09453,70,70,65,1429,2800,0.484417,14,8.49931,0,0,122766399877
42.3577,23.6085,6.09453,70,70,65,1429,2800,0.484417,14,8.49931,0,0,122790008211
38.846,25.7427,6.09453,70,70,65,1429,2800,0.484417,14,8.49931,0,0,122815751679
38.0787,26.2614,6.09453,70,70,65,1429,2800,0.484417,14,8.49931,0,0,122842013430
38.6326,25.8849,6.09453,70,70,65,1429,2800,0.484417,14,8.49931,0,0,122867897102
39.0248,25.6247,6.09453,70,70,65,1429,2800,0.484417,14,8.49931,0,0,122893522739
40.16,24.9004,6.09453,70,70,65,1429,2800,0.484417,14,8.49931,0,0,122918422746
37.4861,26.6766,6.09453,70,70,65,1429,2800,0.484417,14,8.49931,0,0,122945099475
36.4668,27.4222,6.09453,70,70,65,1429,2800,0.484417,14,8.49931,0,0,122972523015
40.0903,24.9437,6.09453,70,70,65,1429,2800,0.484417,14,8.49931,0,0,122997465742
40.047,24.9706,6.09453,70,70,65,1429,2800,0.484417,14,8.49931,0,0,123022436892
39.3899,25.3872,6.09453,70,70,65,1429,2800,0.484417,14,8.49931,0,0,123047824873
36.4808,27.4117,6.09453,70,70,65,1429,2800,0.484417,14,8.49931,0,0,123075236401
39.2435,25.4819,6.09453,70,70,65,1429,2800,0.484417,14,8.49931,0,0,123100719932
41.2062,24.2682,6.09453,70,70,65,1429,2800,0.484417,14,8.49931,0,0,123124986460
39.0276,25.6229,6.09453,70,70,65,1429,2800,0.484417,14,8.49931,0,0,123150612889
38.7029,25.8378,5.66502,69,67,65,1472,2800,0.484417,31,8.50428,0,0,123176448871
37.1817,26.895,5.66502,69,67,65,1472,2800,0.484417,31,8.50428,0,0,123203343068
39.1829,25.5214,5.66502,69,67,65,1472,2800,0.484417,31,8.50428,0,0,123228865382
39.2554,25.4742,5.66502,69,67,65,1472,2800,0.484417,31,8.50428,0,0,123254339075
39.0296,25.6216,5.66502,69,67,65,1472,2800,0.484417,31,8.50428,0,0,123279961596
36.1982,27.6257,5.66502,69,67,65,1472,2800,0.484417,31,8.50428,0,0,123307587165
40.3802,24.7646,5.66502,69,67,65,1472,2800,0.484417,31,8.50428,0,0,123332351127
40.9187,24.4387,5.66502,69,67,65,1472,2800,0.484417,31,8.50428,0,0,123356790770
38.564,25.9309,5.66502,69,67,65,1472,2800,0.484417,31,8.50428,0,0,123382721770
39.774,25.142,5.66502,69,67,65,1472,2800,0.484417,31,8.50428,0,0,123407863780
38.2138,26.1686,5.66502,69,67,65,1472,2800,0.484417,31,8.50428,0,0,123434034030
41.5253,24.0817,5.66502,69,67,65,1472,2800,0.484417,31,8.50428,0,0,123458114669
38.7635,25.7975,5.66502,69,67,65,1472,2800,0.484417,31,8.50428,0,0,123483912400
38.9255,25.6901,5.66502,69,67,65,1472,2800,0.484417,31,8.50428,0,0,123509602698
36.3724,27.4934,5.66502,69,67,65,1472,2800,0.484417,31,8.50428,0,0,123537096029
42.2245,23.6829,5.66502,69,67,65,1472,2800,0.484417,31,8.50428,0,0,123560779905
37.8997,26.3854,5.66502,69,67,65,1472,2800,0.484417,31,8.50428,0,0,123587165037
39.1083,25.57,5.66502,69,67,65,1472,2800,0.484417,31,8.50428,0,0,123612735491
37.6018,26.5945,5.66502,69,67,65,1472,2800,0.484417,31,8.50428,0,0,123639329926
37.4857,26.6768,5.66502,69,67,65,1472,2800,0.484417,31,8.50428,0,0,123666010522
39.6779,25.2029,5.75275,69,69,65,1197,2800,0.484417,13,8.50457,0,0,123691209960
40.3277,24.7969,5.75275,69,69,65,1197,2800,0.484417,13,8.50457,0,0,123716007445
39.3746,25.3971,5.75275,69,69,65,1197,2800,0.484417,13,8.50457,0,0,123741404774
37.4127,26.7289,5.75275,69,69,65,1197,2800,0.484417,13,8.50457,0,0,123768136556
38.023,26.2998,5.75275,69,69,65,1197,2800,0.484417,13,8.50457,0,0,123794434725
40.6968,24.5719,5.75275,69,69,65,1197,2800,0.484417,13,8.50457,0,0,123819006536
39.4911,25.3221,5.75275,69,69,65,1197,2800,0.484417,13,8.50457,0,0,123844328905
35.9291,27.8326,5.75275,69,69,65,1197,2800,0.484417,13,8.50457,0,0,123872161382
44.9044,22.2695,5.75275,69,69,65,1197,2800,0.484417,13,8.50457,0,0,123894432517
36.3119,27.5392,5.75275,69,69,65,1197,2800,0.484417,13,8.50457,0,0,123921971133
39.606,25.2487,5.75275,69,69,65,1197,2800,0.484417,13,8.50457,0,0,123947219563
36.9577,27.0579,5.75275,69,69,65,1197,2800,0.484417,13,8.50457,0,0,123974277758
38.5147,25.9641,5.75275,69,69,65,1197,2800,0.484417,13,8.50457,0,0,124000241560
38.7748,25.79,5.75275,69,69,65,1197,2800,0.484417,13,8.50457,0,0,124026032037
40.2282,24.8582,5.75275,69,69,65,1197,2800,0.484417,13,8.50457,0,0,124050889984
39.0079,25.6358,5.75275,69,69,65,1197,2800,0.484417,13,8.50457,0,0,124076526452
38.6419,25.8786,5.75275,69,69,65,1197,2800,0.484417,13,8.50457,0,0,124102404874
40.2529,24.843,5.75275,69,69,65,1197,2800,0.484417,13,8.50457,0,0,124127248294
38.0452,26.2845,5.75275,69,69,65,1197,2800,0.484417,13,8.50457,0,0,124153533209
39.6798,25.2018,5.75275,69,69,65,1197,2800,0.484417,13,8.50457,0,0,124178737135
37.4686,26.689,5.06799,69,66,64,1186,2800,0.484417,24,8.50345,0,0,124205423743
36.9103,27.0927,5.06799,69,66,64,1186,2800,0.484417,24,8.50345,0,0,124232516753
39.7963,25.1279,5.06799,69,66,64,1186,2800,0.484417,24,8.50345,0,0,124257644577
39.9438,25.0352,5.06799,69,66,64,1186,2800,0.484417,24,8.50345,0,0,124282680308
36.2923,27.5541,5.06799,69,66,64,1186,2800,0.484417,24,8.50345,0,0,124310234503
41.4084,24.1497,5.06799,69,66,64,1186,2800,0.484417,24,8.50345,0,0,124334385635
39.5218,25.3025,5.06799,69,66,64,1186,2800,0.484417,24,8.50345,0,0,124359687184
38.939,25.6812,5.06799,69,66,64,1186,2800,0.484417,24,8.50345,0,0,124385369979
38.8445,25.7436,5.06799,69,66,64,1186,2800,0.484417,24,8.50345,0,0,124411112496
37.7168,26.5134,5.06799,69,66,64,1186,2800,0.484417,24,8.50345,0,0,124437626550
38.5367,25.9493,5.06799,69,66,64,1186,2800,0.484417,24,8.50345,0,0,124463576225
40.1581,24.9015,5.06799,69,66,64,1186,2800,0.484417,24,8.50345,0,0,124488477514
38.6932,25.8444,5.06799,69,66,64,1186,2800,0.484417,24,8.50345,0,0,124514322313
38.0216,26.3008,5.06799,69,66,64,1186,2800,0.484417,24,8.50345,0,0,124540623838
36.7155,27.2365,5.06799,69,66,64,1186,2800,0.484417,24,8.50345,0,0,124567860718
40.4818,24.7025,5.06799,69,66,64,1186,2800,0.484417,24,8.50345,0,0,124592563645
38.8658,25.7295,5.06799,69,66,64,1186,2800,0.484417,24,8.50345,0,0,124618292536
38.1548,26.209,5.06799,69,66,64,1186,2800,0.484417,24,8.50345,0,0,124644501558
37.5826,26.608,5.06799,69,66,64,1186,2800,0.484417,24,8.50345,0,0,124671110009
38.4557,26.0039,5.06799,69,66,64,1186,2800,0.484417,24,8.50345,0,0,124697117583
37.3184,26.7964,5.25672,69,65,65,1226,2800,0.484417,18,8.50294,0,0,124723910941
39.5066,25.3122,5.25672,69,65,65,1226,2800,0.484417,18,8.50294,0,0,124749223311
38.4594,26.0015,5.25672,69,65,65,1226,2800,0.484417,18,8.50294,0,0,124775225275
38.6857,25.8494,5.25672,69,65,65,1226,2800,0.484417,18,8.50294,0,0,124801074121
41.1848,24.2808,5.25672,69,65,65,1226,2800,0.484417,18,8.50294,0,0,124825356790
40.0088,24.9945,5.25672,69,65,65,1226,2800,0.484417,18,8.50294,0,0,124850350171
37.936,26.3602,5.25672,69,65,65,1226,2800,0.484417,18,8.50294,0,0,124876711298
38.2674,26.1319,5.25672,69,65,65,1226,2800,0.484417,18,8.50294,0,0,124902842564
39.2931,25.4498,5.25672,69,65,65,1226,2800,0.484417,18,8.50294,0,0,124928292933
38.5535,25.938,5.25672,69,65,65,1226,2800,0.484417,18,8.50294,0,0,124954230746
38.6744,25.8569,5.25672,69,65,65,1226,2800,0.484417,18,8.50294,0,0,124980087868
36.795,27.1776,5.25672,69,65,65,1226,2800,0.484417,18,8.50294,0,0,125007266699
41.8583,23.8901,5.25672,69,65,65,1226,2800,0.484417,18,8.50294,0,0,125031156891
39.4096,25.3745,5.25672,69,65,65,1226,2800,0.484417,18,8.50294,0,0,125056530847
38.8107,25.7661,5.25672,69,65,65,1226,2800,0.484417,18,8.50294,0,0,125082298461
38.8434,25.7444,5.25672,69,65,65,1226,2800,0.484417,18,8.50294,0,0,125108043012
37.2876,26.8186,5.25672,69,65,65,1226,2800,0.484417,18,8.50294,0,0,125134861266
41.0666,24.3507,5.25672,69,65,65,1226,2800,0.484417,18,8.50294,0,0,125159212904
40.2348,24.8541,5.25672,69,65,65,1226,2800,0.484417,18,8.50294,0,0,125184066584
37.9253,26.3676,5.25672,69,65,65,1226,2800,0.484417,18,8.50294,0,0,125210436517
38.9424,25.6789,5.78818,70,68,66,1400,2800,0.484417,18,8.50263,0,0,125236112650
35.7705,27.956,5.78818,70,68,66,1400,2800,0.484417,18,8.50263,0,0,125264068719
41.5816,24.0491,5.78818,70,68,66,1400,2800,0.484417,18,8.50263,0,0,125288118420
35.4606,28.2003,5.78818,70,68,66,1400,2800,0.484417,18,8.50263,0,0,125316319138
40.1939,24.8794,5.78818,70,68,66,1400,2800,0.484417,18,8.50263,0,0,125341199317
39.9287,25.0446,5.78818,70,68,66,1400,2800,0.484417,18,8.50263,0,0,125366243514
41.0393,24.3669,5.78818,70,68,66,1400,2800,0.484417,18,8.50263,0,0,125390611302
39.3838,25.3911,5.78818,70,68,66,1400,2800,0.484417,18,8.50263,0,0,125416002210
37.0038,27.0242,5.78818,70,68,66,1400,2800,0.484417,18,8.50263,0,0,125443026982
38.509,25.968,5.78818,70,68,66,1400,2800,0.484417,18,8.50263,0,0,125468995643
38.2226,26.1625,5.78818,70,68,66,1400,2800,0.484417,18,8.50263,0,0,125495157807
39.0731,25.5931,5.78818,70,68,66,1400,2800,0.484417,18,8.50263,0,0,125520752246
37.6054,26.5919,5.78818,70,68,66,1400,2800,0.484417,18,8.50263,0,0,125547343555
38.7244,25.8235,5.78818,70,68,66,1400,2800,0.484417,18,8.50263,0,0,125573167845
41.562,24.0604,5.78818,70,68,66,1400,2800,0.484417,18,8.50263,0,0,125597227655
38.0882,26.2549,5.78818,70,68,66,1400,2800,0.484417,18,8.50263,0,0,125623484176
39.8912,25.0682,5.78818,70,68,66,1400,2800,0.484417,18,8.50263,0,0,125648550445
37.3312,26.7872,5.78818,70,68,66,1400,2800,0.484417,18,8.50263,0,0,125675338523
36.6076,27.3167,5.78818,70,68,66,1400,2800,0.484417,18,8.50263,0,0,125702654862
41.9129,23.859,5.78818,70,68,66,1400,2800,0.484417,18,8.50263,0,0,125726516751
42.5388,23.5079,5.91133,69,65,66,1349,2800,0.484417,25,8.502,0,0,125750022362
37.437,26.7115,5.91133,69,65,66,1349,2800,0.484417,25,8.502,0,0,125776735519
37.3734,26.757,5.91133,69,65,66,1349,2800,0.484417,25,8.502,0,0,125803490986
39.2585,25.4722,5.91133,69,65,66,1349,2800,0.484417,25,8.502,0,0,125828963116
40.0531,24.9669,5.91133,69,65,66,1349,2800,0.484417,25,8.502,0,0,125853930589
39.6518,25.2196,5.91133,69,65,66,1349,2800,0.484417,25,8.502,0,0,125879152068
37.9898,26.3228,5.91133,69,65,66,1349,2800,0.484417,25,8.502,0,0,125905473481
37.504,26.6638,5.91133,69,65,66,1349,2800,0.484417,25,8.502,0,0,125932138398
34.8063,28.7304,5.91133,69,65,66,1349,2800,0.484417,25,8.502,0,0,125960868329
39.9158,25.0527,5.91133,69,65,66,1349,2800,0.484417,25,8.502,0,0,125985922895
39.3156,25.4352,5.91133,69,65,66,1349,2800,0.484417,25,8.502,0,0,126011356562
41.4421,24.13,5.91133,69,65,66,1349,2800,0.484417,25,8.502,0,0,126035486725
42.2518,23.6676,5.91133,69,65,66,1349,2800,0.484417,25,8.502,0,0,126059154500
38.6164,25.8957,5.91133,69,65,66,1349,2800,0.484417,25,8.502,0,0,126085050354
38.9754,25.6572,5.91133,69,65,66,1349,2800,0.484417,25,8.502,0,0,126110707912
37.566,26.6198,5.91133,69,65,66,1349,2800,0.484417,25,8.502,0,0,126137327684
41.5065,24.0926,5.91133,69,65,66,1349,2800,0.484417,25,8.502,0,0,126161420807
38.1322,26.2246,5.91133,69,65,66,1349,2800,0.484417,25,8.502,0,0,126187645799
36.6971,27.2501,5.91133,69,65,66,1349,2800,0.484417,25,8.502,0,0,126214895774
40.3804,24.7645,5.91133,69,65,66,1349,2800,0.484417,25,8.502,0,0,126239663312
37.6531,26.5582,5.29557,69,70,65,1282,2800,0.484417,15,8.50036,0,0,126266218914
40.0919,24.9427,5.29557,69,70,65,1282,2800,0.484417,15,8.50036,0,0,126291162171
35.4632,28.1982,5.29557,69,70,65,1282,2800,0.484417,15,8.50036,0,0,126319360825
39.9588,25.0258,5.29557,69,70,65,1282,2800,0.484417,15,8.50036,0,0,126344386347
40.372,24.7697,5.29557,69,70,65,1282,2800,0.484417,15,8.50036,0,0,126369156730
39.8127,25.1176,5.29557,69,70,65,1282,2800,0.484417,15,8.50036,0,0,126394274095
38.2534,26.1415,5.29557,69,70,65,1282,2800,0.484417,15,8.50036,0,0,126420415419
38.5606,25.9332,5.29557,69,70,65,1282,2800,0.484417,15,8.50036,0,0,126446349045
39.1596,25.5365,5.29557,69,70,65,1282,2800,0.484417,15,8.50036,0,0,126471885946
36.3181,27.5345,5.29557,69,70,65,1282,2800,0.484417,15,8.50036,0,0,126499420715
38.5018,25.9728,5.29557,69,70,65,1282,2800,0.484417,15,8.50036,0,0,126525393423
41.6168,24.0288,5.29557,69,70,65,1282,2800,0.484417,15,8.50036,0,0,126549422476
40.0188,24.9883,5.29557,69,70,65,1282,2800,0.484417,15,8.50036,0,0,126574410598
37.5345,26.6421,5.29557,69,70,65,1282,2800,0.484417,15,8.50036,0,0,126601053083
39.556,25.2806,5.29557,69,70,65,1282,2800,0.484417,15,8.50036,0,0,126626333643
37.5668,26.6193,5.29557,69,70,65,1282,2800,0.484417,15,8.50036,0,0,126652953375
40.4216,24.7392,5.29557,69,70,65,1282,2800,0.484417,15,8.50036,0,0,126677692630
36.1576,27.6567,5.29557,69,70,65,1282,2800,0.484417,15,8.50036,0,0,126705350109
42.396,23.5871,5.29557,69,70,65,1282,2800,0.484417,15,8.50036,0,0,126728937243
38.1982,26.1793,5.29557,69,70,65,1282,2800,0.484417,15,8.50036,0,0,126755119284
39.7401,25.1635,5.39216,69,65,65,1309,2800,0.484417,31,8.49527,0,0,126780281011
36.624,27.3045,5.39216,69,65,65,1309,2800,0.484417,31,8.49527,0,0,126807586720
38.1883,26.1861,5.39216,69,65,65,1309,2800,0.484417,31,8.49527,0,0,126833770605
39.9799,25.0126,5.39216,69,65,65,1309,2800,0.484417,31,8.49527,0,0,126858783503
39.2573,25.473,5.39216,69,65,65,1309,2800,0.484417,31,8.49527,0,0,126884256695
38.5271,25.9557,5.39216,69,65,65,1309,2800,0.484417,31,8.49527,0,0,126910213213
38.2628,26.1351,5.39216,69,65,65,1309,2800,0.484417,31,8.49527,0,0,126936348868
39.9956,25.0027,5.39216,69,65,65,1309,2800,0.484417,31,8.49527,0,0,126961351046
39.3265,25.4282,5.39216,69,65,65,1309,2800,0.484417,31,8.49527,0,0,126986778952
38.2797,26.1235,5.39216,69,65,65,1309,2800,0.484417,31,8.49527,0,0,127012905630
38.7826,25.7847,5.39216,69,65,65,1309,2800,0.484417,31,8.49527,0,0,127038690005
37.2868,26.8191,5.39216,69,65,65,1309,2800,0.484417,31,8.49527,0,0,127065509672
42.1966,23.6986,5.39216,69,65,65,1309,2800,0.484417,31,8.49527,0,0,127089207294
39.7366,25.1657,5.39216,69,65,65,1309,2800,0.484417,31,8.49527,0,0,127114373079
36.4933,27.4023,5.39216,69,65,65,1309,2800,0.484417,31,8.49527,0,0,127141775409
39.5528,25.2826,5.39216,69,65,65,1309,2800,0.484417,31,8.49527,0,0,127167060528
39.6774,25.2033,5.39216,69,65,65,1309,2800,0.484417,31,8.49527,0,0,127192261899
38.5686,25.9278,5.39216,69,65,65,1309,2800,0.484417,31,8.49527,0,0,127218192158
36.7334,27.2232,5.39216,69,65,65,1309,2800,0.484417,31,8.49527,0,0,127245415964
38.1672,26.2005,5.39216,69,65,65,1309,2800,0.484417,31,8.49527,0,0,127271621700
42.7577,23.3876,5.27607,69,67,65,1287,2800,0.484417,14,8.49594,0,0,127295002747
34.5116,28.9758,5.27607,69,67,65,1287,2800,0.484417,14,8.49594,0,0,127323978619
40.1803,24.8878,5.27607,69,67,65,1287,2800,0.484417,14,8.49594,0,0,127348866542
39.1662,25.5322,5.27607,69,67,65,1287,2800,0.484417,14,8.49594,0,0,127374399376
39.5451,25.2876,5.27607,69,67,65,1287,2800,0.484417,14,8.49594,0,0,127399687941
41.0175,24.3799,5.27607,69,67,65,1287,2800,0.484417,14,8.49594,0,0,127424067862
38.0967,26.249,5.27607,69,67,65,1287,2800,0.484417,14,8.49594,0,0,127450316769
38.6032,25.9046,5.27607,69,67,65,1287,2800,0.484417,14,8.49594,0,0,127476222893
37.678,26.5407,5.27607,69,67,65,1287,2800,0.484417,14,8.49594,0,0,127502761994
41.3246,24.1986,5.27607,69,67,65,1287,2800,0.484417,14,8.49594,0,0,127526962698
38.6199,25.8934,5.27607,69,67,65,1287,2800,0.484417,14,8.49594,0,0,127552854605
39.5483,25.2855,5.27607,69,67,65,1287,2800,0.484417,14,8.49594,0,0,127578141257
35.8748,27.8747,5.27607,69,67,65,1287,2800,0.484417,14,8.49594,0,0,127606015903
37.9324,26.3627,5.27607,69,67,65,1287,2800,0.484417,14,8.49594,0,0,127632378824
42.8965,23.3119,5.27607,69,67,65,1287,2800,0.484417,14,8.49594,0,0,127655690631
39.0516,25.6071,5.27607,69,67,65,1287,2800,0.484417,14,8.49594,0,0,127681298275
37.8966,26.3876,5.27607,69,67,65,1287,2800,0.484417,14,8.49594,0,0,127707685782
37.4189,26.7244,5.27607,69,67,65,1287,2800,0.484417,14,8.49594,0,0,127734411773
39.9889,25.0069,5.27607,69,67,65,1287,2800,0.484417,14,8.49594,0,0,127759417809
39.3632,25.4044,5.27607,69,67,65,1287,2800,0.484417,14,8.49594,0,0,127784825698
36.61,27.3149,5.3021,69,65,65,1498,2800,0.484417,27,8.49515,0,0,127812137809
40.5508,24.6604,5.3021,69,65,65,1498,2800,0.484417,27,8.49515,0,0,127836798627
41.3233,24.1994,5.3021,69,65,65,1498,2800,0.484417,27,8.49515,0,0,127860998350
35.6547,28.0468,5.3021,69,65,65,1498,2800,0.484417,27,8.49515,0,0,127889045229
40.462,24.7145,5.3021,69,65,65,1498,2800,0.484417,27,8.49515,0,0,127913759838
37.0822,26.9671,5.3021,69,65,65,1498,2800,0.484417,27,8.49515,0,0,127940726992
38.4317,26.0202,5.3021,69,65,65,1498,2800,0.484417,27,8.49515,0,0,127966749183
37.7743,26.473,5.3021,69,65,65,1498,2800,0.484417,27,8.49515,0,0,127993220497
43.2268,23.1338,5.3021,69,65,65,1498,2800,0.484417,27,8.49515,0,0,128016355322
38.9391,25.6811,5.3021,69,65,65,1498,2800,0.484417,27,8.49515,0,0,128042036855
37.8243,26.438,5.3021,69,65,65,1498,2800,0.484417,27,8.49515,0,0,128068474636
30.3457,32.9536,5.3021,69,65,65,1498,2800,0.484417,27,8.49515,0,0,128101428569
39.2352,25.4873,5.3021,69,65,65,1498,2800,0.484417,27,8.49515,0,0,128126916008
41.5289,24.0796,5.3021,69,65,65,1498,2800,0.484417,27,8.49515,0,0,128150995806
40.1524,24.9051,5.3021,69,65,65,1498,2800,0.484417,27,8.49515,0,0,128175901022
39.2678,25.4661,5.3021,69,65,65,1498,2800,0.484417,27,8.49515,0,0,128201367361
37.047,26.9928,5.3021,69,65,65,1498,2800,0.484417,27,8.49515,0,0,128228361796
41.6622,24.0026,5.3021,69,65,65,1498,2800,0.484417,27,8.49515,0,0,128252362936
37.7426,26.4952,5.3021,69,65,65,1498,2800,0.484417,27,8.49515,0,0,128278861040
37.3189,26.7961,5.3021,69,65,65,1498,2800,0.484417,27,8.49515,0,0,128305662083
36.1015,27.6997,5.11571,69,66,66,1658,2800,0.484417,19,8.49522,0,0,128333355970
44.2282,22.61,5.11571,69,66,66,1658,2800,0.484417,19,8.49522,0,0,128355966221
37.7051,26.5216,5.11571,69,66,66,1658,2800,0.484417,19,8.49522,0,0,128382488260
39.5357,25.2936,5.11571,69,66,66,1658,2800,0.484417,19,8.49522,0,0,128407781935
38.2369,26.1527,5.11571,69,66,66,1658,2800,0.484417,19,8.49522,0,0,128433935353
40.7149,24.561,5.11571,69,66,66,1658,2800,0.484417,19,8.49522,0,0,128458495542
39.4769,25.3313,5.11571,69,66,66,1658,2800,0.484417,19,8.49522,0,0,128483828841
38.0736,26.2649,5.11571,69,66,66,1658,2800,0.484417,19,8.49522,0,0,128510093027
38.7262,25.8223,5.11571,69,66,66,1658,2800,0.484417,19,8.49522,0,0,128535915002
39.9778,25.0139,5.11571,69,66,66,1658,2800,0.484417,19,8.49522,0,0,128560929704
36.7327,27.2237,5.11571,69,66,66,1658,2800,0.484417,19,8.49522,0,0,128588153229
41.6484,24.0105,5.11571,69,66,66,1658,2800,0.484417,19,8.49522,0,0,128612164338
37.5772,26.6118,5.11571,69,66,66,1658,2800,0.484417,19,8.49522,0,0,128638776185
36.8985,27.1014,5.11571,69,66,66,1658,2800,0.484417,19,8.49522,0,0,128665878804
39.2944,25.4489,5.11571,69,66,66,1658,2800,0.484417,19,8.49522,0,0,128691328661
41.0006,24.3899,5.11571,69,66,66,1658,2800,0.484417,19,8.49522,0,0,128715717990
39.6698,25.2081,5.11571,69,66,66,1658,2800,0.484417,19,8.49522,0,0,128740925113
37.2186,26.8683,5.11571,69,66,66,1658,2800,0.484417,19,8.49522,0,0,128767795044
40.798,24.511,5.11571,69,66,66,1658,2800,0.484417,19,8.49522,0,0,128792306582
38.861,25.7328,5.11571,69,66,66,1658,2800,0.484417,19,8.49522,0,0,128818040262
38.9558,25.6701,5.4321,70,68,65,1391,2800,0.484417,30,8.49273,0,0,128843709121
37.7353,26.5004,5.4321,70,68,65,1391,2800,0.484417,30,8.49273,0,0,128870209499
39.7477,25.1587,5.4321,70,68,65,1391,2800,0.484417,30,8.49273,0,0,128895368932
38.7788,25.7873,5.4321,70,68,65,1391,2800,0.484417,30,8.49273,0,0,128921155632
40.1075,24.933,5.4321,70,68,65,1391,2800,0.484417,30,8.49273,0,0,128946088580
36.662,27.2762,5.4321,70,68,65,1391,2800,0.484417,30,8.49273,0,0,128973365014
38.9276,25.6887,5.4321,70,68,65,1391,2800,0.484417,30,8.49273,0,0,128999055644
40.1092,24.9319,5.4321,70,68,65,1391,2800,0.484417,30,8.49273,0,0,129023986789
39.6998,25.189,5.4321,70,68,65,1391,2800,0.484417,30,8.49273,0,0,129049176539
36.2117,27.6154,5.4321,70,68,65,1391,2800,0.484417,30,8.49273,0,0,129076792209
38.97,25.6608,5.4321,70,68,65,1391,2800,0.484417,30,8.49273,0,0,129102454706
40.6905,24.5758,5.4321,70,68,65,1391,2800,0.484417,30,8.49273,0,0,129127029132
38.9286,25.6881,5.4321,70,68,65,1391,2800,0.484417,30,8.49273,0,0,129152716695
39.5243,25.3009,5.4321,70,68,65,1391,2800,0.484417,30,8.49273,0,0,129178017884
37.2732,26.8289,5.4321,70,68,65,1391,2800,0.484417,30,8.49273,0,0,129204847380
36.4885,27.4059,5.4321,70,68,65,1391,2800,0.484417,30,8.49273,0,0,129232252886
41.3336,24.1934,5.4321,70,68,65,1391,2800,0.484417,30,8.49273,0,0,129256446478
41.9111,23.86,5.4321,70,68,65,1391,2800,0.484417,30,8.49273,0,0,129280308187
37.4139,26.728,5.4321,70,68,65,1391,2800,0.484417,30,8.49273,0,0,129307035851
37.5919,26.6015,5.4321,70,68,65,1391,2800,0.484417,30,8.49273,0,0,129333642459
39.2536,25.4754,5.36585,69,66,65,1295,2800,0.484417,18,8.49297,0,0,129359112505
39.2863,25.4542,5.36585,69,66,65,1295,2800,0.484417,18,8.49297,0,0,129384567542
39.2134,25.5015,5.36585,69,66,65,1295,2800,0.484417,18,8.49297,0,0,129410069718
37.027,27.0073,5.36585,69,66,65,1295,2800,0.484417,18,8.49297,0,0,129437076897
42.4685,23.5468,5.36585,69,66,65,1295,2800,0.484417,18,8.49297,0,0,129460623756
36.8431,27.1421,5.36585,69,66,65,1295,2800,0.484417,18,8.49297,0,0,129487766339
39.2689,25.4655,5.36585,69,66,65,1295,2800,0.484417,18,8.49297,0,0,129513232187
38.1249,26.2296,5.36585,69,66,65,1295,2800,0.484417,18,8.49297,0,0,129539461176
37.7221,26.5097,5.36585,69,66,65,1295,2800,0.484417,18,8.49297,0,0,129565973417
40.9376,24.4274,5.36585,69,66,65,1295,2800,0.484417,18,8.49297,0,0,129590399234
38.8665,25.7291,5.36585,69,66,65,1295,2800,0.484417,18,8.49297,0,0,129616128936
39.0141,25.6317,5.36585,69,66,65,1295,2800,0.484417,18,8.49297,0,0,129641760415
38.276,26.126,5.36585,69,66,65,1295,2800,0.484417,18,8.49297,0,0,129667886281
38.4098,26.035,5.36585,69,66,65,1295,2800,0.484417,18,8.49297,0,0,129693922018
38.7313,25.8189,5.36585,69,66,65,1295,2800,0.484417,18,8.49297,0,0,129719740667
40.0809,24.9496,5.36585,69,66,65,1295,2800,0.484417,18,8.49297,0,0,129744690678
34.7722,28.7586,5.36585,69,66,65,1295,2800,0.484417,18,8.49297,0,0,129773449392
39.6321,25.2321,5.36585,69,66,65,1295,2800,0.484417,18,8.49297,0,0,129798681772
41.4966,24.0984,5.36585,69,66,65,1295,2800,0.484417,18,8.49297,0,0,129822780125
39.2935,25.4495,5.36585,69,66,65,1295,2800,0.484417,18,8.49297,0,0,129848232367
37.0929,26.9593,5.49451,69,67,65,1284,2800,0.484417,19,8.49269,0,0,129875190003
33.9773,29.4314,5.49451,69,67,65,1284,2800,0.484417,19,8.49269,0,0,129904621329
44.0862,22.6828,5.49451,69,67,65,1284,2800,0.484417,19,8.49269,0,0,129927303957
40.1596,24.9006,5.49451,69,67,65,1284,2800,0.484417,19,8.49269,0,0,129952206017
37.0492,26.9911,5.49451,69,67,65,1284,2800,0.484417,19,8.49269,0,0,129979198027
39.3493,25.4134,5.49451,69,67,65,1284,2800,0.484417,19,8.49269,0,0,130004612579
41.0868,24.3387,5.49451,69,67,65,1284,2800,0.484417,19,8.49269,0,0,130028951543
39.0421,25.6134,5.49451,69,67,65,1284,2800,0.484417,19,8.49269,0,0,130054565739
38.1367,26.2214,5.49451,69,67,65,1284,2800,0.484417,19,8.49269,0,0,130080785391
31.4043,31.8428,5.49451,69,67,65,1284,2800,0.484417,19,8.49269,0,0,130112628291
40.1966,24.8777,5.49451,69,67,65,1284,2800,0.484417,19,8.49269,0,0,130137505855
43.7593,22.8523,5.49451,69,67,65,1284,2800,0.484417,19,8.49269,0,0,130160358511
38.0503,26.281,5.49451,69,67,65,1284,2800,0.484417,19,8.49269,0,0,130186640590
38.431,26.0206,5.49451,69,67,65,1284,2800,0.484417,19,8.49269,0,0,130212663112
38.945,25.6772,5.49451,69,67,65,1284,2800,0.484417,19,8.49269,0,0,130238338643
36.3269,27.5278,5.49451,69,67,65,1284,2800,0.484417,19,8.49269,0,0,130265867481
44.0058,22.7243,5.49451,69,67,65,1284,2800,0.484417,19,8.49269,0,0,130288591376
39.7693,25.145,5.49451,69,67,65,1284,2800,0.484417,19,8.49269,0,0,130313736953
36.5208,27.3817,5.49451,69,67,65,1284,2800,0.484417,19,8.49269,0,0,130341118514
37.8872,26.3941,5.49451,69,67,65,1284,2800,0.484417,19,8.49269,0,0,130367515138
41.7906,23.9288,5.23114,69,63,65,1306,2800,0.484417,25,8.49197,0,0,130391441859
39.7394,25.164,5.23114,69,63,65,1306,2800,0.484417,25,8.49197,0,0,130416606712
36.9775,27.0434,5.23114,69,63,65,1306,2800,0.484417,25,8.49197,0,0,130443650299
39.703,25.187,5.23114,69,63,65,1306,2800,0.484417,25,8.49197,0,0,130468837234
38.9057,25.7032,5.23114,69,63,65,1306,2800,0.484417,25,8.49197,0,0,130494540647
38.3633,26.0666,5.23114,69,63,65,1306,2800,0.484417,25,8.49197,0,0,130520608134
38.7995,25.7735,5.23114,69,63,65,1306,2800,0.484417,25,8.49197,0,0,130546381539
37.8581,26.4144,5.23114,69,63,65,1306,2800,0.484417,25,8.49197,0,0,130572796066
37.415,26.7273,5.23114,69,63,65,1306,2800,0.484417,25,8.49197,0,0,130599525794
42.0285,23.7934,5.23114,69,63,65,1306,2800,0.484417,25,8.49197,0,0,130623317412
39.9268,25.0459,5.23114,69,63,65,1306,2800,0.484417,25,8.49197,0,0,130648364053
37.646,26.5632,5.23114,69,63,65,1306,2800,0.484417,25,8.49197,0,0,130674927360
37.0549,26.987,5.23114,69,63,65,1306,2800,0.484417,25,8.49197,0,0,130701915854
40.2952,24.8169,5.23114,69,63,65,1306,2800,0.484417,25,8.49197,0,0,130726731332
30.4367,32.8551,5.23114,69,63,65,1306,2800,0.484417,25,8.49197,0,0,130759586530
40.5167,24.6812,5.23114,69,63,65,1306,2800,0.484417,25,8.49197,0,0,130784268027
39.5813,25.2644,5.23114,69,63,65,1306,2800,0.484417,25,8.49197,0,0,130809533058
41.1589,24.2961,5.23114,69,63,65,1306,2800,0.484417,25,8.49197,0,0,130833828951
40.3071,24.8095,5.23114,69,63,65,1306,2800,0.484417,25,8.49197,0,0,130858639270
40.1756,24.8907,5.23114,69,63,65,1306,2800,0.484417,25,8.49197,0,0,130883532774
38.4926,25.979,5.02451,69,68,65,1333,2800,0.484417,14,8.49167,0,0,130909509290
37.3941,26.7422,5.02451,69,68,65,1333,2800,0.484417,14,8.49167,0,0,130936251111
39.5142,25.3073,5.02451,69,68,65,1333,2800,0.484417,14,8.49167,0,0,130961558962
38.4488,26.0086,5.02451,69,68,65,1333,2800,0.484417,14,8.49167,0,0,130987567638
26.4363,37.8268,5.02451,69,68,65,1333,2800,0.484417,14,8.49167,0,0,131025394523
35.6314,28.0652,5.02451,69,68,65,1333,2800,0.484417,14,8.49167,0,0,131053460007
36.8153,27.1626,5.02451,69,68,65,1333,2800,0.484417,14,8.49167,0,0,131080622447
37.6363,26.5701,5.02451,69,68,65,1333,2800,0.484417,14,8.49167,0,0,131107193378
39.9668,25.0208,5.02451,69,68,65,1333,2800,0.484417,14,8.49167,0,0,131132213850
41.9824,23.8195,5.02451,69,68,65,1333,2800,0.484417,14,8.49167,0,0,131156033540
41.0282,24.3735,5.02451,69,68,65,1333,2800,0.484417,14,8.49167,0,0,131180408031
36.8469,27.1393,5.02451,69,68,65,1333,2800,0.484417,14,8.49167,0,0,131207549272
39.2664,25.4671,5.02451,69,68,65,1333,2800,0.484417,14,8.49167,0,0,131233015079
34.4232,29.0502,5.02451,69,68,65,1333,2800,0.484417,14,8.49167,0,0,131262066152
38.1156,26.236,5.02451,69,68,65,1333,2800,0.484417,14,8.49167,0,0,131288301554
37.2246,26.8639,5.02451,69,68,65,1333,2800,0.484417,14,8.49167,0,0,131315166406
40.2117,24.8684,5.02451,69,68,65,1333,2800,0.484417,14,8.49167,0,0,131340034653
38.0995,26.2471,5.02451,69,68,65,1333,2800,0.484417,14,8.49167,0,0,131366281155
45.6803,21.8913,5.02451,69,68,65,1333,2800,0.484417,14,8.49167,0,0,131388176064
38.6872,25.8484,6.10973,69,64,65,1391,2800,0.484417,24,8.49111,0,0,131414020763
37.8909,26.3916,6.10973,69,64,65,1391,2800,0.484417,24,8.49111,0,0,131440413269
38.4326,26.0196,6.10973,69,64,65,1391,2800,0.484417,24,8.49111,0,0,131466433356
39.8716,25.0805,6.10973,69,64,65,1391,2800,0.484417,24,8.49111,0,0,131491513821
39.2431,25.4822,6.10973,69,64,65,1391,2800,0.484417,24,8.49111,0,0,131516998615
37.6684,26.5474,6.10973,69,64,65,1391,2800,0.484417,24,8.49111,0,0,131543543757
39.5436,25.2885,6.10973,69,64,65,1391,2800,0.484417,24,8.49111,0,0,131568833114
39.3128,25.437,6.10973,69,64,65,1391,2800,0.484417,24,8.49111,0,0,131594270979
38.0583,26.2755,6.10973,69,64,65,1391,2800,0.484417,24,8.49111,0,0,131620547678
39.4148,25.3712,6.10973,69,64,65,1391,2800,0.484417,24,8.49111,0,0,131645917716
39.3042,25.4426,6.10973,69,64,65,1391,2800,0.484417,24,8.49111,0,0,131671360621
35.5333,28.1426,6.10973,69,64,65,1391,2800,0.484417,24,8.49111,0,0,131699503781
41.8759,23.8801,6.10973,69,64,65,1391,2800,0.484417,24,8.49111,0,0,131723385037
38.9591,25.6679,6.10973,69,64,65,1391,2800,0.484417,24,8.49111,0,0,131749051801
39.9342,25.0412,6.10973,69,64,65,1391,2800,0.484417,24,8.49111,0,0,131774093103
37.0446,26.9945,6.10973,69,64,65,1391,2800,0.484417,24,8.49111,0,0,131801087247
40.7056,24.5666,6.10973,69,64,65,1391,2800,0.484417,24,8.49111,0,0,131825654109
39.8845,25.0724,6.10973,69,64,65,1391,2800,0.484417,24,8.49111,0,0,131850727090
36.9733,27.0465,6.10973,69,64,65,1391,2800,0.484417,24,8.49111,0,0,131877773653
38.4432,26.0124,6.10973,69,64,65,1391,2800,0.484417,24,8.49111,0,0,131903790274
39.9915,25.0053,5.38556,69,69,65,1317,2800,0.484417,22,8.49163,0,0,131928792121
37.817,26.4431,5.38556,69,69,65,1317,2800,0.484417,22,8.49163,0,0,131955235964
39.0078,25.6359,5.38556,69,69,65,1317,2800,0.484417,22,8.49163,0,0,131980871440
39.1439,25.5468,5.38556,69,69,65,1317,2800,0.484417,22,8.49163,0,0,132006418370
37.492,26.6724,5.38556,69,69,65,1317,2800,0.484417,22,8.49163,0,0,132033091442
41.4044,24.152,5.38556,69,69,65,1317,2800,0.484417,22,8.49163,0,0,132057243005
39.8929,25.0671,5.38556,69,69,65,1317,2800,0.484417,22,8.49163,0,0,132082310936
34.2969,29.1571,5.38556,69,69,65,1317,2800,0.484417,22,8.49163,0,0,132111469951
41.1587,24.2962,5.38556,69,69,65,1317,2800,0.484417,22,8.49163,0,0,132135764312
36.2413,27.5929,5.38556,69,69,65,1317,2800,0.484417,22,8.49163,0,0,132163357740
42.6158,23.4655,5.38556,69,69,65,1317,2800,0.484417,22,8.49163,0,0,132186822916
39.4911,25.3222,5.38556,69,69,65,1317,2800,0.484417,22,8.49163,0,0,132212144984
37.8669,26.4083,5.38556,69,69,65,1317,2800,0.484417,22,8.49163,0,0,132238555043
40.2301,24.857,5.38556,69,69,65,1317,2800,0.484417,22,8.49163,0,0,132263412860
38.8648,25.7302,5.38556,69,69,65,1317,2800,0.484417,22,8.49163,0,0,132289142102
39.3048,25.4422,5.38556,69,69,65,1317,2800,0.484417,22,8.49163,0,0,132314583935
38.3184,26.0971,5.38556,69,69,65,1317,2800,0.484417,22,8.49163,0,0,132340681307
37.2501,26.8456,5.38556,69,69,65,1317,2800,0.484417,22,8.49163,0,0,132367527154
41.4444,24.1287,5.38556,69,69,65,1317,2800,0.484417,22,8.49163,0,0,132391655964
38.5445,25.9441,5.38556,69,69,65,1317,2800,0.484417,22,8.49163,0,0,132417603254
38.0763,26.2631,5.39877,69,69,64,1273,2800,0.484417,14,8.49093,0,0,132443863252
37.9854,26.3259,5.39877,69,69,64,1273,2800,0.484417,14,8.49093,0,0,132470189604
41.9933,23.8133,5.39877,69,69,64,1273,2800,0.484417,14,8.49093,0,0,132494002571
36.8241,27.1562,5.39877,69,69,64,1273,2800,0.484417,14,8.49093,0,0,132521159491
39.067,25.597,5.39877,69,69,64,1273,2800,0.484417,14,8.49093,0,0,132546756495
35.8907,27.8623,5.39877,69,69,64,1273,2800,0.484417,14,8.49093,0,0,132574619520
39.1677,25.5312,5.39877,69,69,64,1273,2800,0.484417,14,8.49093,0,0,132600152914
42.0647,23.7729,5.39877,69,69,64,1273,2800,0.484417,14,8.49093,0,0,132623923512
38.7202,25.8263,5.39877,69,69,64,1273,2800,0.484417,14,8.49093,0,0,132649751980
38.5135,25.965,5.39877,69,69,64,1273,2800,0.484417,14,8.49093,0,0,132675717024
38.0183,26.3031,5.39877,69,69,64,1273,2800,0.484417,14,8.49093,0,0,132702019451
40.0166,24.9896,5.39877,69,69,64,1273,2800,0.484417,14,8.49093,0,0,132727008816
38.6381,25.8812,5.39877,69,69,64,1273,2800,0.484417,14,8.49093,0,0,132752890634
38.5936,25.9111,5.39877,69,69,64,1273,2800,0.484417,14,8.49093,0,0,132778802027
36.527,27.377,5.39877,69,69,64,1273,2800,0.484417,14,8.49093,0,0,132806179341
37.4896,26.6741,5.39877,69,69,64,1273,2800,0.484417,14,8.49093,0,0,132832854477
39.4678,25.3371,5.39877,69,69,64,1273,2800,0.484417,14,8.49093,0,0,132858190832
40.0471,24.9706,5.39877,69,69,64,1273,2800,0.484417,14,8.49093,0,0,132883161481
39.4053,25.3773,5.39877,69,69,64,1273,2800,0.484417,14,8.49093,0,0,132908538853
36.1281,27.6793,5.39877,69,69,64,1273,2800,0.484417,14,8.49093,0,0,132936223953
42.3777,23.5973,6.06796,69,64,67,1180,2800,0.484417,28,8.5005,0,0,132959815816
40.5126,24.6837,6.06796,69,64,67,1180,2800,0.484417,28,8.5005,0,0,132984499928
39.0104,25.6342,6.06796,69,64,67,1180,2800,0.484417,28,8.5005,0,0,133010133891
37.5525,26.6294,6.06796,69,64,67,1180,2800,0.484417,28,8.5005,0,0,133036763812
41.7436,23.9558,6.06796,69,64,67,1180,2800,0.484417,28,8.5005,0,0,133060719447
38.0082,26.3101,6.06796,69,64,67,1180,2800,0.484417,28,8.5005,0,0,133087030120
39.2439,25.4817,6.06796,69,64,67,1180,2800,0.484417,28,8.5005,0,0,133112512338
38.9416,25.6795,6.06796,69,64,67,1180,2800,0.484417,28,8.5005,0,0,133138191767
36.2326,27.5995,6.06796,69,64,67,1180,2800,0.484417,28,8.5005,0,0,133165790876
41.5722,24.0546,6.06796,69,64,67,1180,2800,0.484417,28,8.5005,0,0,133189846489
39.7662,25.147,6.06796,69,64,67,1180,2800,0.484417,28,8.5005,0,0,133214995893
38.1362,26.2218,6.06796,69,64,67,1180,2800,0.484417,28,8.5005,0,0,133241216256
36.6293,27.3006,6.06796,69,64,67,1180,2800,0.484417,28,8.5005,0,0,133268516765
42.8269,23.3498,6.06796,69,64,67,1180,2800,0.484417,28,8.5005,0,0,133291866975
37.4155,26.7269,6.06796,69,64,67,1180,2800,0.484417,28,8.5005,0,0,133318595952
38.2533,26.1415,6.06796,69,64,67,1180,2800,0.484417,28,8.5005,0,0,133344737307
37.1521,26.9163,6.06796,69,64,67,1180,2800,0.484417,28,8.5005,0,0,133371654678
38.3041,26.1069,6.06796,69,64,67,1180,2800,0.484417,28,8.5005,0,0,133397759624
41.5025,24.0949,6.06796,69,64,67,1180,2800,0.484417,28,8.5005,0,0,133421855182
41.1105,24.3247,6.06796,69,64,67,1180,2800,0.484417,28,8.5005,0,0,133446184227
36.1195,27.6859,5.08685,69,68,65,1256,2800,0.484417,15,8.50075,0,0,133473865922
38.6472,25.8751,5.08685,69,68,65,1256,2800,0.484417,15,8.50075,0,0,133499741698
41.068,24.3499,5.08685,69,68,65,1256,2800,0.484417,15,8.50075,0,0,133524093266
39.7371,25.1654,5.08685,69,68,65,1256,2800,0.484417,15,8.50075,0,0,133549259552
37.1953,26.8851,5.08685,69,68,65,1256,2800,0.484417,15,8.50075,0,0,133576142548
36.8263,27.1545,5.08685,69,68,65,1256,2800,0.484417,15,8.50075,0,0,133603298246
42.3169,23.6312,5.08685,69,68,65,1256,2800,0.484417,15,8.50075,0,0,133626929142
36.7082,27.2419,5.08685,69,68,65,1256,2800,0.484417,15,8.50075,0,0,133654171001
40.186,24.8843,5.08685,69,68,65,1256,2800,0.484417,15,8.50075,0,0,133679057272
36.1771,27.6418,5.08685,69,68,65,1256,2800,0.484417,15,8.50075,0,0,133706697398
37.989,26.3234,5.08685,69,68,65,1256,2800,0.484417,15,8.50075,0,0,133733021165
34.2003,29.2395,5.08685,69,68,65,1256,2800,0.484417,15,8.50075,0,0,133762262385
39.4933,25.3207,5.08685,69,68,65,1256,2800,0.484417,15,8.50075,0,0,133787583451
40.5839,24.6403,5.08685,69,68,65,1256,2800,0.484417,15,8.50075,0,0,133812222348
41.4827,24.1064,5.08685,69,68,65,1256,2800,0.484417,15,8.50075,0,0,133836328976
41.0239,24.376,5.08685,69,68,65,1256,2800,0.484417,15,8.50075,0,0,133860705280
36.3204,27.5327,5.08685,69,68,65,1256,2800,0.484417,15,8.50075,0,0,133888238746
37.8362,26.4297,5.08685,69,68,65,1256,2800,0.484417,15,8.50075,0,0,133914668181
36.2197,27.6093,5.08685,69,68,65,1256,2800,0.484417,15,8.50075,0,0,133942277951
38.0066,26.3112,5.08685,69,68,65,1256,2800,0.484417,15,8.50075,0,0,133968592551
38.233,26.1554,4.9697,69,66,66,1384,2800,0.484417,24,8.50059,0,0,133994745117
39.3609,25.4059,4.9697,69,66,66,1384,2800,0.484417,24,8.50059,0,0,134020151944
36.1825,27.6377,4.9697,69,66,66,1384,2800,0.484417,24,8.50059,0,0,134047790487
37.5598,26.6242,4.9697,69,66,66,1384,2800,0.484417,24,8.50059,0,0,134074414277
35.916,27.8427,4.9697,69,66,66,1384,2800,0.484417,24,8.50059,0,0,134102257875
39.7919,25.1307,4.9697,69,66,66,1384,2800,0.484417,24,8.50059,0,0,134127387823
38.7207,25.826,4.9697,69,66,66,1384,2800,0.484417,24,8.50059,0,0,134153214538
36.3968,27.4749,4.9697,69,66,66,1384,2800,0.484417,24,8.50059,0,0,134180690516
38.8897,25.7137,4.9697,69,66,66,1384,2800,0.484417,24,8.50059,0,0,134206403467
39.712,25.1813,4.9697,69,66,66,1384,2800,0.484417,24,8.50059,0,0,134231586294
39.2249,25.494,4.9697,69,66,66,1384,2800,0.484417,24,8.50059,0,0,134257079854
38.8383,25.7478,4.9697,69,66,66,1384,2800,0.484417,24,8.50059,0,0,134282827110
39.592,25.2576,4.9697,69,66,66,1384,2800,0.484417,24,8.50059,0,0,134308085449
37.0407,26.9973,4.9697,69,66,66,1384,2800,0.484417,24,8.50059,0,0,134335084542
38.6197,25.8935,4.9697,69,66,66,1384,2800,0.484417,24,8.50059,0,0,134360978343
37.9253,26.3676,4.9697,69,66,66,1384,2800,0.484417,24,8.50059,0,0,134387344450
37.9175,26.373,4.9697,69,66,66,1384,2800,0.484417,24,8.50059,0,0,134413719252
39.4768,25.3313,4.9697,69,66,66,1384,2800,0.484417,24,8.50059,0,0,134439050378
42.0577,23.7769,4.9697,69,66,66,1384,2800,0.484417,24,8.50059,0,0,134462826987
40.0114,24.9929,4.9697,69,66,66,1384,2800,0.484417,24,8.50059,0,0,134487823364
40.864,24.4714,6.09013,69,65,66,1581,2800,0.484417,18,8.50027,0,0,134512292172
37.7522,26.4885,6.09013,69,65,66,1581,2800,0.484417,18,8.50027,0,0,134538780027
42.6451,23.4493,6.09013,69,65,66,1581,2800,0.484417,18,8.50027,0,0,134562229883
37.1997,26.882,6.09013,69,65,66,1581,2800,0.484417,18,8.50027,0,0,134589111607
39.6039,25.25,6.09013,69,65,66,1581,2800,0.484417,18,8.50027,0,0,134614362642
37.7997,26.4552,6.09013,69,65,66,1581,2800,0.484417,18,8.50027,0,0,134640817865
38.3082,26.1041,6.09013,69,65,66,1581,2800,0.484417,18,8.50027,0,0,134666921449
37.7034,26.5228,6.09013,69,65,66,1581,2800,0.484417,18,8.50027,0,0,134693444921
39.9056,25.0592,6.09013,69,65,66,1581,2800,0.484417,18,8.50027,0,0,134718504517
36.3736,27.4925,6.09013,69,65,66,1581,2800,0.484417,18,8.50027,0,0,134745996936
40.1173,24.9269,6.09013,69,65,66,1581,2800,0.484417,18,8.50027,0,0,134770926107
41.1281,24.3143,6.09013,69,65,66,1581,2800,0.484417,18,8.50027,0,0,134795238381
38.2344,26.1544,6.09013,69,65,66,1581,2800,0.484417,18,8.50027,0,0,134821394454
36.2116,27.6154,6.09013,69,65,66,1581,2800,0.484417,18,8.50027,0,0,134849009854
41.3325,24.1941,6.09013,69,65,66,1581,2800,0.484417,18,8.50027,0,0,134873203776
36.4614,27.4263,6.09013,69,65,66,1581,2800,0.484417,18,8.50027,0,0,134900631814
41.4243,24.1404,6.09013,69,65,66,1581,2800,0.484417,18,8.50027,0,0,134924772997
39.063,25.5996,6.09013,69,65,66,1581,2800,0.484417,18,8.50027,0,0,134950373057
37.5093,26.66,6.09013,69,65,66,1581,2800,0.484417,18,8.50027,0,0,134977031792
39.2496,25.478,6.09013,69,65,66,1581,2800,0.484417,18,8.50027,0,0,135002518179
39.4217,25.3668,5.15971,70,68,67,1870,2800,0.484417,30,8.50537,0,0,135027877787
38.6371,25.8818,5.15971,70,68,67,1870,2800,0.484417,30,8.50537,0,0,135053760517
39.4499,25.3486,5.15971,70,68,67,1870,2800,0.484417,30,8.50537,0,0,135079110929
37.0655,26.9792,5.15971,70,68,67,1870,2800,0.484417,30,8.50537,0,0,135106089744
38.6708,25.8593,5.15971,70,68,67,1870,2800,0.484417,30,8.50537,0,0,135131949451
39.6504,25.2204,5.15971,70,68,67,1870,2800,0.484417,30,8.50537,0,0,135157169027
40.2108,24.8689,5.15971,70,68,67,1870,2800,0.484417,30,8.50537,0,0,135182039137
39.001,25.6403,5.15971,70,68,67,1870,2800,0.484417,30,8.50537,0,0,135207679142
37.9519,26.3491,5.15971,70,68,67,1870,2800,0.484417,30,8.50537,0,0,135234028888
41.0898,24.337,5.15971,70,68,67,1870,2800,0.484417,30,8.50537,0,0,135258366369
38.7173,25.8282,5.15971,70,68,67,1870,2800,0.484417,30,8.50537,0,0,135284200197
38.2911,26.1158,5.15971,70,68,67,1870,2800,0.484417,30,8.50537,0,0,135310309252
39.4822,25.3278,5.15971,70,68,67,1870,2800,0.484417,30,8.50537,0,0,135335637692
39.9119,25.0552,5.15971,70,68,67,1870,2800,0.484417,30,8.50537,0,0,135360694212
37.3088,26.8034,5.15971,70,68,67,1870,2800,0.484417,30,8.50537,0,0,135387498500
39.5667,25.2738,5.15971,70,68,67,1870,2800,0.484417,30,8.50537,0,0,135412773951
37.4576,26.6968,5.15971,70,68,67,1870,2800,0.484417,30,8.50537,0,0,135439468864
37.4767,26.6832,5.15971,70,68,67,1870,2800,0.484417,30,8.50537,0,0,135466153268
41.0685,24.3496,5.15971,70,68,67,1870,2800,0.484417,30,8.50537,0,0,135490503062
39.4491,25.3491,5.15971,70,68,67,1870,2800,0.484417,30,8.50537,0,0,135515857160
37.3447,26.7775,4.80296,70,69,66,1964,2800,0.484417,14,8.50669,0,0,135542630150
38.1693,26.199,4.80296,70,69,66,1964,2800,0.484417,14,8.50669,0,0,135568831407
41.0725,24.3472,4.80296,70,69,66,1964,2800,0.484417,14,8.50669,0,0,135593178767
37.8638,26.4105,4.80296,70,69,66,1964,2800,0.484417,14,8.50669,0,0,135619588726
40.094,24.9414,4.80296,70,69,66,1964,2800,0.484417,14,8.50669,0,0,135644532324
37.0435,26.9953,4.80296,70,69,66,1964,2800,0.484417,14,8.50669,0,0,135671526820
30.2471,33.0611,4.80296,70,69,66,1964,2800,0.484417,14,8.50669,0,0,135704586882
43.8476,22.8062,4.80296,70,69,66,1964,2800,0.484417,14,8.50669,0,0,135727392801
38.6293,25.8871,4.80296,70,69,66,1964,2800,0.484417,14,8.50669,0,0,135753281031
39.9923,25.0048,4.80296,70,69,66,1964,2800,0.484417,14,8.50669,0,0,135778286435
38.5093,25.9677,4.80296,70,69,66,1964,2800,0.484417,14,8.50669,0,0,135804254966
40.6276,24.6138,4.80296,70,69,66,1964,2800,0.484417,14,8.50669,0,0,135828869427
38.9541,25.6712,4.80296,70,69,66,1964,2800,0.484417,14,8.50669,0,0,135854540650
40.492,24.6962,4.80296,70,69,66,1964,2800,0.484417,14,8.50669,0,0,135879235622
36.1543,27.6592,4.80296,70,69,66,1964,2800,0.484417,14,8.50669,0,0,135906895585
37.4123,26.7292,4.80296,70,69,66,1964,2800,0.484417,14,8.50669,0,0,135933624923
42.9408,23.2879,4.80296,70,69,66,1964,2800,0.484417,14,8.50669,0,0,135956913627
36.8633,27.1273,4.80296,70,69,66,1964,2800,0.484417,14,8.50669,0,0,135984040340
37.4575,26.6969,4.80296,70,69,66,1964,2800,0.484417,14,8.50669,0,0,136010739051
28.7016,34.8412,4.80296,70,69,66,1964,2800,0.484417,14,8.50669,0,0,136045586797
40.4634,24.7137,5.13126,70,65,68,1899,2800,0.484417,33,8.50615,0,0,136070295865
40.8599,24.4739,5.13126,70,65,68,1899,2800,0.484417,33,8.50615,0,0,136094767638
39.6298,25.2335,5.13126,70,65,68,1899,2800,0.484417,33,8.50615,0,0,136120003365
38.0369,26.2902,5.13126,70,65,68,1899,2800,0.484417,33,8.50615,0,0,136146294000
39.9993,25.0004,5.13126,70,65,68,1899,2800,0.484417,33,8.50615,0,0,136171294575
40.4238,24.7379,5.13126,70,65,68,1899,2800,0.484417,33,8.50615,0,0,136196032808
38.6325,25.885,5.13126,70,65,68,1899,2800,0.484417,33,8.50615,0,0,136221918684
39.6135,25.2439,5.13126,70,65,68,1899,2800,0.484417,33,8.50615,0,0,136247162044
37.2906,26.8164,5.13126,70,65,68,1899,2800,0.484417,33,8.50615,0,0,136273980679
35.8128,27.923,5.13126,70,65,68,1899,2800,0.484417,33,8.50615,0,0,136301901502
43.9993,22.7276,5.13126,70,65,68,1899,2800,0.484417,33,8.50615,0,0,136324630476
38.6596,25.8668,5.13126,70,65,68,1899,2800,0.484417,33,8.50615,0,0,136350498388
37.0031,27.0248,5.13126,70,65,68,1899,2800,0.484417,33,8.50615,0,0,136377523030
38.3256,26.0922,5.13126,70,65,68,1899,2800,0.484417,33,8.50615,0,0,136403616095
40.8645,24.4711,5.13126,70,65,68,1899,2800,0.484417,33,8.50615,0,0,136428087187
40.8815,24.461,5.13126,70,65,68,1899,2800,0.484417,33,8.50615,0,0,136452548109
36.7557,27.2067,5.13126,70,65,68,1899,2800,0.484417,33,8.50615,0,0,136479755254
38.6996,25.84,5.13126,70,65,68,1899,2800,0.484417,33,8.50615,0,0,136505595634
35.0747,28.5105,5.13126,70,65,68,1899,2800,0.484417,33,8.50615,0,0,136534104981
44.2704,22.5885,5.13126,70,65,68,1899,2800,0.484417,33,8.50615,0,0,136556699042
39.5446,25.2879,5.3152,70,65,72,2443,2800,0.484417,23,8.50518,0,0,136581983379
35.6988,28.0121,5.3152,70,65,72,2443,2800,0.484417,23,8.50518,0,0,136609996365
28.5711,35.0003,5.3152,70,65,72,2443,2800,0.484417,23,8.50518,0,0,136644995044
37.432,26.7151,5.3152,70,65,72,2443,2800,0.484417,23,8.50518,0,0,136671712179
35.1163,28.4768,5.3152,70,65,72,2443,2800,0.484417,23,8.50518,0,0,136700190237
43.9463,22.755,5.3152,70,65,72,2443,2800,0.484417,23,8.50518,0,0,136722944909
40.2968,24.8158,5.3152,70,65,72,2443,2800,0.484417,23,8.50518,0,0,136747761760
39.5669,25.2736,5.3152,70,65,72,2443,2800,0.484417,23,8.50518,0,0,136773034546
36.5124,27.388,5.3152,70,65,72,2443,2800,0.484417,23,8.50518,0,0,136800422980
42.1245,23.7392,5.3152,70,65,72,2443,2800,0.484417,23,8.50518,0,0,136824162429
38.5341,25.951,5.3152,70,65,72,2443,2800,0.484417,23,8.50518,0,0,136850114900
36.9532,27.0612,5.3152,70,65,72,2443,2800,0.484417,23,8.50518,0,0,136877175439
37.7562,26.4857,5.3152,70,65,72,2443,2800,0.484417,23,8.50518,0,0,136903662512
33.2451,30.0796,5.3152,70,65,72,2443,2800,0.484417,23,8.50518,0,0,136933740642
38.634,25.884,5.3152,70,65,72,2443,2800,0.484417,23,8.50518,0,0,136959625045
43.5602,22.9567,5.3152,70,65,72,2443,2800,0.484417,23,8.50518,0,0,136982582898
41.0925,24.3353,5.3152,70,65,72,2443,2800,0.484417,23,8.50518,0,0,137006918526
36.2162,27.6119,5.3152,70,65,72,2443,2800,0.484417,23,8.50518,0,0,137034529678
40.4168,24.7422,5.3152,70,65,72,2443,2800,0.484417,23,8.50518,0,0,137059304089
39.8439,25.0979,6.49189,70,66,70,2161,2800,0.484417,33,8.50134,0,0,137084372862
35.8786,27.8717,6.49189,70,66,70,2161,2800,0.484417,33,8.50134,0,0,137112244002
41.9369,23.8453,6.49189,70,66,70,2161,2800,0.484417,33,8.50134,0,0,137136088889
36.7576,27.2052,6.49189,70,66,70,2161,2800,0.484417,33,8.50134,0,0,137163296494
39.2744,25.4619,6.49189,70,66,70,2161,2800,0.484417,33,8.50134,0,0,137188757222
41.3812,24.1655,6.49189,70,66,70,2161,2800,0.484417,33,8.50134,0,0,137212922871
37.8818,26.3979,6.49189,70,66,70,2161,2800,0.484417,33,8.50134,0,0,137239321318
36.445,27.4386,6.49189,70,66,70,2161,2800,0.484417,33,8.50134,0,0,137266759015
44.5863,22.4284,6.49189,70,66,70,2161,2800,0.484417,33,8.50134,0,0,137289188828
38.1123,26.2382,6.49189,70,66,70,2161,2800,0.484417,33,8.50134,0,0,137315428457
38.5052,25.9705,6.49189,70,66,70,2161,2800,0.484417,33,8.50134,0,0,137341399142
36.9636,27.0536,6.49189,70,66,70,2161,2800,0.484417,33,8.50134,0,0,137368454141
40.533,24.6713,6.49189,70,66,70,2161,2800,0.484417,33,8.50134,0,0,137393126009
39.4246,25.3649,6.49189,70,66,70,2161,2800,0.484417,33,8.50134,0,0,137418490667
37.852,26.4187,6.49189,70,66,70,2161,2800,0.484417,33,8.50134,0,0,137444909523
38.1478,26.2138,6.49189,70,66,70,2161,2800,0.484417,33,8.50134,0,0,137471123604
40.3754,24.7675,6.49189,70,66,70,2161,2800,0.484417,33,8.50134,0,0,137495891874
37.9584,26.3447,6.49189,70,66,70,2161,2800,0.484417,33,8.50134,0,0,137522236841
41.4621,24.1184,6.49189,70,66,70,2161,2800,0.484417,33,8.50134,0,0,137546355531
37.2705,26.8309,6.49189,70,66,70,2161,2800,0.484417,33,8.50134,0,0,137573187141
36.9045,27.097,5.50122,69,69,67,1851,2800,0.484417,35,8.5001,0,0,137600283808
39.0257,25.6241,5.50122,69,69,67,1851,2800,0.484417,35,8.5001,0,0,137625907522
39.2212,25.4964,5.50122,69,69,67,1851,2800,0.484417,35,8.5001,0,0,137651405290
38.3202,26.0959,5.50122,69,69,67,1851,2800,0.484417,35,8.5001,0,0,137677500588
36.2461,27.5892,5.50122,69,69,67,1851,2800,0.484417,35,8.5001,0,0,137705091021
40.5183,24.6802,5.50122,69,69,67,1851,2800,0.484417,35,8.5001,0,0,137729771316
38.4311,26.0206,5.50122,69,69,67,1851,2800,0.484417,35,8.5001,0,0,137755792565
36.8175,27.161,5.50122,69,69,67,1851,2800,0.484417,35,8.5001,0,0,137782952361
38.7416,25.812,5.50122,69,69,67,1851,2800,0.484417,35,8.5001,0,0,137808766782
37.9771,26.3317,5.50122,69,69,67,1851,2800,0.484417,35,8.5001,0,0,137835096080
40.3338,24.7931,5.50122,69,69,67,1851,2800,0.484417,35,8.5001,0,0,137859890037
38.1891,26.1855,5.50122,69,69,67,1851,2800,0.484417,35,8.5001,0,0,137886075024
39.0948,25.5788,5.50122,69,69,67,1851,2800,0.484417,35,8.5001,0,0,137911655998
39.3734,25.3979,5.50122,69,69,67,1851,2800,0.484417,35,8.5001,0,0,137937054359
38.4393,26.0151,5.50122,69,69,67,1851,2800,0.484417,35,8.5001,0,0,137963069087
40.077,24.952,5.50122,69,69,67,1851,2800,0.484417,35,8.5001,0,0,137988021241
37.7713,26.4751,5.50122,69,69,67,1851,2800,0.484417,35,8.5001,0,0,138014497835
36.2605,27.5782,5.50122,69,69,67,1851,2800,0.484417,35,8.5001,0,0,138042075344
40.0515,24.9678,5.50122,69,69,67,1851,2800,0.484417,35,8.5001,0,0,138067044239
41.6607,24.0034,5.50122,69,69,67,1851,2800,0.484417,35,8.5001,0,0,138091051902
41.7151,23.9721,5.84653,69,69,66,1722,2800,0.484417,15,8.50026,0,0,138115020582
38.4727,25.9925,5.84653,69,69,66,1722,2800,0.484417,15,8.50026,0,0,138141011825
38.2788,26.1242,5.84653,69,69,66,1722,2800,0.484417,15,8.50026,0,0,138167136479
40.8816,24.4609,5.84653,69,69,66,1722,2800,0.484417,15,8.50026,0,0,138191597111
38.5609,25.933,5.84653,69,69,66,1722,2800,0.484417,15,8.50026,0,0,138217530796
39.0465,25.6105,5.84653,69,69,66,1722,2800,0.484417,15,8.50026,0,0,138243141205
38.6494,25.8736,5.84653,69,69,66,1722,2800,0.484417,15,8.50026,0,0,138269014938
40.2272,24.8588,5.84653,69,69,66,1722,2800,0.484417,15,8.50026,0,0,138293874339
38.3452,26.0789,5.84653,69,69,66,1722,2800,0.484417,15,8.50026,0,0,138319952856
36.6896,27.2557,5.84653,69,69,66,1722,2800,0.484417,15,8.50026,0,0,138347208881
40.0831,24.9482,5.84653,69,69,66,1722,2800,0.484417,15,8.50026,0,0,138372157840
37.3823,26.7506,5.84653,69,69,66,1722,2800,0.484417,15,8.50026,0,0,138398910241
39.591,25.2583,5.84653,69,69,66,1722,2800,0.484417,15,8.50026,0,0,138424167487
39.8822,25.0738,5.84653,69,69,66,1722,2800,0.484417,15,8.50026,0,0,138449241120
37.3623,26.7649,5.84653,69,69,66,1722,2800,0.484417,15,8.50026,0,0,138476006345
39.375,25.3968,5.84653,69,69,66,1722,2800,0.484417,15,8.50026,0,0,138501403183
37.4339,26.7137,5.84653,69,69,66,1722,2800,0.484417,15,8.50026,0,0,138528117553
39.9764,25.0148,5.84653,69,69,66,1722,2800,0.484417,15,8.50026,0,0,138553133587
39.9882,25.0074,5.84653,69,69,66,1722,2800,0.484417,15,8.50026,0,0,138578140544
37.8139,26.4453,5.84653,69,69,66,1722,2800,0.484417,15,8.50026,0,0,138604590959
39.5894,25.2593,5.16605,69,65,65,1706,2800,0.484417,39,8.4996,0,0,138629845430
38.5662,25.9295,5.16605,69,65,65,1706,2800,0.484417,39,8.4996,0,0,138655775729
40.275,24.8293,5.16605,69,65,65,1706,2800,0.484417,39,8.4996,0,0,138680604763
35.3714,28.2714,5.16605,69,65,65,1706,2800,0.484417,39,8.4996,0,0,138708876514
40.3497,24.7833,5.16605,69,65,65,1706,2800,0.484417,39,8.4996,0,0,138733660533
41.3306,24.1952,5.16605,69,65,65,1706,2800,0.484417,39,8.4996,0,0,138757855747
38.3665,26.0644,5.16605,69,65,65,1706,2800,0.484417,39,8.4996,0,0,138783920398
37.5091,26.6602,5.16605,69,65,65,1706,2800,0.484417,39,8.4996,0,0,138810582640
37.7657,26.4791,5.16605,69,65,65,1706,2800,0.484417,39,8.4996,0,0,138837062139
41.6844,23.9898,5.16605,69,65,65,1706,2800,0.484417,39,8.4996,0,0,138861049855
36.4126,27.463,5.16605,69,65,65,1706,2800,0.484417,39,8.4996,0,0,138888514512
41.9304,23.849,5.16605,69,65,65,1706,2800,0.484417,39,8.4996,0,0,138912362535
34.5196,28.969,5.16605,69,65,65,1706,2800,0.484417,39,8.4996,0,0,138941333367
38.9386,25.6815,5.16605,69,65,65,1706,2800,0.484417,39,8.4996,0,0,138967015321
39.7693,25.145,5.16605,69,65,65,1706,2800,0.484417,39,8.4996,0,0,138992161198
41.4187,24.1437,5.16605,69,65,65,1706,2800,0.484417,39,8.4996,0,0,139016303964
37.5288,26.6462,5.16605,69,65,65,1706,2800,0.484417,39,8.4996,0,0,139042952010
31.1227,32.1309,5.16605,69,65,65,1706,2800,0.484417,39,8.4996,0,0,139075082399
38.6701,25.8598,5.16605,69,65,65,1706,2800,0.484417,39,8.4996,0,0,139100943257
44.255,22.5963,5.16605,69,65,65,1706,2800,0.484417,39,8.4996,0,0,139123543079
41.1214,24.3182,5.47445,69,69,66,1966,2800,0.484417,18,8.49969,0,0,139147856766
36.9463,27.0663,5.47445,69,69,66,1966,2800,0.484417,18,8.49969,0,0,139174925220
38.5876,25.9151,5.47445,69,69,66,1966,2800,0.484417,18,8.49969,0,0,139200838327
41.085,24.3398,5.47445,69,69,66,1966,2800,0.484417,18,8.49969,0,0,139225179265
39.3749,25.3969,5.47445,69,69,66,1966,2800,0.484417,18,8.49969,0,0,139250577756
38.3946,26.0453,5.47445,69,69,66,1966,2800,0.484417,18,8.49969,0,0,139276623542
39.7933,25.1298,5.47445,69,69,66,1966,2800,0.484417,18,8.49969,0,0,139301752458
36.4234,27.4549,5.47445,69,69,66,1966,2800,0.484417,18,8.49969,0,0,139329208819
39.6007,25.2521,5.47445,69,69,66,1966,2800,0.484417,18,8.49969,0,0,139354460535
39.9996,25.0003,5.47445,69,69,66,1966,2800,0.484417,18,8.49969,0,0,139379459538
37.593,26.6007,5.47445,69,69,66,1966,2800,0.484417,18,8.49969,0,0,139406063240
37.0627,26.9813,5.47445,69,69,66,1966,2800,0.484417,18,8.49969,0,0,139433043388
42.3209,23.629,5.47445,69,69,66,1966,2800,0.484417,18,8.49969,0,0,139456672050
39.8031,25.1237,5.47445,69,69,66,1966,2800,0.484417,18,8.49969,0,0,139481795906
37.1121,26.9454,5.47445,69,69,66,1966,2800,0.484417,18,8.49969,0,0,139508741470
34.4208,29.0522,5.47445,69,69,66,1966,2800,0.484417,18,8.49969,0,0,139537793765
43.3002,23.0946,5.47445,69,69,66,1966,2800,0.484417,18,8.49969,0,0,139560888686
42.2307,23.6795,5.47445,69,69,66,1966,2800,0.484417,18,8.49969,0,0,139584568453
36.6449,27.289,5.47445,69,69,66,1966,2800,0.484417,18,8.49969,0,0,139611856980
38.7935,25.7775,5.47445,69,69,66,1966,2800,0.484417,18,8.49969,0,0,139637637748
34.4515,29.0263,4.92611,69,67,65,1303,2800,0.484417,30,8.49807,0,0,139666661019
43.1242,23.1888,4.92611,69,67,65,1303,2800,0.484417,30,8.49807,0,0,139689850317
39.3865,25.3894,4.92611,69,67,65,1303,2800,0.484417,30,8.49807,0,0,139715240423
40.9837,24.3999,4.92611,69,67,65,1303,2800,0.484417,30,8.49807,0,0,139739639760
37.515,26.656,4.92611,69,67,65,1303,2800,0.484417,30,8.49807,0,0,139766298045
40.6051,24.6274,4.92611,69,67,65,1303,2800,0.484417,30,8.49807,0,0,139790925359
38.1216,26.2318,4.92611,69,67,65,1303,2800,0.484417,30,8.49807,0,0,139817157835
37.6755,26.5424,4.92611,69,67,65,1303,2800,0.484417,30,8.49807,0,0,139843699100
38.7685,25.7941,4.92611,69,67,65,1303,2800,0.484417,30,8.49807,0,0,139869493615
43.3325,23.0773,4.92611,69,67,65,1303,2800,0.484417,30,8.49807,0,0,139892571133
36.0423,27.7452,4.92611,69,67,65,1303,2800,0.484417,30,8.49807,0,0,139920316196
39.1872,25.5185,4.92611,69,67,65,1303,2800,0.484417,30,8.49807,0,0,139945837127
39.6078,25.2476,4.92611,69,67,65,1303,2800,0.484417,30,8.49807,0,0,139971083012
36.6332,27.2976,4.92611,69,67,65,1303,2800,0.484417,30,8.49807,0,0,139998380937
42.5338,23.5107,4.92611,69,67,65,1303,2800,0.484417,30,8.49807,0,0,140021894002
34.9836,28.5848,4.92611,69,67,65,1303,2800,0.484417,30,8.49807,0,0,140050479231
40.6722,24.5868,4.92611,69,67,65,1303,2800,0.484417,30,8.49807,0,0,140075064377
39.8615,25.0869,4.92611,69,67,65,1303,2800,0.484417,30,8.49807,0,0,140100151043
39.4682,25.3369,4.92611,69,67,65,1303,2800,0.484417,30,8.49807,0,0,140125488520
37.7109,26.5175,4.92611,69,67,65,1303,2800,0.484417,30,8.49807,0,0,140152009768
38.7936,25.7775,4.79115,69,67,64,1025,2800,0.484417,15,8.49727,0,0,140177784154
39.9329,25.042,4.79115,69,67,64,1025,2800,0.484417,15,8.49727,0,0,140202826107
39.298,25.4466,4.79115,69,67,64,1025,2800,0.484417,15,8.49727,0,0,140228273240
38.6571,25.8685,4.79115,69,67,64,1025,2800,0.484417,15,8.49727,0,0,140254142154
38.6079,25.9014,4.79115,69,67,64,1025,2800,0.484417,15,8.49727,0,0,140280043298
39.3802,25.3935,4.79115,69,67,64,1025,2800,0.484417,15,8.49727,0,0,140305438053
37.486,26.6767,4.79115,69,67,64,1025,2800,0.484417,15,8.49727,0,0,140332113840
40.7898,24.5159,4.79115,69,67,64,1025,2800,0.484417,15,8.49727,0,0,140356630427
39.7907,25.1315,4.79115,69,67,64,1025,2800,0.484417,15,8.49727,0,0,140381762159
37.9177,26.3729,4.79115,69,67,64,1025,2800,0.484417,15,8.49727,0,0,140408135058
37.3539,26.771,4.79115,69,67,64,1025,2800,0.484417,15,8.49727,0,0,140434906565
41.1346,24.3104,4.79115,69,67,64,1025,2800,0.484417,15,8.49727,0,0,140459217055
38.0646,26.2711,4.79115,69,67,64,1025,2800,0.484417,15,8.49727,0,0,140485488324
37.7034,26.5228,4.79115,69,67,64,1025,2800,0.484417,15,8.49727,0,0,140512011455
38.7098,25.8333,4.79115,69,67,64,1025,2800,0.484417,15,8.49727,0,0,140537845103
39.9328,25.0421,4.79115,69,67,64,1025,2800,0.484417,15,8.49727,0,0,140562890202
41.0126,24.3827,4.79115,69,67,64,1025,2800,0.484417,15,8.49727,0,0,140587269772
38.3615,26.0678,4.79115,69,67,64,1025,2800,0.484417,15,8.49727,0,0,140613338380
38.9477,25.6755,4.79115,69,67,64,1025,2800,0.484417,15,8.49727,0,0,140639013641
37.2116,26.8734,4.79115,69,67,64,1025,2800,0.484417,15,8.49727,0,0,140665892459
40.0323,24.9798,4.31566,68,67,65,981,2800,0.484417,18,8.49662,0,0,140690867346
38.087,26.2557,4.31566,68,67,65,981,2800,0.484417,18,8.49662,0,0,140717123116
37.9149,26.3749,4.31566,68,67,65,981,2800,0.484417,18,8.49662,0,0,140743499001
38.4796,25.9878,4.31566,68,67,65,981,2800,0.484417,18,8.49662,0,0,140769486457
40.7022,24.5687,4.31566,68,67,65,981,2800,0.484417,18,8.49662,0,0,140794055142
38.3079,26.1043,4.31566,68,67,65,981,2800,0.484417,18,8.49662,0,0,140820159517
39.2007,25.5098,4.31566,68,67,65,981,2800,0.484417,18,8.49662,0,0,140845668947
38.6363,25.8824,4.31566,68,67,65,981,2800,0.484417,18,8.49662,0,0,140871552018
36.9482,27.0649,4.31566,68,67,65,981,2800,0.484417,18,8.49662,0,0,140898616985
42.8275,23.3495,4.31566,68,67,65,981,2800,0.484417,18,8.49662,0,0,140921966784
37.5397,26.6385,4.31566,68,67,65,981,2800,0.484417,18,8.49662,0,0,140948605361
37.5695,26.6173,4.31566,68,67,65,981,2800,0.484417,18,8.49662,0,0,140975223060
38.7508,25.8059,4.31566,68,67,65,981,2800,0.484417,18,8.49662,0,0,141001029717
39.8649,25.0847,4.31566,68,67,65,981,2800,0.484417,18,8.49662,0,0,141026114310
31.0733,32.182,4.31566,68,67,65,981,2800,0.484417,18,8.49662,0,0,141058296165
38.5995,25.9071,4.31566,68,67,65,981,2800,0.484417,18,8.49662,0,0,141084203160
40.0562,24.9649,4.31566,68,67,65,981,2800,0.484417,18,8.49662,0,0,141109168489
41.8268,23.9081,4.31566,68,67,65,981,2800,0.484417,18,8.49662,0,0,141133076946
42.997,23.2574,4.31566,68,67,65,981,2800,0.484417,18,8.49662,0,0,141156335173
38.2337,26.1549,4.31566,68,67,65,981,2800,0.484417,18,8.49662,0,0,141182492858
37.8371,26.4291,4.40636,69,64,64,1095,2800,0.484417,23,8.49204,0,0,141208918777
37.4254,26.7198,4.40636,69,64,64,1095,2800,0.484417,23,8.49204,0,0,141235639429
40.6848,24.5792,4.40636,69,64,64,1095,2800,0.484417,23,8.49204,0,0,141260218824
37.9784,26.3307,4.40636,69,64,64,1095,2800,0.484417,23,8.49204,0,0,141286549614
40.3633,24.775,4.40636,69,64,64,1095,2800,0.484417,23,8.49204,0,0,141311324967
38.1542,26.2094,4.40636,69,64,64,1095,2800,0.484417,23,8.49204,0,0,141337534279
36.5364,27.37,4.40636,69,64,64,1095,2800,0.484417,23,8.49204,0,0,141364904660
43.156,23.1717,4.40636,69,64,64,1095,2800,0.484417,23,8.49204,0,0,141388076254
38.0372,26.2901,4.40636,69,64,64,1095,2800,0.484417,23,8.49204,0,0,141414366809
38.158,26.2068,4.40636,69,64,64,1095,2800,0.484417,23,8.49204,0,0,141440573566
38.6025,25.9051,4.40636,69,64,64,1095,2800,0.484417,23,8.49204,0,0,141466478478
38.5707,25.9264,4.40636,69,64,64,1095,2800,0.484417,23,8.49204,0,0,141492405531
37.6864,26.5348,4.40636,69,64,64,1095,2800,0.484417,23,8.49204,0,0,141518940704
39.2534,25.4755,4.40636,69,64,64,1095,2800,0.484417,23,8.49204,0,0,141544416240
38.504,25.9713,4.40636,69,64,64,1095,2800,0.484417,23,8.49204,0,0,141570387667
40.3748,24.7679,4.40636,69,64,64,1095,2800,0.484417,23,8.49204,0,0,141595155906
37.749,26.4907,4.40636,69,64,64,1095,2800,0.484417,23,8.49204,0,0,141621646266
40.0744,24.9536,4.40636,69,64,64,1095,2800,0.484417,23,8.49204,0,0,141646600484
38.575,25.9235,4.40636,69,64,64,1095,2800,0.484417,23,8.49204,0,0,141672524120
36.6414,27.2915,4.40636,69,64,64,1095,2800,0.484417,23,8.49204,0,0,141699823768
42.1748,23.7109,4.04908,69,68,63,984,2800,0.484417,13,8.49094,0,0,141723527501
38.595,25.9101,4.04908,69,68,63,984,2800,0.484417,13,8.49094,0,0,141749438604
38.9336,25.6847,4.04908,69,68,63,984,2800,0.484417,13,8.49094,0,0,141775124584
37.238,26.8543,4.04908,69,68,63,984,2800,0.484417,13,8.49094,0,0,141801977855
40.7874,24.5174,4.04908,69,68,63,984,2800,0.484417,13,8.49094,0,0,141826495344
38.8179,25.7613,4.04908,69,68,63,984,2800,0.484417,13,8.49094,0,0,141852258639
39.2834,25.4561,4.04908,69,68,63,984,2800,0.484417,13,8.49094,0,0,141877713697
38.2133,26.1689,4.04908,69,68,63,984,2800,0.484417,13,8.49094,0,0,141903882323
37.1598,26.9108,4.04908,69,68,63,984,2800,0.484417,13,8.49094,0,0,141930793883
40.3851,24.7616,4.04908,69,68,63,984,2800,0.484417,13,8.49094,0,0,141955556852
38.4653,25.9975,4.04908,69,68,63,984,2800,0.484417,13,8.49094,0,0,141981553075
39.0939,25.5794,4.04908,69,68,63,984,2800,0.484417,13,8.49094,0,0,142007134820
37.6558,26.5564,4.04908,69,68,63,984,2800,0.484417,13,8.49094,0,0,142033689901
36.4947,27.4012,4.04908,69,68,63,984,2800,0.484417,13,8.49094,0,0,142061090769
43.7977,22.8322,4.04908,69,68,63,984,2800,0.484417,13,8.49094,0,0,142083923117
37.1258,26.9354,4.04908,69,68,63,984,2800,0.484417,13,8.49094,0,0,142110858992
39.3396,25.4197,4.04908,69,68,63,984,2800,0.484417,13,8.49094,0,0,142136279064
39.2895,25.4521,4.04908,69,68,63,984,2800,0.484417,13,8.49094,0,0,142161731166
39.2598,25.4713,4.04908,69,68,63,984,2800,0.484417,13,8.49094,0,0,142187202885
39.05,25.6082,4.04908,69,68,63,984,2800,0.484417,13,8.49094,0,0,142212813945
38.8591,25.734,4.07407,69,63,65,1098,2800,0.484417,23,8.49187,0,0,142238545191
36.7723,27.1944,4.07407,69,63,65,1098,2800,0.484417,23,8.49187,0,0,142265740593
40.2267,24.8591,4.07407,69,63,65,1098,2800,0.484417,23,8.49187,0,0,142290600564
38.864,25.7308,4.07407,69,63,65,1098,2800,0.484417,23,8.49187,0,0,142316330037
37.9431,26.3553,4.07407,69,63,65,1098,2800,0.484417,23,8.49187,0,0,142342686485
39.0844,25.5856,4.07407,69,63,65,1098,2800,0.484417,23,8.49187,0,0,142368271627
41.6003,24.0383,4.07407,69,63,65,1098,2800,0.484417,23,8.49187,0,0,142392310478
37.175,26.8998,4.07407,69,63,65,1098,2800,0.484417,23,8.49187,0,0,142419210266
39.0735,25.5928,4.07407,69,63,65,1098,2800,0.484417,23,8.49187,0,0,142444803432
37.6332,26.5723,4.07407,69,63,65,1098,2800,0.484417,23,8.49187,0,0,142471375575
37.5954,26.599,4.07407,69,63,65,1098,2800,0.484417,23,8.49187,0,0,142497974839
39.2187,25.498,4.07407,69,63,65,1098,2800,0.484417,23,8.49187,0,0,142523472877
40.0831,24.9482,4.07407,69,63,65,1098,2800,0.484417,23,8.49187,0,0,142548421525
37.3835,26.7497,4.07407,69,63,65,1098,2800,0.484417,23,8.49187,0,0,142575171442
40.3446,24.7864,4.07407,69,63,65,1098,2800,0.484417,23,8.49187,0,0,142599958366
39.622,25.2385,4.07407,69,63,65,1098,2800,0.484417,23,8.49187,0,0,142625197248
37.6241,26.5787,4.07407,69,63,65,1098,2800,0.484417,23,8.49187,0,0,142651776334
39.9552,25.028,4.07407,69,63,65,1098,2800,0.484417,23,8.49187,0,0,142676804701
36.5738,27.342,4.07407,69,63,65,1098,2800,0.484417,23,8.49187,0,0,142704146218
41.6983,23.9818,4.07407,69,63,65,1098,2800,0.484417,23,8.49187,0,0,142728131979
37.6586,26.5544,4.41718,69,67,64,1044,2800,0.484417,14,8.4896,0,0,142754683012
39.7853,25.1349,4.41718,69,67,64,1044,2800,0.484417,14,8.4896,0,0,142779818100
37.5727,26.6151,4.41718,69,67,64,1044,2800,0.484417,14,8.4896,0,0,142806433314
37.9023,26.3836,4.41718,69,67,64,1044,2800,0.484417,14,8.4896,0,0,142832818406
41.6487,24.0104,4.41718,69,67,64,1044,2800,0.484417,14,8.4896,0,0,142856827481
38.6296,25.8869,4.41718,69,67,64,1044,2800,0.484417,14,8.4896,0,0,142882715391
36.8141,27.1635,4.41718,69,67,64,1044,2800,0.484417,14,8.4896,0,0,142909878632
40.78,24.5218,4.41718,69,67,64,1044,2800,0.484417,14,8.4896,0,0,142934401251
38.4084,26.036,4.41718,69,67,64,1044,2800,0.484417,14,8.4896,0,0,142960437218
38.5898,25.9136,4.41718,69,67,64,1044,2800,0.484417,14,8.4896,0,0,142986351107
39.4175,25.3694,4.41718,69,67,64,1044,2800,0.484417,14,8.4896,0,0,143011720664
34.4726,29.0086,4.41718,69,67,64,1044,2800,0.484417,14,8.4896,0,0,143040730960
42.1421,23.7292,4.41718,69,67,64,1044,2800,0.484417,14,8.4896,0,0,143064459980
40.8958,24.4524,4.41718,69,67,64,1044,2800,0.484417,14,8.4896,0,0,143088911285
38.412,26.0335,4.41718,69,67,64,1044,2800,0.484417,14,8.4896,0,0,143114945168
38.6116,25.8989,4.41718,69,67,64,1044,2800,0.484417,14,8.4896,0,0,143140843648
38.5678,25.9284,4.41718,69,67,64,1044,2800,0.484417,14,8.4896,0,0,143166772795
39.6253,25.2364,4.41718,69,67,64,1044,2800,0.484417,14,8.4896,0,0,143192010445
37.7446,26.4938,4.41718,69,67,64,1044,2800,0.484417,14,8.4896,0,0,143218503770
40.3753,24.7676,4.41718,69,67,64,1044,2800,0.484417,14,8.4896,0,0,143243274103
36.3622,27.5011,4.30504,69,63,63,987,2800,0.484417,25,8.48985,0,0,143270773105
42.039,23.7874,4.30504,69,63,63,987,2800,0.484417,25,8.48985,0,0,143294560965
38.6704,25.8596,4.30504,69,63,63,987,2800,0.484417,25,8.48985,0,0,143320419640
39.2855,25.4547,4.30504,69,63,63,987,2800,0.484417,25,8.48985,0,0,143345874928
38.5159,25.9633,4.30504,69,63,63,987,2800,0.484417,25,8.48985,0,0,143371838379
37.0777,26.9704,4.30504,69,63,63,987,2800,0.484417,25,8.48985,0,0,143398809130
40.5104,24.685,4.30504,69,63,63,987,2800,0.484417,25,8.48985,0,0,143423494634
37.6666,26.5487,4.30504,69,63,63,987,2800,0.484417,25,8.48985,0,0,143450043874
40.6323,24.611,4.30504,69,63,63,987,2800,0.484417,25,8.48985,0,0,143474654558
38.3739,26.0594,4.30504,69,63,63,987,2800,0.484417,25,8.48985,0,0,143500713748
38.486,25.9835,4.30504,69,63,63,987,2800,0.484417,25,8.48985,0,0,143526698800
38.6068,25.9022,4.30504,69,63,63,987,2800,0.484417,25,8.48985,0,0,143552600055
38.0195,26.3023,4.30504,69,63,63,987,2800,0.484417,25,8.48985,0,0,143578902772
39.2206,25.4968,4.30504,69,63,63,987,2800,0.484417,25,8.48985,0,0,143604399819
38.3914,26.0475,4.30504,69,63,63,987,2800,0.484417,25,8.48985,0,0,143630447598
40.6025,24.629,4.30504,69,63,63,987,2800,0.484417,25,8.48985,0,0,143655076256
39.3456,25.4158,4.30504,69,63,63,987,2800,0.484417,25,8.48985,0,0,143680492010
38.9128,25.6985,4.30504,69,63,63,987,2800,0.484417,25,8.48985,0,0,143706191295
37.2174,26.8692,4.30504,69,63,63,987,2800,0.484417,25,8.48985,0,0,143733060556
40.6591,24.5947,4.30504,69,63,63,987,2800,0.484417,25,8.48985,0,0,143757657884
39.4108,25.3738,3.95062,69,66,63,966,2800,0.484417,13,8.48864,0,0,143783029696
37.2558,26.8414,3.95062,69,66,63,966,2800,0.484417,13,8.48864,0,0,143809872496
37.8555,26.4163,3.95062,69,66,63,966,2800,0.484417,13,8.48864,0,0,143836287916
40.7778,24.5231,3.95062,69,66,63,966,2800,0.484417,13,8.48864,0,0,143860810875
39.2821,25.4569,3.95062,69,66,63,966,2800,0.484417,13,8.48864,0,0,143886268517
38.1407,26.2187,3.95062,69,66,63,966,2800,0.484417,13,8.48864,0,0,143912487207
38.8078,25.768,3.95062,69,66,63,966,2800,0.484417,13,8.48864,0,0,143938254941
36.9983,27.0283,3.95062,69,66,63,966,2800,0.484417,13,8.48864,0,0,143965283611
40.0255,24.984,3.95062,69,66,63,966,2800,0.484417,13,8.48864,0,0,143990268476
39.4858,25.3256,3.95062,69,66,63,966,2800,0.484417,13,8.48864,0,0,144015594001
34.4661,29.014,3.95062,69,66,63,966,2800,0.484417,13,8.48864,0,0,144044608315
42.6416,23.4513,3.95062,69,66,63,966,2800,0.484417,13,8.48864,0,0,144068059213
40.0949,24.9408,3.95062,69,66,63,966,2800,0.484417,13,8.48864,0,0,144093010496
38.1212,26.2321,3.95062,69,66,63,966,2800,0.484417,13,8.48864,0,0,144119232873
41.4817,24.107,3.95062,69,66,63,966,2800,0.484417,13,8.48864,0,0,144143340192
35.5843,28.1023,3.95062,69,66,63,966,2800,0.484417,13,8.48864,0,0,144171442516
37.6838,26.5366,3.95062,69,66,63,966,2800,0.484417,13,8.48864,0,0,144197980605
42.9742,23.2698,3.95062,69,66,63,966,2800,0.484417,13,8.48864,0,0,144221251045
38.0354,26.2913,3.95062,69,66,63,966,2800,0.484417,13,8.48864,0,0,144247541239
39.0188,25.6287,3.95062,69,66,63,966,2800,0.484417,13,8.48864,0,0,144273173338
37.4354,26.7127,4.28397,69,64,64,958,2800,0.484417,19,8.48854,0,0,144299883060
32.2368,31.0204,4.28397,69,64,64,958,2800,0.484417,19,8.48854,0,0,144330905630
46.1316,21.6771,4.28397,69,64,64,958,2800,0.484417,19,8.48854,0,0,144352581379
40.9358,24.4285,4.28397,69,64,64,958,2800,0.484417,19,8.48854,0,0,144377011775
39.4974,25.3182,4.28397,69,64,64,958,2800,0.484417,19,8.48854,0,0,144402328944
40.78,24.5218,4.28397,69,64,64,958,2800,0.484417,19,8.48854,0,0,144426851151
37.1595,26.911,4.28397,69,64,64,958,2800,0.484417,19,8.48854,0,0,144453762390
38.4307,26.0208,4.28397,69,64,64,958,2800,0.484417,19,8.48854,0,0,144479783259
40.1672,24.896,4.28397,69,64,64,958,2800,0.484417,19,8.48854,0,0,144504679619
35.5068,28.1637,4.28397,69,64,64,958,2800,0.484417,19,8.48854,0,0,144532843368
41.4369,24.1331,4.28397,69,64,64,958,2800,0.484417,19,8.48854,0,0,144556976786
40.6032,24.6286,4.28397,69,64,64,958,2800,0.484417,19,8.48854,0,0,144581605764
38.0389,26.2889,4.28397,69,64,64,958,2800,0.484417,19,8.48854,0,0,144607894455
38.5935,25.9111,4.28397,69,64,64,958,2800,0.484417,19,8.48854,0,0,144633806009
39.1183,25.5635,4.28397,69,64,64,958,2800,0.484417,19,8.48854,0,0,144659369050
38.2572,26.1389,4.28397,69,64,64,958,2800,0.484417,19,8.48854,0,0,144685508421
38.516,25.9632,4.28397,69,64,64,958,2800,0.484417,19,8.48854,0,0,144711471431
39.6208,25.2393,4.28397,69,64,64,958,2800,0.484417,19,8.48854,0,0,144736711606
39.7281,25.1711,4.28397,69,64,64,958,2800,0.484417,19,8.48854,0,0,144761882811
35.0232,28.5525,4.28397,69,64,64,958,2800,0.484417,19,8.48854,0,0,144790438034
39.8457,25.0968,4.74453,69,63,63,923,2800,0.484417,19,8.4903,0,0,144815531964
40.5245,24.6764,4.74453,69,63,63,923,2800,0.484417,19,8.4903,0,0,144840209323
37.6212,26.5807,4.74453,69,63,63,923,2800,0.484417,19,8.4903,0,0,144866791625
40.2828,24.8245,4.74453,69,63,63,923,2800,0.484417,19,8.4903,0,0,144891614336
40.9663,24.4103,4.74453,69,63,63,923,2800,0.484417,19,8.4903,0,0,144916025296
37.7116,26.517,4.74453,69,63,63,923,2800,0.484417,19,8.4903,0,0,144942543497
37.7769,26.4712,4.74453,69,63,63,923,2800,0.484417,19,8.4903,0,0,144969015422
40.4622,24.7144,4.74453,69,63,63,923,2800,0.484417,19,8.4903,0,0,144993728408
38.5783,25.9213,4.74453,69,63,63,923,2800,0.484417,19,8.4903,0,0,145019650001
36.2116,27.6154,4.74453,69,63,63,923,2800,0.484417,19,8.4903,0,0,145047265962
41.0959,24.3333,4.74453,69,63,63,923,2800,0.484417,19,8.4903,0,0,145071599295
36.0935,27.7058,4.74453,69,63,63,923,2800,0.484417,19,8.4903,0,0,145099305185
42.0644,23.7731,4.74453,69,63,63,923,2800,0.484417,19,8.4903,0,0,145123078658
40.1761,24.8904,4.74453,69,63,63,923,2800,0.484417,19,8.4903,0,0,145147969528
37.5358,26.6412,4.74453,69,63,63,923,2800,0.484417,19,8.4903,0,0,145174610580
38.1729,26.1966,4.74453,69,63,63,923,2800,0.484417,19,8.4903,0,0,145200807469
40.1182,24.9264,4.74453,69,63,63,923,2800,0.484417,19,8.4903,0,0,145225733905
38.4775,25.9892,4.74453,69,63,63,923,2800,0.484417,19,8.4903,0,0,145251723425
39.0551,25.6049,4.74453,69,63,63,923,2800,0.484417,19,8.4903,0,0,145277328564
37.3513,26.7728,4.74453,69,63,63,923,2800,0.484417,19,8.4903,0,0,145304104870
40.6967,24.572,5.12821,69,65,63,965,2800,0.484417,13,8.48994,0,0,145328674156
38.8109,25.766,5.12821,69,65,63,965,2800,0.484417,13,8.48994,0,0,145354439967
39.568,25.2729,5.12821,69,65,63,965,2800,0.484417,13,8.48994,0,0,145379713634
37.4887,26.6747,5.12821,69,65,63,965,2800,0.484417,13,8.48994,0,0,145406388620
37.3013,26.8087,5.12821,69,65,63,965,2800,0.484417,13,8.48994,0,0,145433197137
41.4114,24.1479,5.12821,69,65,63,965,2800,0.484417,13,8.48994,0,0,145457345684
39.5329,25.2954,5.12821,69,65,63,965,2800,0.484417,13,8.48994,0,0,145482641132
37.8691,26.4067,5.12821,69,65,63,965,2800,0.484417,13,8.48994,0,0,145509047654
37.4066,26.7333,5.12821,69,65,63,965,2800,0.484417,13,8.48994,0,0,145535781310
41.6811,23.9917,5.12821,69,65,63,965,2800,0.484417,13,8.48994,0,0,145559773494
37.3761,26.755,5.12821,69,65,63,965,2800,0.484417,13,8.48994,0,0,145586528440
38.7679,25.7945,5.12821,69,65,63,965,2800,0.484417,13,8.48994,0,0,145612323305
38.0408,26.2876,5.12821,69,65,63,965,2800,0.484417,13,8.48994,0,0,145638610593
38.7938,25.7773,5.12821,69,65,63,965,2800,0.484417,13,8.48994,0,0,145664389298
41.2926,24.2174,5.12821,69,65,63,965,2800,0.484417,13,8.48994,0,0,145688605953
38.2079,26.1726,5.12821,69,65,63,965,2800,0.484417,13,8.48994,0,0,145714778556
38.9904,25.6473,5.12821,69,65,63,965,2800,0.484417,13,8.48994,0,0,145740426315
38.2638,26.1344,5.12821,69,65,63,965,2800,0.484417,13,8.48994,0,0,145766561028
38.6699,25.8599,5.12821,69,65,63,965,2800,0.484417,13,8.48994,0,0,145792421386
38.2644,26.134,5.12821,69,65,63,965,2800,0.484417,13,8.48994,0,0,145818557401
38.5357,25.9499,4.64548,69,63,63,956,2800,0.484417,23,8.49029,0,0,145844505754
38.6617,25.8654,4.64548,69,63,63,956,2800,0.484417,23,8.49029,0,0,145870371071
41.4862,24.1044,4.64548,69,63,63,956,2800,0.484417,23,8.49029,0,0,145894475765
37.7164,26.5137,4.64548,69,63,63,956,2800,0.484417,23,8.49029,0,0,145920989769
39.2318,25.4895,4.64548,69,63,63,956,2800,0.484417,23,8.49029,0,0,145946479552
38.6672,25.8617,4.64548,69,63,63,956,2800,0.484417,23,8.49029,0,0,145972340862
36.8774,27.1168,4.64548,69,63,63,956,2800,0.484417,23,8.49029,0,0,145999460081
40.5898,24.6367,4.64548,69,63,63,956,2800,0.484417,23,8.49029,0,0,146024095070
36.0396,27.7473,4.64548,69,63,63,956,2800,0.484417,23,8.49029,0,0,146051842909
41.3175,24.2028,4.64548,69,63,63,956,2800,0.484417,23,8.49029,0,0,146076045557
37.965,26.3401,4.64548,69,63,63,956,2800,0.484417,23,8.49029,0,0,146102385835
41.3058,24.2097,4.64548,69,63,63,956,2800,0.484417,23,8.49029,0,0,146126595998
36.2375,27.5957,4.64548,69,63,63,956,2800,0.484417,23,8.49029,0,0,146154191821
39.9368,25.0396,4.64548,69,63,63,956,2800,0.484417,23,8.49029,0,0,146179230788
39.1488,25.5436,4.64548,69,63,63,956,2800,0.484417,23,8.49029,0,0,146204774732
37.0555,26.9866,4.64548,69,63,63,956,2800,0.484417,23,8.49029,0,0,146231762405
40.8398,24.4859,4.64548,69,63,63,956,2800,0.484417,23,8.49029,0,0,146256248144
38.6757,25.8561,4.64548,69,63,63,956,2800,0.484417,23,8.49029,0,0,146282104334
37.9971,26.3178,4.64548,69,63,63,956,2800,0.484417,23,8.49029,0,0,146308422711
39.6184,25.2408,4.64548,69,63,63,956,2800,0.484417,23,8.49029,0,0,146333667715
40.0676,24.9578,4.87211,69,66,64,959,2800,0.484417,22,8.49129,0,0,146358621642
38.6518,25.872,4.87211,69,66,64,959,2800,0.484417,22,8.49129,0,0,146384493632
39.5057,25.3128,4.87211,69,66,64,959,2800,0.484417,22,8.49129,0,0,146409807034
36.8883,27.1089,4.87211,69,66,64,959,2800,0.484417,22,8.49129,0,0,146436915744
40.7523,24.5385,4.87211,69,66,64,959,2800,0.484417,22,8.49129,0,0,146461454462
38.8433,25.7445,4.87211,69,66,64,959,2800,0.484417,22,8.49129,0,0,146487198853
38.7309,25.8192,4.87211,69,66,64,959,2800,0.484417,22,8.49129,0,0,146513018404
37.0663,26.9787,4.87211,69,66,64,959,2800,0.484417,22,8.49129,0,0,146539997651
38.7238,25.8239,4.87211,69,66,64,959,2800,0.484417,22,8.49129,0,0,146565822432
40.8907,24.4554,4.87211,69,66,64,959,2800,0.484417,22,8.49129,0,0,146590276953
39.9147,25.0534,4.87211,69,66,64,959,2800,0.484417,22,8.49129,0,0,146615330878
37.8123,26.4464,4.87211,69,66,64,959,2800,0.484417,22,8.49129,0,0,146641777255
38.1785,26.1928,4.87211,69,66,64,959,2800,0.484417,22,8.49129,0,0,146667970928
39.4801,25.3292,4.87211,69,66,64,959,2800,0.484417,22,8.49129,0,0,146693299889
38.0262,26.2976,4.87211,69,66,64,959,2800,0.484417,22,8.49129,0,0,146719597748
38.1484,26.2134,4.87211,69,66,64,959,2800,0.484417,22,8.49129,0,0,146745811258
40.1806,24.8876,4.87211,69,66,64,959,2800,0.484417,22,8.49129,0,0,146770699232
37.0707,26.9755,4.87211,69,66,64,959,2800,0.484417,22,8.49129,0,0,146797674812
39.4621,25.3408,4.87211,69,66,64,959,2800,0.484417,22,8.49129,0,0,146823015885
40.3926,24.757,4.87211,69,66,64,959,2800,0.484417,22,8.49129,0,0,146847775999
38.8354,25.7497,4.1769,69,67,65,954,2800,0.484417,13,8.45958,0,0,146873522754
38.1481,26.2136,4.1769,69,67,65,954,2800,0.484417,13,8.45958,0,0,146899736515
39.0879,25.5834,4.1769,69,67,65,954,2800,0.484417,13,8.45958,0,0,146925319993
38.848,25.7413,4.1769,69,67,65,954,2800,0.484417,13,8.45958,0,0,146951062911
39.7772,25.14,4.1769,69,67,65,954,2800,0.484417,13,8.45958,0,0,146976203940
36.9392,27.0715,4.1769,69,67,65,954,2800,0.484417,13,8.45958,0,0,147003274688
40.8778,24.4631,4.1769,69,67,65,954,2800,0.484417,13,8.45958,0,0,147027737635
36.6179,27.309,4.1769,69,67,65,954,2800,0.484417,13,8.45958,0,0,147055046289
39.775,25.1414,4.1769,69,67,65,954,2800,0.484417,13,8.45958,0,0,147080188440
39.0242,25.6251,4.1769,69,67,65,954,2800,0.484417,13,8.45958,0,0,147105813466
37.4085,26.7319,4.1769,69,67,65,954,2800,0.484417,13,8.45958,0,0,147132546090
40.4095,24.7466,4.1769,69,67,65,954,2800,0.484417,13,8.45958,0,0,147157293060
38.3884,26.0495,4.1769,69,67,65,954,2800,0.484417,13,8.45958,0,0,147183342863
38.9993,25.6415,4.1769,69,67,65,954,2800,0.484417,13,8.45958,0,0,147208983669
37.5661,26.6198,4.1769,69,67,65,954,2800,0.484417,13,8.45958,0,0,147235604523
39.514,25.3075,4.1769,69,67,65,954,2800,0.484417,13,8.45958,0,0,147260911433
40.398,24.7537,4.1769,69,67,65,954,2800,0.484417,13,8.45958,0,0,147285666518
38.8924,25.712,4.1769,69,67,65,954,2800,0.484417,13,8.45958,0,0,147311378096
38.4745,25.9912,4.1769,69,67,65,954,2800,0.484417,13,8.45958,0,0,147337370252
36.3864,27.4828,4.1769,69,67,65,954,2800,0.484417,13,8.45958,0,0,147364856108
42.5461,23.5039,4.5067,69,65,63,946,2800,0.484417,18,8.45845,0,0,147388356249
37.5537,26.6285,4.5067,69,65,63,946,2800,0.484417,18,8.45845,0,0,147414984958
38.4012,26.0409,4.5067,69,65,63,946,2800,0.484417,18,8.45845,0,0,147441026135
38.0948,26.2503,4.5067,69,65,63,946,2800,0.484417,18,8.45845,0,0,147467277066
40.4846,24.7008,4.5067,69,65,63,946,2800,0.484417,18,8.45845,0,0,147491977348
38.3041,26.1069,4.5067,69,65,63,946,2800,0.484417,18,8.45845,0,0,147518085049
38.9702,25.6606,4.5067,69,65,63,946,2800,0.484417,18,8.45845,0,0,147543746665
37.9146,26.3751,4.5067,69,65,63,946,2800,0.484417,18,8.45845,0,0,147570121027
41.2065,24.268,4.5067,69,65,63,946,2800,0.484417,18,8.45845,0,0,147594389198
37.3247,26.7919,4.5067,69,65,63,946,2800,0.484417,18,8.45845,0,0,147621181454
39.2933,25.4496,4.5067,69,65,63,946,2800,0.484417,18,8.45845,0,0,147646631702
38.8442,25.7439,4.5067,69,65,63,946,2800,0.484417,18,8.45845,0,0,147672375532
37.4103,26.7306,4.5067,69,65,63,946,2800,0.484417,18,8.45845,0,0,147699107294
40.6421,24.605,4.5067,69,65,63,946,2800,0.484417,18,8.45845,0,0,147723712227
39.1236,25.56,4.5067,69,65,63,946,2800,0.484417,18,8.45845,0,0,147749272161
39.1629,25.5344,4.5067,69,65,63,946,2800,0.484417,18,8.45845,0,0,147774806488
38.1265,26.2285,4.5067,69,65,63,946,2800,0.484417,18,8.45845,0,0,147801035657
39.1055,25.5719,4.5067,69,65,63,946,2800,0.484417,18,8.45845,0,0,147826609037
38.7817,25.7853,4.5067,69,65,63,946,2800,0.484417,18,8.45845,0,0,147852393052
39.0703,25.5949,4.5067,69,65,63,946,2800,0.484417,18,8.45845,0,0,147877990456
37.8233,26.4387,3.94575,69,63,63,994,2800,0.484417,18,8.45975,0,0,147904427265
37.4838,26.6782,3.94575,69,63,63,994,2800,0.484417,18,8.45975,0,0,147931108293
40.9732,24.4062,3.94575,69,63,63,994,2800,0.484417,18,8.45975,0,0,147955512810
39.033,25.6193,3.94575,69,63,63,994,2800,0.484417,18,8.45975,0,0,147981132336
39.3121,25.4375,3.94575,69,63,63,994,2800,0.484417,18,8.45975,0,0,148006570872
37.1044,26.951,3.94575,69,63,63,994,2800,0.484417,18,8.45975,0,0,148033521365
39.7783,25.1394,3.94575,69,63,63,994,2800,0.484417,18,8.45975,0,0,148058661402
34.0388,29.3782,3.94575,69,63,63,994,2800,0.484417,18,8.45975,0,0,148088039378
41.6228,24.0253,3.94575,69,63,63,994,2800,0.484417,18,8.45975,0,0,148112064644
40.6046,24.6278,3.94575,69,63,63,994,2800,0.484417,18,8.45975,0,0,148136693171
41.2949,24.2161,3.94575,69,63,63,994,2800,0.484417,18,8.45975,0,0,148160908764
36.9562,27.0591,3.94575,69,63,63,994,2800,0.484417,18,8.45975,0,0,148187968702
41.3913,24.1597,3.94575,69,63,63,994,2800,0.484417,18,8.45975,0,0,148212129642
37.3585,26.7677,3.94575,69,63,63,994,2800,0.484417,18,8.45975,0,0,148238897622
36.8646,27.1263,3.94575,69,63,63,994,2800,0.484417,18,8.45975,0,0,148266022522
42.533,23.5112,3.94575,69,63,63,994,2800,0.484417,18,8.45975,0,0,148289534134
33.4719,29.8758,3.94575,69,63,63,994,2800,0.484417,18,8.45975,0,0,148319409984
41.3569,24.1798,3.94575,69,63,63,994,2800,0.484417,18,8.45975,0,0,148343590281
40.1998,24.8758,3.94575,69,63,63,994,2800,0.484417,18,8.45975,0,0,148368466172
40.4347,24.7313,3.94575,69,63,63,994,2800,0.484417,18,8.45975,0,0,148393200417
38.2634,26.1347,4.28922,69,66,63,979,2800,0.484417,15,8.45964,0,0,148419332144
39.9003,25.0625,4.28922,69,66,63,979,2800,0.484417,15,8.45964,0,0,148444394926
37.5219,26.6511,4.28922,69,66,63,979,2800,0.484417,15,8.45964,0,0,148471046298
40.427,24.7359,4.28922,69,66,63,979,2800,0.484417,15,8.45964,0,0,148495782878
37.5962,26.5984,4.28922,69,66,63,979,2800,0.484417,15,8.45964,0,0,148522381140
39.1452,25.5459,4.28922,69,66,63,979,2800,0.484417,15,8.45964,0,0,148547927258
39.0035,25.6388,4.28922,69,66,63,979,2800,0.484417,15,8.45964,0,0,148573566110
37.5868,26.6051,4.28922,69,66,63,979,2800,0.484417,15,8.45964,0,0,148600171746
41.0704,24.3484,4.28922,69,66,63,979,2800,0.484417,15,8.45964,0,0,148624520609
40.0879,24.9452,4.28922,69,66,63,979,2800,0.484417,15,8.45964,0,0,148649465770
37.7597,26.4833,4.28922,69,66,63,979,2800,0.484417,15,8.45964,0,0,148675948986
34.8284,28.7122,4.28922,69,66,63,979,2800,0.484417,15,8.45964,0,0,148704661614
42.5446,23.5048,4.28922,69,66,63,979,2800,0.484417,15,8.45964,0,0,148728166364
37.7434,26.4947,4.28922,69,66,63,979,2800,0.484417,15,8.45964,0,0,148754660991
40.9082,24.445,4.28922,69,66,63,979,2800,0.484417,15,8.45964,0,0,148779106325
38.9608,25.6668,4.28922,69,66,63,979,2800,0.484417,15,8.45964,0,0,148804773641
36.3632,27.5003,4.28922,69,66,63,979,2800,0.484417,15,8.45964,0,0,148832273644
40.9718,24.407,4.28922,69,66,63,979,2800,0.484417,15,8.45964,0,0,148856681317
38.826,25.7559,4.28922,69,66,63,979,2800,0.484417,15,8.45964,0,0,148882437189
39.0339,25.6188,4.28922,69,66,63,979,2800,0.484417,15,8.45964,0,0,148908059951
37.8318,26.4328,3.93604,69,63,63,959,2800,0.484417,25,8.45531,0,0,148934489427
39.3725,25.3984,3.93604,69,63,63,959,2800,0.484417,25,8.45531,0,0,148959888329
39.1058,25.5716,3.93604,69,63,63,959,2800,0.484417,25,8.45531,0,0,148985459214
40.2221,24.8619,3.93604,69,63,63,959,2800,0.484417,25,8.45531,0,0,149010323283
36.5188,27.3832,3.93604,69,63,63,959,2800,0.484417,25,8.45531,0,0,149037706076
41.1694,24.2899,3.93604,69,63,63,959,2800,0.484417,25,8.45531,0,0,149061995838
36.5427,27.3653,3.93604,69,63,63,959,2800,0.484417,25,8.45531,0,0,149089360929
40.0425,24.9734,3.93604,69,63,63,959,2800,0.484417,25,8.45531,0,0,149114334273
38.1831,26.1896,3.93604,69,63,63,959,2800,0.484417,25,8.45531,0,0,149140523948
37.9051,26.3817,3.93604,69,63,63,959,2800,0.484417,25,8.45531,0,0,149166905844
40.5962,24.6329,3.93604,69,63,63,959,2800,0.484417,25,8.45531,0,0,149191538630
39.8673,25.0832,3.93604,69,63,63,959,2800,0.484417,25,8.45531,0,0,149216622110
37.4947,26.6704,3.93604,69,63,63,959,2800,0.484417,25,8.45531,0,0,149243293089
37.356,26.7695,3.93604,69,63,63,959,2800,0.484417,25,8.45531,0,0,149270063363
40.4419,24.7268,3.93604,69,63,63,959,2800,0.484417,25,8.45531,0,0,149294790425
38.0055,26.312,3.93604,69,63,63,959,2800,0.484417,25,8.45531,0,0,149321102220
40.4453,24.7247,3.93604,69,63,63,959,2800,0.484417,25,8.45531,0,0,149345827018
37.3684,26.7606,3.93604,69,63,63,959,2800,0.484417,25,8.45531,0,0,149372587905
37.3056,26.8056,3.93604,69,63,63,959,2800,0.484417,25,8.45531,0,0,149399393556
42.0307,23.7922,3.93604,69,63,63,959,2800,0.484417,25,8.45531,0,0,149423189942
38.3964,26.0441,4.16667,69,68,63,986,2800,0.484417,13,8.45699,0,0,149449230208
38.3508,26.0751,4.16667,69,68,63,986,2800,0.484417,13,8.45699,0,0,149475305509
38.9348,25.684,4.16667,69,68,63,986,2800,0.484417,13,8.45699,0,0,149500989756
38.5364,25.9495,4.16667,69,68,63,986,2800,0.484417,13,8.45699,0,0,149526939311
39.972,25.0175,4.16667,69,68,63,986,2800,0.484417,13,8.45699,0,0,149551957169
37.4804,26.6806,4.16667,69,68,63,986,2800,0.484417,13,8.45699,0,0,149578639048
38.0161,26.3047,4.16667,69,68,63,986,2800,0.484417,13,8.45699,0,0,149604942958
38.1853,26.1881,4.16667,69,68,63,986,2800,0.484417,13,8.45699,0,0,149631130850
40.9233,24.436,4.16667,69,68,63,986,2800,0.484417,13,8.45699,0,0,149655567327
38.9117,25.6992,4.16667,69,68,63,986,2800,0.484417,13,8.45699,0,0,149681266713
38.9261,25.6897,4.16667,69,68,63,986,2800,0.484417,13,8.45699,0,0,149706957583
37.5065,26.6621,4.16667,69,68,63,986,2800,0.484417,13,8.45699,0,0,149733619013
40.3,24.8139,4.16667,69,68,63,986,2800,0.484417,13,8.45699,0,0,149758433038
39.3427,25.4177,4.16667,69,68,63,986,2800,0.484417,13,8.45699,0,0,149783850616
38.2864,26.1189,4.16667,69,68,63,986,2800,0.484417,13,8.45699,0,0,149809969839
36.9323,27.0766,4.16667,69,68,63,986,2800,0.484417,13,8.45699,0,0,149837047100
42.0828,23.7627,4.16667,69,68,63,986,2800,0.484417,13,8.45699,0,0,149860810344
35.2782,28.3461,4.16667,69,68,63,986,2800,0.484417,13,8.45699,0,0,149889155843
40.771,24.5272,4.16667,69,68,63,986,2800,0.484417,13,8.45699,0,0,149913683672
39.2619,25.47,4.16667,69,68,63,986,2800,0.484417,13,8.45699,0,0,149939157023
36.6808,27.2622,4.17178,69,61,64,1000,2800,0.484417,23,8.45803,0,0,149966416355
41.8329,23.9046,4.17178,69,61,64,1000,2800,0.484417,23,8.45803,0,0,149990320965
38.9367,25.6827,4.17178,69,61,64,1000,2800,0.484417,23,8.45803,0,0,150016004701
37.6895,26.5326,4.17178,69,61,64,1000,2800,0.484417,23,8.45803,0,0,150042536909
39.3916,25.3861,4.17178,69,61,64,1000,2800,0.484417,23,8.45803,0,0,150067923419
38.9138,25.6978,4.17178,69,61,64,1000,2800,0.484417,23,8.45803,0,0,150093621211
38.6991,25.8404,4.17178,69,61,64,1000,2800,0.484417,23,8.45803,0,0,150119461492
39.6016,25.2515,4.17178,69,61,64,1000,2800,0.484417,23,8.45803,0,0,150144713168
37.2367,26.8552,4.17178,69,61,64,1000,2800,0.484417,23,8.45803,0,0,150171568612
38.7392,25.8137,4.17178,69,61,64,1000,2800,0.484417,23,8.45803,0,0,150197382543
40.0312,24.9805,4.17178,69,61,64,1000,2800,0.484417,23,8.45803,0,0,150222362980
39.2617,25.4701,4.17178,69,61,64,1000,2800,0.484417,23,8.45803,0,0,150247836292
38.4409,26.014,4.17178,69,61,64,1000,2800,0.484417,23,8.45803,0,0,150273848365
37.5233,26.6501,4.17178,69,61,64,1000,2800,0.484417,23,8.45803,0,0,150300497823
40.0479,24.9701,4.17178,69,61,64,1000,2800,0.484417,23,8.45803,0,0,150325468612
38.2126,26.1694,4.17178,69,61,64,1000,2800,0.484417,23,8.45803,0,0,150351639803
40.0816,24.9491,4.17178,69,61,64,1000,2800,0.484417,23,8.45803,0,0,150376587839
37.3674,26.7613,4.17178,69,61,64,1000,2800,0.484417,23,8.45803,0,0,150403349668
41.1915,24.2768,4.17178,69,61,64,1000,2800,0.484417,23,8.45803,0,0,150427626506
36.836,27.1473,4.17178,69,61,64,1000,2800,0.484417,23,8.45803,0,0,150454777795
39.4947,25.3198,4.40636,69,67,63,980,2800,0.484417,14,8.45901,0,0,150480094583
39.784,25.1357,4.40636,69,67,63,980,2800,0.484417,14,8.45901,0,0,150505230202
35.9997,27.778,4.40636,69,67,63,980,2800,0.484417,14,8.45901,0,0,150533007956
41.7779,23.9361,4.40636,69,67,63,980,2800,0.484417,14,8.45901,0,0,150556944355
39.0078,25.6359,4.40636,69,67,63,980,2800,0.484417,14,8.45901,0,0,150582581124
38.6974,25.8415,4.40636,69,67,63,980,2800,0.484417,14,8.45901,0,0,150608422817
38.7131,25.831,4.40636,69,67,63,980,2800,0.484417,14,8.45901,0,0,150634253880
39.1733,25.5276,4.40636,69,67,63,980,2800,0.484417,14,8.45901,0,0,150659782605
38.9053,25.7035,4.40636,69,67,63,980,2800,0.484417,14,8.45901,0,0,150685484997
36.9303,27.078,4.40636,69,67,63,980,2800,0.484417,14,8.45901,0,0,150712563089
39.5125,25.3085,4.40636,69,67,63,980,2800,0.484417,14,8.45901,0,0,150737872263
41.2999,24.2131,4.40636,69,67,63,980,2800,0.484417,14,8.45901,0,0,150762085110
37.1658,26.9065,4.40636,69,67,63,980,2800,0.484417,14,8.45901,0,0,150788992252
40.1661,24.8966,4.40636,69,67,63,980,2800,0.484417,14,8.45901,0,0,150813890776
38.8653,25.7299,4.40636,69,67,63,980,2800,0.484417,14,8.45901,0,0,150839621079
36.9256,27.0815,4.40636,69,67,63,980,2800,0.484417,14,8.45901,0,0,150866701025
40.0816,24.9491,4.40636,69,67,63,980,2800,0.484417,14,8.45901,0,0,150891650564
39.2432,25.4821,4.40636,69,67,63,980,2800,0.484417,14,8.45901,0,0,150917132673
39.0486,25.6091,4.40636,69,67,63,980,2800,0.484417,14,8.45901,0,0,150942742721
37.3832,26.75,4.40636,69,67,63,980,2800,0.484417,14,8.45901,0,0,150969495403
41.5344,24.0764,4.29975,69,64,63,968,2800,0.484417,19,8.45756,0,0,150993569821
38.1207,26.2325,4.29975,69,64,63,968,2800,0.484417,19,8.45756,0,0,151019801695
39.2382,25.4854,4.29975,69,64,63,968,2800,0.484417,19,8.45756,0,0,151045287791
37.2347,26.8566,4.29975,69,64,63,968,2800,0.484417,19,8.45756,0,0,151072144708
37.1752,26.8996,4.29975,69,64,63,968,2800,0.484417,19,8.45756,0,0,151099044877
41.4819,24.1069,4.29975,69,64,63,968,2800,0.484417,19,8.45756,0,0,151123151405
38.8439,25.7441,4.29975,69,64,63,968,2800,0.484417,19,8.45756,0,0,151148896086
37.847,26.4222,4.29975,69,64,63,968,2800,0.484417,19,8.45756,0,0,151175318508
39.4043,25.3779,4.29975,69,64,63,968,2800,0.484417,19,8.45756,0,0,151200696200
38.8932,25.7114,4.29975,69,64,63,968,2800,0.484417,19,8.45756,0,0,151226407919
37.5043,26.6636,4.29975,69,64,63,968,2800,0.484417,19,8.45756,0,0,151253071915
40.2687,24.8332,4.29975,69,64,63,968,2800,0.484417,19,8.45756,0,0,151277905236
38.5722,25.9254,4.29975,69,64,63,968,2800,0.484417,19,8.45756,0,0,151303830566
36.1439,27.6672,4.29975,69,64,63,968,2800,0.484417,19,8.45756,0,0,151331497863
41.4825,24.1065,4.29975,69,64,63,968,2800,0.484417,19,8.45756,0,0,151355605102
40.1073,24.9331,4.29975,69,64,63,968,2800,0.484417,19,8.45756,0,0,151380537800
36.4556,27.4307,4.29975,69,64,63,968,2800,0.484417,19,8.45756,0,0,151407969395
38.9459,25.6766,4.29975,69,64,63,968,2800,0.484417,19,8.45756,0,0,151433646059
39.7437,25.1612,4.29975,69,64,63,968,2800,0.484417,19,8.45756,0,0,151458807155
40.6212,24.6177,4.29975,69,64,63,968,2800,0.484417,19,8.45756,0,0,151483427747
38.4267,26.0236,3.83189,69,64,63,994,2800,0.484417,18,8.45765,0,0,151509449358
37.1803,26.896,3.83189,69,64,63,994,2800,0.484417,18,8.45765,0,0,151536345979
39.7033,25.1868,3.83189,69,64,63,994,2800,0.484417,18,8.45765,0,0,151561532203
35.2378,28.3786,3.83189,69,64,63,994,2800,0.484417,18,8.45765,0,0,151589911195
42.4014,23.5841,3.83189,69,64,63,994,2800,0.484417,18,8.45765,0,0,151613495263
38.3396,26.0827,3.83189,69,64,63,994,2800,0.484417,18,8.45765,0,0,151639578038
39.0041,25.6383,3.83189,69,64,63,994,2800,0.484417,18,8.45765,0,0,151665216720
39.7283,25.171,3.83189,69,64,63,994,2800,0.484417,18,8.45765,0,0,151690387655
40.964,24.4117,3.83189,69,64,63,994,2800,0.484417,18,8.45765,0,0,151714799876
37.235,26.8564,3.83189,69,64,63,994,2800,0.484417,18,8.45765,0,0,151741656423
38.3018,26.1085,3.83189,69,64,63,994,2800,0.484417,18,8.45765,0,0,151767764976
39.8686,25.0824,3.83189,69,64,63,994,2800,0.484417,18,8.45765,0,0,151792847926
38.262,26.1356,3.83189,69,64,63,994,2800,0.484417,18,8.45765,0,0,151818983259
37.6479,26.5619,3.83189,69,64,63,994,2800,0.484417,18,8.45765,0,0,151845545464
39.6261,25.2359,3.83189,69,64,63,994,2800,0.484417,18,8.45765,0,0,151870781521
41.6735,23.9961,3.83189,69,64,63,994,2800,0.484417,18,8.45765,0,0,151894777662
37.0251,27.0087,3.83189,69,64,63,994,2800,0.484417,18,8.45765,0,0,151921786804
39.1583,25.5374,3.83189,69,64,63,994,2800,0.484417,18,8.45765,0,0,151947324457
38.3943,26.0455,3.83189,69,64,63,994,2800,0.484417,18,8.45765,0,0,151973370353
37.2393,26.8533,3.83189,69,64,63,994,2800,0.484417,18,8.45765,0,0,152000229454
40.276,24.8287,4.04908,69,66,63,977,2800,0.484417,14,8.45786,0,0,152025052446
38.9515,25.6729,4.04908,69,66,63,977,2800,0.484417,14,8.45786,0,0,152050726895
39.0416,25.6137,4.04908,69,66,63,977,2800,0.484417,14,8.45786,0,0,152076340150
37.2478,26.8472,4.04908,69,66,63,977,2800,0.484417,14,8.45786,0,0,152103187940
41.55,24.0674,4.04908,69,66,63,977,2800,0.484417,14,8.45786,0,0,152127255174
38.1321,26.2246,4.04908,69,66,63,977,2800,0.484417,14,8.45786,0,0,152153479735
39.2066,25.5059,4.04908,69,66,63,977,2800,0.484417,14,8.45786,0,0,152178986119
37.9881,26.324,4.04908,69,66,63,977,2800,0.484417,14,8.45786,0,0,152205310006
37.2031,26.8795,4.04908,69,66,63,977,2800,0.484417,14,8.45786,0,0,152232190798
41.9917,23.8143,4.04908,69,66,63,977,2800,0.484417,14,8.45786,0,0,152256004177
39.0968,25.5775,4.04908,69,66,63,977,2800,0.484417,14,8.45786,0,0,152281582075
37.5922,26.6012,4.04908,69,66,63,977,2800,0.484417,14,8.45786,0,0,152308183182
37.5908,26.6023,4.04908,69,66,63,977,2800,0.484417,14,8.45786,0,0,152334785882
40.2392,24.8514,4.04908,69,66,63,977,2800,0.484417,14,8.45786,0,0,152359637278
38.9943,25.6447,4.04908,69,66,63,977,2800,0.484417,14,8.45786,0,0,152385282692
39.1472,25.5446,4.04908,69,66,63,977,2800,0.484417,14,8.45786,0,0,152410827328
37.7918,26.4608,4.04908,69,66,63,977,2800,0.484417,14,8.45786,0,0,152437288433
41.411,24.1482,4.04908,69,66,63,977,2800,0.484417,14,8.45786,0,0,152461436158
35.9271,27.8341,4.04908,69,66,63,977,2800,0.484417,14,8.45786,0,0,152489270849
39.8363,25.1027,4.04908,69,66,63,977,2800,0.484417,14,8.45786,0,0,152514377774
37.2867,26.8192,4.64548,69,62,63,955,2800,0.484417,24,8.4571,0,0,152541193003
38.2848,26.12,4.64548,69,62,63,955,2800,0.484417,24,8.4571,0,0,152567313549
38.3886,26.0494,4.64548,69,62,63,955,2800,0.484417,24,8.4571,0,0,152593362661
39.8945,25.0661,4.64548,69,62,63,955,2800,0.484417,24,8.4571,0,0,152618430382
37.647,26.5625,4.64548,69,62,63,955,2800,0.484417,24,8.4571,0,0,152644993127
36.8009,27.1733,4.64548,69,62,63,955,2800,0.484417,24,8.4571,0,0,152672165366
37.2746,26.8279,4.64548,69,62,63,955,2800,0.484417,24,8.4571,0,0,152698994521
39.5436,25.2885,4.64548,69,62,63,955,2800,0.484417,24,8.4571,0,0,152724282395
40.9891,24.3967,4.64548,69,62,63,955,2800,0.484417,24,8.4571,0,0,152748680740
39.5067,25.3121,4.64548,69,62,63,955,2800,0.484417,24,8.4571,0,0,152773991838
39.0801,25.5885,4.64548,69,62,63,955,2800,0.484417,24,8.4571,0,0,152799581238
39.2793,25.4587,4.64548,69,62,63,955,2800,0.484417,24,8.4571,0,0,152825039251
38.9425,25.6789,4.64548,69,62,63,955,2800,0.484417,24,8.4571,0,0,152850718649
38.522,25.9592,4.64548,69,62,63,955,2800,0.484417,24,8.4571,0,0,152876678093
38.3458,26.0785,4.64548,69,62,63,955,2800,0.484417,24,8.4571,0,0,152902756830
38.1104,26.2396,4.64548,69,62,63,955,2800,0.484417,24,8.4571,0,0,152928996961
39.2603,25.471,4.64548,69,62,63,955,2800,0.484417,24,8.4571,0,0,152954467958
39.5837,25.2629,4.64548,69,62,63,955,2800,0.484417,24,8.4571,0,0,152979731106
36.4411,27.4416,4.64548,69,62,63,955,2800,0.484417,24,8.4571,0,0,153007172269
40.4013,24.7517,4.64548,69,62,63,955,2800,0.484417,24,8.4571,0,0,153031928987
40.2396,24.8512,5.58931,69,65,65,1126,2800,0.484417,14,8.45787,0,0,153056775403
38.6511,25.8725,5.58931,69,65,65,1126,2800,0.484417,14,8.45787,0,0,153082649356
37.9482,26.3517,5.58931,69,65,65,1126,2800,0.484417,14,8.45787,0,0,153109000534
39.5519,25.2832,5.58931,69,65,65,1126,2800,0.484417,14,8.45787,0,0,153134286054
38.7675,25.7948,5.58931,69,65,65,1126,2800,0.484417,14,8.45787,0,0,153160079336
39.8873,25.0707,5.58931,69,65,65,1126,2800,0.484417,14,8.45787,0,0,153185150333
39.4817,25.3282,5.58931,69,65,65,1126,2800,0.484417,14,8.45787,0,0,153210478773
35.8486,27.8951,5.58931,69,65,65,1126,2800,0.484417,14,8.45787,0,0,153238374710
40.8707,24.4674,5.58931,69,65,65,1126,2800,0.484417,14,8.45787,0,0,153262841624
38.3155,26.0991,5.58931,69,65,65,1126,2800,0.484417,14,8.45787,0,0,153288940579
41.7602,23.9463,5.58931,69,65,65,1126,2800,0.484417,14,8.45787,0,0,153312896374
35.8171,27.9196,5.58931,69,65,65,1126,2800,0.484417,14,8.45787,0,0,153340815714
38.827,25.7553,5.58931,69,65,65,1126,2800,0.484417,14,8.45787,0,0,153366570905
40.6183,24.6194,5.58931,69,65,65,1126,2800,0.484417,14,8.45787,0,0,153391191728
40.3704,24.7706,5.58931,69,65,65,1126,2800,0.484417,14,8.45787,0,0,153415961480
36.8739,27.1194,5.58931,69,65,65,1126,2800,0.484417,14,8.45787,0,0,153443081551
38.4259,26.0241,5.58931,69,65,65,1126,2800,0.484417,14,8.45787,0,0,153469105736
39.7856,25.1347,5.58931,69,65,65,1126,2800,0.484417,14,8.45787,0,0,153494240723
39.5738,25.2692,5.58931,69,65,65,1126,2800,0.484417,14,8.45787,0,0,153519510593
38.4622,25.9995,5.58931,69,65,65,1126,2800,0.484417,14,8.45787,0,0,153545513779
37.0148,27.0162,5.03067,69,63,64,1136,2800,0.484417,26,8.45751,0,0,153572526398
41.9571,23.8339,5.03067,69,63,64,1136,2800,0.484417,26,8.45751,0,0,153596361017
36.2662,27.5739,5.03067,69,63,64,1136,2800,0.484417,26,8.45751,0,0,153623934848
41.5043,24.0939,5.03067,69,63,64,1136,2800,0.484417,26,8.45751,0,0,153648028452
37.2637,26.8357,5.03067,69,63,64,1136,2800,0.484417,26,8.45751,0,0,153674864520
38.3236,26.0936,5.03067,69,63,64,1136,2800,0.484417,26,8.45751,0,0,153700959969
40.9002,24.4498,5.03067,69,63,64,1136,2800,0.484417,26,8.45751,0,0,153725408679
37.6488,26.5613,5.03067,69,63,64,1136,2800,0.484417,26,8.45751,0,0,153751970363
39.0577,25.6031,5.03067,69,63,64,1136,2800,0.484417,26,8.45751,0,0,153777573328
37.0582,26.9846,5.03067,69,63,64,1136,2800,0.484417,26,8.45751,0,0,153804558055
40.3698,24.771,5.03067,69,63,64,1136,2800,0.484417,26,8.45751,0,0,153829329129
39.3865,25.3894,5.03067,69,63,64,1136,2800,0.484417,26,8.45751,0,0,153854719265
38.8602,25.7333,5.03067,69,63,64,1136,2800,0.484417,26,8.45751,0,0,153880452264
38.1165,26.2353,5.03067,69,63,64,1136,2800,0.484417,26,8.45751,0,0,153906687465
37.9185,26.3724,5.03067,69,63,64,1136,2800,0.484417,26,8.45751,0,0,153933060745
40.6145,24.6217,5.03067,69,63,64,1136,2800,0.484417,26,8.45751,0,0,153957682309
39.2049,25.507,5.03067,69,63,64,1136,2800,0.484417,26,8.45751,0,0,153983189585
38.6805,25.8528,5.03067,69,63,64,1136,2800,0.484417,26,8.45751,0,0,154009042398
37.4908,26.6732,5.03067,69,63,64,1136,2800,0.484417,26,8.45751,0,0,154035716182
38.247,26.1459,5.03067,69,63,64,1136,2800,0.484417,26,8.45751,0,0,154061864981
39.7831,25.1363,5.25031,69,68,64,1041,2800,0.484417,13,8.45691,0,0,154086998616
40.3748,24.7679,5.25031,69,68,64,1041,2800,0.484417,13,8.45691,0,0,154111768889
37.0196,27.0127,5.25031,69,68,64,1041,2800,0.484417,13,8.45691,0,0,154138780647
42.4334,23.5664,5.25031,69,68,64,1041,2800,0.484417,13,8.45691,0,0,154162346420
37.424,26.7208,5.25031,69,68,64,1041,2800,0.484417,13,8.45691,0,0,154189068955
38.7801,25.7864,5.25031,69,68,64,1041,2800,0.484417,13,8.45691,0,0,154214856437
36.6357,27.2958,5.25031,69,68,64,1041,2800,0.484417,13,8.45691,0,0,154242150764
39.3381,25.4206,5.25031,69,68,64,1041,2800,0.484417,13,8.45691,0,0,154267571457
41.6318,24.0201,5.25031,69,68,64,1041,2800,0.484417,13,8.45691,0,0,154291593277
38.9646,25.6644,5.25031,69,68,64,1041,2800,0.484417,13,8.45691,0,0,154317256134
37.589,26.6035,5.25031,69,68,64,1041,2800,0.484417,13,8.45691,0,0,154343860227
39.0272,25.6231,5.25031,69,68,64,1041,2800,0.484417,13,8.45691,0,0,154369483210
39.3495,25.4133,5.25031,69,68,64,1041,2800,0.484417,13,8.45691,0,0,154394898302
37.0654,26.9793,5.25031,69,68,64,1041,2800,0.484417,13,8.45691,0,0,154421876146
41.0163,24.3806,5.25031,69,68,64,1041,2800,0.484417,13,8.45691,0,0,154446257129
38.2623,26.1354,5.25031,69,68,64,1041,2800,0.484417,13,8.45691,0,0,154472392773
36.2622,27.5769,5.25031,69,68,64,1041,2800,0.484417,13,8.45691,0,0,154499970382
41.6903,23.9864,5.25031,69,68,64,1041,2800,0.484417,13,8.45691,0,0,154523956485
40.6574,24.5958,5.25031,69,68,64,1041,2800,0.484417,13,8.45691,0,0,154548552721
36.6969,27.2502,5.25031,69,68,64,1041,2800,0.484417,13,8.45691,0,0,154575806753
39.7663,25.1469,5.25672,69,65,63,1106,2800,0.484417,22,8.45882,0,0,154600950517
39.5054,25.313,5.25672,69,65,63,1106,2800,0.484417,22,8.45882,0,0,154626263298
41.0453,24.3633,5.25672,69,65,63,1106,2800,0.484417,22,8.45882,0,0,154650627139
36.7307,27.2252,5.25672,69,65,63,1106,2800,0.484417,22,8.45882,0,0,154677852276
36.2292,27.6021,5.25672,69,65,63,1106,2800,0.484417,22,8.45882,0,0,154705454752
43.9607,22.7476,5.25672,69,65,63,1106,2800,0.484417,22,8.45882,0,0,154728202121
36.3712,27.4943,5.25672,69,65,63,1106,2800,0.484417,22,8.45882,0,0,154755696624
42.3093,23.6355,5.25672,69,65,63,1106,2800,0.484417,22,8.45882,0,0,154779333251
36.7069,27.2428,5.25672,69,65,63,1106,2800,0.484417,22,8.45882,0,0,154806575891
37.6685,26.5473,5.25672,69,65,63,1106,2800,0.484417,22,8.45882,0,0,154833122877
40.898,24.4511,5.25672,69,65,63,1106,2800,0.484417,22,8.45882,0,0,154857574402
36.2732,27.5685,5.25672,69,65,63,1106,2800,0.484417,22,8.45882,0,0,154885142994
40.4511,24.7212,5.25672,69,65,63,1106,2800,0.484417,22,8.45882,0,0,154909864767
38.4079,26.0363,5.25672,69,65,63,1106,2800,0.484417,22,8.45882,0,0,154935900904
40.7514,24.539,5.25672,69,65,63,1106,2800,0.484417,22,8.45882,0,0,154960440354
38.022,26.3006,5.25672,69,65,63,1106,2800,0.484417,22,8.45882,0,0,154986740728
31.9577,31.2913,5.25672,69,65,63,1106,2800,0.484417,22,8.45882,0,0,155018032323
40.2702,24.8322,5.25672,69,65,63,1106,2800,0.484417,22,8.45882,0,0,155042864643
42.3519,23.6117,5.25672,69,65,63,1106,2800,0.484417,22,8.45882,0,0,155066477244
41.522,24.0836,5.25672,69,65,63,1106,2800,0.484417,22,8.45882,0,0,155090564867
40.4973,24.693,4.42804,69,65,64,1180,2800,0.484417,18,8.46028,0,0,155115254168
38.4536,26.0054,4.42804,69,65,64,1180,2800,0.484417,18,8.46028,0,0,155141259358
38.0182,26.3032,4.42804,69,65,64,1180,2800,0.484417,18,8.46028,0,0,155167563007
39.0774,25.5902,4.42804,69,65,64,1180,2800,0.484417,18,8.46028,0,0,155193153138
38.0933,26.2513,4.42804,69,65,64,1180,2800,0.484417,18,8.46028,0,0,155219404489
41.0291,24.3729,4.42804,69,65,64,1180,2800,0.484417,18,8.46028,0,0,155243778219
35.1829,28.4229,4.42804,69,65,64,1180,2800,0.484417,18,8.46028,0,0,155272200913
42.9077,23.3059,4.42804,69,65,64,1180,2800,0.484417,18,8.46028,0,0,155295507009
35.5493,28.1299,4.42804,69,65,64,1180,2800,0.484417,18,8.46028,0,0,155323637125
42.9631,23.2758,4.42804,69,65,64,1180,2800,0.484417,18,8.46028,0,0,155346913215
26.9998,37.0373,4.42804,69,65,64,1180,2800,0.484417,18,8.46028,0,0,155383950238
40.1149,24.9284,4.42804,69,65,64,1180,2800,0.484417,18,8.46028,0,0,155408878898
40.563,24.653,4.42804,69,65,64,1180,2800,0.484417,18,8.46028,0,0,155433532342
41.2757,24.2273,4.42804,69,65,64,1180,2800,0.484417,18,8.46028,0,0,155457759787
41.9104,23.8604,4.42804,69,65,64,1180,2800,0.484417,18,8.46028,0,0,155481620013
38.4211,26.0273,4.42804,69,65,64,1180,2800,0.484417,18,8.46028,0,0,155507648025
36.8081,27.1679,4.42804,69,65,64,1180,2800,0.484417,18,8.46028,0,0,155534815826
41.0482,24.3616,4.42804,69,65,64,1180,2800,0.484417,18,8.46028,0,0,155559177312
36.3447,27.5144,4.42804,69,65,64,1180,2800,0.484417,18,8.46028,0,0,155586692093
41.1485,24.3022,4.42804,69,65,64,1180,2800,0.484417,18,8.46028,0,0,155610998096
37.8581,26.4144,4.73876,69,66,64,1121,2800,0.484417,13,8.46127,0,0,155637409136
40.4362,24.7303,4.73876,69,66,64,1121,2800,0.484417,13,8.46127,0,0,155662139815
38.1356,26.2222,4.73876,69,66,64,1121,2800,0.484417,13,8.46127,0,0,155688361992
40.4893,24.6979,4.73876,69,66,64,1121,2800,0.484417,13,8.46127,0,0,155713060059
37.238,26.8543,4.73876,69,66,64,1121,2800,0.484417,13,8.46127,0,0,155739914492
39.6362,25.2295,4.73876,69,66,64,1121,2800,0.484417,13,8.46127,0,0,155765145028
37.336,26.7838,4.73876,69,66,64,1121,2800,0.484417,13,8.46127,0,0,155791928388
38.0227,26.3001,4.73876,69,66,64,1121,2800,0.484417,13,8.46127,0,0,155818230484
38.5106,25.9669,4.73876,69,66,64,1121,2800,0.484417,13,8.46127,0,0,155844195799
40.5794,24.6431,4.73876,69,66,64,1121,2800,0.484417,13,8.46127,0,0,155868839204
38.5368,25.9492,4.73876,69,66,64,1121,2800,0.484417,13,8.46127,0,0,155894788699
38.0622,26.2728,4.73876,69,66,64,1121,2800,0.484417,13,8.46127,0,0,155921061581
40.3034,24.8118,4.73876,69,66,64,1121,2800,0.484417,13,8.46127,0,0,155945874033
37.7976,26.4567,4.73876,69,66,64,1121,2800,0.484417,13,8.46127,0,0,155972331260
33.6992,29.6743,4.73876,69,66,64,1121,2800,0.484417,13,8.46127,0,0,156002005572
38.202,26.1767,4.73876,69,66,64,1121,2800,0.484417,13,8.46127,0,0,156028182244
39.2473,25.4795,4.73876,69,66,64,1121,2800,0.484417,13,8.46127,0,0,156053662098
42.7271,23.4044,4.73876,69,66,64,1121,2800,0.484417,13,8.46127,0,0,156077067140
38.5353,25.9502,4.73876,69,66,64,1121,2800,0.484417,13,8.46127,0,0,156103018659
42.1719,23.7124,4.73876,69,66,64,1121,2800,0.484417,13,8.46127,0,0,156126732120
38.8951,25.7101,4.90196,69,64,64,1194,2800,0.484417,15,8.46129,0,0,156152441915
32.6451,30.6324,4.90196,69,64,64,1194,2800,0.484417,15,8.46129,0,0,156183072841
40.9645,24.4114,4.90196,69,64,64,1194,2800,0.484417,15,8.46129,0,0,156207484352
42.539,23.5079,4.90196,69,64,64,1194,2800,0.484417,15,8.46129,0,0,156230994291
35.8259,27.9128,4.90196,69,64,64,1194,2800,0.484417,15,8.46129,0,0,156258905826
36.9479,27.0652,4.90196,69,64,64,1194,2800,0.484417,15,8.46129,0,0,156285971515
36.4314,27.4488,4.90196,69,64,64,1194,2800,0.484417,15,8.46129,0,0,156313420222
44.818,22.3125,4.90196,69,64,64,1194,2800,0.484417,15,8.46129,0,0,156335733176
38.8507,25.7396,4.90196,69,64,64,1194,2800,0.484417,15,8.46129,0,0,156361472557
42.2725,23.656,4.90196,69,64,64,1194,2800,0.484417,15,8.46129,0,0,156385129121
37.5145,26.6564,4.90196,69,64,64,1194,2800,0.484417,15,8.46129,0,0,156411785452
38.5899,25.9135,4.90196,69,64,64,1194,2800,0.484417,15,8.46129,0,0,156437698839
40.4976,24.6928,4.90196,69,64,64,1194,2800,0.484417,15,8.46129,0,0,156462391787
37.2655,26.8345,4.90196,69,64,64,1194,2800,0.484417,15,8.46129,0,0,156489227104
38.6491,25.8738,4.90196,69,64,64,1194,2800,0.484417,15,8.46129,0,0,156515101057
36.189,27.6327,4.90196,69,64,64,1194,2800,0.484417,15,8.46129,0,0,156542733750
36.3393,27.5184,4.90196,69,64,64,1194,2800,0.484417,15,8.46129,0,0,156570252568
42.2837,23.6498,4.90196,69,64,64,1194,2800,0.484417,15,8.46129,0,0,156593902600
41.4607,24.1193,4.90196,69,64,64,1194,2800,0.484417,15,8.46129,0,0,156618021682
37.4767,26.6833,4.90196,69,64,64,1194,2800,0.484417,15,8.46129,0,0,156644713159
39.1616,25.5352,5.23751,69,66,64,1185,2800,0.484417,22,8.46083,0,0,156670240261
41.7131,23.9733,5.23751,69,66,64,1185,2800,0.484417,22,8.46083,0,0,156694214361
35.8186,27.9185,5.23751,69,66,64,1185,2800,0.484417,22,8.46083,0,0,156722133230
41.0785,24.3436,5.23751,69,66,64,1185,2800,0.484417,22,8.46083,0,0,156746476853
37.3307,26.7876,5.23751,69,66,64,1185,2800,0.484417,22,8.46083,0,0,156773265683
37.2705,26.8309,5.23751,69,66,64,1185,2800,0.484417,22,8.46083,0,0,156800095459
39.7541,25.1546,5.23751,69,66,64,1185,2800,0.484417,22,8.46083,0,0,156825250574
36.419,27.4582,5.23751,69,66,64,1185,2800,0.484417,22,8.46083,0,0,156852709460
41.2383,24.2493,5.23751,69,66,64,1185,2800,0.484417,22,8.46083,0,0,156876958956
40.5733,24.6467,5.23751,69,66,64,1185,2800,0.484417,22,8.46083,0,0,156901605538
38.8537,25.7376,5.23751,69,66,64,1185,2800,0.484417,22,8.46083,0,0,156927343135
37.9265,26.3668,5.23751,69,66,64,1185,2800,0.484417,22,8.46083,0,0,156953710224
38.6982,25.841,5.23751,69,66,64,1185,2800,0.484417,22,8.46083,0,0,156979551345
37.767,26.4782,5.23751,69,66,64,1185,2800,0.484417,22,8.46083,0,0,157006030093
39.7004,25.1887,5.23751,69,66,64,1185,2800,0.484417,22,8.46083,0,0,157031221326
40.5678,24.6501,5.23751,69,66,64,1185,2800,0.484417,22,8.46083,0,0,157055869179
23.9062,41.8301,5.23751,69,66,64,1185,2800,0.484417,22,8.46083,0,0,157097700254
34.8394,28.7031,5.23751,69,66,64,1185,2800,0.484417,22,8.46083,0,0,157126403164
33.2661,30.0607,5.23751,69,66,64,1185,2800,0.484417,22,8.46083,0,0,157156466686
35.673,28.0324,5.4321,69,67,63,800,2800,0.484417,16,8.4615,0,0,157184496093
36.9273,27.0802,5.4321,69,67,63,800,2800,0.484417,16,8.4615,0,0,157211576710
41.5262,24.0812,5.4321,69,67,63,800,2800,0.484417,16,8.4615,0,0,157235658561
40.4183,24.7413,5.4321,69,67,63,800,2800,0.484417,16,8.4615,0,0,157260400041
42.6366,23.454,5.4321,69,67,63,800,2800,0.484417,16,8.4615,0,0,157283853914
37.2957,26.8128,5.4321,69,67,63,800,2800,0.484417,16,8.4615,0,0,157310667029
37.4592,26.6957,5.4321,69,67,63,800,2800,0.484417,16,8.4615,0,0,157337362935
34.904,28.65,5.4321,69,67,63,800,2800,0.484417,16,8.4615,0,0,157366013596
37.4406,26.709,5.4321,69,67,63,800,2800,0.484417,16,8.4615,0,0,157392722075
39.8822,25.0739,5.4321,69,67,63,800,2800,0.484417,16,8.4615,0,0,157417795908
38.7208,25.8259,5.4321,69,67,63,800,2800,0.484417,16,8.4615,0,0,157443622622
42.0311,23.7919,5.4321,69,67,63,800,2800,0.484417,16,8.4615,0,0,157467414380
43.3488,23.0687,5.4321,69,67,63,800,2800,0.484417,16,8.4615,0,0,157490483472
39.1115,25.5679,5.4321,69,67,63,800,2800,0.484417,16,8.4615,0,0,157516051632
36.8662,27.1251,5.4321,69,67,63,800,2800,0.484417,16,8.4615,0,0,157543176923
39.4121,25.3729,5.4321,69,67,63,800,2800,0.484417,16,8.4615,0,0,157568549826
39.7601,25.1509,5.4321,69,67,63,800,2800,0.484417,16,8.4615,0,0,157593700964
37.2589,26.8392,5.4321,69,67,63,800,2800,0.484417,16,8.4615,0,0,157620540338
41.0555,24.3573,5.4321,69,67,63,800,2800,0.484417,16,8.4615,0,0,157644897727
36.9283,27.0795,5.4321,69,67,63,800,2800,0.484417,16,8.4615,0,0,157671979906
41.81,23.9177,5.74572,69,66,63,1114,2800,0.484417,15,8.46248,0,0,157695895015
38.2112,26.1703,5.74572,69,66,63,1114,2800,0.484417,15,8.46248,0,0,157722065836
39.3028,25.4435,5.74572,69,66,63,1114,2800,0.484417,15,8.46248,0,0,157747509412
37.6311,26.5738,5.74572,69,66,63,1114,2800,0.484417,15,8.46248,0,0,157774083779
37.8494,26.4205,5.74572,69,66,63,1114,2800,0.484417,15,8.46248,0,0,157800504077
39.5096,25.3103,5.74572,69,66,63,1114,2800,0.484417,15,8.46248,0,0,157825814483
39.6531,25.2187,5.74572,69,66,63,1114,2800,0.484417,15,8.46248,0,0,157851033498
36.6192,27.3081,5.74572,69,66,63,1114,2800,0.484417,15,8.46248,0,0,157878341582
40.9589,24.4147,5.74572,69,66,63,1114,2800,0.484417,15,8.46248,0,0,157902759925
37.6642,26.5504,5.74572,69,66,63,1114,2800,0.484417,15,8.46248,0,0,157929307542
38.7283,25.8209,5.74572,69,66,63,1114,2800,0.484417,15,8.46248,0,0,157955128786
38.6144,25.8971,5.74572,69,66,63,1114,2800,0.484417,15,8.46248,0,0,157981026023
40.8493,24.4802,5.74572,69,66,63,1114,2800,0.484417,15,8.46248,0,0,158005506312
35.9059,27.8506,5.74572,69,66,63,1114,2800,0.484417,15,8.46248,0,0,158033357695
38.744,25.8104,5.74572,69,66,63,1114,2800,0.484417,15,8.46248,0,0,158059168049
40.7782,24.5229,5.74572,69,66,63,1114,2800,0.484417,15,8.46248,0,0,158083691659
38.1315,26.2251,5.74572,69,66,63,1114,2800,0.484417,15,8.46248,0,0,158109916601
40.4328,24.7324,5.74572,69,66,63,1114,2800,0.484417,15,8.46248,0,0,158134649083
25.1058,39.8315,5.74572,69,66,63,1114,2800,0.484417,15,8.46248,0,0,158174482842
33.2121,30.1095,4.77387,69,65,63,882,2800,0.484417,30,8.46201,0,0,158204590136
34.4178,29.0547,4.77387,69,65,63,882,2800,0.484417,30,8.46201,0,0,158233646018
36.6395,27.2929,4.77387,69,65,63,882,2800,0.484417,30,8.46201,0,0,158260938402
36.2678,27.5727,4.77387,69,65,63,882,2800,0.484417,30,8.46201,0,0,158288511463
38.8791,25.7208,4.77387,69,65,63,882,2800,0.484417,30,8.46201,0,0,158314232669
41.9746,23.824,4.77387,69,65,63,882,2800,0.484417,30,8.46201,0,0,158338056818
38.839,25.7473,4.77387,69,65,63,882,2800,0.484417,30,8.46201,0,0,158363805286
41.4994,24.0967,4.77387,69,65,63,882,2800,0.484417,30,8.46201,0,0,158387903128
41.6506,24.0092,4.77387,69,65,63,882,2800,0.484417,30,8.46201,0,0,158411911211
34.0827,29.3404,4.77387,69,65,63,882,2800,0.484417,30,8.46201,0,0,158441251877
43.2671,23.1122,4.77387,69,65,63,882,2800,0.484417,30,8.46201,0,0,158464365873
36.6817,27.2615,4.77387,69,65,63,882,2800,0.484417,30,8.46201,0,0,158491627760
40.0523,24.9673,4.77387,69,65,63,882,2800,0.484417,30,8.46201,0,0,158516594342
36.5355,27.3707,4.77387,69,65,63,882,2800,0.484417,30,8.46201,0,0,158543964832
37.5155,26.6557,4.77387,69,65,63,882,2800,0.484417,30,8.46201,0,0,158570620231
37.0478,26.9922,4.77387,69,65,63,882,2800,0.484417,30,8.46201,0,0,158597613745
38.2978,26.1111,4.77387,69,65,63,882,2800,0.484417,30,8.46201,0,0,158623725925
37.624,26.5788,4.77387,69,65,63,882,2800,0.484417,30,8.46201,0,0,158650304881
37.5208,26.6519,4.77387,69,65,63,882,2800,0.484417,30,8.46201,0,0,158676964097
37.4082,26.7321,5.04414,69,69,66,1665,2800,0.484417,16,8.4628,0,0,158703689718
36.0971,27.7031,5.04414,69,69,66,1665,2800,0.484417,16,8.4628,0,0,158731393023
36.1806,27.6391,5.04414,69,69,66,1665,2800,0.484417,16,8.4628,0,0,158759033109
39.6036,25.2502,5.04414,69,69,66,1665,2800,0.484417,16,8.4628,0,0,158784282681
39.2837,25.4558,5.04414,69,69,66,1665,2800,0.484417,16,8.4628,0,0,158809738671
39.2999,25.4454,5.04414,69,69,66,1665,2800,0.484417,16,8.4628,0,0,158835185122
39.9668,25.0208,5.04414,69,69,66,1665,2800,0.484417,16,8.4628,0,0,158860216375
40.2192,24.8637,5.04414,69,69,66,1665,2800,0.484417,16,8.4628,0,0,158885071166
35.8972,27.8573,5.04414,69,69,66,1665,2800,0.484417,16,8.4628,0,0,158912928921
40.9205,24.4376,5.04414,69,69,66,1665,2800,0.484417,16,8.4628,0,0,158937367472
38.8599,25.7334,5.04414,69,69,66,1665,2800,0.484417,16,8.4628,0,0,158963099369
38.5233,25.9583,5.04414,69,69,66,1665,2800,0.484417,16,8.4628,0,0,158989057430
38.8983,25.7081,5.04414,69,69,66,1665,2800,0.484417,16,8.4628,0,0,159014767576
37.9117,26.3771,5.04414,69,69,66,1665,2800,0.484417,16,8.4628,0,0,159041144563
37.9795,26.33,5.04414,69,69,66,1665,2800,0.484417,16,8.4628,0,0,159067477016
39.7773,25.14,5.04414,69,69,66,1665,2800,0.484417,16,8.4628,0,0,159092615520
39.4906,25.3225,5.04414,69,69,66,1665,2800,0.484417,16,8.4628,0,0,159117938390
39.4684,25.3367,5.04414,69,69,66,1665,2800,0.484417,16,8.4628,0,0,159143275797
35.8666,27.8811,5.04414,69,69,66,1665,2800,0.484417,16,8.4628,0,0,159171156274
41.1152,24.3219,5.04414,69,69,66,1665,2800,0.484417,16,8.4628,0,0,159195484658
39.8254,25.1096,5.99022,70,65,67,1743,2800,0.484417,28,8.46222,0,0,159220589529
37.5278,26.6469,5.99022,70,65,67,1743,2800,0.484417,28,8.46222,0,0,159247237234
35.6559,28.0458,5.99022,70,65,67,1743,2800,0.484417,28,8.46222,0,0,159275280887
38.7587,25.8007,5.99022,70,65,67,1743,2800,0.484417,28,8.46222,0,0,159301084308
40.9064,24.4461,5.99022,70,65,67,1743,2800,0.484417,28,8.46222,0,0,159325529090
38.9733,25.6586,5.99022,70,65,67,1743,2800,0.484417,28,8.46222,0,0,159351188211
37.4632,26.6928,5.99022,70,65,67,1743,2800,0.484417,28,8.46222,0,0,159377882623
38.6675,25.8615,5.99022,70,65,67,1743,2800,0.484417,28,8.46222,0,0,159403742019
39.4984,25.3175,5.99022,70,65,67,1743,2800,0.484417,28,8.46222,0,0,159429060881
39.3219,25.4311,5.99022,70,65,67,1743,2800,0.484417,28,8.46222,0,0,159454491423
37.6664,26.5488,5.99022,70,65,67,1743,2800,0.484417,28,8.46222,0,0,159481042406
38.1626,26.2037,5.99022,70,65,67,1743,2800,0.484417,28,8.46222,0,0,159507244625
33.7598,29.621,5.99022,70,65,67,1743,2800,0.484417,28,8.46222,0,0,159536866389
39.6633,25.2122,5.99022,70,65,67,1743,2800,0.484417,28,8.46222,0,0,159562080424
40.8573,24.4754,5.99022,70,65,67,1743,2800,0.484417,28,8.46222,0,0,159586556005
37.2809,26.8234,5.99022,70,65,67,1743,2800,0.484417,28,8.46222,0,0,159613379229
40.0736,24.9541,5.99022,70,65,67,1743,2800,0.484417,28,8.46222,0,0,159638333226
39.2825,25.4566,5.99022,70,65,67,1743,2800,0.484417,28,8.46222,0,0,159663789426
39.7668,25.1466,5.99022,70,65,67,1743,2800,0.484417,28,8.46222,0,0,159688937047
34.9738,28.5928,5.99022,70,65,67,1743,2800,0.484417,28,8.46222,0,0,159717532045
38.7482,25.8077,6.40871,70,68,66,1650,2800,0.484417,14,8.46181,0,0,159743337369
39.2936,25.4494,6.40871,70,68,66,1650,2800,0.484417,14,8.46181,0,0,159768786947
40.673,24.5864,6.40871,70,68,66,1650,2800,0.484417,14,8.46181,0,0,159793375429
39.7032,25.1869,6.40871,70,68,66,1650,2800,0.484417,14,8.46181,0,0,159818560630
38.3747,26.0589,6.40871,70,68,66,1650,2800,0.484417,14,8.46181,0,0,159844619570
42.1112,23.7467,6.40871,70,68,66,1650,2800,0.484417,14,8.46181,0,0,159868366744
38.4193,26.0286,6.40871,70,68,66,1650,2800,0.484417,14,8.46181,0,0,159894397332
40.026,24.9837,6.40871,70,68,66,1650,2800,0.484417,14,8.46181,0,0,159919379813
36.4105,27.4646,6.40871,70,68,66,1650,2800,0.484417,14,8.46181,0,0,159946845051
39.3487,25.4138,6.40871,70,68,66,1650,2800,0.484417,14,8.46181,0,0,159972259943
41.0336,24.3703,6.40871,70,68,66,1650,2800,0.484417,14,8.46181,0,0,159996632120
36.8045,27.1706,6.40871,70,68,66,1650,2800,0.484417,14,8.46181,0,0,160023802515
38.0482,26.2825,6.40871,70,68,66,1650,2800,0.484417,14,8.46181,0,0,160050084023
39.2802,25.4581,6.40871,70,68,66,1650,2800,0.484417,14,8.46181,0,0,160075542046
38.5762,25.9227,6.40871,70,68,66,1650,2800,0.484417,14,8.46181,0,0,160101464520
39.3231,25.4304,6.40871,70,68,66,1650,2800,0.484417,14,8.46181,0,0,160126896445
39.1613,25.5354,6.40871,70,68,66,1650,2800,0.484417,14,8.46181,0,0,160152431853
36.8887,27.1086,6.40871,70,68,66,1650,2800,0.484417,14,8.46181,0,0,160179539340
39.7304,25.1696,6.40871,70,68,66,1650,2800,0.484417,14,8.46181,0,0,160204709854
39.3822,25.3922,6.40871,70,68,66,1650,2800,0.484417,14,8.46181,0,0,160230105350
38.5118,25.9661,5.91133,70,66,66,1645,2800,0.484417,30,8.46259,0,0,160256068771
40.1003,24.9375,5.91133,70,66,66,1645,2800,0.484417,30,8.46259,0,0,160281006558
36.3907,27.4795,5.91133,70,66,66,1645,2800,0.484417,30,8.46259,0,0,160308486695
37.5507,26.6306,5.91133,70,66,66,1645,2800,0.484417,30,8.46259,0,0,160335116275
41.6765,23.9944,5.91133,70,66,66,1645,2800,0.484417,30,8.46259,0,0,160359112577
38.9916,25.6465,5.91133,70,66,66,1645,2800,0.484417,30,8.46259,0,0,160384758512
37.1613,26.9097,5.91133,70,66,66,1645,2800,0.484417,30,8.46259,0,0,160411668649
38.6014,25.9058,5.91133,70,66,66,1645,2800,0.484417,30,8.46259,0,0,160437574813
35.9629,27.8064,5.91133,70,66,66,1645,2800,0.484417,30,8.46259,0,0,160465381432
40.2388,24.8517,5.91133,70,66,66,1645,2800,0.484417,30,8.46259,0,0,160490232647
40.4251,24.7371,5.91133,70,66,66,1645,2800,0.484417,30,8.46259,0,0,160514971270
38.5476,25.9419,5.91133,70,66,66,1645,2800,0.484417,30,8.46259,0,0,160540912881
41.7997,23.9236,5.91133,70,66,66,1645,2800,0.484417,30,8.46259,0,0,160564838349
35.0991,28.4907,5.91133,70,66,66,1645,2800,0.484417,30,8.46259,0,0,160593328079
41.6837,23.9902,5.91133,70,66,66,1645,2800,0.484417,30,8.46259,0,0,160617318189
38.3626,26.0671,5.91133,70,66,66,1645,2800,0.484417,30,8.46259,0,0,160643385976
37.2525,26.8438,5.91133,70,66,66,1645,2800,0.484417,30,8.46259,0,0,160670230239
38.9147,25.6972,5.91133,70,66,66,1645,2800,0.484417,30,8.46259,0,0,160695926690
39.9707,25.0183,5.91133,70,66,66,1645,2800,0.484417,30,8.46259,0,0,160720946471
38.7781,25.7878,5.91133,70,66,66,1645,2800,0.484417,30,8.46259,0,0,160746739142
39.8824,25.0737,6.57734,70,69,66,1746,2800,0.484417,13,8.46432,0,0,160771807905
37.0403,26.9976,6.57734,70,69,66,1746,2800,0.484417,13,8.46432,0,0,160798805606
39.4206,25.3675,6.57734,70,69,66,1746,2800,0.484417,13,8.46432,0,0,160824174292
40.646,24.6026,6.57734,70,69,66,1746,2800,0.484417,13,8.46432,0,0,160848776099
37.5916,26.6017,6.57734,70,69,66,1746,2800,0.484417,13,8.46432,0,0,160875378849
37.4362,26.7121,6.57734,70,69,66,1746,2800,0.484417,13,8.46432,0,0,160902091085
42.7822,23.3742,6.57734,70,69,66,1746,2800,0.484417,13,8.46432,0,0,160925464778
40.3545,24.7804,6.57734,70,69,66,1746,2800,0.484417,13,8.46432,0,0,160950248296
37.4769,26.6831,6.57734,70,69,66,1746,2800,0.484417,13,8.46432,0,0,160976928823
39.307,25.4408,6.57734,70,69,66,1746,2800,0.484417,13,8.46432,0,0,161002371667
40.3751,24.7677,6.57734,70,69,66,1746,2800,0.484417,13,8.46432,0,0,161027139927
39.0251,25.6246,6.57734,70,69,66,1746,2800,0.484417,13,8.46432,0,0,161052764252
37.0053,27.0231,6.57734,70,69,66,1746,2800,0.484417,13,8.46432,0,0,161079787822
40.3992,24.7529,6.57734,70,69,66,1746,2800,0.484417,13,8.46432,0,0,161104540382
39.5351,25.294,6.57734,70,69,66,1746,2800,0.484417,13,8.46432,0,0,161129835209
36.058,27.7331,6.57734,70,69,66,1746,2800,0.484417,13,8.46432,0,0,161157569442
40.5257,24.6757,6.57734,70,69,66,1746,2800,0.484417,13,8.46432,0,0,161182244085
39.2868,25.4539,6.57734,70,69,66,1746,2800,0.484417,13,8.46432,0,0,161207698341
37.5651,26.6205,6.57734,70,69,66,1746,2800,0.484417,13,8.46432,0,0,161234318334
40.3652,24.7738,6.57734,70,69,66,1746,2800,0.484417,13,8.46432,0,0,161259096863
40.6661,24.5905,5.88957,69,65,65,1629,2800,0.484417,38,8.46435,0,0,161283684163
37.7606,26.4827,5.88957,69,65,65,1629,2800,0.484417,38,8.46435,0,0,161310167469
36.5015,27.3961,5.88957,69,65,65,1629,2800,0.484417,38,8.46435,0,0,161337563117
39.1712,25.5289,5.88957,69,65,65,1629,2800,0.484417,38,8.46435,0,0,161363093486
41.1471,24.3031,5.88957,69,65,65,1629,2800,0.484417,38,8.46435,0,0,161387395931
38.0421,26.2866,5.88957,69,65,65,1629,2800,0.484417,38,8.46435,0,0,161413683661
38.4908,25.9802,5.88957,69,65,65,1629,2800,0.484417,38,8.46435,0,0,161439662862
41.5975,24.0399,5.88957,69,65,65,1629,2800,0.484417,38,8.46435,0,0,161463702995
37.8378,26.4286,5.88957,69,65,65,1629,2800,0.484417,38,8.46435,0,0,161490133302
39.8551,25.0909,5.88957,69,65,65,1629,2800,0.484417,38,8.46435,0,0,161515223746
37.6606,26.5529,5.88957,69,65,65,1629,2800,0.484417,38,8.46435,0,0,161541777104
37.1847,26.8928,5.88957,69,65,65,1629,2800,0.484417,38,8.46435,0,0,161568671341
40.8801,24.4618,5.88957,69,65,65,1629,2800,0.484417,38,8.46435,0,0,161593133115
38.9572,25.6692,5.88957,69,65,65,1629,2800,0.484417,38,8.46435,0,0,161618801834
39.1465,25.5451,5.88957,69,65,65,1629,2800,0.484417,38,8.46435,0,0,161644347681
37.0913,26.9605,5.88957,69,65,65,1629,2800,0.484417,38,8.46435,0,0,161671307722
41.6487,24.0103,5.88957,69,65,65,1629,2800,0.484417,38,8.46435,0,0,161695318350
36.8093,27.1671,5.88957,69,65,65,1629,2800,0.484417,38,8.46435,0,0,161722486642
41.1422,24.306,5.88957,69,65,65,1629,2800,0.484417,38,8.46435,0,0,161746791842
36.7746,27.1926,5.88957,69,65,65,1629,2800,0.484417,38,8.46435,0,0,161773992384
37.7603,26.4828,4.90798,69,68,65,1474,2800,0.484417,17,8.4635,0,0,161800467906
40.3685,24.7718,4.90798,69,68,65,1474,2800,0.484417,17,8.4635,0,0,161825241806
40.899,24.4505,4.90798,69,68,65,1474,2800,0.484417,17,8.4635,0,0,161849691117
36.8039,27.171,4.90798,69,68,65,1474,2800,0.484417,17,8.4635,0,0,161876861963
39.7732,25.1426,4.90798,69,68,65,1474,2800,0.484417,17,8.4635,0,0,161902005396
39.1667,25.5319,4.90798,69,68,65,1474,2800,0.484417,17,8.4635,0,0,161927537478
36.6652,27.2738,4.90798,69,68,65,1474,2800,0.484417,17,8.4635,0,0,161954811297
36.1809,27.6389,4.90798,69,68,65,1474,2800,0.484417,17,8.4635,0,0,161982449600
39.1328,25.554,4.90798,69,68,65,1474,2800,0.484417,17,8.4635,0,0,162008005717
41.5676,24.0572,4.90798,69,68,65,1474,2800,0.484417,17,8.4635,0,0,162032062552
40.413,24.7445,4.90798,69,68,65,1474,2800,0.484417,17,8.4635,0,0,162056807418
39.0963,25.5778,4.90798,69,68,65,1474,2800,0.484417,17,8.4635,0,0,162082385266
37.8883,26.3934,4.90798,69,68,65,1474,2800,0.484417,17,8.4635,0,0,162108779715
38.0746,26.2642,4.90798,69,68,65,1474,2800,0.484417,17,8.4635,0,0,162135044682
38.5885,25.9145,4.90798,69,68,65,1474,2800,0.484417,17,8.4635,0,0,162160958069
42.5472,23.5033,4.90798,69,68,65,1474,2800,0.484417,17,8.4635,0,0,162184462889
36.1364,27.6729,4.90798,69,68,65,1474,2800,0.484417,17,8.4635,0,0,162212135045
38.8744,25.7238,4.90798,69,68,65,1474,2800,0.484417,17,8.4635,0,0,162237860370
40.6057,24.6271,4.90798,69,68,65,1474,2800,0.484417,17,8.4635,0,0,162262487855
37.4598,26.6953,4.90798,69,68,65,1474,2800,0.484417,17,8.4635,0,0,162289186425
41.7064,23.9771,4.90798,69,66,65,1502,2800,0.484417,19,8.46186,0,0,162313159974
37.9373,26.3593,4.90798,69,66,65,1502,2800,0.484417,19,8.46186,0,0,162339520109
37.6316,26.5734,4.90798,69,66,65,1502,2800,0.484417,19,8.46186,0,0,162366095088
38.266,26.1328,4.90798,69,66,65,1502,2800,0.484417,19,8.46186,0,0,162392226544
35.5493,28.1299,4.90798,69,66,65,1502,2800,0.484417,19,8.46186,0,0,162420358543
38.8867,25.7157,4.90798,69,66,65,1502,2800,0.484417,19,8.46186,0,0,162446073077
35.6088,28.083,4.90798,69,66,65,1502,2800,0.484417,19,8.46186,0,0,162474155613
36.4639,27.4244,4.90798,69,66,65,1502,2800,0.484417,19,8.46186,0,0,162501580616
39.8062,25.1217,4.90798,69,66,65,1502,2800,0.484417,19,8.46186,0,0,162526703571
37.7116,26.517,4.90798,69,66,65,1502,2800,0.484417,19,8.46186,0,0,162553219649
38.396,26.0444,4.90798,69,66,65,1502,2800,0.484417,19,8.46186,0,0,162579264633
40.6848,24.5792,4.90798,69,66,65,1502,2800,0.484417,19,8.46186,0,0,162603845100
39.6427,25.2253,4.90798,69,66,65,1502,2800,0.484417,19,8.46186,0,0,162629070867
41.1726,24.288,4.90798,69,66,65,1502,2800,0.484417,19,8.46186,0,0,162653360449
33.6769,29.6939,4.90798,69,66,65,1502,2800,0.484417,19,8.46186,0,0,162683052174
37.8952,26.3886,4.90798,69,66,65,1502,2800,0.484417,19,8.46186,0,0,162709442636
38.6071,25.902,4.90798,69,66,65,1502,2800,0.484417,19,8.46186,0,0,162735343690
37.1262,26.9352,4.90798,69,66,65,1502,2800,0.484417,19,8.46186,0,0,162762280417
40.624,24.616,4.90798,69,66,65,1502,2800,0.484417,19,8.46186,0,0,162786897282
36.3118,27.5393,4.90798,69,66,65,1502,2800,0.484417,19,8.46186,0,0,162814438623
38.9711,25.66,5.67633,69,63,67,1919,2800,0.484417,25,8.46198,0,0,162840096030
39.8568,25.0898,5.67633,69,63,67,1919,2800,0.484417,25,8.46198,0,0,162865186123
39.0652,25.5982,5.67633,69,63,67,1919,2800,0.484417,25,8.46198,0,0,162890783919
39.2037,25.5078,5.67633,69,63,67,1919,2800,0.484417,25,8.46198,0,0,162916293789
35.4465,28.2115,5.67633,69,63,67,1919,2800,0.484417,25,8.46198,0,0,162944505598
37.2949,26.8133,5.67633,69,63,67,1919,2800,0.484417,25,8.46198,0,0,162971319384
39.3679,25.4014,5.67633,69,63,67,1919,2800,0.484417,25,8.46198,0,0,162996719779
42.6571,23.4428,5.67633,69,63,67,1919,2800,0.484417,25,8.46198,0,0,163020164656
35.4842,28.1815,5.67633,69,63,67,1919,2800,0.484417,25,8.46198,0,0,163048344625
38.4111,26.0342,5.67633,69,63,67,1919,2800,0.484417,25,8.46198,0,0,163074380673
41.3724,24.1707,5.67633,69,63,67,1919,2800,0.484417,25,8.46198,0,0,163098551842
40.2798,24.8263,5.67633,69,63,67,1919,2800,0.484417,25,8.46198,0,0,163123377950
38.1771,26.1937,5.67633,69,63,67,1919,2800,0.484417,25,8.46198,0,0,163149572404
39.0299,25.6214,5.67633,69,63,67,1919,2800,0.484417,25,8.46198,0,0,163175193012
36.7479,27.2124,5.67633,69,63,67,1919,2800,0.484417,25,8.46198,0,0,163202406258
44.1102,22.6705,5.67633,69,63,67,1919,2800,0.484417,25,8.46198,0,0,163225077724
36.6695,27.2706,5.67633,69,63,67,1919,2800,0.484417,25,8.46198,0,0,163252349690
36.8496,27.1373,5.67633,69,63,67,1919,2800,0.484417,25,8.46198,0,0,163279486723
39.7312,25.1692,5.67633,69,63,67,1919,2800,0.484417,25,8.46198,0,0,163304656164
39.7606,25.1505,5.67633,69,63,67,1919,2800,0.484417,25,8.46198,0,0,163329810779
38.6283,25.8877,6.13497,69,68,71,2149,2800,0.484417,32,8.46163,0,0,163355693679
37.1442,26.9221,6.13497,69,68,71,2149,2800,0.484417,32,8.46163,0,0,163382618674
38.1488,26.2132,6.13497,69,68,71,2149,2800,0.484417,32,8.46163,0,0,163408830320
38.4632,25.9989,6.13497,69,68,71,2149,2800,0.484417,32,8.46163,0,0,163434831272
41.0429,24.3647,6.13497,69,68,71,2149,2800,0.484417,32,8.46163,0,0,163459195093
39.12,25.5624,6.13497,69,68,71,2149,2800,0.484417,32,8.46163,0,0,163484758213
35.6917,28.0177,6.13497,69,68,71,2149,2800,0.484417,32,8.46163,0,0,163512776328
37.1501,26.9178,6.13497,69,68,71,2149,2800,0.484417,32,8.46163,0,0,163539694931
36.9057,27.0961,6.13497,69,68,71,2149,2800,0.484417,32,8.46163,0,0,163566791398
40.0414,24.9742,6.13497,69,68,71,2149,2800,0.484417,32,8.46163,0,0,163591764662
38.1818,26.1905,6.13497,69,68,71,2149,2800,0.484417,32,8.46163,0,0,163617956201
38.4582,26.0022,6.13497,69,68,71,2149,2800,0.484417,32,8.46163,0,0,163643959958
38.3116,26.1018,6.13497,69,68,71,2149,2800,0.484417,32,8.46163,0,0,163670060225
40.6105,24.6242,6.13497,69,68,71,2149,2800,0.484417,32,8.46163,0,0,163694685947
39.0774,25.5902,6.13497,69,68,71,2149,2800,0.484417,32,8.46163,0,0,163720275828
38.2096,26.1714,6.13497,69,68,71,2149,2800,0.484417,32,8.46163,0,0,163746448231
38.7438,25.8106,6.13497,69,68,71,2149,2800,0.484417,32,8.46163,0,0,163772259547
40.4217,24.7392,6.13497,69,68,71,2149,2800,0.484417,32,8.46163,0,0,163796997660
37.2027,26.8797,6.13497,69,68,71,2149,2800,0.484417,32,8.46163,0,0,163823878873
41.5489,24.068,6.13497,69,68,71,2149,2800,0.484417,32,8.46163,0,0,163847954473
36.3705,27.4948,5.99022,70,67,71,2389,2800,0.484417,15,8.45862,0,0,163875443185
39.0745,25.5921,5.99022,70,67,71,2389,2800,0.484417,15,8.45862,0,0,163901035370
39.5928,25.2571,5.99022,70,67,71,2389,2800,0.484417,15,8.45862,0,0,163926293588
38.1985,26.179,5.99022,70,67,71,2389,2800,0.484417,15,8.45862,0,0,163952472103
40.3924,24.7571,5.99022,70,67,71,2389,2800,0.484417,15,8.45862,0,0,163977229893
36.3632,27.5003,5.99022,70,67,71,2389,2800,0.484417,15,8.45862,0,0,164004729125
40.7421,24.5446,5.99022,70,67,71,2389,2800,0.484417,15,8.45862,0,0,164029276469
38.6037,25.9043,5.99022,70,67,71,2389,2800,0.484417,15,8.45862,0,0,164055180509
38.2405,26.1503,5.99022,70,67,71,2389,2800,0.484417,15,8.45862,0,0,164081330671
40.2204,24.863,5.99022,70,67,71,2389,2800,0.484417,15,8.45862,0,0,164106194309
39.403,25.3788,5.99022,70,67,71,2389,2800,0.484417,15,8.45862,0,0,164131572933
37.954,26.3477,5.99022,70,67,71,2389,2800,0.484417,15,8.45862,0,0,164157921667
37.6567,26.5557,5.99022,70,67,71,2389,2800,0.484417,15,8.45862,0,0,164184478301
39.0356,25.6177,5.99022,70,67,71,2389,2800,0.484417,15,8.45862,0,0,164210096745
40.6461,24.6026,5.99022,70,67,71,2389,2800,0.484417,15,8.45862,0,0,164234711968
37.536,26.6411,5.99022,70,67,71,2389,2800,0.484417,15,8.45862,0,0,164261340777
39.6808,25.2011,5.99022,70,67,71,2389,2800,0.484417,15,8.45862,0,0,164286541728
38.1157,26.2359,5.99022,70,67,71,2389,2800,0.484417,15,8.45862,0,0,164312778912
39.9718,25.0176,5.99022,70,67,71,2389,2800,0.484417,15,8.45862,0,0,164337796650
39.5202,25.3035,5.99022,70,67,71,2389,2800,0.484417,15,8.45862,0,0,164363104441
38.621,25.8927,5.89681,70,68,72,2406,2800,0.484417,38,8.45934,0,0,164388993493
37.4866,26.6762,5.89681,70,68,72,2406,2800,0.484417,38,8.45934,0,0,164415670072
39.4145,25.3713,5.89681,70,68,72,2406,2800,0.484417,38,8.45934,0,0,164441040952
39.0534,25.606,5.89681,70,68,72,2406,2800,0.484417,38,8.45934,0,0,164466648575
39.096,25.578,5.89681,70,68,72,2406,2800,0.484417,38,8.45934,0,0,164492227405
39.5541,25.2819,5.89681,70,68,72,2406,2800,0.484417,38,8.45934,0,0,164517509799
37.6668,26.5486,5.89681,70,68,72,2406,2800,0.484417,38,8.45934,0,0,164544057666
37.38,26.7523,5.89681,70,68,72,2406,2800,0.484417,38,8.45934,0,0,164570810689
41.0367,24.3684,5.89681,70,68,72,2406,2800,0.484417,38,8.45934,0,0,164595178707
39.2573,25.473,5.89681,70,68,72,2406,2800,0.484417,38,8.45934,0,0,164620652340
38.6034,25.9045,5.89681,70,68,72,2406,2800,0.484417,38,8.45934,0,0,164646558053
38.0826,26.2587,5.89681,70,68,72,2406,2800,0.484417,38,8.45934,0,0,164672816758
40.9028,24.4482,5.89681,70,68,72,2406,2800,0.484417,38,8.45934,0,0,164697265628
35.5131,28.1586,5.89681,70,68,72,2406,2800,0.484417,38,8.45934,0,0,164725424948
40.8644,24.4712,5.89681,70,68,72,2406,2800,0.484417,38,8.45934,0,0,164749895729
40.08,24.9501,5.89681,70,68,72,2406,2800,0.484417,38,8.45934,0,0,164774845820
37.8724,26.4045,5.89681,70,68,72,2406,2800,0.484417,38,8.45934,0,0,164801251340
39.0751,25.5918,5.89681,70,68,72,2406,2800,0.484417,38,8.45934,0,0,164826842383
39.8681,25.0827,5.89681,70,68,72,2406,2800,0.484417,38,8.45934,0,0,164851927447
37.4942,26.6708,5.89681,70,68,72,2406,2800,0.484417,38,8.45934,0,0,164878600098
38.2004,26.1777,5.89681,70,68,73,2432,2800,0.484417,18,8.46145,0,0,164904774255
40.3757,24.7674,5.89681,70,68,73,2432,2800,0.484417,18,8.46145,0,0,164929544207
37.1995,26.8821,5.89681,70,68,73,2432,2800,0.484417,18,8.46145,0,0,164956424689
36.9349,27.0747,5.89681,70,68,73,2432,2800,0.484417,18,8.46145,0,0,164983501638
38.8453,25.7432,5.89681,70,68,73,2432,2800,0.484417,18,8.46145,0,0,165009244195
42.5115,23.523,5.89681,70,68,73,2432,2800,0.484417,18,8.46145,0,0,165032766147
39.7927,25.1302,5.89681,70,68,73,2432,2800,0.484417,18,8.46145,0,0,165057896946
38.3739,26.0594,5.89681,70,68,73,2432,2800,0.484417,18,8.46145,0,0,165083958562
37.7272,26.5061,5.89681,70,68,73,2432,2800,0.484417,18,8.46145,0,0,165110465092
38.0332,26.2928,5.89681,70,68,73,2432,2800,0.484417,18,8.46145,0,0,165136757089
40.4707,24.7092,5.89681,70,68,73,2432,2800,0.484417,18,8.46145,0,0,165161468031
38.9597,25.6675,5.89681,70,68,73,2432,2800,0.484417,18,8.46145,0,0,165187135768
39.0425,25.6131,5.89681,70,68,73,2432,2800,0.484417,18,8.46145,0,0,165212748220
38.5754,25.9232,5.89681,70,68,73,2432,2800,0.484417,18,8.46145,0,0,165238672869
37.6931,26.53,5.89681,70,68,73,2432,2800,0.484417,18,8.46145,0,0,165265202552
41.0169,24.3802,5.89681,70,68,73,2432,2800,0.484417,18,8.46145,0,0,165289582573
39.1162,25.5649,5.89681,70,68,73,2432,2800,0.484417,18,8.46145,0,0,165315148439
37.3383,26.7821,5.89681,70,68,73,2432,2800,0.484417,18,8.46145,0,0,165341930826
36.4489,27.4357,5.89681,70,68,73,2432,2800,0.484417,18,8.46145,0,0,165369366739
42.5961,23.4763,5.89681,70,68,73,2432,2800,0.484417,18,8.46145,0,0,165392848967
39.1732,25.5277,5.3152,70,69,71,2119,2800,0.484417,40,8.4617,0,0,165418371932
37.7193,26.5116,5.3152,70,69,71,2119,2800,0.484417,40,8.4617,0,0,165444884393
38.4355,26.0176,5.3152,70,69,71,2119,2800,0.484417,40,8.4617,0,0,165470902076
41.2292,24.2547,5.3152,70,69,71,2119,2800,0.484417,40,8.4617,0,0,165495157333
39.9206,25.0498,5.3152,70,69,71,2119,2800,0.484417,40,8.4617,0,0,165520206569
35.844,27.8987,5.3152,70,69,71,2119,2800,0.484417,40,8.4617,0,0,165548106533
38.1915,26.1839,5.3152,70,69,71,2119,2800,0.484417,40,8.4617,0,0,165574289646
41.1375,24.3087,5.3152,70,69,71,2119,2800,0.484417,40,8.4617,0,0,165598598614
39.7081,25.1838,5.3152,70,69,71,2119,2800,0.484417,40,8.4617,0,0,165623784737
39.3668,25.4021,5.3152,70,69,71,2119,2800,0.484417,40,8.4617,0,0,165649186314
37.8295,26.4344,5.3152,70,69,71,2119,2800,0.484417,40,8.4617,0,0,165675620609
35.9585,27.8099,5.3152,70,69,71,2119,2800,0.484417,40,8.4617,0,0,165703431185
41.5257,24.0815,5.3152,70,69,71,2119,2800,0.484417,40,8.4617,0,0,165727513407
40.0107,24.9933,5.3152,70,69,71,2119,2800,0.484417,40,8.4617,0,0,165752507200
36.3379,27.5195,5.3152,70,69,71,2119,2800,0.484417,40,8.4617,0,0,165780026159
39.909,25.057,5.3152,70,69,71,2119,2800,0.484417,40,8.4617,0,0,165805082739
39.265,25.468,5.3152,70,69,71,2119,2800,0.484417,40,8.4617,0,0,165830552003
37.9609,26.3429,5.3152,70,69,71,2119,2800,0.484417,40,8.4617,0,0,165856894666
37.5226,26.6506,5.3152,70,69,71,2119,2800,0.484417,40,8.4617,0,0,165883545566
42.8805,23.3206,5.3152,70,69,71,2119,2800,0.484417,40,8.4617,0,0,165906870478
41.9495,23.8382,5.54187,69,67,66,1778,2800,0.484417,26,8.46129,0,0,165930703964
42.2562,23.6652,5.54187,69,67,66,1778,2800,0.484417,26,8.46129,0,0,165954371349
37.2721,26.8297,5.54187,69,67,66,1778,2800,0.484417,26,8.46129,0,0,165981200824
40.1694,24.8946,5.54187,69,67,66,1778,2800,0.484417,26,8.46129,0,0,166006096703
36.7793,27.1892,5.54187,69,67,66,1778,2800,0.484417,26,8.46129,0,0,166033286435
39.5107,25.3096,5.54187,69,67,66,1778,2800,0.484417,26,8.46129,0,0,166058595178
40.4551,24.7188,5.54187,69,67,66,1778,2800,0.484417,26,8.46129,0,0,166083314265
37.972,26.3352,5.54187,69,67,66,1778,2800,0.484417,26,8.46129,0,0,166109650085
37.3505,26.7734,5.54187,69,67,66,1778,2800,0.484417,26,8.46129,0,0,166136424587
40.2098,24.8696,5.54187,69,67,66,1778,2800,0.484417,26,8.46129,0,0,166161291762
39.8163,25.1154,5.54187,69,67,66,1778,2800,0.484417,26,8.46129,0,0,166186409216
40.1564,24.9026,5.54187,69,67,66,1778,2800,0.484417,26,8.46129,0,0,166211311868
36.8737,27.1196,5.54187,69,67,66,1778,2800,0.484417,26,8.46129,0,0,166238432410
42.4619,23.5505,5.54187,69,67,66,1778,2800,0.484417,26,8.46129,0,0,166261981722
36.9207,27.085,5.54187,69,67,66,1778,2800,0.484417,26,8.46129,0,0,166289068431
39.6423,25.2256,5.54187,69,67,66,1778,2800,0.484417,26,8.46129,0,0,166314294559
36.5828,27.3353,5.54187,69,67,66,1778,2800,0.484417,26,8.46129,0,0,166341628801
38.5782,25.9214,5.54187,69,67,66,1778,2800,0.484417,26,8.46129,0,0,166367550314
41.2583,24.2376,5.54187,69,67,66,1778,2800,0.484417,26,8.46129,0,0,166391787928
37.4467,26.7046,5.54187,69,67,66,1778,2800,0.484417,26,8.46129,0,0,166418497038
39.8801,25.0752,4.19753,69,71,64,1761,2800,0.484417,17,8.46071,0,0,166443570770
37.962,26.3421,4.19753,69,71,64,1761,2800,0.484417,17,8.46071,0,0,166469912721
37.876,26.4019,4.19753,69,71,64,1761,2800,0.484417,17,8.46071,0,0,166496315246
41.6276,24.0225,4.19753,69,71,64,1761,2800,0.484417,17,8.46071,0,0,166520335833
38.1265,26.2284,4.19753,69,71,64,1761,2800,0.484417,17,8.46071,0,0,166546565694
38.3413,26.0816,4.19753,69,71,64,1761,2800,0.484417,17,8.46071,0,0,166572646195
36.7832,27.1863,4.19753,69,71,64,1761,2800,0.484417,17,8.46071,0,0,166599832981
41.9785,23.8217,4.19753,69,71,64,1761,2800,0.484417,17,8.46071,0,0,166623656779
38.4961,25.9766,4.19753,69,71,64,1761,2800,0.484417,17,8.46071,0,0,166649633254
38.3835,26.0529,4.19753,69,71,64,1761,2800,0.484417,17,8.46071,0,0,166675686835
35.518,28.1547,4.19753,69,71,64,1761,2800,0.484417,17,8.46071,0,0,166703842728
40.2778,24.8276,4.19753,69,71,64,1761,2800,0.484417,17,8.46071,0,0,166728670640
38.8021,25.7718,4.19753,69,71,64,1761,2800,0.484417,17,8.46071,0,0,166754441299
39.0268,25.6234,4.19753,69,71,64,1761,2800,0.484417,17,8.46071,0,0,166780066266
38.9022,25.7055,4.19753,69,71,64,1761,2800,0.484417,17,8.46071,0,0,166805773516
35.8104,27.9249,4.19753,69,71,64,1761,2800,0.484417,17,8.46071,0,0,166833696844
47.0998,21.2315,4.19753,69,71,64,1761,2800,0.484417,17,8.46071,0,0,166854927077
37.5227,26.6506,4.19753,69,71,64,1761,2800,0.484417,17,8.46071,0,0,166881578959
38.9574,25.6691,4.19753,69,71,64,1761,2800,0.484417,17,8.46071,0,0,166907248449
37.08,26.9687,4.19753,69,71,64,1761,2800,0.484417,17,8.46071,0,0,166934220232
39.8818,25.0741,4.54545,69,65,65,1768,2800,0.484417,33,8.46585,0,0,166959292662
38.8274,25.755,4.54545,69,65,65,1768,2800,0.484417,33,8.46585,0,0,166985047532
38.3806,26.0548,4.54545,69,65,65,1768,2800,0.484417,33,8.46585,0,0,167011101673
39.0668,25.5972,4.54545,69,65,65,1768,2800,0.484417,33,8.46585,0,0,167036700310
38.8612,25.7326,4.54545,69,65,65,1768,2800,0.484417,33,8.46585,0,0,167062431836
37.068,26.9774,4.54545,69,65,65,1768,2800,0.484417,33,8.46585,0,0,167089409911
40.8774,24.4634,4.54545,69,65,65,1768,2800,0.484417,33,8.46585,0,0,167113874540
38.1081,26.2411,4.54545,69,65,65,1768,2800,0.484417,33,8.46585,0,0,167140116193
36.9521,27.0621,4.54545,69,65,65,1768,2800,0.484417,33,8.46585,0,0,167167177093
34.4337,29.0414,4.54545,69,65,65,1768,2800,0.484417,33,8.46585,0,0,167196221333
43.7195,22.8731,4.54545,69,65,65,1768,2800,0.484417,33,8.46585,0,0,167219094177
40.7651,24.5308,4.54545,69,65,65,1768,2800,0.484417,33,8.46585,0,0,167243624190
37.447,26.7044,4.54545,69,65,65,1768,2800,0.484417,33,8.46585,0,0,167270329452
41.4496,24.1257,4.54545,69,65,65,1768,2800,0.484417,33,8.46585,0,0,167294455076
40.8565,24.4759,4.54545,69,65,65,1768,2800,0.484417,33,8.46585,0,0,167318930567
38.5428,25.9452,4.54545,69,65,65,1768,2800,0.484417,33,8.46585,0,0,167344877487
37.8143,26.4451,4.54545,69,65,65,1768,2800,0.484417,33,8.46585,0,0,167371321860
38.8899,25.7136,4.54545,69,65,65,1768,2800,0.484417,33,8.46585,0,0,167397036284
39.2236,25.4948,4.54545,69,65,65,1768,2800,0.484417,33,8.46585,0,0,167422530936
38.6996,25.84,4.54545,69,65,65,1768,2800,0.484417,33,8.46585,0,0,167448373841
36.3762,27.4905,4.29975,69,65,65,1778,2800,0.484417,13,8.46446,0,0,167475863095
40.5014,24.6905,4.29975,69,65,65,1778,2800,0.484417,13,8.46446,0,0,167500554550
39.4314,25.3605,4.29975,69,65,65,1778,2800,0.484417,13,8.46446,0,0,167525914830
38.0706,26.267,4.29975,69,65,65,1778,2800,0.484417,13,8.46446,0,0,167552181680
38.5308,25.9533,4.29975,69,65,65,1778,2800,0.484417,13,8.46446,0,0,167578134782
38.3897,26.0487,4.29975,69,65,65,1778,2800,0.484417,13,8.46446,0,0,167604185196
41.4266,24.1391,4.29975,69,65,65,1778,2800,0.484417,13,8.46446,0,0,167628324275
38.614,25.8973,4.29975,69,65,65,1778,2800,0.484417,13,8.46446,0,0,167654222594
37.0541,26.9876,4.29975,69,65,65,1778,2800,0.484417,13,8.46446,0,0,167681209085
38.3099,26.1029,4.29975,69,65,65,1778,2800,0.484417,13,8.46446,0,0,167707311998
37.5145,26.6564,4.29975,69,65,65,1778,2800,0.484417,13,8.46446,0,0,167733968829
42.3023,23.6394,4.29975,69,65,65,1778,2800,0.484417,13,8.46446,0,0,167757608732
37.3387,26.7819,4.29975,69,65,65,1778,2800,0.484417,13,8.46446,0,0,167784390438
38.4709,25.9937,4.29975,69,65,65,1778,2800,0.484417,13,8.46446,0,0,167810386090
39.3839,25.3911,4.29975,69,65,65,1778,2800,0.484417,13,8.46446,0,0,167835777418
41.1718,24.2884,4.29975,69,65,65,1778,2800,0.484417,13,8.46446,0,0,167860067661
37.9855,26.3258,4.29975,69,65,65,1778,2800,0.484417,13,8.46446,0,0,167886392029
39.4829,25.3274,4.29975,69,65,65,1778,2800,0.484417,13,8.46446,0,0,167911721080
37.1755,26.8994,4.29975,69,65,65,1778,2800,0.484417,13,8.46446,0,0,167938619676
38.6285,25.8876,4.29975,69,65,65,1778,2800,0.484417,13,8.46446,0,0,167964512785
34.8067,28.7301,4.52323,69,65,66,1885,2800,0.484417,28,8.46489,0,0,167993237105
43.9055,22.7762,4.52323,69,65,66,1885,2800,0.484417,28,8.46489,0,0,168016013658
38.6836,25.8507,4.52323,69,65,66,1885,2800,0.484417,28,8.46489,0,0,168041866202
38.4298,26.0215,4.52323,69,65,66,1885,2800,0.484417,28,8.46489,0,0,168067886810
39.2817,25.4572,4.52323,69,65,66,1885,2800,0.484417,28,8.46489,0,0,168093345514
37.1135,26.9444,4.52323,69,65,66,1885,2800,0.484417,28,8.46489,0,0,168120289355
41.4432,24.1294,4.52323,69,65,66,1885,2800,0.484417,28,8.46489,0,0,168144419237
37.2381,26.8542,4.52323,69,65,66,1885,2800,0.484417,28,8.46489,0,0,168171274491
37.2317,26.8588,4.52323,69,65,66,1885,2800,0.484417,28,8.46489,0,0,168198132921
41.9057,23.8631,4.52323,69,65,66,1885,2800,0.484417,28,8.46489,0,0,168221996623
39.4822,25.3279,4.52323,69,65,66,1885,2800,0.484417,28,8.46489,0,0,168247325003
39.5874,25.2605,4.52323,69,65,66,1885,2800,0.484417,28,8.46489,0,0,168272585556
35.5876,28.0997,4.52323,69,65,66,1885,2800,0.484417,28,8.46489,0,0,168300685986
42.9043,23.3077,4.52323,69,65,66,1885,2800,0.484417,28,8.46489,0,0,168323993415
39.2861,25.4543,4.52323,69,65,66,1885,2800,0.484417,28,8.46489,0,0,168349449595
37.1563,26.9134,4.52323,69,65,66,1885,2800,0.484417,28,8.46489,0,0,168376363348
36.9981,27.0284,4.52323,69,65,66,1885,2800,0.484417,28,8.46489,0,0,168403391407
41.7469,23.9539,4.52323,69,65,66,1885,2800,0.484417,28,8.46489,0,0,168427344617
38.3658,26.0649,4.52323,69,65,66,1885,2800,0.484417,28,8.46489,0,0,168453411162
38.7029,25.8378,4.52323,69,65,66,1885,2800,0.484417,28,8.46489,0,0,168479254367
38.661,25.8658,4.88998,69,64,66,1845,2800,0.484417,22,8.4656,0,0,168505116098
38.6415,25.8789,4.88998,69,64,66,1845,2800,0.484417,22,8.4656,0,0,168530996513
38.8493,25.7405,4.88998,69,64,66,1845,2800,0.484417,22,8.4656,0,0,168556735624
38.1589,26.2062,4.88998,69,64,66,1845,2800,0.484417,22,8.4656,0,0,168582942772
38.993,25.6456,4.88998,69,64,66,1845,2800,0.484417,22,8.4656,0,0,168608587175
40.6267,24.6144,4.88998,69,64,66,1845,2800,0.484417,22,8.4656,0,0,168633203038
37.8906,26.3918,4.88998,69,64,66,1845,2800,0.484417,22,8.4656,0,0,168659595074
38.5305,25.9535,4.88998,69,64,66,1845,2800,0.484417,22,8.4656,0,0,168685550039
38.1919,26.1836,4.88998,69,64,66,1845,2800,0.484417,22,8.4656,0,0,168711732852
38.7868,25.7819,4.88998,69,64,66,1845,2800,0.484417,22,8.4656,0,0,168737516215
42.0029,23.8079,4.88998,69,64,66,1845,2800,0.484417,22,8.4656,0,0,168761324975
37.127,26.9346,4.88998,69,64,66,1845,2800,0.484417,22,8.4656,0,0,168788258796
38.7627,25.798,4.88998,69,64,66,1845,2800,0.484417,22,8.4656,0,0,168814057739
37.9867,26.325,4.88998,69,64,66,1845,2800,0.484417,22,8.4656,0,0,168840382317
36.7291,27.2264,4.88998,69,64,66,1845,2800,0.484417,22,8.4656,0,0,168867609429
42.0514,23.7804,4.88998,69,64,66,1845,2800,0.484417,22,8.4656,0,0,168891390366
38.4946,25.9777,4.88998,69,64,66,1845,2800,0.484417,22,8.4656,0,0,168917368876
38.6964,25.8422,4.88998,69,64,66,1845,2800,0.484417,22,8.4656,0,0,168943210388
37.0894,26.9619,4.88998,69,64,66,1845,2800,0.484417,22,8.4656,0,0,168970172924
43.656,22.9063,4.88998,69,64,66,1845,2800,0.484417,22,8.4656,0,0,168993083829
36.9007,27.0998,5.37241,69,66,65,1831,2800,0.484417,19,8.46768,0,0,169020179194
38.6698,25.86,5.37241,69,66,65,1831,2800,0.484417,19,8.46768,0,0,169046041365
38.6039,25.9041,5.37241,69,66,65,1831,2800,0.484417,19,8.46768,0,0,169071945064
39.5218,25.3025,5.37241,69,66,65,1831,2800,0.484417,19,8.46768,0,0,169097246313
39.1799,25.5233,5.37241,69,66,65,1831,2800,0.484417,19,8.46768,0,0,169122771101
38.6414,25.879,5.37241,69,66,65,1831,2800,0.484417,19,8.46768,0,0,169148650184
38.7535,25.8041,5.37241,69,66,65,1831,2800,0.484417,19,8.46768,0,0,169174456020
37.5894,26.6033,5.37241,69,66,65,1831,2800,0.484417,19,8.46768,0,0,169201057709
40.0994,24.938,5.37241,69,66,65,1831,2800,0.484417,19,8.46768,0,0,169225996808
37.5804,26.6096,5.37241,69,66,65,1831,2800,0.484417,19,8.46768,0,0,169252605249
40.4612,24.715,5.37241,69,66,65,1831,2800,0.484417,19,8.46768,0,0,169277323014
36.4839,27.4094,5.37241,69,66,65,1831,2800,0.484417,19,8.46768,0,0,169304731285
41.2988,24.2138,5.37241,69,66,65,1831,2800,0.484417,19,8.46768,0,0,169328947289
38.5295,25.9542,5.37241,69,66,65,1831,2800,0.484417,19,8.46768,0,0,169354900661
39.5547,25.2815,5.37241,69,66,65,1831,2800,0.484417,19,8.46768,0,0,169380181783
38.7351,25.8164,5.37241,69,66,65,1831,2800,0.484417,19,8.46768,0,0,169405998689
35.3341,28.3012,5.37241,69,66,65,1831,2800,0.484417,19,8.46768,0,0,169434300046
42.7898,23.37,5.37241,69,66,65,1831,2800,0.484417,19,8.46768,0,0,169457671134
37.3986,26.739,5.37241,69,66,65,1831,2800,0.484417,19,8.46768,0,0,169484408677
40.6058,24.627,5.37241,69,66,65,1831,2800,0.484417,19,8.46768,0,0,169509041212
39.4438,25.3525,4.52876,69,64,66,1833,2800,0.484417,33,8.46862,0,0,169534390151
36.8932,27.1053,4.52876,69,64,66,1833,2800,0.484417,33,8.46862,0,0,169561496706
40.1279,24.9203,4.52876,69,64,66,1833,2800,0.484417,33,8.46862,0,0,169586417161
39.5441,25.2882,4.52876,69,64,66,1833,2800,0.484417,33,8.46862,0,0,169611707229
37.5758,26.6129,4.52876,69,64,66,1833,2800,0.484417,33,8.46862,0,0,169638318736
39.0953,25.5785,4.52876,69,64,66,1833,2800,0.484417,33,8.46862,0,0,169663897736
39.3022,25.4439,4.52876,69,64,66,1833,2800,0.484417,33,8.46862,0,0,169689343216
39.9449,25.0345,4.52876,69,64,66,1833,2800,0.484417,33,8.46862,0,0,169714378256
36.7286,27.2267,4.52876,69,64,66,1833,2800,0.484417,33,8.46862,0,0,169741604706
38.4677,25.9958,4.52876,69,64,66,1833,2800,0.484417,33,8.46862,0,0,169767599666
40.0731,24.9544,4.52876,69,64,66,1833,2800,0.484417,33,8.46862,0,0,169792556609
39.3923,25.3857,4.52876,69,64,66,1833,2800,0.484417,33,8.46862,0,0,169817942197
39.1177,25.5639,4.52876,69,64,66,1833,2800,0.484417,33,8.46862,0,0,169843506459
39.0969,25.5775,4.52876,69,64,66,1833,2800,0.484417,33,8.46862,0,0,169869083616
36.9268,27.0806,4.52876,69,64,66,1833,2800,0.484417,33,8.46862,0,0,169896164042
40.8374,24.4874,4.52876,69,64,66,1833,2800,0.484417,33,8.46862,0,0,169920653298
37.8459,26.423,4.52876,69,64,66,1833,2800,0.484417,33,8.46862,0,0,169947075420
38.7018,25.8386,4.52876,69,64,66,1833,2800,0.484417,33,8.46862,0,0,169972915209
35.7809,27.9479,4.52876,69,64,66,1833,2800,0.484417,33,8.46862,0,0,170000861540
43.9055,22.7762,4.52876,69,64,66,1833,2800,0.484417,33,8.46862,0,0,170023642722
37.0874,26.9633,4.1769,69,70,65,1800,2800,0.484417,35,8.46819,0,0,170050602793
40.3921,24.7573,4.1769,69,70,65,1800,2800,0.484417,35,8.46819,0,0,170075360813
37.1996,26.882,4.1769,69,70,65,1800,2800,0.484417,35,8.46819,0,0,170102242346
40.601,24.63,4.1769,69,70,65,1800,2800,0.484417,35,8.46819,0,0,170126872266
38.1351,26.2226,4.1769,69,70,65,1800,2800,0.484417,35,8.46819,0,0,170153095484
38.9639,25.6648,4.1769,69,70,65,1800,2800,0.484417,35,8.46819,0,0,170178761398
38.6156,25.8962,4.1769,69,70,65,1800,2800,0.484417,35,8.46819,0,0,170204656210
38.3189,26.0968,4.1769,69,70,65,1800,2800,0.484417,35,8.46819,0,0,170230753202
41.3242,24.1989,4.1769,69,70,65,1800,2800,0.484417,35,8.46819,0,0,170254954317
39.0456,25.611,4.1769,69,70,65,1800,2800,0.484417,35,8.46819,0,0,170280565318
38.0315,26.294,4.1769,69,70,65,1800,2800,0.484417,35,8.46819,0,0,170306858217
35.8288,27.9105,4.1769,69,70,65,1800,2800,0.484417,35,8.46819,0,0,170334769061
40.0554,24.9654,4.1769,69,70,65,1800,2800,0.484417,35,8.46819,0,0,170359736023
37.589,26.6035,4.1769,69,70,65,1800,2800,0.484417,35,8.46819,0,0,170386339174
41.597,24.0402,4.1769,69,70,65,1800,2800,0.484417,35,8.46819,0,0,170410380871
38.4621,25.9996,4.1769,69,70,65,1800,2800,0.484417,35,8.46819,0,0,170436380279
40.0886,24.9447,4.1769,69,70,65,1800,2800,0.484417,35,8.46819,0,0,170461325841
36.3403,27.5177,4.1769,69,70,65,1800,2800,0.484417,35,8.46819,0,0,170488843598
40.5471,24.6627,4.1769,69,70,65,1800,2800,0.484417,35,8.46819,0,0,170513506810
38.0205,26.3016,4.1769,69,70,65,1800,2800,0.484417,35,8.46819,0,0,170539814678
35.9783,27.7945,4.16667,69,66,66,1810,2800,0.484417,13,8.46783,0,0,170567602250
44.1855,22.6318,4.16667,69,66,66,1810,2800,0.484417,13,8.46783,0,0,170590235104
37.6535,26.5579,4.16667,69,66,66,1810,2800,0.484417,13,8.46783,0,0,170616794774
39.1564,25.5386,4.16667,69,66,66,1810,2800,0.484417,13,8.46783,0,0,170642332747
38.0194,26.3024,4.16667,69,66,66,1810,2800,0.484417,13,8.46783,0,0,170668634673
39.7945,25.1291,4.16667,69,66,66,1810,2800,0.484417,13,8.46783,0,0,170693763048
36.971,27.0482,4.16667,69,66,66,1810,2800,0.484417,13,8.46783,0,0,170720812987
39.8655,25.0843,4.16667,69,66,66,1810,2800,0.484417,13,8.46783,0,0,170745897580
37.6273,26.5764,4.16667,69,66,66,1810,2800,0.484417,13,8.46783,0,0,170772475965
39.7411,25.1629,4.16667,69,66,66,1810,2800,0.484417,13,8.46783,0,0,170797636510
38.8128,25.7647,4.16667,69,66,66,1810,2800,0.484417,13,8.46783,0,0,170823402240
38.2539,26.1411,4.16667,69,66,66,1810,2800,0.484417,13,8.46783,0,0,170849544327
38.6744,25.8569,4.16667,69,66,66,1810,2800,0.484417,13,8.46783,0,0,170875401078
37.7926,26.4602,4.16667,69,66,66,1810,2800,0.484417,13,8.46783,0,0,170901861050
41.103,24.3291,4.16667,69,66,66,1810,2800,0.484417,13,8.46783,0,0,170926192059
39.0513,25.6073,4.16667,69,66,66,1810,2800,0.484417,13,8.46783,0,0,170951799884
39.1721,25.5284,4.16667,69,66,66,1810,2800,0.484417,13,8.46783,0,0,170977328790
36.5206,27.3818,4.16667,69,66,66,1810,2800,0.484417,13,8.46783,0,0,171004710501
40.807,24.5056,4.16667,69,66,66,1810,2800,0.484417,13,8.46783,0,0,171029215156
36.9807,27.0411,4.16667,69,66,66,1810,2800,0.484417,13,8.46783,0,0,171056264715
40.189,24.8824,4.7619,69,65,65,1791,2800,0.484417,29,8.46167,0,0,171081141157
39.0627,25.5998,4.7619,69,65,65,1791,2800,0.484417,29,8.46167,0,0,171106741227
36.4059,27.4681,4.7619,69,65,65,1791,2800,0.484417,29,8.46167,0,0,171134209430
42.2762,23.654,4.7619,69,65,65,1791,2800,0.484417,29,8.46167,0,0,171157864001
37.6767,26.5416,4.7619,69,65,65,1791,2800,0.484417,29,8.46167,0,0,171184406238
37.1568,26.913,4.7619,69,65,65,1791,2800,0.484417,29,8.46167,0,0,171211317968
40.6715,24.5872,4.7619,69,65,65,1791,2800,0.484417,29,8.46167,0,0,171235906540
38.6743,25.857,4.7619,69,65,65,1791,2800,0.484417,29,8.46167,0,0,171261763431
38.9139,25.6978,4.7619,69,65,65,1791,2800,0.484417,29,8.46167,0,0,171287462507
40.9816,24.4012,4.7619,69,65,65,1791,2800,0.484417,29,8.46167,0,0,171311863407
39.6082,25.2473,4.7619,69,65,65,1791,2800,0.484417,29,8.46167,0,0,171337111266
41.1624,24.294,4.7619,69,65,65,1791,2800,0.484417,29,8.46167,0,0,171361405456
36.9424,27.0691,4.7619,69,65,65,1791,2800,0.484417,29,8.46167,0,0,171388475142
38.4388,26.0154,4.7619,69,65,65,1791,2800,0.484417,29,8.46167,0,0,171414490521
34.6721,28.8416,4.7619,69,65,65,1791,2800,0.484417,29,8.46167,0,0,171443333263
41.2386,24.2491,4.7619,69,65,65,1791,2800,0.484417,29,8.46167,0,0,171467581297
36.9593,27.0568,4.7619,69,65,65,1791,2800,0.484417,29,8.46167,0,0,171494640243
43.5288,22.9733,4.7619,69,65,65,1791,2800,0.484417,29,8.46167,0,0,171517612133
36.3487,27.5113,4.7619,69,65,65,1791,2800,0.484417,29,8.46167,0,0,171545126353
38.1276,26.2277,4.7619,69,65,65,1791,2800,0.484417,29,8.46167,0,0,171571355132
43.8613,22.7991,4.78528,69,65,66,1914,2800,0.484417,19,8.46343,0,0,171594151272
34.4555,29.0229,4.78528,69,65,66,1914,2800,0.484417,19,8.46343,0,0,171623176256
43.2397,23.1269,4.78528,69,65,66,1914,2800,0.484417,19,8.46343,0,0,171646303186
37.2082,26.8758,4.78528,69,65,66,1914,2800,0.484417,19,8.46343,0,0,171673179710
42.9545,23.2804,4.78528,69,65,66,1914,2800,0.484417,19,8.46343,0,0,171696460129
36.6319,27.2986,4.78528,69,65,66,1914,2800,0.484417,19,8.46343,0,0,171723759566
36.9162,27.0884,4.78528,69,65,66,1914,2800,0.484417,19,8.46343,0,0,171750849220
35.8951,27.859,4.78528,69,65,66,1914,2800,0.484417,19,8.46343,0,0,171778706654
39.589,25.2595,4.78528,69,65,66,1914,2800,0.484417,19,8.46343,0,0,171803966204
43.4881,22.9948,4.78528,69,65,66,1914,2800,0.484417,19,8.46343,0,0,171826960807
36.157,27.6572,4.78528,69,65,66,1914,2800,0.484417,19,8.46343,0,0,171854621161
42.6563,23.4432,4.78528,69,65,66,1914,2800,0.484417,19,8.46343,0,0,171878064014
27.8309,35.9313,4.78528,69,65,66,1914,2800,0.484417,19,8.46343,0,0,171913995293
33.3132,30.0182,4.78528,69,65,66,1914,2800,0.484417,19,8.46343,0,0,171944014672
36.0451,27.7431,4.78528,69,65,66,1914,2800,0.484417,19,8.46343,0,0,171971765616
41.9897,23.8154,4.78528,69,65,66,1914,2800,0.484417,19,8.46343,0,0,171995572212
41.2643,24.234,4.78528,69,65,66,1914,2800,0.484417,19,8.46343,0,0,172019806720
39.8005,25.1253,4.78528,69,65,66,1914,2800,0.484417,19,8.46343,0,0,172044931999
42.2733,23.6556,4.78528,69,65,66,1914,2800,0.484417,19,8.46343,0,0,172068589014
38.3326,26.0875,4.78528,69,65,66,1914,2800,0.484417,19,8.46343,0,0,172094683661
40.3567,24.7791,5.3076,69,68,65,1934,2800,0.484417,17,8.46236,0,0,172119456369
38.6991,25.8404,5.3076,69,68,65,1934,2800,0.484417,17,8.46236,0,0,172145297260
32.5665,30.7064,5.3076,69,68,65,1934,2800,0.484417,17,8.46236,0,0,172176003077
30.8767,32.3869,5.3076,69,68,65,1934,2800,0.484417,17,8.46236,0,0,172208390067
34.2701,29.18,5.3076,69,68,65,1934,2800,0.484417,17,8.46236,0,0,172237570062
43.0882,23.2082,5.3076,69,68,65,1934,2800,0.484417,17,8.46236,0,0,172260778165
40.4061,24.7488,5.3076,69,68,65,1934,2800,0.484417,17,8.46236,0,0,172285527298
39.0689,25.5958,5.3076,69,68,65,1934,2800,0.484417,17,8.46236,0,0,172311123511
39.6883,25.1963,5.3076,69,68,65,1934,2800,0.484417,17,8.46236,0,0,172336320094
37.8918,26.3909,5.3076,69,68,65,1934,2800,0.484417,17,8.46236,0,0,172362710876
39.209,25.5043,5.3076,69,68,65,1934,2800,0.484417,17,8.46236,0,0,172388215888
38.5647,25.9305,5.3076,69,68,65,1934,2800,0.484417,17,8.46236,0,0,172414148541
37.6186,26.5826,5.3076,69,68,65,1934,2800,0.484417,17,8.46236,0,0,172440729130
45.4931,21.9813,5.3076,69,68,65,1934,2800,0.484417,17,8.46236,0,0,172462712045
36.822,27.1577,5.3076,69,68,65,1934,2800,0.484417,17,8.46236,0,0,172489868915
37.9765,26.3321,5.3076,69,68,65,1934,2800,0.484417,17,8.46236,0,0,172516202049
37.4692,26.6886,5.3076,69,68,65,1934,2800,0.484417,17,8.46236,0,0,172542891833
38.7586,25.8007,5.3076,69,68,65,1934,2800,0.484417,17,8.46236,0,0,172568692950
41.6399,24.0154,5.3076,69,68,65,1934,2800,0.484417,17,8.46236,0,0,172592709058
38.9517,25.6728,5.3076,69,68,65,1934,2800,0.484417,17,8.46236,0,0,172618384108
32.4201,30.8451,5.0786,69,65,67,2045,2800,0.484417,35,8.46165,0,0,172649227764
38.8091,25.7672,5.0786,69,65,67,2045,2800,0.484417,35,8.46165,0,0,172674994356
36.0181,27.7638,5.0786,69,65,67,2045,2800,0.484417,35,8.46165,0,0,172702760839
46.9102,21.3173,5.0786,69,65,67,2045,2800,0.484417,35,8.46165,0,0,172724077183
42.9321,23.2926,5.0786,69,65,67,2045,2800,0.484417,35,8.46165,0,0,172747368542
38.6058,25.9028,5.0786,69,65,67,2045,2800,0.484417,35,8.46165,0,0,172773273875
36.4631,27.425,5.0786,69,65,67,2045,2800,0.484417,35,8.46165,0,0,172800697184
40.933,24.4302,5.0786,69,65,67,2045,2800,0.484417,35,8.46165,0,0,172825129163
38.1496,26.2126,5.0786,69,65,67,2045,2800,0.484417,35,8.46165,0,0,172851342152
38.8175,25.7616,5.0786,69,65,67,2045,2800,0.484417,35,8.46165,0,0,172877102923
38.9814,25.6532,5.0786,69,65,67,2045,2800,0.484417,35,8.46165,0,0,172902757555
38.2325,26.1558,5.0786,69,65,67,2045,2800,0.484417,35,8.46165,0,0,172928913768
39.9639,25.0226,5.0786,69,65,67,2045,2800,0.484417,35,8.46165,0,0,172953936845
38.8536,25.7377,5.0786,69,65,67,2045,2800,0.484417,35,8.46165,0,0,172979674984
35.768,27.958,5.0786,69,65,67,2045,2800,0.484417,35,8.46165,0,0,173007633117
35.3547,28.2847,5.0786,69,65,67,2045,2800,0.484417,35,8.46165,0,0,173035917301
38.028,26.2964,5.0786,69,65,67,2045,2800,0.484417,35,8.46165,0,0,173062218396
41.7454,23.9547,5.0786,69,65,67,2045,2800,0.484417,35,8.46165,0,0,173086170224
43.5463,22.9641,5.0786,69,65,67,2045,2800,0.484417,35,8.46165,0,0,173109135872
36.4047,27.469,5.0786,69,65,67,2045,2800,0.484417,35,8.46165,0,0,173136606330
40.6541,24.5978,5.12195,69,67,68,1984,2800,0.484417,22,8.46054,0,0,173161201555
39.8966,25.0648,5.12195,69,67,68,1984,2800,0.484417,22,8.46054,0,0,173186266050
36.5611,27.3515,5.12195,69,67,68,1984,2800,0.484417,22,8.46054,0,0,173213619137
38.6656,25.8628,5.12195,69,67,68,1984,2800,0.484417,22,8.46054,0,0,173239483182
39.864,25.0853,5.12195,69,67,68,1984,2800,0.484417,22,8.46054,0,0,173264569358
40.1454,24.9095,5.12195,69,67,68,1984,2800,0.484417,22,8.46054,0,0,173289478121
38.5318,25.9526,5.12195,69,67,68,1984,2800,0.484417,22,8.46054,0,0,173315432605
37.3756,26.7554,5.12195,69,67,68,1984,2800,0.484417,22,8.46054,0,0,173342186609
37.3146,26.7992,5.12195,69,67,68,1984,2800,0.484417,22,8.46054,0,0,173368984957
42.129,23.7366,5.12195,69,67,68,1984,2800,0.484417,22,8.46054,0,0,173392722893
38.8392,25.7472,5.12195,69,67,68,1984,2800,0.484417,22,8.46054,0,0,173418471542
37.1286,26.9334,5.12195,69,67,68,1984,2800,0.484417,22,8.46054,0,0,173445403339
38.8569,25.7355,5.12195,69,67,68,1984,2800,0.484417,22,8.46054,0,0,173471139134
41.3495,24.1841,5.12195,69,67,68,1984,2800,0.484417,22,8.46054,0,0,173495325091
38.1414,26.2182,5.12195,69,67,68,1984,2800,0.484417,22,8.46054,0,0,173521541587
36.7889,27.1821,5.12195,69,67,68,1984,2800,0.484417,22,8.46054,0,0,173548724756
40.2282,24.8582,5.12195,69,67,68,1984,2800,0.484417,22,8.46054,0,0,173573583575
36.1759,27.6427,5.12195,69,67,68,1984,2800,0.484417,22,8.46054,0,0,173601227839
41.0487,24.3613,5.12195,69,67,68,1984,2800,0.484417,22,8.46054,0,0,173625587442
39.9876,25.0078,5.12195,69,67,68,1984,2800,0.484417,22,8.46054,0,0,173650599478
38.2462,26.1464,4.56227,69,67,66,1704,2800,0.484417,27,8.46051,0,0,173676742496
36.78,27.1887,4.56227,69,67,66,1704,2800,0.484417,27,8.46051,0,0,173703931507
40.7725,24.5263,4.56227,69,67,66,1704,2800,0.484417,27,8.46051,0,0,173728458543
38.9352,25.6837,4.56227,69,67,66,1704,2800,0.484417,27,8.46051,0,0,173754141749
39.2118,25.5025,4.56227,69,67,66,1704,2800,0.484417,27,8.46051,0,0,173779644516
37.4599,26.6952,4.56227,69,67,66,1704,2800,0.484417,27,8.46051,0,0,173806340962
41.3355,24.1923,4.56227,69,67,66,1704,2800,0.484417,27,8.46051,0,0,173830532580
38.2074,26.1729,4.56227,69,67,66,1704,2800,0.484417,27,8.46051,0,0,173856705464
39.8311,25.106,4.56227,69,67,66,1704,2800,0.484417,27,8.46051,0,0,173881812228
37.8,26.455,4.56227,69,67,66,1704,2800,0.484417,27,8.46051,0,0,173908266651
36.8818,27.1136,4.56227,69,67,66,1704,2800,0.484417,27,8.46051,0,0,173935381632
41.3517,24.1828,4.56227,69,67,66,1704,2800,0.484417,27,8.46051,0,0,173959564313
33.2968,30.0329,4.56227,69,67,66,1704,2800,0.484417,27,8.46051,0,0,173989597348
38.3883,26.0496,4.56227,69,67,66,1704,2800,0.484417,27,8.46051,0,0,174015648654
42.4269,23.5699,4.56227,69,67,66,1704,2800,0.484417,27,8.46051,0,0,174039217874
42.4,23.5849,4.56227,69,67,66,1704,2800,0.484417,27,8.46051,0,0,174062802884
39.7729,25.1427,4.56227,69,67,66,1704,2800,0.484417,27,8.46051,0,0,174087945956
39.0311,25.6206,4.56227,69,67,66,1704,2800,0.484417,27,8.46051,0,0,174113568328
37.6729,26.5443,4.56227,69,67,66,1704,2800,0.484417,27,8.46051,0,0,174140113460
36.8449,27.1408,4.56227,69,67,66,1704,2800,0.484417,27,8.46051,0,0,174167258588
41.92,23.855,5.01836,69,65,67,1749,2800,0.484417,29,8.45995,0,0,174191109887
37.973,26.3345,5.01836,69,65,67,1749,2800,0.484417,29,8.45995,0,0,174217442761
38.4116,26.0338,5.01836,69,65,67,1749,2800,0.484417,29,8.45995,0,0,174243479320
38.4061,26.0375,5.01836,69,65,67,1749,2800,0.484417,29,8.45995,0,0,174269515788
41.6795,23.9926,5.01836,69,65,67,1749,2800,0.484417,29,8.45995,0,0,174293509254
39.9188,25.0509,5.01836,69,65,67,1749,2800,0.484417,29,8.45995,0,0,174318561115
38.5186,25.9615,5.01836,69,65,67,1749,2800,0.484417,29,8.45995,0,0,174344523515
38.1956,26.181,5.01836,69,65,67,1749,2800,0.484417,29,8.45995,0,0,174370702420
42.1632,23.7173,5.01836,69,65,67,1749,2800,0.484417,29,8.45995,0,0,174394421301
37.1556,26.9139,5.01836,69,65,67,1749,2800,0.484417,29,8.45995,0,0,174421335345
37.3898,26.7452,5.01836,69,65,67,1749,2800,0.484417,29,8.45995,0,0,174448080513
38.9084,25.7014,5.01836,69,65,67,1749,2800,0.484417,29,8.45995,0,0,174473782063
37.6957,26.5282,5.01836,69,65,67,1749,2800,0.484417,29,8.45995,0,0,174500310033
41.6215,24.0261,5.01836,69,65,67,1749,2800,0.484417,29,8.45995,0,0,174524336801
39.0817,25.5874,5.01836,69,65,67,1749,2800,0.484417,29,8.45995,0,0,174549924267
36.4398,27.4425,5.01836,69,65,67,1749,2800,0.484417,29,8.45995,0,0,174577368436
35.4404,28.2164,5.01836,69,65,67,1749,2800,0.484417,29,8.45995,0,0,174605584272
44.0568,22.698,5.01836,69,65,67,1749,2800,0.484417,29,8.45995,0,0,174628316282
38.0416,26.287,5.01836,69,65,67,1749,2800,0.484417,29,8.45995,0,0,174654570819
39.5598,25.2782,5.01836,69,65,67,1749,2800,0.484417,29,8.45995,0,0,174679851640
36.1543,27.6593,4.44994,69,69,66,1672,2800,0.484417,16,8.46035,0,0,174707509169
41.6812,23.9916,4.44994,69,69,66,1672,2800,0.484417,16,8.46035,0,0,174731502315
39.8008,25.1251,4.44994,69,69,66,1672,2800,0.484417,16,8.46035,0,0,174756625159
37.3225,26.7935,4.44994,69,69,66,1672,2800,0.484417,16,8.46035,0,0,174783418707
39.9519,25.0301,4.44994,69,69,66,1672,2800,0.484417,16,8.46035,0,0,174808450832
37.5041,26.6637,4.44994,69,69,66,1672,2800,0.484417,16,8.46035,0,0,174835114596
41.6001,24.0384,4.44994,69,69,66,1672,2800,0.484417,16,8.46035,0,0,174859152546
37.0542,26.9875,4.44994,69,69,66,1672,2800,0.484417,16,8.46035,0,0,174886139487
33.0948,30.2162,4.44994,69,69,66,1672,2800,0.484417,16,8.46035,0,0,174916357539
38.1799,26.1918,4.44994,69,69,66,1672,2800,0.484417,16,8.46035,0,0,174942549629
38.6078,25.9015,4.44994,69,69,66,1672,2800,0.484417,16,8.46035,0,0,174968452647
41.3694,24.1724,4.44994,69,69,66,1672,2800,0.484417,16,8.46035,0,0,174992622654
44.0137,22.7202,4.44994,69,69,66,1672,2800,0.484417,16,8.46035,0,0,175015345417
36.5552,27.3559,4.44994,69,69,66,1672,2800,0.484417,16,8.46035,0,0,175042702843
36.9341,27.0752,4.44994,69,69,66,1672,2800,0.484417,16,8.46035,0,0,175069776086
37.526,26.6482,4.44994,69,69,66,1672,2800,0.484417,16,8.46035,0,0,175096423359
42.7088,23.4144,4.44994,69,69,66,1672,2800,0.484417,16,8.46035,0,0,175119837970
41.4606,24.1193,4.44994,69,69,66,1672,2800,0.484417,16,8.46035,0,0,175143960177
38.2309,26.1569,4.44994,69,69,66,1672,2800,0.484417,16,8.46035,0,0,175170114547
41.642,24.0142,4.44994,69,69,66,1672,2800,0.484417,16,8.46035,0,0,175194134061
37.0837,26.966,5.27607,69,63,65,1741,2800,0.484417,30,8.46966,0,0,175221095645
40.8402,24.4857,5.27607,69,63,65,1741,2800,0.484417,30,8.46966,0,0,175245583158
35.5752,28.1095,5.27607,69,63,65,1741,2800,0.484417,30,8.46966,0,0,175273692254
41.2002,24.2717,5.27607,69,63,65,1741,2800,0.484417,30,8.46966,0,0,175297965685
38.8806,25.7198,5.27607,69,63,65,1741,2800,0.484417,30,8.46966,0,0,175323684688
38.7973,25.775,5.27607,69,63,65,1741,2800,0.484417,30,8.46966,0,0,175349458934
38.7543,25.8036,5.27607,69,63,65,1741,2800,0.484417,30,8.46966,0,0,175375263186
36.5754,27.3408,5.27607,69,63,65,1741,2800,0.484417,30,8.46966,0,0,175402605123
41.3454,24.1865,5.27607,69,63,65,1741,2800,0.484417,30,8.46966,0,0,175426793826
37.0186,27.0134,5.27607,69,63,65,1741,2800,0.484417,30,8.46966,0,0,175453807166
40.2335,24.8549,5.27607,69,63,65,1741,2800,0.484417,30,8.46966,0,0,175478661908
36.8221,27.1576,5.27607,69,63,65,1741,2800,0.484417,30,8.46966,0,0,175505820331
43.8312,22.8148,5.27607,69,63,65,1741,2800,0.484417,30,8.46966,0,0,175528634444
36.41,27.465,5.27607,69,63,65,1741,2800,0.484417,30,8.46966,0,0,175556100073
39.2349,25.4875,5.27607,69,63,65,1741,2800,0.484417,30,8.46966,0,0,175581586540
37.9029,26.3832,5.27607,69,63,65,1741,2800,0.484417,30,8.46966,0,0,175607971802
38.9179,25.6951,5.27607,69,63,65,1741,2800,0.484417,30,8.46966,0,0,175633665598
41.0747,24.3459,5.27607,69,63,65,1741,2800,0.484417,30,8.46966,0,0,175658013368
38.2162,26.1669,5.27607,69,63,65,1741,2800,0.484417,30,8.46966,0,0,175684179019
39.2609,25.4706,5.27607,69,63,65,1741,2800,0.484417,30,8.46966,0,0,175709655326
38.1289,26.2268,4.54545,69,68,66,1933,2800,0.484417,15,8.46903,0,0,175735878876
39.5856,25.2617,4.54545,69,68,66,1933,2800,0.484417,15,8.46903,0,0,175761141622
37.7153,26.5144,4.54545,69,68,66,1933,2800,0.484417,15,8.46903,0,0,175787656187
38.6172,25.8952,4.54545,69,68,66,1933,2800,0.484417,15,8.46903,0,0,175813550599
37.7829,26.467,4.54545,69,68,66,1933,2800,0.484417,15,8.46903,0,0,175840017575
41.9243,23.8525,4.54545,69,68,66,1933,2800,0.484417,15,8.46903,0,0,175863870377
35.7883,27.9421,4.54545,69,68,66,1933,2800,0.484417,15,8.46903,0,0,175891812971
41.9557,23.8346,4.54545,69,68,66,1933,2800,0.484417,15,8.46903,0,0,175915649422
38.9512,25.6731,4.54545,69,68,66,1933,2800,0.484417,15,8.46903,0,0,175941322980
36.3702,27.495,4.54545,69,68,66,1933,2800,0.484417,15,8.46903,0,0,175968816651
33.7462,29.633,4.54545,69,68,66,1933,2800,0.484417,15,8.46903,0,0,175998450187
38.4515,26.0068,4.54545,69,68,66,1933,2800,0.484417,15,8.46903,0,0,176024457090
44.0575,22.6976,4.54545,69,68,66,1933,2800,0.484417,15,8.46903,0,0,176047156588
40.5952,24.6334,4.54545,69,68,66,1933,2800,0.484417,15,8.46903,0,0,176071788211
42.379,23.5966,4.54545,69,68,66,1933,2800,0.484417,15,8.46903,0,0,176095385194
36.0127,27.768,4.54545,69,68,66,1933,2800,0.484417,15,8.46903,0,0,176123153741
41.469,24.1144,4.54545,69,68,66,1933,2800,0.484417,15,8.46903,0,0,176147268765
37.9279,26.3658,4.54545,69,68,66,1933,2800,0.484417,15,8.46903,0,0,176173636354
36.6974,27.2499,4.54545,69,68,66,1933,2800,0.484417,15,8.46903,0,0,176200886810
41.2018,24.2708,4.54545,69,68,66,1933,2800,0.484417,15,8.46903,0,0,176225158918
35.725,27.9916,5.47445,69,65,66,1912,2800,0.484417,28,8.4686,0,0,176253148951
42.4783,23.5415,5.47445,69,65,66,1912,2800,0.484417,28,8.4686,0,0,176276690209
37.58,26.6099,5.47445,69,65,66,1912,2800,0.484417,28,8.4686,0,0,176303302748
41.6401,24.0153,5.47445,69,65,66,1912,2800,0.484417,28,8.4686,0,0,176327316201
36.7014,27.2469,5.47445,69,65,66,1912,2800,0.484417,28,8.4686,0,0,176354563781
40.0639,24.9601,5.47445,69,65,66,1912,2800,0.484417,28,8.4686,0,0,176379525283
35.0093,28.5638,5.47445,69,65,66,1912,2800,0.484417,28,8.4686,0,0,176408087809
36.476,27.4153,5.47445,69,65,66,1912,2800,0.484417,28,8.4686,0,0,176435505538
43.3623,23.0615,5.47445,69,65,66,1912,2800,0.484417,28,8.4686,0,0,176458567026
36.5805,27.337,5.47445,69,65,66,1912,2800,0.484417,28,8.4686,0,0,176485902912
40.1729,24.8924,5.47445,69,65,66,1912,2800,0.484417,28,8.4686,0,0,176510795575
38.0368,26.2903,5.47445,69,65,66,1912,2800,0.484417,28,8.4686,0,0,176537087081
39.3483,25.414,5.47445,69,65,66,1912,2800,0.484417,28,8.4686,0,0,176562500511
37.6909,26.5316,5.47445,69,65,66,1912,2800,0.484417,28,8.4686,0,0,176589033300
40.2883,24.8211,5.47445,69,65,66,1912,2800,0.484417,28,8.4686,0,0,176613853907
35.5052,28.1649,5.47445,69,65,66,1912,2800,0.484417,28,8.4686,0,0,176642020682
36.9572,27.0583,5.47445,69,65,66,1912,2800,0.484417,28,8.4686,0,0,176669078576
43.0446,23.2317,5.47445,69,65,66,1912,2800,0.484417,28,8.4686,0,0,176692310644
36.7716,27.1949,5.47445,69,65,66,1912,2800,0.484417,28,8.4686,0,0,176719504713
37.2528,26.8437,5.47445,69,65,66,1912,2800,0.484417,28,8.4686,0,0,176746352082
41.681,23.9917,5.42169,69,66,67,1923,2800,0.484417,19,8.46991,0,0,176770341862
40.3531,24.7813,5.42169,69,66,67,1923,2800,0.484417,19,8.46991,0,0,176795122885
38.7595,25.8001,5.42169,69,66,67,1923,2800,0.484417,19,8.46991,0,0,176820923611
36.879,27.1157,5.42169,69,66,67,1923,2800,0.484417,19,8.46991,0,0,176848040065
38.995,25.6443,5.42169,69,66,67,1923,2800,0.484417,19,8.46991,0,0,176873685249
35.8618,27.8848,5.42169,69,66,67,1923,2800,0.484417,19,8.46991,0,0,176901570535
44.9182,22.2627,5.42169,69,66,67,1923,2800,0.484417,19,8.46991,0,0,176923833305
38.2031,26.1759,5.42169,69,66,67,1923,2800,0.484417,19,8.46991,0,0,176950009135
39.5507,25.284,5.42169,69,66,67,1923,2800,0.484417,19,8.46991,0,0,176975294915
35.3522,28.2868,5.42169,69,66,67,1923,2800,0.484417,19,8.46991,0,0,177003582035
43.6922,22.8874,5.42169,69,66,67,1923,2800,0.484417,19,8.46991,0,0,177026469616
36.8186,27.1602,5.42169,69,66,67,1923,2800,0.484417,19,8.46991,0,0,177053629592
37.8815,26.3981,5.42169,69,66,67,1923,2800,0.484417,19,8.46991,0,0,177080026807
40.0896,24.9441,5.42169,69,66,67,1923,2800,0.484417,19,8.46991,0,0,177104971888
40.2204,24.863,5.42169,69,66,67,1923,2800,0.484417,19,8.46991,0,0,177129834514
37.0852,26.9649,5.42169,69,66,67,1923,2800,0.484417,19,8.46991,0,0,177156799424
38.9688,25.6616,5.42169,69,66,67,1923,2800,0.484417,19,8.46991,0,0,177182461380
38.2428,26.1487,5.42169,69,66,67,1923,2800,0.484417,19,8.46991,0,0,177208610289
37.0522,26.9889,5.42169,69,66,67,1923,2800,0.484417,19,8.46991,0,0,177235600286
41.3046,24.2104,5.42169,69,66,67,1923,2800,0.484417,19,8.46991,0,0,177259816600
38.9232,25.6916,5.03067,70,67,69,2210,2800,0.484417,40,8.46825,0,0,177285503532
38.0589,26.275,5.03067,70,67,69,2210,2800,0.484417,40,8.46825,0,0,177311778327
39.1489,25.5435,5.03067,70,67,69,2210,2800,0.484417,40,8.46825,0,0,177337322582
42.4818,23.5395,5.03067,70,67,69,2210,2800,0.484417,40,8.46825,0,0,177360862257
34.9769,28.5903,5.03067,70,67,69,2210,2800,0.484417,40,8.46825,0,0,177389454099
42.6784,23.431,5.03067,70,67,69,2210,2800,0.484417,40,8.46825,0,0,177412884418
37.2082,26.8758,5.03067,70,67,69,2210,2800,0.484417,40,8.46825,0,0,177439762074
41.7083,23.9761,5.03067,70,67,69,2210,2800,0.484417,40,8.46825,0,0,177463736925
37.9501,26.3504,5.03067,70,67,69,2210,2800,0.484417,40,8.46825,0,0,177490088314
39.8819,25.074,5.03067,70,67,69,2210,2800,0.484417,40,8.46825,0,0,177515161696
38.4152,26.0314,5.03067,70,67,69,2210,2800,0.484417,40,8.46825,0,0,177541194137
35.1151,28.4778,5.03067,70,67,69,2210,2800,0.484417,40,8.46825,0,0,177569671974
43.0868,23.2089,5.03067,70,67,69,2210,2800,0.484417,40,8.46825,0,0,177592882662
38.5401,25.947,5.03067,70,67,69,2210,2800,0.484417,40,8.46825,0,0,177618829081
38.7847,25.7833,5.03067,70,67,69,2210,2800,0.484417,40,8.46825,0,0,177644613457
34.3363,29.1237,5.03067,70,67,69,2210,2800,0.484417,40,8.46825,0,0,177673736144
42.4358,23.565,5.03067,70,67,69,2210,2800,0.484417,40,8.46825,0,0,177697302749
37.6029,26.5937,5.03067,70,67,69,2210,2800,0.484417,40,8.46825,0,0,177723897194
42.6096,23.4689,5.03067,70,67,69,2210,2800,0.484417,40,8.46825,0,0,177747365716
36.251,27.5855,5.03067,70,67,69,2210,2800,0.484417,40,8.46825,0,0,177774955407
37.3333,26.7857,4.76773,70,66,69,2156,2800,0.484417,18,8.46486,0,0,177801739688
44.218,22.6152,4.76773,70,66,69,2156,2800,0.484417,18,8.46486,0,0,177824353887
37.1228,26.9376,4.76773,70,66,69,2156,2800,0.484417,18,8.46486,0,0,177851292598
38.2699,26.1302,4.76773,70,66,69,2156,2800,0.484417,18,8.46486,0,0,177877421559
32.1658,31.089,4.76773,70,66,69,2156,2800,0.484417,18,8.46486,0,0,177908510665
38.4249,26.0248,4.76773,70,66,69,2156,2800,0.484417,18,8.46486,0,0,177934535191
46.5964,21.4609,4.76773,70,66,69,2156,2800,0.484417,18,8.46486,0,0,177955997920
41.6969,23.9826,4.76773,70,66,69,2156,2800,0.484417,18,8.46486,0,0,177979980465
32.2286,31.0283,4.76773,70,66,69,2156,2800,0.484417,18,8.46486,0,0,178011008336
39.0867,25.5842,4.76773,70,66,69,2156,2800,0.484417,18,8.46486,0,0,178036594840
48.429,20.6488,4.76773,70,66,69,2156,2800,0.484417,18,8.46486,0,0,178057242701
38.9353,25.6836,4.76773,70,66,69,2156,2800,0.484417,18,8.46486,0,0,178082926858
36.8865,27.1102,4.76773,70,66,69,2156,2800,0.484417,18,8.46486,0,0,178110038072
39.6388,25.2278,4.76773,70,66,69,2156,2800,0.484417,18,8.46486,0,0,178135264471
35.7182,27.9969,4.76773,70,66,69,2156,2800,0.484417,18,8.46486,0,0,178163263040
39.8498,25.0942,4.76773,70,66,69,2156,2800,0.484417,18,8.46486,0,0,178188357922
41.8726,23.882,4.76773,70,66,69,2156,2800,0.484417,18,8.46486,0,0,178212241121
36.0367,27.7495,4.76773,70,66,69,2156,2800,0.484417,18,8.46486,0,0,178239990853
41.4215,24.142,4.76773,70,66,69,2156,2800,0.484417,18,8.46486,0,0,178264132206
36.2904,27.5555,4.76773,70,66,69,2156,2800,0.484417,18,8.46486,0,0,178291695979
40.8532,24.4779,5.14076,69,68,72,2437,2800,0.484417,34,8.46877,0,0,178316167953
36.6401,27.2925,5.14076,69,68,72,2437,2800,0.484417,34,8.46877,0,0,178343459946
38.1065,26.2422,5.14076,69,68,72,2437,2800,0.484417,34,8.46877,0,0,178369702661
43.4951,22.9911,5.14076,69,68,72,2437,2800,0.484417,34,8.46877,0,0,178392692735
38.48,25.9875,5.14076,69,68,72,2437,2800,0.484417,34,8.46877,0,0,178418680532
36.5512,27.3589,5.14076,69,68,72,2437,2800,0.484417,34,8.46877,0,0,178446040894
40.0784,24.9511,5.14076,69,68,72,2437,2800,0.484417,34,8.46877,0,0,178470991505
39.45,25.3485,5.14076,69,68,72,2437,2800,0.484417,34,8.46877,0,0,178496341155
39.0229,25.626,5.14076,69,68,72,2437,2800,0.484417,34,8.46877,0,0,178521966021
37.6875,26.534,5.14076,69,68,72,2437,2800,0.484417,34,8.46877,0,0,178548501365
36.4707,27.4193,5.14076,69,68,72,2437,2800,0.484417,34,8.46877,0,0,178575922400
42.3322,23.6227,5.14076,69,68,72,2437,2800,0.484417,34,8.46877,0,0,178599544039
39.4721,25.3343,5.14076,69,68,72,2437,2800,0.484417,34,8.46877,0,0,178624878601
38.8614,25.7325,5.14076,69,68,72,2437,2800,0.484417,34,8.46877,0,0,178650612712
37.1961,26.8845,5.14076,69,68,72,2437,2800,0.484417,34,8.46877,0,0,178677497882
37.0603,26.9831,5.14076,69,68,72,2437,2800,0.484417,34,8.46877,0,0,178704480475
40.7703,24.5277,5.14076,69,68,72,2437,2800,0.484417,34,8.46877,0,0,178729010207
40.5016,24.6904,5.14076,69,68,72,2437,2800,0.484417,34,8.46877,0,0,178753699688
39.8732,25.0795,5.14076,69,68,72,2437,2800,0.484417,34,8.46877,0,0,178778778991
34.6248,28.881,5.14076,69,68,72,2437,2800,0.484417,34,8.46877,0,0,178807665826
43.8252,22.8179,5.26316,70,66,76,2474,2800,0.484417,32,8.47526,0,0,178830478948
38.0446,26.2849,5.26316,70,66,76,2474,2800,0.484417,32,8.47526,0,0,178856764613
37.8225,26.4393,5.26316,70,66,76,2474,2800,0.484417,32,8.47526,0,0,178883204929
34.3077,29.148,5.26316,70,66,76,2474,2800,0.484417,32,8.47526,0,0,178912352723
37.7755,26.4722,5.26316,70,66,76,2474,2800,0.484417,32,8.47526,0,0,178938825540
45.5583,21.9499,5.26316,70,66,76,2474,2800,0.484417,32,8.47526,0,0,178960774000
40.945,24.423,5.26316,70,66,76,2474,2800,0.484417,32,8.47526,0,0,178985197944
37.4167,26.726,5.26316,70,66,76,2474,2800,0.484417,32,8.47526,0,0,179011924446
38.7193,25.8269,5.26316,70,66,76,2474,2800,0.484417,32,8.47526,0,0,179037751422
39.1462,25.5452,5.26316,70,66,76,2474,2800,0.484417,32,8.47526,0,0,179063297780
39.3069,25.4408,5.26316,70,66,76,2474,2800,0.484417,32,8.47526,0,0,179088738501
39.2849,25.4551,5.26316,70,66,76,2474,2800,0.484417,32,8.47526,0,0,179114193649
38.5658,25.9297,5.26316,70,66,76,2474,2800,0.484417,32,8.47526,0,0,179140122235
40.3546,24.7803,5.26316,70,66,76,2474,2800,0.484417,32,8.47526,0,0,179164905051
38.6844,25.8502,5.26316,70,66,76,2474,2800,0.484417,32,8.47526,0,0,179190753507
38.8476,25.7416,5.26316,70,66,76,2474,2800,0.484417,32,8.47526,0,0,179216497647
37.9103,26.3781,5.26316,70,66,76,2474,2800,0.484417,32,8.47526,0,0,179242876247
35.8163,27.9203,5.26316,70,66,76,2474,2800,0.484417,32,8.47526,0,0,179270796499
42.4405,23.5624,5.26316,70,66,76,2474,2800,0.484417,32,8.47526,0,0,179294358295
35.7502,27.9719,5.26316,70,66,76,2474,2800,0.484417,32,8.47526,0,0,179322336525
38.4943,25.9779,5.03067,71,69,71,2500,2800,0.484417,30,8.47585,0,0,179348309635
40.4247,24.7373,5.03067,71,69,71,2500,2800,0.484417,30,8.47585,0,0,179373046916
42.0649,23.7728,5.03067,71,69,71,2500,2800,0.484417,30,8.47585,0,0,179396820530
29.877,33.4706,5.03067,71,69,71,2500,2800,0.484417,30,8.47585,0,0,179430291403
39.2247,25.4941,5.03067,71,69,71,2500,2800,0.484417,30,8.47585,0,0,179455784061
41.8335,23.9043,5.03067,71,69,71,2500,2800,0.484417,30,8.47585,0,0,179479690013
41.7485,23.9529,5.03067,71,69,71,2500,2800,0.484417,30,8.47585,0,0,179503643865
42.1079,23.7485,5.03067,71,69,71,2500,2800,0.484417,30,8.47585,0,0,179527391530
37.3105,26.8021,5.03067,71,69,71,2500,2800,0.484417,30,8.47585,0,0,179554193263
37.2473,26.8476,5.03067,71,69,71,2500,2800,0.484417,30,8.47585,0,0,179581043638
37.6992,26.5258,5.03067,71,69,71,2500,2800,0.484417,30,8.47585,0,0,179607569014
38.5946,25.9104,5.03067,71,69,71,2500,2800,0.484417,30,8.47585,0,0,179633480097
40.1107,24.931,5.03067,71,69,71,2500,2800,0.484417,30,8.47585,0,0,179658410791
41.9953,23.8122,5.03067,71,69,71,2500,2800,0.484417,30,8.47585,0,0,179682223157
35.1643,28.4379,5.03067,71,69,71,2500,2800,0.484417,30,8.47585,0,0,179710660579
35.7038,28.0082,5.03067,71,69,71,2500,2800,0.484417,30,8.47585,0,0,179738671891
40.7917,24.5148,5.03067,71,69,71,2500,2800,0.484417,30,8.47585,0,0,179763186575
40.3688,24.7716,5.03067,71,69,71,2500,2800,0.484417,30,8.47585,0,0,179787959653
39.5424,25.2893,5.03067,71,69,71,2500,2800,0.484417,30,8.47585,0,0,179813246576
37.126,26.9353,5.03067,71,69,71,2500,2800,0.484417,30,8.47585,0,0,179840188582
39.62,25.2398,5.26316,71,67,74,2292,2800,0.484417,29,8.47689,0,0,179865423106
38.5653,25.9301,5.26316,71,67,74,2292,2800,0.484417,29,8.47689,0,0,179891354067
39.852,25.0928,5.26316,71,67,74,2292,2800,0.484417,29,8.47689,0,0,179916447175
37.9628,26.3416,5.26316,71,67,74,2292,2800,0.484417,29,8.47689,0,0,179942788225
36.8153,27.1626,5.26316,71,67,74,2292,2800,0.484417,29,8.47689,0,0,179969950134
36.4891,27.4055,5.26316,71,67,74,2292,2800,0.484417,29,8.47689,0,0,179997357384
37.4246,26.7204,5.26316,71,67,74,2292,2800,0.484417,29,8.47689,0,0,180024077013
40.2485,24.8457,5.26316,71,67,74,2292,2800,0.484417,29,8.47689,0,0,180048924611
38.7807,25.786,5.26316,71,67,74,2292,2800,0.484417,29,8.47689,0,0,180074711221
45.3448,22.0533,5.26316,71,67,74,2292,2800,0.484417,29,8.47689,0,0,180096764127
37.3941,26.7422,5.26316,71,67,74,2292,2800,0.484417,29,8.47689,0,0,180123507130
39.9247,25.0471,5.26316,71,67,74,2292,2800,0.484417,29,8.47689,0,0,180148554443
36.2258,27.6046,5.26316,71,67,74,2292,2800,0.484417,29,8.47689,0,0,180176159243
42.9926,23.2598,5.26316,71,67,74,2292,2800,0.484417,29,8.47689,0,0,180199420326
36.9765,27.0442,5.26316,71,67,74,2292,2800,0.484417,29,8.47689,0,0,180226465135
39.3522,25.4115,5.26316,71,67,74,2292,2800,0.484417,29,8.47689,0,0,180251877543
38.4249,26.0248,5.26316,71,67,74,2292,2800,0.484417,29,8.47689,0,0,180277902269
36.2607,27.578,5.26316,71,67,74,2292,2800,0.484417,29,8.47689,0,0,180305479718
44.6226,22.4102,5.26316,71,67,74,2292,2800,0.484417,29,8.47689,0,0,180327891858
35.4716,28.1916,5.26316,71,67,74,2292,2800,0.484417,29,8.47689,0,0,180356089109
39.6896,25.1955,5.63035,70,70,75,2339,2800,0.484417,26,8.47726,0,0,180381279189
38.232,26.1561,5.63035,70,70,75,2339,2800,0.484417,26,8.47726,0,0,180407436574
35.9007,27.8546,5.63035,70,70,75,2339,2800,0.484417,26,8.47726,0,0,180435291143
45.1852,22.1311,5.63035,70,70,75,2339,2800,0.484417,26,8.47726,0,0,180457422516
40.3602,24.7769,5.63035,70,70,75,2339,2800,0.484417,26,8.47726,0,0,180482199482
37.7088,26.519,5.63035,70,70,75,2339,2800,0.484417,26,8.47726,0,0,180508719477
34.6947,28.8228,5.63035,70,70,75,2339,2800,0.484417,26,8.47726,0,0,180537542262
41.1765,24.2857,5.63035,70,70,75,2339,2800,0.484417,26,8.47726,0,0,180561828767
38.5982,25.908,5.63035,70,70,75,2339,2800,0.484417,26,8.47726,0,0,180587737917
39.4918,25.3217,5.63035,70,70,75,2339,2800,0.484417,26,8.47726,0,0,180613057851
36.8472,27.1391,5.63035,70,70,75,2339,2800,0.484417,26,8.47726,0,0,180640197969
39.6057,25.2489,5.63035,70,70,75,2339,2800,0.484417,26,8.47726,0,0,180665448413
41.2815,24.2239,5.63035,70,70,75,2339,2800,0.484417,26,8.47726,0,0,180689670568
38.4308,26.0208,5.63035,70,70,75,2339,2800,0.484417,26,8.47726,0,0,180715693842
38.6644,25.8636,5.63035,70,70,75,2339,2800,0.484417,26,8.47726,0,0,180741555863
44.1158,22.6676,5.63035,70,70,75,2339,2800,0.484417,26,8.47726,0,0,180764224934
37.7831,26.4669,5.63035,70,70,75,2339,2800,0.484417,26,8.47726,0,0,180790692271
38.5405,25.9468,5.63035,70,70,75,2339,2800,0.484417,26,8.47726,0,0,180816638209
36.8341,27.1487,5.63035,70,70,75,2339,2800,0.484417,26,8.47726,0,0,180843788056
39.709,25.1832,5.63035,70,70,75,2339,2800,0.484417,26,8.47726,0,0,180868973388
38.0517,26.28,5.41872,70,67,74,2506,2800,0.484417,24,8.47177,0,0,180895251940
32.7451,30.539,5.41872,70,67,74,2506,2800,0.484417,24,8.47177,0,0,180925790142
38.4517,26.0067,5.41872,70,67,74,2506,2800,0.484417,24,8.47177,0,0,180951798067
41.5196,24.085,5.41872,70,67,74,2506,2800,0.484417,24,8.47177,0,0,180975882363
44.0647,22.6939,5.41872,70,67,74,2506,2800,0.484417,24,8.47177,0,0,180998576292
37.6516,26.5593,5.41872,70,67,74,2506,2800,0.484417,24,8.47177,0,0,181025136633
40.864,24.4714,5.41872,70,67,74,2506,2800,0.484417,24,8.47177,0,0,181049608286
36.69,27.2554,5.41872,70,67,74,2506,2800,0.484417,24,8.47177,0,0,181076864021
39.1216,25.5613,5.41872,70,67,74,2506,2800,0.484417,24,8.47177,0,0,181102428213
32.8419,30.4489,5.41872,70,67,74,2506,2800,0.484417,24,8.47177,0,0,181132874954
36.0928,27.7064,5.41872,70,67,74,2506,2800,0.484417,24,8.47177,0,0,181160581325
35.1777,28.4271,5.41872,70,67,74,2506,2800,0.484417,24,8.47177,0,0,181189010711
37.3489,26.7745,5.41872,70,67,74,2506,2800,0.484417,24,8.47177,0,0,181215783721
43.3252,23.0812,5.41872,70,67,74,2506,2800,0.484417,24,8.47177,0,0,181238866569
41.6073,24.0343,5.41872,70,67,74,2506,2800,0.484417,24,8.47177,0,0,181262900140
38.6776,25.8547,5.41872,70,67,74,2506,2800,0.484417,24,8.47177,0,0,181288754136
40.6937,24.5739,5.41872,70,67,74,2506,2800,0.484417,24,8.47177,0,0,181313328171
37.4433,26.7071,5.41872,70,67,74,2506,2800,0.484417,24,8.47177,0,0,181340037982
42.1485,23.7256,5.41872,70,67,74,2506,2800,0.484417,24,8.47177,0,0,181363761753
36.7668,27.1985,5.41872,70,67,74,2506,2800,0.484417,24,8.47177,0,0,181390966101
39.7769,25.1402,5.44794,70,70,72,2535,2800,0.484417,23,8.47154,0,0,181416101690
37.4312,26.7157,5.44794,70,70,72,2535,2800,0.484417,23,8.47154,0,0,181442817733
37.5773,26.6118,5.44794,70,70,72,2535,2800,0.484417,23,8.47154,0,0,181469429831
40.4225,24.7387,5.44794,70,70,72,2535,2800,0.484417,23,8.47154,0,0,181494168444
40.6665,24.5903,5.44794,70,70,72,2535,2800,0.484417,23,8.47154,0,0,181518759602
37.3899,26.7452,5.44794,70,70,72,2535,2800,0.484417,23,8.47154,0,0,181545504118
36.3082,27.542,5.44794,70,70,72,2535,2800,0.484417,23,8.47154,0,0,181573047984
41.6003,24.0383,5.44794,70,70,72,2535,2800,0.484417,23,8.47154,0,0,181597086494
36.831,27.1511,5.44794,70,70,72,2535,2800,0.484417,23,8.47154,0,0,181624237463
38.5132,25.9651,5.44794,70,70,72,2535,2800,0.484417,23,8.47154,0,0,181650203008
34.0804,29.3423,5.44794,70,70,72,2535,2800,0.484417,23,8.47154,0,0,181679547051
36.3455,27.5137,5.44794,70,70,72,2535,2800,0.484417,23,8.47154,0,0,181707060309
45.9016,21.7858,5.44794,70,70,72,2535,2800,0.484417,23,8.47154,0,0,181728845182
39.6979,25.1902,5.44794,70,70,72,2535,2800,0.484417,23,8.47154,0,0,181754035032
36.6484,27.2863,5.44794,70,70,72,2535,2800,0.484417,23,8.47154,0,0,181781322707
36.8397,27.1446,5.44794,70,70,72,2535,2800,0.484417,23,8.47154,0,0,181808468937
43.9888,22.733,5.44794,70,70,72,2535,2800,0.484417,23,8.47154,0,0,181831201208
39.9113,25.0556,5.44794,70,70,72,2535,2800,0.484417,23,8.47154,0,0,181856256165
39.7556,25.1537,5.44794,70,70,72,2535,2800,0.484417,23,8.47154,0,0,181881409526
35.895,27.859,5.44794,70,70,72,2535,2800,0.484417,23,8.47154,0,0,181909273312
37.03,27.0052,5.0061,71,68,73,2490,2800,0.484417,22,8.46999,0,0,181936275282
38.8201,25.7598,5.0061,71,68,73,2490,2800,0.484417,22,8.46999,0,0,181962036253
42.0202,23.7981,5.0061,71,68,73,2490,2800,0.484417,22,8.46999,0,0,181985834292
31.0694,32.1861,5.0061,71,68,73,2490,2800,0.484417,22,8.46999,0,0,182018021418
44.0158,22.7191,5.0061,71,68,73,2490,2800,0.484417,22,8.46999,0,0,182040739682
39.8681,25.0827,5.0061,71,68,73,2490,2800,0.484417,22,8.46999,0,0,182065823724
41.2339,24.2519,5.0061,71,68,73,2490,2800,0.484417,22,8.46999,0,0,182090074071
37.8028,26.4531,5.0061,71,68,73,2490,2800,0.484417,22,8.46999,0,0,182116528143
39.3748,25.397,5.0061,71,68,73,2490,2800,0.484417,22,8.46999,0,0,182141924420
35.9129,27.8451,5.0061,71,68,73,2490,2800,0.484417,22,8.46999,0,0,182169771885
43.1167,23.1928,5.0061,71,68,73,2490,2800,0.484417,22,8.46999,0,0,182192963277
38.3004,26.1094,5.0061,71,68,73,2490,2800,0.484417,22,8.46999,0,0,182219074345
37.5978,26.5973,5.0061,71,68,73,2490,2800,0.484417,22,8.46999,0,0,182245669992
36.4785,27.4134,5.0061,71,68,73,2490,2800,0.484417,22,8.46999,0,0,182273085708
42.2442,23.6719,5.0061,71,68,73,2490,2800,0.484417,22,8.46999,0,0,182296756478
40.7648,24.531,5.0061,71,68,73,2490,2800,0.484417,22,8.46999,0,0,182321288334
39.1376,25.5509,5.0061,71,68,73,2490,2800,0.484417,22,8.46999,0,0,182346840334
37.3679,26.7609,5.0061,71,68,73,2490,2800,0.484417,22,8.46999,0,0,182373602102
39.2737,25.4623,5.0061,71,68,73,2490,2800,0.484417,22,8.46999,0,0,182399064935
32.8192,30.47,5.0061,71,68,73,2490,2800,0.484417,22,8.46999,0,0,182429543365
44.2764,22.5854,5.34629,71,71,72,2185,2800,0.484417,28,8.47076,0,0,182452120564
38.2171,26.1663,5.34629,71,71,72,2185,2800,0.484417,28,8.47076,0,0,182478287507
38.5435,25.9447,5.34629,71,71,72,2185,2800,0.484417,28,8.47076,0,0,182504233886
39.0681,25.5963,5.34629,71,71,72,2185,2800,0.484417,28,8.47076,0,0,182529830760
38.0824,26.2588,5.34629,71,71,72,2185,2800,0.484417,28,8.47076,0,0,182556088123
39.3489,25.4137,5.34629,71,71,72,2185,2800,0.484417,28,8.47076,0,0,182581503867
36.5685,27.346,5.34629,71,71,72,2185,2800,0.484417,28,8.47076,0,0,182608849851
42.2771,23.6535,5.34629,71,71,72,2185,2800,0.484417,28,8.47076,0,0,182632501195
38.1301,26.226,5.34629,71,71,72,2185,2800,0.484417,28,8.47076,0,0,182658729103
39.5311,25.2965,5.34629,71,71,72,2185,2800,0.484417,28,8.47076,0,0,182684025172
36.0331,27.7522,5.34629,71,71,72,2185,2800,0.484417,28,8.47076,0,0,182711778330
40.0863,24.9462,5.34629,71,71,72,2185,2800,0.484417,28,8.47076,0,0,182736724924
40.6794,24.5825,5.34629,71,71,72,2185,2800,0.484417,28,8.47076,0,0,182761308187
39.3259,25.4286,5.34629,71,71,72,2185,2800,0.484417,28,8.47076,0,0,182786736244
38.1706,26.1982,5.34629,71,71,72,2185,2800,0.484417,28,8.47076,0,0,182812934776
39.0877,25.5835,5.34629,71,71,72,2185,2800,0.484417,28,8.47076,0,0,182838518825
39.5548,25.2814,5.34629,71,71,72,2185,2800,0.484417,28,8.47076,0,0,182863800828
36.7773,27.1907,5.34629,71,71,72,2185,2800,0.484417,28,8.47076,0,0,182890992013
41.2028,24.2702,5.34629,71,71,72,2185,2800,0.484417,28,8.47076,0,0,182915262558
37.4728,26.686,5.34629,71,71,72,2185,2800,0.484417,28,8.47076,0,0,182941951140
40.3596,24.7772,5.55556,70,68,69,1765,2800,0.484417,19,8.47052,0,0,182966726743
38.6507,25.8728,5.55556,70,68,69,1765,2800,0.484417,19,8.47052,0,0,182992599043
40.178,24.8892,5.55556,70,68,69,1765,2800,0.484417,19,8.47052,0,0,183017489832
37.3179,26.7968,5.55556,70,68,69,1765,2800,0.484417,19,8.47052,0,0,183044287198
37.0722,26.9744,5.55556,70,68,69,1765,2800,0.484417,19,8.47052,0,0,183071261225
42.5847,23.4826,5.55556,70,68,69,1765,2800,0.484417,19,8.47052,0,0,183094757859
37.7595,26.4834,5.55556,70,68,69,1765,2800,0.484417,19,8.47052,0,0,183121232789
38.6859,25.8492,5.55556,70,68,69,1765,2800,0.484417,19,8.47052,0,0,183147077728
36.9665,27.0515,5.55556,70,68,69,1765,2800,0.484417,19,8.47052,0,0,183174129050
43.3254,23.0811,5.55556,70,68,69,1765,2800,0.484417,19,8.47052,0,0,183197209594
36.9684,27.0501,5.55556,70,68,69,1765,2800,0.484417,19,8.47052,0,0,183224261597
37.3588,26.7675,5.55556,70,68,69,1765,2800,0.484417,19,8.47052,0,0,183251028846
39.7557,25.1537,5.55556,70,68,69,1765,2800,0.484417,19,8.47052,0,0,183276184492
38.0371,26.2901,5.55556,70,68,69,1765,2800,0.484417,19,8.47052,0,0,183302474616
40.2158,24.8659,5.55556,70,68,69,1765,2800,0.484417,19,8.47052,0,0,183327340328
38.1218,26.2317,5.55556,70,68,69,1765,2800,0.484417,19,8.47052,0,0,183353571612
38.3234,26.0937,5.55556,70,68,69,1765,2800,0.484417,19,8.47052,0,0,183379667662
36.6631,27.2754,5.55556,70,68,69,1765,2800,0.484417,19,8.47052,0,0,183406943915
42.7716,23.38,5.55556,70,68,69,1765,2800,0.484417,19,8.47052,0,0,183430323820
36.9654,27.0523,5.55556,70,68,69,1765,2800,0.484417,19,8.47052,0,0,183457377928
42.1831,23.7062,5.63035,70,71,69,1883,2800,0.484417,14,8.47044,0,0,183481083303
37.3924,26.7434,5.63035,70,71,69,1883,2800,0.484417,14,8.47044,0,0,183507827459
41.1427,24.3057,5.63035,70,71,69,1883,2800,0.484417,14,8.47044,0,0,183532132419
36.9603,27.0561,5.63035,70,71,69,1883,2800,0.484417,14,8.47044,0,0,183559188310
39.9243,25.0474,5.63035,70,71,69,1883,2800,0.484417,14,8.47044,0,0,183584236865
37.6071,26.5907,5.63035,70,71,69,1883,2800,0.484417,14,8.47044,0,0,183610826591
38.8527,25.7382,5.63035,70,71,69,1883,2800,0.484417,14,8.47044,0,0,183636566252
40.1543,24.904,5.63035,70,71,69,1883,2800,0.484417,14,8.47044,0,0,183661469114
40.1932,24.8798,5.63035,70,71,69,1883,2800,0.484417,14,8.47044,0,0,183686350666
38.9537,25.6715,5.63035,70,71,69,1883,2800,0.484417,14,8.47044,0,0,183712023412
37.6005,26.5954,5.63035,70,71,69,1883,2800,0.484417,14,8.47044,0,0,183738618187
41.4473,24.127,5.63035,70,71,69,1883,2800,0.484417,14,8.47044,0,0,183762746065
36.9005,27.0999,5.63035,70,71,69,1883,2800,0.484417,14,8.47044,0,0,183789844145
37.8721,26.4046,5.63035,70,71,69,1883,2800,0.484417,14,8.47044,0,0,183816251629
39.8117,25.1183,5.63035,70,71,69,1883,2800,0.484417,14,8.47044,0,0,183841370576
36.4973,27.3993,5.63035,70,71,69,1883,2800,0.484417,14,8.47044,0,0,183868770372
42.897,23.3117,5.63035,70,71,69,1883,2800,0.484417,14,8.47044,0,0,183892081728
39.4911,25.3222,5.63035,70,71,69,1883,2800,0.484417,14,8.47044,0,0,183917404909
37.8243,26.438,5.63035,70,71,69,1883,2800,0.484417,14,8.47044,0,0,183943844132
38.2637,26.1344,5.63035,70,71,69,1883,2800,0.484417,14,8.47044,0,0,183969980388
39.6544,25.2179,5.39877,69,67,67,1902,2800,0.484417,39,8.46984,0,0,183995196006
38.8956,25.7099,5.39877,69,67,67,1902,2800,0.484417,39,8.46984,0,0,184020906042
38.7998,25.7734,5.39877,69,67,67,1902,2800,0.484417,39,8.46984,0,0,184046678595
36.6787,27.2638,5.39877,69,67,67,1902,2800,0.484417,39,8.46984,0,0,184073942476
42.4249,23.571,5.39877,69,67,67,1902,2800,0.484417,39,8.46984,0,0,184097515533
38.1902,26.1847,5.39877,69,67,67,1902,2800,0.484417,39,8.46984,0,0,184123700780
39.8588,25.0886,5.39877,69,67,67,1902,2800,0.484417,39,8.46984,0,0,184148789902
37.645,26.564,5.39877,69,67,67,1902,2800,0.484417,39,8.46984,0,0,184175353929
34.599,28.9026,5.39877,69,67,67,1902,2800,0.484417,39,8.46984,0,0,184204258257
45.736,21.8646,5.39877,69,67,67,1902,2800,0.484417,39,8.46984,0,0,184226121367
38.1801,26.1916,5.39877,69,67,67,1902,2800,0.484417,39,8.46984,0,0,184252313878
38.3301,26.0891,5.39877,69,67,67,1902,2800,0.484417,39,8.46984,0,0,184278401853
37.6063,26.5913,5.39877,69,67,67,1902,2800,0.484417,39,8.46984,0,0,184304995025
42.652,23.4456,5.39877,69,67,67,1902,2800,0.484417,39,8.46984,0,0,184328442036
37.7001,26.5251,5.39877,69,67,67,1902,2800,0.484417,39,8.46984,0,0,184354967442
39.954,25.0288,5.39877,69,67,67,1902,2800,0.484417,39,8.46984,0,0,184379996470
35.2753,28.3485,5.39877,69,67,67,1902,2800,0.484417,39,8.46984,0,0,184408345045
38.268,26.1315,5.39877,69,67,67,1902,2800,0.484417,39,8.46984,0,0,184434478075
39.0164,25.6303,5.39877,69,67,67,1902,2800,0.484417,39,8.46984,0,0,184460106578
41.7718,23.9396,5.39877,69,67,67,1902,2800,0.484417,39,8.46984,0,0,184484052755
36.8521,27.1355,5.25031,69,71,67,1863,2800,0.484417,16,8.46926,0,0,184511184778
40.1533,24.9046,5.25031,69,71,67,1863,2800,0.484417,16,8.46926,0,0,184536089002
38.7515,25.8055,5.25031,69,71,67,1863,2800,0.484417,16,8.46926,0,0,184561893556
38.9551,25.6706,5.25031,69,71,67,1863,2800,0.484417,16,8.46926,0,0,184587565851
38.5803,25.92,5.25031,69,71,67,1863,2800,0.484417,16,8.46926,0,0,184613485259
37.0707,26.9755,5.25031,69,71,67,1863,2800,0.484417,16,8.46926,0,0,184640462973
41.0599,24.3547,5.25031,69,71,67,1863,2800,0.484417,16,8.46926,0,0,184664816925
38.5879,25.9149,5.25031,69,71,67,1863,2800,0.484417,16,8.46926,0,0,184690731395
39.0242,25.6251,5.25031,69,71,67,1863,2800,0.484417,16,8.46926,0,0,184716358575
37.3372,26.7829,5.25031,69,71,67,1863,2800,0.484417,16,8.46926,0,0,184743141604
39.1263,25.5583,5.25031,69,71,67,1863,2800,0.484417,16,8.46926,0,0,184768700957
38.2536,26.1413,5.25031,69,71,67,1863,2800,0.484417,16,8.46926,0,0,184794840879
41.4255,24.1397,5.25031,69,71,67,1863,2800,0.484417,16,8.46926,0,0,184818982123
38.7641,25.7971,5.25031,69,71,67,1863,2800,0.484417,16,8.46926,0,0,184844779442
36.9977,27.0287,5.25031,69,71,67,1863,2800,0.484417,16,8.46926,0,0,184871808031
39.6536,25.2184,5.25031,69,71,67,1863,2800,0.484417,16,8.46926,0,0,184897028018
40.8936,24.4537,5.25031,69,71,67,1863,2800,0.484417,16,8.46926,0,0,184921480605
39.4821,25.328,5.25031,69,71,67,1863,2800,0.484417,16,8.46926,0,0,184946809837
38.8071,25.7685,5.25031,69,71,67,1863,2800,0.484417,16,8.46926,0,0,184972576930
39.8562,25.0902,5.25031,69,71,67,1863,2800,0.484417,16,8.46926,0,0,184997670620
34.9218,28.6354,5.39877,69,68,66,1584,2800,0.484417,29,8.47068,0,0,185026302977
38.2204,26.164,5.39877,69,68,66,1584,2800,0.484417,29,8.47068,0,0,185052467025
40.5902,24.6365,5.39877,69,68,66,1584,2800,0.484417,29,8.47068,0,0,185077105290
39.981,25.0119,5.39877,69,68,66,1584,2800,0.484417,29,8.47068,0,0,185102117737
37.8201,26.441,5.39877,69,68,66,1584,2800,0.484417,29,8.47068,0,0,185128558925
40.8827,24.4603,5.39877,69,68,66,1584,2800,0.484417,29,8.47068,0,0,185153019417
37.9431,26.3553,5.39877,69,68,66,1584,2800,0.484417,29,8.47068,0,0,185179373731
37.9997,26.316,5.39877,69,68,66,1584,2800,0.484417,29,8.47068,0,0,185205689353
40.7964,24.5119,5.39877,69,68,66,1584,2800,0.484417,29,8.47068,0,0,185230202394
37.5897,26.6031,5.39877,69,68,66,1584,2800,0.484417,29,8.47068,0,0,185256805886
38.3729,26.0601,5.39877,69,68,66,1584,2800,0.484417,29,8.47068,0,0,185282868332
37.3092,26.803,5.39877,69,68,66,1584,2800,0.484417,29,8.47068,0,0,185309671850
39.805,25.1225,5.39877,69,68,66,1584,2800,0.484417,29,8.47068,0,0,185334794944
39.3686,25.4009,5.39877,69,68,66,1584,2800,0.484417,29,8.47068,0,0,185360194177
39.9457,25.034,5.39877,69,68,66,1584,2800,0.484417,29,8.47068,0,0,185385228145
36.7928,27.1792,5.39877,69,68,66,1584,2800,0.484417,29,8.47068,0,0,185412410152
39.6848,25.1986,5.39877,69,68,66,1584,2800,0.484417,29,8.47068,0,0,185437607596
39.714,25.18,5.39877,69,68,66,1584,2800,0.484417,29,8.47068,0,0,185462787618
39.6362,25.2294,5.39877,69,68,66,1584,2800,0.484417,29,8.47068,0,0,185488017874
38.5022,25.9726,5.39877,69,68,66,1584,2800,0.484417,29,8.47068,0,0,185513995843
37.7094,26.5186,4.7619,69,66,66,1705,2800,0.484417,24,8.47057,0,0,185540509065
35.7393,27.9804,4.7619,69,66,66,1705,2800,0.484417,24,8.47057,0,0,185568489400
41.3565,24.18,4.7619,69,66,66,1705,2800,0.484417,24,8.47057,0,0,185592671029
40.9192,24.4384,4.7619,69,66,66,1705,2800,0.484417,24,8.47057,0,0,185617110311
37.1865,26.8915,4.7619,69,66,66,1705,2800,0.484417,24,8.47057,0,0,185644000881
40.8083,24.5048,4.7619,69,66,66,1705,2800,0.484417,24,8.47057,0,0,185668506267
35.1506,28.449,4.7619,69,66,66,1705,2800,0.484417,24,8.47057,0,0,185696957044
41.9074,23.8621,4.7619,69,66,66,1705,2800,0.484417,24,8.47057,0,0,185720819274
37.7906,26.4616,4.7619,69,66,66,1705,2800,0.484417,24,8.47057,0,0,185747279978
40.5697,24.649,4.7619,69,66,66,1705,2800,0.484417,24,8.47057,0,0,185771931058
39.5893,25.2594,4.7619,69,66,66,1705,2800,0.484417,24,8.47057,0,0,185797191200
38.2503,26.1436,4.7619,69,66,66,1705,2800,0.484417,24,8.47057,0,0,185823333356
39.1197,25.5626,4.7619,69,66,66,1705,2800,0.484417,24,8.47057,0,0,185848896837
38.6546,25.8702,4.7619,69,66,66,1705,2800,0.484417,24,8.47057,0,0,185874767594
36.6438,27.2897,4.7619,69,66,66,1705,2800,0.484417,24,8.47057,0,0,185902056953
39.2221,25.4958,4.7619,69,66,66,1705,2800,0.484417,24,8.47057,0,0,185927553067
40.3082,24.8088,4.7619,69,66,66,1705,2800,0.484417,24,8.47057,0,0,185952362153
37.0415,26.9968,4.7619,69,66,66,1705,2800,0.484417,24,8.47057,0,0,185979358843
40.7527,24.5382,4.7619,69,66,66,1705,2800,0.484417,24,8.47057,0,0,186003898644
38.6135,25.8977,4.7619,69,66,66,1705,2800,0.484417,24,8.47057,0,0,186029799006
40.5495,24.6612,4.77941,69,70,67,1835,2800,0.484417,22,8.46893,0,0,186054458502
38.2402,26.1505,4.77941,69,70,67,1835,2800,0.484417,22,8.46893,0,0,186080608984
37.3729,26.7573,4.77941,69,70,67,1835,2800,0.484417,22,8.46893,0,0,186107367186
35.8812,27.8697,4.77941,69,70,67,1835,2800,0.484417,22,8.46893,0,0,186135235680
44.3277,22.5593,4.77941,69,70,67,1835,2800,0.484417,22,8.46893,0,0,186157795668
39.4125,25.3727,4.77941,69,70,67,1835,2800,0.484417,22,8.46893,0,0,186183168511
38.5411,25.9463,4.77941,69,70,67,1835,2800,0.484417,22,8.46893,0,0,186209115652
37.2114,26.8735,4.77941,69,70,67,1835,2800,0.484417,22,8.46893,0,0,186235988699
41.4169,24.1448,4.77941,69,70,67,1835,2800,0.484417,22,8.46893,0,0,186260134140
38.9348,25.6839,4.77941,69,70,67,1835,2800,0.484417,22,8.46893,0,0,186285816935
37.6836,26.5367,4.77941,69,70,67,1835,2800,0.484417,22,8.46893,0,0,186312355405
36.7489,27.2117,4.77941,69,70,67,1835,2800,0.484417,22,8.46893,0,0,186339567779
41.7183,23.9703,4.77941,69,70,67,1835,2800,0.484417,22,8.46893,0,0,186363538001
32.5411,30.7304,4.77941,69,70,67,1835,2800,0.484417,22,8.46893,0,0,186394268635
45.5364,21.9605,4.77941,69,70,67,1835,2800,0.484417,22,8.46893,0,0,186416228897
40.0627,24.9609,4.77941,69,70,67,1835,2800,0.484417,22,8.46893,0,0,186441190880
36.1885,27.6331,4.77941,69,70,67,1835,2800,0.484417,22,8.46893,0,0,186468824894
43.028,23.2407,4.77941,69,70,67,1835,2800,0.484417,22,8.46893,0,0,186492063484
37.7242,26.5082,4.77941,69,70,67,1835,2800,0.484417,22,8.46893,0,0,186518572459
38.054,26.2784,4.77941,69,70,67,1835,2800,0.484417,22,8.46893,0,0,186544858916
37.48,26.6809,4.54545,69,64,68,2095,2800,0.484417,32,8.4678,0,0,186571534784
42.7847,23.3728,4.54545,69,64,68,2095,2800,0.484417,32,8.4678,0,0,186594906423
37.9294,26.3648,4.54545,69,64,68,2095,2800,0.484417,32,8.4678,0,0,186621272269
39.5944,25.2561,4.54545,69,64,68,2095,2800,0.484417,32,8.4678,0,0,186646527041
37.5898,26.6029,4.54545,69,64,68,2095,2800,0.484417,32,8.4678,0,0,186673131906
40.4258,24.7367,4.54545,69,64,68,2095,2800,0.484417,32,8.4678,0,0,186697868956
35.1173,28.476,4.54545,69,64,68,2095,2800,0.484417,32,8.4678,0,0,186726344039
41.4355,24.1339,4.54545,69,64,68,2095,2800,0.484417,32,8.4678,0,0,186750481034
39.9848,25.0095,4.54545,69,64,68,2095,2800,0.484417,32,8.4678,0,0,186775489003
37.0115,27.0186,4.54545,69,64,68,2095,2800,0.484417,32,8.4678,0,0,186802510198
38.4296,26.0216,4.54545,69,64,68,2095,2800,0.484417,32,8.4678,0,0,186828531468
39.8236,25.1108,4.54545,69,64,68,2095,2800,0.484417,32,8.4678,0,0,186853640617
39.3629,25.4046,4.54545,69,64,68,2095,2800,0.484417,32,8.4678,0,0,186879046783
36.694,27.2524,4.54545,69,64,68,2095,2800,0.484417,32,8.4678,0,0,186906301366
42.8008,23.364,4.54545,69,64,68,2095,2800,0.484417,32,8.4678,0,0,186929663929
38.5483,25.9415,4.54545,69,64,68,2095,2800,0.484417,32,8.4678,0,0,186955605318
38.8938,25.711,4.54545,69,64,68,2095,2800,0.484417,32,8.4678,0,0,186981318170
36.2568,27.5811,4.54545,69,64,68,2095,2800,0.484417,32,8.4678,0,0,187008899075
38.2592,26.1375,4.54545,69,64,68,2095,2800,0.484417,32,8.4678,0,0,187035036292
41.2637,24.2343,4.54545,69,64,68,2095,2800,0.484417,32,8.4678,0,0,187059276060
38.0804,26.2602,5.02451,70,70,67,1906,2800,0.484417,18,8.47642,0,0,187085532892
39.4672,25.3375,5.02451,70,70,67,1906,2800,0.484417,18,8.47642,0,0,187110870619
38.7131,25.8311,5.02451,70,70,67,1906,2800,0.484417,18,8.47642,0,0,187136700780
40.0399,24.9751,5.02451,70,70,67,1906,2800,0.484417,18,8.47642,0,0,187161676920
38.1465,26.2148,5.02451,70,70,67,1906,2800,0.484417,18,8.47642,0,0,187187892183
40.1841,24.8854,5.02451,70,70,67,1906,2800,0.484417,18,8.47642,0,0,187212776380
38.4252,26.0246,5.02451,70,70,67,1906,2800,0.484417,18,8.47642,0,0,187238802679
38.7316,25.8187,5.02451,70,70,67,1906,2800,0.484417,18,8.47642,0,0,187264622551
38.1791,26.1923,5.02451,70,70,67,1906,2800,0.484417,18,8.47642,0,0,187290813950
40.068,24.9576,5.02451,70,70,67,1906,2800,0.484417,18,8.47642,0,0,187315772085
36.5604,27.352,5.02451,70,70,67,1906,2800,0.484417,18,8.47642,0,0,187343124823
38.7938,25.7773,5.02451,70,70,67,1906,2800,0.484417,18,8.47642,0,0,187368902836
39.9395,25.0379,5.02451,70,70,67,1906,2800,0.484417,18,8.47642,0,0,187393941002
38.3998,26.0418,5.02451,70,70,67,1906,2800,0.484417,18,8.47642,0,0,187419981618
40.5061,24.6877,5.02451,70,70,67,1906,2800,0.484417,18,8.47642,0,0,187444670799
37.8921,26.3907,5.02451,70,70,67,1906,2800,0.484417,18,8.47642,0,0,187471060439
39.7696,25.1448,5.02451,70,70,67,1906,2800,0.484417,18,8.47642,0,0,187496207259
38.7786,25.7874,5.02451,70,70,67,1906,2800,0.484417,18,8.47642,0,0,187521994630
41.0988,24.3316,5.02451,70,70,67,1906,2800,0.484417,18,8.47642,0,0,187546325288
34.551,28.9427,5.02451,70,70,67,1906,2800,0.484417,18,8.47642,0,0,187575276464
38.3587,26.0697,4.1769,69,65,67,1778,2800,0.484417,36,8.47575,0,0,187601339883
42.6247,23.4606,4.1769,69,65,67,1778,2800,0.484417,36,8.47575,0,0,187624801190
40.5893,24.637,4.1769,69,65,67,1778,2800,0.484417,36,8.47575,0,0,187649437192
36.7764,27.1914,4.1769,69,65,67,1778,2800,0.484417,36,8.47575,0,0,187676629859
38.8429,25.7447,4.1769,69,65,67,1778,2800,0.484417,36,8.47575,0,0,187702373508
39.3709,25.3994,4.1769,69,65,67,1778,2800,0.484417,36,8.47575,0,0,187727774113
38.0664,26.2699,4.1769,69,65,67,1778,2800,0.484417,36,8.47575,0,0,187754043879
40.4443,24.7253,4.1769,69,65,67,1778,2800,0.484417,36,8.47575,0,0,187778770881
37.6408,26.5669,4.1769,69,65,67,1778,2800,0.484417,36,8.47575,0,0,187805336742
41.3531,24.182,4.1769,69,65,67,1778,2800,0.484417,36,8.47575,0,0,187829518431
36.0085,27.7712,4.1769,69,65,67,1778,2800,0.484417,36,8.47575,0,0,187857289703
40.3336,24.7932,4.1769,69,65,67,1778,2800,0.484417,36,8.47575,0,0,187882085364
37.3335,26.7856,4.1769,69,65,67,1778,2800,0.484417,36,8.47575,0,0,187908869976
38.637,25.882,4.1769,69,65,67,1778,2800,0.484417,36,8.47575,0,0,187934753196
39.5245,25.3008,4.1769,69,65,67,1778,2800,0.484417,36,8.47575,0,0,187960053013
37.9435,26.355,4.1769,69,65,67,1778,2800,0.484417,36,8.47575,0,0,187986408910
40.9731,24.4062,4.1769,69,65,67,1778,2800,0.484417,36,8.47575,0,0,188010814670
36.4733,27.4173,4.1769,69,65,67,1778,2800,0.484417,36,8.47575,0,0,188038232920
42.4717,23.5451,4.1769,69,65,67,1778,2800,0.484417,36,8.47575,0,0,188061778536
37.9719,26.3353,4.1769,69,65,67,1778,2800,0.484417,36,8.47575,0,0,188088117902
38.4113,26.034,4.07407,69,68,67,1832,2800,0.484417,16,8.47535,0,0,188114148620
39.1637,25.5339,4.07407,69,68,67,1832,2800,0.484417,16,8.47535,0,0,188139683166
35.1923,28.4153,4.07407,69,68,67,1832,2800,0.484417,16,8.47535,0,0,188168099589
41.2952,24.2159,4.07407,69,68,67,1832,2800,0.484417,16,8.47535,0,0,188192314490
40.1325,24.9174,4.07407,69,68,67,1832,2800,0.484417,16,8.47535,0,0,188217233101
38.0645,26.2712,4.07407,69,68,67,1832,2800,0.484417,16,8.47535,0,0,188243503318
37.7714,26.4751,4.07407,69,68,67,1832,2800,0.484417,16,8.47535,0,0,188269979852
39.1892,25.5173,4.07407,69,68,67,1832,2800,0.484417,16,8.47535,0,0,188295497497
40.7765,24.5239,4.07407,69,68,67,1832,2800,0.484417,16,8.47535,0,0,188320020095
36.7931,27.179,4.07407,69,68,67,1832,2800,0.484417,16,8.47535,0,0,188347201461
38.892,25.7122,4.07407,69,68,67,1832,2800,0.484417,16,8.47535,0,0,188372913421
39.9016,25.0617,4.07407,69,68,67,1832,2800,0.484417,16,8.47535,0,0,188397975732
38.4043,26.0388,4.07407,69,68,67,1832,2800,0.484417,16,8.47535,0,0,188424013442
38.235,26.154,4.07407,69,68,67,1832,2800,0.484417,16,8.47535,0,0,188450169244
38.8749,25.7236,4.07407,69,68,67,1832,2800,0.484417,16,8.47535,0,0,188475892655
38.1906,26.1845,4.07407,69,68,67,1832,2800,0.484417,16,8.47535,0,0,188502077081
39.3167,25.4345,4.07407,69,68,67,1832,2800,0.484417,16,8.47535,0,0,188527512281
40.6362,24.6086,4.07407,69,68,67,1832,2800,0.484417,16,8.47535,0,0,188552121542
37.9266,26.3667,4.07407,69,68,67,1832,2800,0.484417,16,8.47535,0,0,188578488290
35.491,28.1762,4.07407,69,68,67,1832,2800,0.484417,16,8.47535,0,0,188606669722
40.5053,24.6881,4.6285,69,67,67,1723,2800,0.484417,23,8.47558,0,0,188631352210
41.2518,24.2414,4.6285,69,67,67,1723,2800,0.484417,23,8.47558,0,0,188655595004
40.1268,24.921,4.6285,69,67,67,1723,2800,0.484417,23,8.47558,0,0,188680515489
34.5229,28.9662,4.6285,69,67,67,1723,2800,0.484417,23,8.47558,0,0,188709482143
39.7346,25.167,4.6285,69,67,67,1723,2800,0.484417,23,8.47558,0,0,188734648449
41.2765,24.2268,4.6285,69,67,67,1723,2800,0.484417,23,8.47558,0,0,188758877137
41.9626,23.8307,4.6285,69,67,67,1723,2800,0.484417,23,8.47558,0,0,188782708278
37.359,26.7673,4.6285,69,67,67,1723,2800,0.484417,23,8.47558,0,0,188809476429
38.8241,25.7572,4.6285,69,67,67,1723,2800,0.484417,23,8.47558,0,0,188835233493
39.2492,25.4782,4.6285,69,67,67,1723,2800,0.484417,23,8.47558,0,0,188860711504
37.0343,27.002,4.6285,69,67,67,1723,2800,0.484417,23,8.47558,0,0,188887712932
40.467,24.7115,4.6285,69,67,67,1723,2800,0.484417,23,8.47558,0,0,188912424775
38.9232,25.6916,4.6285,69,67,67,1723,2800,0.484417,23,8.47558,0,0,188938117900
39.7297,25.1701,4.6285,69,67,67,1723,2800,0.484417,23,8.47558,0,0,188963287832
38.0975,26.2484,4.6285,69,67,67,1723,2800,0.484417,23,8.47558,0,0,188989536659
38.4628,25.9991,4.6285,69,67,67,1723,2800,0.484417,23,8.47558,0,0,189015536699
38.3579,26.0703,4.6285,69,67,67,1723,2800,0.484417,23,8.47558,0,0,189041607762
36.2309,27.6008,4.6285,69,67,67,1723,2800,0.484417,23,8.47558,0,0,189069208665
38.2845,26.1202,4.6285,69,67,67,1723,2800,0.484417,23,8.47558,0,0,189095329351
40.6079,24.6257,4.6285,69,67,67,1723,2800,0.484417,23,8.47558,0,0,189119960643
39.2707,25.4643,4.43896,69,66,67,1425,2800,0.484417,27,8.47117,0,0,189145420540
38.7125,25.8314,4.43896,69,66,67,1425,2800,0.484417,27,8.47117,0,0,189171250641
40.3855,24.7614,4.43896,69,66,67,1425,2800,0.484417,27,8.47117,0,0,189196013460
38.2691,26.1307,4.43896,69,66,67,1425,2800,0.484417,27,8.47117,0,0,189222145097
38.462,25.9997,4.43896,69,66,67,1425,2800,0.484417,27,8.47117,0,0,189248143934
40.8595,24.4741,4.43896,69,66,67,1425,2800,0.484417,27,8.47117,0,0,189272618523
35.4534,28.206,4.43896,69,66,67,1425,2800,0.484417,27,8.47117,0,0,189300825232
44.1473,22.6514,4.43896,69,66,67,1425,2800,0.484417,27,8.47117,0,0,189323477312
39.5896,25.2591,4.43896,69,66,67,1425,2800,0.484417,27,8.47117,0,0,189348735500
37.1,26.9542,4.43896,69,66,67,1425,2800,0.484417,27,8.47117,0,0,189375690491
36.7767,27.1912,4.43896,69,66,67,1425,2800,0.484417,27,8.47117,0,0,189402881455
39.7164,25.1785,4.43896,69,66,67,1425,2800,0.484417,27,8.47117,0,0,189428062539
39.0733,25.5929,4.43896,69,66,67,1425,2800,0.484417,27,8.47117,0,0,189453655205
40.1781,24.8892,4.43896,69,66,67,1425,2800,0.484417,27,8.47117,0,0,189478544251
37.6175,26.5834,4.43896,69,66,67,1425,2800,0.484417,27,8.47117,0,0,189505128406
40.7394,24.5462,4.43896,69,66,67,1425,2800,0.484417,27,8.47117,0,0,189529674529
38.5497,25.9405,4.43896,69,66,67,1425,2800,0.484417,27,8.47117,0,0,189555613835
38.6056,25.903,4.43896,69,66,67,1425,2800,0.484417,27,8.47117,0,0,189581517494
38.5402,25.9469,4.43896,69,66,67,1425,2800,0.484417,27,8.47117,0,0,189607465396
35.4068,28.2432,4.43896,69,66,67,1425,2800,0.484417,27,8.47117,0,0,189635711809
41.6404,24.0151,4.41176,69,70,67,1729,2800,0.484417,16,8.47109,0,0,189659725343
39.0223,25.6264,4.41176,69,70,67,1729,2800,0.484417,16,8.47109,0,0,189685352393
36.5152,27.3858,4.41176,69,70,67,1729,2800,0.484417,16,8.47109,0,0,189712739204
37.9573,26.3454,4.41176,69,70,67,1729,2800,0.484417,16,8.47109,0,0,189739083680
44.5201,22.4617,4.41176,69,70,67,1729,2800,0.484417,16,8.47109,0,0,189761544361
36.7653,27.1995,4.41176,69,70,67,1729,2800,0.484417,16,8.47109,0,0,189788745905
39.9236,25.0479,4.41176,69,70,67,1729,2800,0.484417,16,8.47109,0,0,189813794540
39.0062,25.6369,4.41176,69,70,67,1729,2800,0.484417,16,8.47109,0,0,189839431729
40.8242,24.4952,4.41176,69,70,67,1729,2800,0.484417,16,8.47109,0,0,189863927307
35.9003,27.8549,4.41176,69,70,67,1729,2800,0.484417,16,8.47109,0,0,189891781485
40.5924,24.6351,4.41176,69,70,67,1729,2800,0.484417,16,8.47109,0,0,189916416595
37.1785,26.8973,4.41176,69,70,67,1729,2800,0.484417,16,8.47109,0,0,189943315300
39.8334,25.1046,4.41176,69,70,67,1729,2800,0.484417,16,8.47109,0,0,189968419199
38.2919,26.1152,4.41176,69,70,67,1729,2800,0.484417,16,8.47109,0,0,189994535788
39.9026,25.061,4.41176,69,70,67,1729,2800,0.484417,16,8.47109,0,0,190019597768
37.9102,26.3781,4.41176,69,70,67,1729,2800,0.484417,16,8.47109,0,0,190045974645
37.3314,26.7871,4.41176,69,70,67,1729,2800,0.484417,16,8.47109,0,0,190072762873
40.9997,24.3904,4.41176,69,70,67,1729,2800,0.484417,16,8.47109,0,0,190097153704
39.0746,25.5921,4.41176,69,70,67,1729,2800,0.484417,16,8.47109,0,0,190122746430
38.7436,25.8107,4.41176,69,70,67,1729,2800,0.484417,16,8.47109,0,0,190148562645
37.9445,26.3543,4.82077,69,65,67,1832,2800,0.484417,30,8.47098,0,0,190174911690
36.5345,27.3714,4.82077,69,65,67,1832,2800,0.484417,30,8.47098,0,0,190202283543
40.9261,24.4343,4.82077,69,65,67,1832,2800,0.484417,30,8.47098,0,0,190226718748
40.1778,24.8894,4.82077,69,65,67,1832,2800,0.484417,30,8.47098,0,0,190251609216
37.1523,26.9162,4.82077,69,65,67,1832,2800,0.484417,30,8.47098,0,0,190278526026
38.7933,25.7776,4.82077,69,65,67,1832,2800,0.484417,30,8.47098,0,0,190304303799
40.8126,24.5022,4.82077,69,65,67,1832,2800,0.484417,30,8.47098,0,0,190328806861
38.0986,26.2477,4.82077,69,65,67,1832,2800,0.484417,30,8.47098,0,0,190355054024
38.4141,26.0321,4.82077,69,65,67,1832,2800,0.484417,30,8.47098,0,0,190381085833
37.8405,26.4267,4.82077,69,65,67,1832,2800,0.484417,30,8.47098,0,0,190407513926
36.4972,27.3994,4.82077,69,65,67,1832,2800,0.484417,30,8.47098,0,0,190434913491
43.2829,23.1038,4.82077,69,65,67,1832,2800,0.484417,30,8.47098,0,0,190458018090
38.3742,26.0592,4.82077,69,65,67,1832,2800,0.484417,30,8.47098,0,0,190484077992
35.952,27.8149,4.82077,69,65,67,1832,2800,0.484417,30,8.47098,0,0,190511891955
39.7008,25.1884,4.82077,69,65,67,1832,2800,0.484417,30,8.47098,0,0,190537081123
41.3237,24.1992,4.82077,69,65,67,1832,2800,0.484417,30,8.47098,0,0,190561279604
32.5792,30.6945,4.82077,69,65,67,1832,2800,0.484417,30,8.47098,0,0,190591974711
43.9568,22.7496,4.82077,69,65,67,1832,2800,0.484417,30,8.47098,0,0,190614725115
41.562,24.0605,4.82077,69,65,67,1832,2800,0.484417,30,8.47098,0,0,190638784996
39.505,25.3133,4.82077,69,65,67,1832,2800,0.484417,30,8.47098,0,0,190664100972
38.937,25.6825,4.4335,70,67,66,1503,2800,0.484417,14,8.47119,0,0,190689781333
38.6537,25.8708,4.4335,70,67,66,1503,2800,0.484417,14,8.47119,0,0,190715653763
38.7037,25.8373,4.4335,70,67,66,1503,2800,0.484417,14,8.47119,0,0,190741490637
37.4414,26.7084,4.4335,70,67,66,1503,2800,0.484417,14,8.47119,0,0,190768200308
40.7839,24.5195,4.4335,70,67,66,1503,2800,0.484417,14,8.47119,0,0,190792718859
40.08,24.9501,4.4335,70,67,66,1503,2800,0.484417,14,8.47119,0,0,190817669060
36.4317,27.4486,4.4335,70,67,66,1503,2800,0.484417,14,8.47119,0,0,190845117637
39.4091,25.3749,4.4335,70,67,66,1503,2800,0.484417,14,8.47119,0,0,190870494197
39.514,25.3075,4.4335,70,67,66,1503,2800,0.484417,14,8.47119,0,0,190895801778
38.6696,25.8601,4.4335,70,67,66,1503,2800,0.484417,14,8.47119,0,0,190921662707
36.8766,27.1175,4.4335,70,67,66,1503,2800,0.484417,14,8.47119,0,0,190948780764
38.2384,26.1517,4.4335,70,67,66,1503,2800,0.484417,14,8.47119,0,0,190974932568
38.1377,26.2208,4.4335,70,67,66,1503,2800,0.484417,14,8.47119,0,0,191001152190
37.4363,26.7121,4.4335,70,67,66,1503,2800,0.484417,14,8.47119,0,0,191027865348
37.5197,26.6526,4.4335,70,67,66,1503,2800,0.484417,14,8.47119,0,0,191054518933
38.3281,26.0905,4.4335,70,67,66,1503,2800,0.484417,14,8.47119,0,0,191080609473
43.5219,22.9769,4.4335,70,67,66,1503,2800,0.484417,14,8.47119,0,0,191103589268
39.5266,25.2994,4.4335,70,67,66,1503,2800,0.484417,14,8.47119,0,0,191128885648
39.677,25.2035,4.4335,70,67,66,1503,2800,0.484417,14,8.47119,0,0,191154089384
38.2069,26.1733,4.4335,70,67,66,1503,2800,0.484417,14,8.47119,0,0,191180269061
39.5616,25.277,4.78528,69,66,67,1923,2800,0.484417,31,8.46962,0,0,191205542918
39.975,25.0157,4.78528,69,66,67,1923,2800,0.484417,31,8.46962,0,0,191230556368
36.2548,27.5825,4.78528,69,66,67,1923,2800,0.484417,31,8.46962,0,0,191258140649
42.5961,23.4763,4.78528,69,66,67,1923,2800,0.484417,31,8.46962,0,0,191281616304
37.2664,26.8338,4.78528,69,66,67,1923,2800,0.484417,31,8.46962,0,0,191308450549
37.1834,26.8937,4.78528,69,66,67,1923,2800,0.484417,31,8.46962,0,0,191335343934
42.209,23.6916,4.78528,69,66,67,1923,2800,0.484417,31,8.46962,0,0,191359037878
38.6298,25.8867,4.78528,69,66,67,1923,2800,0.484417,31,8.46962,0,0,191384925457
38.0958,26.2496,4.78528,69,66,67,1923,2800,0.484417,31,8.46962,0,0,191411174094
36.5499,27.3598,4.78528,69,66,67,1923,2800,0.484417,31,8.46962,0,0,191438536138
41.9488,23.8386,4.78528,69,66,67,1923,2800,0.484417,31,8.46962,0,0,191462373822
37.6387,26.5684,4.78528,69,66,67,1923,2800,0.484417,31,8.46962,0,0,191488942448
37.0765,26.9713,4.78528,69,66,67,1923,2800,0.484417,31,8.46962,0,0,191515914692
36.4803,27.4121,4.78528,69,66,67,1923,2800,0.484417,31,8.46962,0,0,191543326901
39.3529,25.4111,4.78528,69,66,67,1923,2800,0.484417,31,8.46962,0,0,191568737585
43.0206,23.2447,4.78528,69,66,67,1923,2800,0.484417,31,8.46962,0,0,191591984300
37.8212,26.4402,4.78528,69,66,67,1923,2800,0.484417,31,8.46962,0,0,191618423214
40.9686,24.409,4.78528,69,66,67,1923,2800,0.484417,31,8.46962,0,0,191642833832
36.3209,27.5323,4.78528,69,66,67,1923,2800,0.484417,31,8.46962,0,0,191670366887
41.3961,24.1569,4.78528,69,66,67,1923,2800,0.484417,31,8.46962,0,0,191694527307
39.4735,25.3334,4.92005,69,68,67,1870,2800,0.484417,17,8.47097,0,0,191719856488
37.7523,26.4884,4.92005,69,68,67,1870,2800,0.484417,17,8.47097,0,0,191746346227
32.7043,30.5771,4.92005,69,68,67,1870,2800,0.484417,17,8.47097,0,0,191776922761
40.2086,24.8703,4.92005,69,68,67,1870,2800,0.484417,17,8.47097,0,0,191801792761
47.7495,20.9426,4.92005,69,68,67,1870,2800,0.484417,17,8.47097,0,0,191822737348
37.3682,26.7607,4.92005,69,68,67,1870,2800,0.484417,17,8.47097,0,0,191849497744
38.1512,26.2115,4.92005,69,68,67,1870,2800,0.484417,17,8.47097,0,0,191875708700
36.9936,27.0317,4.92005,69,68,67,1870,2800,0.484417,17,8.47097,0,0,191902742358
42.9973,23.2573,4.92005,69,68,67,1870,2800,0.484417,17,8.47097,0,0,191926000545
37.8998,26.3854,4.92005,69,68,67,1870,2800,0.484417,17,8.47097,0,0,191952385257
37.23,26.8601,4.92005,69,68,67,1870,2800,0.484417,17,8.47097,0,0,191979246923
39.6191,25.2404,4.92005,69,68,67,1870,2800,0.484417,17,8.47097,0,0,192004486005
38.947,25.6759,4.92005,69,68,67,1870,2800,0.484417,17,8.47097,0,0,192030163771
38.5531,25.9382,4.92005,69,68,67,1870,2800,0.484417,17,8.47097,0,0,192056101283
40.9626,24.4125,4.92005,69,68,67,1870,2800,0.484417,17,8.47097,0,0,192080514717
37.4661,26.6908,4.92005,69,68,67,1870,2800,0.484417,17,8.47097,0,0,192107205533
37.0686,26.977,4.92005,69,68,67,1870,2800,0.484417,17,8.47097,0,0,192134181924
39.9525,25.0298,4.92005,69,68,67,1870,2800,0.484417,17,8.47097,0,0,192159212205
41.8837,23.8756,4.92005,69,68,67,1870,2800,0.484417,17,8.47097,0,0,192183089603
36.0317,27.7533,4.92005,69,68,67,1870,2800,0.484417,17,8.47097,0,0,192210846679
39.5591,25.2786,5.81818,69,67,67,1827,2800,0.484417,23,8.47202,0,0,192236120486
39.1491,25.5433,5.81818,69,67,67,1827,2800,0.484417,23,8.47202,0,0,192261664541
40.167,24.896,5.81818,69,67,67,1827,2800,0.484417,23,8.47202,0,0,192286560490
37.8398,26.4272,5.81818,69,67,67,1827,2800,0.484417,23,8.47202,0,0,192312989404
36.8028,27.1718,5.81818,69,67,67,1827,2800,0.484417,23,8.47202,0,0,192340161503
42.3374,23.6198,5.81818,69,67,67,1827,2800,0.484417,23,8.47202,0,0,192363783151
37.4063,26.7335,5.81818,69,67,67,1827,2800,0.484417,23,8.47202,0,0,192390516216
40.7227,24.5564,5.81818,69,67,67,1827,2800,0.484417,23,8.47202,0,0,192415073399
38.8233,25.7577,5.81818,69,67,67,1827,2800,0.484417,23,8.47202,0,0,192440830393
35.6266,28.0689,5.81818,69,67,67,1827,2800,0.484417,23,8.47202,0,0,192468899474
41.2876,24.2204,5.81818,69,67,67,1827,2800,0.484417,23,8.47202,0,0,192493120317
38.2865,26.1189,5.81818,69,67,67,1827,2800,0.484417,23,8.47202,0,0,192519238719
38.5444,25.9441,5.81818,69,67,67,1827,2800,0.484417,23,8.47202,0,0,192545184387
38.8355,25.7496,5.81818,69,67,67,1827,2800,0.484417,23,8.47202,0,0,192570935289
39.4786,25.3302,5.81818,69,67,67,1827,2800,0.484417,23,8.47202,0,0,192596264140
40.237,24.8527,5.81818,69,67,67,1827,2800,0.484417,23,8.47202,0,0,192621118040
39.0879,25.5833,5.81818,69,67,67,1827,2800,0.484417,23,8.47202,0,0,192646701979
37.4406,26.7089,5.81818,69,67,67,1827,2800,0.484417,23,8.47202,0,0,192673411570
38.924,25.6911,5.81818,69,67,67,1827,2800,0.484417,23,8.47202,0,0,192699103061
37.4407,26.7089,5.81818,69,67,67,1827,2800,0.484417,23,8.47202,0,0,192725816409
41.6023,24.0371,5.49451,69,70,68,1830,2800,0.484417,16,8.48175,0,0,192749849259
39.8475,25.0957,5.49451,69,70,68,1830,2800,0.484417,16,8.48175,0,0,192774946576
35.8123,27.9234,5.49451,69,70,68,1830,2800,0.484417,16,8.48175,0,0,192802867589
42.6727,23.4342,5.49451,69,70,68,1830,2800,0.484417,16,8.48175,0,0,192826302718
35.9433,27.8216,5.49451,69,70,68,1830,2800,0.484417,16,8.48175,0,0,192854124705
40.2276,24.8586,5.49451,69,70,68,1830,2800,0.484417,16,8.48175,0,0,192878985027
37.4681,26.6894,5.49451,69,70,68,1830,2800,0.484417,16,8.48175,0,0,192905673849
40.3562,24.7794,5.49451,69,70,68,1830,2800,0.484417,16,8.48175,0,0,192930454141
39.9486,25.0322,5.49451,69,70,68,1830,2800,0.484417,16,8.48175,0,0,192955486676
38.4494,26.0082,5.49451,69,70,68,1830,2800,0.484417,16,8.48175,0,0,192981495051
38.7074,25.8349,5.49451,69,70,68,1830,2800,0.484417,16,8.48175,0,0,193007330503
35.9777,27.795,5.49451,69,70,68,1830,2800,0.484417,16,8.48175,0,0,193035126381
43.6636,22.9023,5.49451,69,70,68,1830,2800,0.484417,16,8.48175,0,0,193058028400
36.8158,27.1622,5.49451,69,70,68,1830,2800,0.484417,16,8.48175,0,0,193085191802
39.9054,25.0592,5.49451,69,70,68,1830,2800,0.484417,16,8.48175,0,0,193110251177
37.6083,26.5899,5.49451,69,70,68,1830,2800,0.484417,16,8.48175,0,0,193136841074
40.2608,24.8381,5.49451,69,70,68,1830,2800,0.484417,16,8.48175,0,0,193161680326
39.4876,25.3244,5.49451,69,70,68,1830,2800,0.484417,16,8.48175,0,0,193187005310
37.8257,26.437,5.49451,69,70,68,1830,2800,0.484417,16,8.48175,0,0,193213443131
38.1079,26.2413,5.49451,69,70,68,1830,2800,0.484417,16,8.48175,0,0,193239689222
39.5103,25.3098,4.90798,70,65,68,2084,2800,0.484417,38,8.48063,0,0,193264993507
39.5234,25.3014,4.90798,70,65,68,2084,2800,0.484417,38,8.48063,0,0,193290296059
40.2389,24.8516,4.90798,70,65,68,2084,2800,0.484417,38,8.48063,0,0,193315147835
36.8716,27.1211,4.90798,70,65,68,2084,2800,0.484417,38,8.48063,0,0,193342269378
37.2311,26.8593,4.90798,70,65,68,2084,2800,0.484417,38,8.48063,0,0,193369128409
40.4093,24.7468,4.90798,70,65,68,2084,2800,0.484417,38,8.48063,0,0,193393875930
39.6497,25.2208,4.90798,70,65,68,2084,2800,0.484417,38,8.48063,0,0,193419096978
38.054,26.2785,4.90798,70,65,68,2084,2800,0.484417,38,8.48063,0,0,193445377554
37.5032,26.6644,4.90798,70,65,68,2084,2800,0.484417,38,8.48063,0,0,193472041039
39.6955,25.1918,4.90798,70,65,68,2084,2800,0.484417,38,8.48063,0,0,193497234115
40.6944,24.5734,4.90798,70,65,68,2084,2800,0.484417,38,8.48063,0,0,193521807629
37.3034,26.8072,4.90798,70,65,68,2084,2800,0.484417,38,8.48063,0,0,193548614913
39.0914,25.5811,4.90798,70,65,68,2084,2800,0.484417,38,8.48063,0,0,193574197450
36.9699,27.049,4.90798,70,65,68,2084,2800,0.484417,38,8.48063,0,0,193601246307
41.583,24.0483,4.90798,70,65,68,2084,2800,0.484417,38,8.48063,0,0,193625295578
39.7875,25.1335,4.90798,70,65,68,2084,2800,0.484417,38,8.48063,0,0,193650428241
37.5553,26.6274,4.90798,70,65,68,2084,2800,0.484417,38,8.48063,0,0,193677056018
37.4392,26.71,4.90798,70,65,68,2084,2800,0.484417,38,8.48063,0,0,193703766941
40.7401,24.5459,4.90798,70,65,68,2084,2800,0.484417,38,8.48063,0,0,193728312353
38.8367,25.7489,4.90798,70,65,68,2084,2800,0.484417,38,8.48063,0,0,193754068235
38.1666,26.2009,4.54545,70,69,68,2200,2800,0.484417,15,8.47924,0,0,193780265334
38.9071,25.7022,4.54545,70,69,68,2200,2800,0.484417,15,8.47924,0,0,193805967375
38.5702,25.9268,4.54545,70,69,68,2200,2800,0.484417,15,8.47924,0,0,193831893516
40.7432,24.544,4.54545,70,69,68,2200,2800,0.484417,15,8.47924,0,0,193856438647
37.5947,26.5995,4.54545,70,69,68,2200,2800,0.484417,15,8.47924,0,0,193883039123
38.8874,25.7153,4.54545,70,69,68,2200,2800,0.484417,15,8.47924,0,0,193908753287
37.4056,26.7339,4.54545,70,69,68,2200,2800,0.484417,15,8.47924,0,0,193935486702
40.9376,24.4275,4.54545,70,69,68,2200,2800,0.484417,15,8.47924,0,0,193959916026
39.4559,25.3448,4.54545,70,69,68,2200,2800,0.484417,15,8.47924,0,0,193985261087
37.5421,26.6367,4.54545,70,69,68,2200,2800,0.484417,15,8.47924,0,0,194011899695
38.8696,25.7271,4.54545,70,69,68,2200,2800,0.484417,15,8.47924,0,0,194037626623
38.6813,25.8523,4.54545,70,69,68,2200,2800,0.484417,15,8.47924,0,0,194063478655
40.1661,24.8966,4.54545,70,69,68,2200,2800,0.484417,15,8.47924,0,0,194088374383
38.0804,26.2602,4.54545,70,69,68,2200,2800,0.484417,15,8.47924,0,0,194114635553
39.2077,25.5052,4.54545,70,69,68,2200,2800,0.484417,15,8.47924,0,0,194140142017
34.1848,29.2527,4.54545,70,69,68,2200,2800,0.484417,15,8.47924,0,0,194169393746
45.4856,21.985,4.54545,70,69,68,2200,2800,0.484417,15,8.47924,0,0,194191380729
40.1544,24.9039,4.54545,70,69,68,2200,2800,0.484417,15,8.47924,0,0,194216283711
37.2119,26.8731,4.54545,70,69,68,2200,2800,0.484417,15,8.47924,0,0,194243158161
38.0619,26.273,4.54545,70,69,68,2200,2800,0.484417,15,8.47924,0,0,194269436994
39.3585,25.4075,4.52876,70,66,69,2295,2800,0.484417,42,8.47834,0,0,194294839733
39.6881,25.1965,4.52876,70,66,69,2295,2800,0.484417,42,8.47834,0,0,194320036436
36.2233,27.6066,4.52876,70,66,69,2295,2800,0.484417,42,8.47834,0,0,194347643901
39.9145,25.0536,4.52876,70,66,69,2295,2800,0.484417,42,8.47834,0,0,194372697526
41.9743,23.8241,4.52876,70,66,69,2295,2800,0.484417,42,8.47834,0,0,194396520191
38.1009,26.2461,4.52876,70,66,69,2295,2800,0.484417,42,8.47834,0,0,194422768437
37.3236,26.7927,4.52876,70,66,69,2295,2800,0.484417,42,8.47834,0,0,194449561394
38.6885,25.8475,4.52876,70,66,69,2295,2800,0.484417,42,8.47834,0,0,194475410170
36.4331,27.4476,4.52876,70,66,69,2295,2800,0.484417,42,8.47834,0,0,194502856904
42.1946,23.6997,4.52876,70,66,69,2295,2800,0.484417,42,8.47834,0,0,194526557410
40.2895,24.8204,4.52876,70,66,69,2295,2800,0.484417,42,8.47834,0,0,194551377497
36.8464,27.1397,4.52876,70,66,69,2295,2800,0.484417,42,8.47834,0,0,194578518166
37.6697,26.5465,4.52876,70,66,69,2295,2800,0.484417,42,8.47834,0,0,194605064491
41.9389,23.8442,4.52876,70,66,69,2295,2800,0.484417,42,8.47834,0,0,194628909609
38.8424,25.745,4.52876,70,66,69,2295,2800,0.484417,42,8.47834,0,0,194654655101
37.5662,26.6197,4.52876,70,66,69,2295,2800,0.484417,42,8.47834,0,0,194681274923
37.245,26.8493,4.52876,70,66,69,2295,2800,0.484417,42,8.47834,0,0,194708125579
38.1294,26.2265,4.52876,70,66,69,2295,2800,0.484417,42,8.47834,0,0,194734351332
43.5261,22.9747,4.52876,70,66,69,2295,2800,0.484417,42,8.47834,0,0,194757328181
37.156,26.9135,4.52876,70,66,69,2295,2800,0.484417,42,8.47834,0,0,194784246303
36.6429,27.2904,4.41176,70,67,69,2263,2800,0.484417,19,8.48026,0,0,194811531634
39.8901,25.0689,4.41176,70,67,69,2263,2800,0.484417,19,8.48026,0,0,194836601559
41.6941,23.9842,4.41176,70,67,69,2263,2800,0.484417,19,8.48026,0,0,194860584986
37.3604,26.7663,4.41176,70,67,69,2263,2800,0.484417,19,8.48026,0,0,194887353417
36.9896,27.0346,4.41176,70,67,69,2263,2800,0.484417,19,8.48026,0,0,194914388158
41.765,23.9435,4.41176,70,67,69,2263,2800,0.484417,19,8.48026,0,0,194938331701
40.2276,24.8585,4.41176,70,67,69,2263,2800,0.484417,19,8.48026,0,0,194963191051
36.1306,27.6774,4.41176,70,67,69,2263,2800,0.484417,19,8.48026,0,0,194990868397
39.9498,25.0314,4.41176,70,67,69,2263,2800,0.484417,19,8.48026,0,0,195015900942
37.5052,26.663,4.41176,70,67,69,2263,2800,0.484417,19,8.48026,0,0,195042564116
37.7536,26.4875,4.41176,70,67,69,2263,2800,0.484417,19,8.48026,0,0,195069051460
42.5066,23.5258,4.41176,70,67,69,2263,2800,0.484417,19,8.48026,0,0,195092579122
37.1345,26.9292,4.41176,70,67,69,2263,2800,0.484417,19,8.48026,0,0,195119508816
38.3719,26.0607,4.41176,70,67,69,2263,2800,0.484417,19,8.48026,0,0,195145568998
38.6422,25.8785,4.41176,70,67,69,2263,2800,0.484417,19,8.48026,0,0,195171448402
41.2806,24.2245,4.41176,70,67,69,2263,2800,0.484417,19,8.48026,0,0,195195671829
37.274,26.8283,4.41176,70,67,69,2263,2800,0.484417,19,8.48026,0,0,195222502016
39.1805,25.5229,4.41176,70,67,69,2263,2800,0.484417,19,8.48026,0,0,195248023579
38.2262,26.16,4.41176,70,67,69,2263,2800,0.484417,19,8.48026,0,0,195274185122
40.083,24.9482,4.41176,70,67,69,2263,2800,0.484417,19,8.48026,0,0,195299138338
38.3659,26.0648,4.54545,70,68,70,2285,2800,0.484417,36,8.47975,0,0,195325199001
39.3214,25.4314,4.54545,70,68,70,2285,2800,0.484417,36,8.47975,0,0,195350630034
39.4438,25.3525,4.54545,70,68,70,2285,2800,0.484417,36,8.47975,0,0,195375983501
36.1487,27.6635,4.54545,70,68,70,2285,2800,0.484417,36,8.47975,0,0,195403648704
43.3623,23.0615,4.54545,70,68,70,2285,2800,0.484417,36,8.47975,0,0,195426709391
37.8605,26.4128,4.54545,70,68,70,2285,2800,0.484417,36,8.47975,0,0,195453122075
39.0932,25.5799,4.54545,70,68,70,2285,2800,0.484417,36,8.47975,0,0,195478702117
36.7708,27.1955,4.54545,70,68,70,2285,2800,0.484417,36,8.47975,0,0,195505897799
42.7061,23.4159,4.54545,70,68,70,2285,2800,0.484417,36,8.47975,0,0,195529313211
35.4843,28.1815,4.54545,70,68,70,2285,2800,0.484417,36,8.47975,0,0,195557495494
39.2423,25.4827,4.54545,70,68,70,2285,2800,0.484417,36,8.47975,0,0,195582979296
39.5861,25.2614,4.54545,70,68,70,2285,2800,0.484417,36,8.47975,0,0,195608240680
36.1709,27.6466,4.54545,70,68,70,2285,2800,0.484417,36,8.47975,0,0,195635886677
42.9376,23.2896,4.54545,70,68,70,2285,2800,0.484417,36,8.47975,0,0,195659177746
37.8678,26.4077,4.54545,70,68,70,2285,2800,0.484417,36,8.47975,0,0,195685586032
39.1733,25.5276,4.54545,70,68,70,2285,2800,0.484417,36,8.47975,0,0,195711114096
36.371,27.4944,4.54545,70,68,70,2285,2800,0.484417,36,8.47975,0,0,195738607477
44.9323,22.2557,4.54545,70,68,70,2285,2800,0.484417,36,8.47975,0,0,195760864276
36.4901,27.4047,4.54545,70,68,70,2285,2800,0.484417,36,8.47975,0,0,195788269291
37.5329,26.6433,4.54545,70,68,70,2285,2800,0.484417,36,8.47975,0,0,195814914451
38.921,25.6931,4.29975,69,66,70,2228,2800,0.484417,34,8.4796,0,0,195840607265
40.3142,24.8051,4.29975,69,66,70,2228,2800,0.484417,34,8.4796,0,0,195865413936
38.92,25.6937,4.29975,69,66,70,2228,2800,0.484417,34,8.4796,0,0,195891107431
39.9357,25.0403,4.29975,69,66,70,2228,2800,0.484417,34,8.4796,0,0,195916145887
37.7747,26.4727,4.29975,69,66,70,2228,2800,0.484417,34,8.4796,0,0,195942619114
37.725,26.5076,4.29975,69,66,70,2228,2800,0.484417,34,8.4796,0,0,195969127548
39.4019,25.3795,4.29975,69,66,70,2228,2800,0.484417,34,8.4796,0,0,195994507144
38.5751,25.9234,4.29975,69,66,70,2228,2800,0.484417,34,8.4796,0,0,196020431913
39.7303,25.1697,4.29975,69,66,70,2228,2800,0.484417,34,8.4796,0,0,196045601455
36.4712,27.4189,4.29975,69,66,70,2228,2800,0.484417,34,8.4796,0,0,196073021288
38.7957,25.776,4.29975,69,66,70,2228,2800,0.484417,34,8.4796,0,0,196098797969
39.9239,25.0477,4.29975,69,66,70,2228,2800,0.484417,34,8.4796,0,0,196123845051
39.9851,25.0093,4.29975,69,66,70,2228,2800,0.484417,34,8.4796,0,0,196148855505
37.1069,26.9491,4.29975,69,66,70,2228,2800,0.484417,34,8.4796,0,0,196175805406
38.0254,26.2982,4.29975,69,66,70,2228,2800,0.484417,34,8.4796,0,0,196202104006
42.567,23.4924,4.29975,69,66,70,2228,2800,0.484417,34,8.4796,0,0,196225597444
38.5738,25.9243,4.29975,69,66,70,2228,2800,0.484417,34,8.4796,0,0,196251520810
39.6021,25.2512,4.29975,69,66,70,2228,2800,0.484417,34,8.4796,0,0,196276772957
36.5793,27.3378,4.29975,69,66,70,2228,2800,0.484417,34,8.4796,0,0,196304112600
42.1137,23.7453,4.29975,69,66,70,2228,2800,0.484417,34,8.4796,0,0,196327862680
36.1256,27.6812,4.07911,70,69,70,2436,2800,0.484417,24,8.4796,0,0,196355539675
40.3974,24.7541,4.07911,70,69,70,2436,2800,0.484417,24,8.4796,0,0,196380293878
37.9153,26.3746,4.07911,70,69,70,2436,2800,0.484417,24,8.4796,0,0,196406668751
39.1449,25.5461,4.07911,70,69,70,2436,2800,0.484417,24,8.4796,0,0,196432214479
40.0717,24.9553,4.07911,70,69,70,2436,2800,0.484417,24,8.4796,0,0,196457171322
38.1324,26.2244,4.07911,70,69,70,2436,2800,0.484417,24,8.4796,0,0,196483396033
38.316,26.0987,4.07911,70,69,70,2436,2800,0.484417,24,8.4796,0,0,196509495740
36.4272,27.452,4.07911,70,69,70,2436,2800,0.484417,24,8.4796,0,0,196536945740
42.5882,23.4807,4.07911,70,69,70,2436,2800,0.484417,24,8.4796,0,0,196560427796
39.4935,25.3206,4.07911,70,69,70,2436,2800,0.484417,24,8.4796,0,0,196585750676
38.2566,26.1393,4.07911,70,69,70,2436,2800,0.484417,24,8.4796,0,0,196611888464
36.8126,27.1646,4.07911,70,69,70,2436,2800,0.484417,24,8.4796,0,0,196639052858
41.8772,23.8794,4.07911,70,69,70,2436,2800,0.484417,24,8.4796,0,0,196662933993
37.5795,26.6103,4.07911,70,69,70,2436,2800,0.484417,24,8.4796,0,0,196689543957
37.7801,26.469,4.07911,70,69,70,2436,2800,0.484417,24,8.4796,0,0,196716014340
39.5739,25.2692,4.07911,70,69,70,2436,2800,0.484417,24,8.4796,0,0,196741283238
36.2838,27.5605,4.07911,70,69,70,2436,2800,0.484417,24,8.4796,0,0,196768844536
41.9812,23.8202,4.07911,70,69,70,2436,2800,0.484417,24,8.4796,0,0,196792665339
38.4809,25.9869,4.07911,70,69,70,2436,2800,0.484417,24,8.4796,0,0,196818651022
37.6759,26.5421,4.07911,70,69,70,2436,2800,0.484417,24,8.4796,0,0,196845199881
37.0591,26.984,4.41176,70,66,72,2529,2800,0.484417,41,8.47832,0,0,196872177294
38.6521,25.8718,4.41176,70,66,72,2529,2800,0.484417,41,8.47832,0,0,196898053291
37.1818,26.8949,4.41176,70,66,72,2529,2800,0.484417,41,8.47832,0,0,196924946226
41.7288,23.9643,4.41176,70,66,72,2529,2800,0.484417,41,8.47832,0,0,196948910798
40.957,24.4159,4.41176,70,66,72,2529,2800,0.484417,41,8.47832,0,0,196973327798
34.8576,28.6882,4.41176,70,66,72,2529,2800,0.484417,41,8.47832,0,0,197002015780
44.3664,22.5396,4.41176,70,66,72,2529,2800,0.484417,41,8.47832,0,0,197024555599
37.6248,26.5782,4.41176,70,66,72,2529,2800,0.484417,41,8.47832,0,0,197051134806
37.0374,26.9997,4.41176,70,66,72,2529,2800,0.484417,41,8.47832,0,0,197078133950
39.8503,25.0939,4.41176,70,66,72,2529,2800,0.484417,41,8.47832,0,0,197103227730
43.5943,22.9388,4.41176,70,66,72,2529,2800,0.484417,41,8.47832,0,0,197126167910
37.5796,26.6102,4.41176,70,66,72,2529,2800,0.484417,41,8.47832,0,0,197152778174
38.2913,26.1156,4.41176,70,66,72,2529,2800,0.484417,41,8.47832,0,0,197178894012
36.1196,27.6858,4.41176,70,66,72,2529,2800,0.484417,41,8.47832,0,0,197206580725
41.6237,24.0248,4.41176,70,66,72,2529,2800,0.484417,41,8.47832,0,0,197230607173
38.585,25.9168,4.41176,70,66,72,2529,2800,0.484417,41,8.47832,0,0,197256523937
36.3468,27.5127,4.41176,70,66,72,2529,2800,0.484417,41,8.47832,0,0,197284036364
42.5937,23.4777,4.41176,70,66,72,2529,2800,0.484417,41,8.47832,0,0,197307514813
35.3554,28.2842,4.41176,70,66,72,2529,2800,0.484417,41,8.47832,0,0,197335800831
44.5671,22.4381,4.41176,70,66,72,2529,2800,0.484417,41,8.47832,0,0,197358241865
37.0432,26.9955,4.5679,70,69,72,2552,2800,0.484417,23,8.47832,0,0,197385232704
39.0737,25.5927,4.5679,70,69,72,2552,2800,0.484417,23,8.47832,0,0,197410835368
36.4453,27.4384,4.5679,70,69,72,2552,2800,0.484417,23,8.47832,0,0,197438265851
40.6144,24.6218,4.5679,70,69,72,2552,2800,0.484417,23,8.47832,0,0,197462888257
38.9803,25.654,4.5679,70,69,72,2552,2800,0.484417,23,8.47832,0,0,197488543440
37.8698,26.4063,4.5679,70,69,72,2552,2800,0.484417,23,8.47832,0,0,197514949201
38.7987,25.7741,4.5679,70,69,72,2552,2800,0.484417,23,8.47832,0,0,197540723668
36.0767,27.7188,4.5679,70,69,72,2552,2800,0.484417,23,8.47832,0,0,197568443393
43.542,22.9663,4.5679,70,69,72,2552,2800,0.484417,23,8.47832,0,0,197591409883
37.7244,26.5081,4.5679,70,69,72,2552,2800,0.484417,23,8.47832,0,0,197617918156
39.808,25.1206,4.5679,70,69,72,2552,2800,0.484417,23,8.47832,0,0,197643038706
37.8451,26.4235,4.5679,70,69,72,2552,2800,0.484417,23,8.47832,0,0,197669462681
41.2519,24.2413,4.5679,70,69,72,2552,2800,0.484417,23,8.47832,0,0,197693704734
36.3598,27.5029,4.5679,70,69,72,2552,2800,0.484417,23,8.47832,0,0,197721207923
39.251,25.4771,4.5679,70,69,72,2552,2800,0.484417,23,8.47832,0,0,197746684872
38.6285,25.8876,4.5679,70,69,72,2552,2800,0.484417,23,8.47832,0,0,197772573282
40.3555,24.7798,4.5679,70,69,72,2552,2800,0.484417,23,8.47832,0,0,197797352823
38.9369,25.6826,4.5679,70,69,72,2552,2800,0.484417,23,8.47832,0,0,197823035928
37.7687,26.4769,4.5679,70,69,72,2552,2800,0.484417,23,8.47832,0,0,197849512262
37.4785,26.682,4.5679,70,69,72,2552,2800,0.484417,23,8.47832,0,0,197876195443
36.9898,27.0345,4.87805,70,68,72,2522,2800,0.484417,35,8.47741,0,0,197903229112
43.7008,22.8829,4.87805,70,68,72,2522,2800,0.484417,35,8.47741,0,0,197926112686
38.2125,26.1695,4.87805,70,68,72,2522,2800,0.484417,35,8.47741,0,0,197952282554
38.9459,25.6767,4.87805,70,68,72,2522,2800,0.484417,35,8.47741,0,0,197977961311
35.3953,28.2524,4.87805,70,68,72,2522,2800,0.484417,35,8.47741,0,0,198006214478
35.9108,27.8468,4.87805,70,68,72,2522,2800,0.484417,35,8.47741,0,0,198034062874
43.3986,23.0422,4.87805,70,68,72,2522,2800,0.484417,35,8.47741,0,0,198057104635
41.7113,23.9743,4.87805,70,68,72,2522,2800,0.484417,35,8.47741,0,0,198081080068
38.5502,25.9402,4.87805,70,68,72,2522,2800,0.484417,35,8.47741,0,0,198107018462
37.3446,26.7777,4.87805,70,68,72,2522,2800,0.484417,35,8.47741,0,0,198133800218
38.4939,25.9781,4.87805,70,68,72,2522,2800,0.484417,35,8.47741,0,0,198159775301
38.065,26.2708,4.87805,70,68,72,2522,2800,0.484417,35,8.47741,0,0,198186047281
42.0937,23.7565,4.87805,70,68,72,2522,2800,0.484417,35,8.47741,0,0,198209803983
36.469,27.4205,4.87805,70,68,72,2522,2800,0.484417,35,8.47741,0,0,198237225339
41.4892,24.1027,4.87805,70,68,72,2522,2800,0.484417,35,8.47741,0,0,198261327589
38.4412,26.0138,4.87805,70,68,72,2522,2800,0.484417,35,8.47741,0,0,198287343378
39.8456,25.0969,4.87805,70,68,72,2522,2800,0.484417,35,8.47741,0,0,198312439974
36.4668,27.4222,4.87805,70,68,72,2522,2800,0.484417,35,8.47741,0,0,198339861570
41.0313,24.3716,4.87805,70,68,72,2522,2800,0.484417,35,8.47741,0,0,198364233646
40.3703,24.7707,4.87805,70,68,72,2522,2800,0.484417,35,8.47741,0,0,198389008458
37.526,26.6482,4.46097,70,69,71,2311,2800,0.484417,19,8.47672,0,0,198415653157
39.3367,25.4216,4.46097,70,69,71,2311,2800,0.484417,19,8.47672,0,0,198441076405
35.3164,28.3155,4.46097,70,69,71,2311,2800,0.484417,19,8.47672,0,0,198469390315
43.5332,22.971,4.46097,70,69,71,2311,2800,0.484417,19,8.47672,0,0,198492362636
38.9648,25.6642,4.46097,70,69,71,2311,2800,0.484417,19,8.47672,0,0,198518027346
38.0124,26.3072,4.46097,70,69,71,2311,2800,0.484417,19,8.47672,0,0,198544336166
38.4458,26.0107,4.46097,70,69,71,2311,2800,0.484417,19,8.47672,0,0,198570347016
39.5726,25.27,4.46097,70,69,71,2311,2800,0.484417,19,8.47672,0,0,198595617076
37.4261,26.7193,4.46097,70,69,71,2311,2800,0.484417,19,8.47672,0,0,198622337688
41.3424,24.1883,4.46097,70,69,71,2311,2800,0.484417,19,8.47672,0,0,198646526190
36.3753,27.4912,4.46097,70,69,71,2311,2800,0.484417,19,8.47672,0,0,198674015734
40.2821,24.8249,4.46097,70,69,71,2311,2800,0.484417,19,8.47672,0,0,198698847181
37.4431,26.7072,4.46097,70,69,71,2311,2800,0.484417,19,8.47672,0,0,198725550080
40.0683,24.9574,4.46097,70,69,71,2311,2800,0.484417,19,8.47672,0,0,198750506873
39.3708,25.3996,4.46097,70,69,71,2311,2800,0.484417,19,8.47672,0,0,198775906376
36.5277,27.3765,4.46097,70,69,71,2311,2800,0.484417,19,8.47672,0,0,198803284671
41.0629,24.3529,4.46097,70,69,71,2311,2800,0.484417,19,8.47672,0,0,198827638974
40.9145,24.4412,4.46097,70,69,71,2311,2800,0.484417,19,8.47672,0,0,198852079960
36.6946,27.2519,4.46097,70,69,71,2311,2800,0.484417,19,8.47672,0,0,198879330645
37.7579,26.4845,4.46097,70,69,71,2311,2800,0.484417,19,8.47672,0,0,198905822187
40.9997,24.3904,4.65116,70,70,70,2306,2800,0.484417,32,8.47399,0,0,198930209532
38.1105,26.2395,4.65116,70,70,70,2306,2800,0.484417,32,8.47399,0,0,198956446286
39.3375,25.421,4.65116,70,70,70,2306,2800,0.484417,32,8.47399,0,0,198981867450
37.2165,26.8698,4.65116,70,70,70,2306,2800,0.484417,32,8.47399,0,0,199008739616
36.2451,27.59,4.65116,70,70,70,2306,2800,0.484417,32,8.47399,0,0,199036329187
44.6897,22.3765,4.65116,70,70,70,2306,2800,0.484417,32,8.47399,0,0,199058706361
38.3474,26.0774,4.65116,70,70,70,2306,2800,0.484417,32,8.47399,0,0,199084784788
37.6852,26.5356,4.65116,70,70,70,2306,2800,0.484417,32,8.47399,0,0,199111319601
37.6717,26.5451,4.65116,70,70,70,2306,2800,0.484417,32,8.47399,0,0,199137866577
41.4853,24.1049,4.65116,70,70,70,2306,2800,0.484417,32,8.47399,0,0,199161970921
38.0471,26.2832,4.65116,70,70,70,2306,2800,0.484417,32,8.47399,0,0,199188254984
39.9264,25.0461,4.65116,70,70,70,2306,2800,0.484417,32,8.47399,0,0,199213300243
36.9584,27.0575,4.65116,70,70,70,2306,2800,0.484417,32,8.47399,0,0,199240358708
39.626,25.2359,4.65116,70,70,70,2306,2800,0.484417,32,8.47399,0,0,199265597470
40.2809,24.8257,4.65116,70,70,70,2306,2800,0.484417,32,8.47399,0,0,199290421875
37.2985,26.8107,4.65116,70,70,70,2306,2800,0.484417,32,8.47399,0,0,199317233276
38.9924,25.646,4.65116,70,70,70,2306,2800,0.484417,32,8.47399,0,0,199342879963
36.4278,27.4516,4.65116,70,70,70,2306,2800,0.484417,32,8.47399,0,0,199370330033
41.2264,24.2563,4.65116,70,70,70,2306,2800,0.484417,32,8.47399,0,0,199394588797
40.8491,24.4804,4.65116,70,70,70,2306,2800,0.484417,32,8.47399,0,0,199419073885
37.7632,26.4808,4.43896,70,67,71,2516,2800,0.484417,35,8.47307,0,0,199445551320
36.4938,27.4019,4.43896,70,67,71,2516,2800,0.484417,35,8.47307,0,0,199472952859
41.9912,23.8145,4.43896,70,67,71,2516,2800,0.484417,35,8.47307,0,0,199496767911
39.2063,25.5061,4.43896,70,67,71,2516,2800,0.484417,35,8.47307,0,0,199522273763
38.8265,25.7556,4.43896,70,67,71,2516,2800,0.484417,35,8.47307,0,0,199548030607
37.4195,26.724,4.43896,70,67,71,2516,2800,0.484417,35,8.47307,0,0,199574754395
35.5775,28.1077,4.43896,70,67,71,2516,2800,0.484417,35,8.47307,0,0,199602862148
42.2685,23.6583,4.43896,70,67,71,2516,2800,0.484417,35,8.47307,0,0,199626522289
39.3261,25.4284,4.43896,70,67,71,2516,2800,0.484417,35,8.47307,0,0,199651948883
39.68,25.2016,4.43896,70,67,71,2516,2800,0.484417,35,8.47307,0,0,199677151397
37.5513,26.6302,4.43896,70,67,71,2516,2800,0.484417,35,8.47307,0,0,199703783162
35.8998,27.8553,4.43896,70,67,71,2516,2800,0.484417,35,8.47307,0,0,199731638602
41.9415,23.8427,4.43896,70,67,71,2516,2800,0.484417,35,8.47307,0,0,199755481085
38.6139,25.8974,4.43896,70,67,71,2516,2800,0.484417,35,8.47307,0,0,199781378222
38.6572,25.8684,4.43896,70,67,71,2516,2800,0.484417,35,8.47307,0,0,199807248077
40.0404,24.9748,4.43896,70,67,71,2516,2800,0.484417,35,8.47307,0,0,199832221431
36.4075,27.4669,4.43896,70,67,71,2516,2800,0.484417,35,8.47307,0,0,199859689876
42.3595,23.6075,4.43896,70,67,71,2516,2800,0.484417,35,8.47307,0,0,199883297438
37.631,26.5738,4.43896,70,67,71,2516,2800,0.484417,35,8.47307,0,0,199909873348
36.1186,27.6866,4.43896,70,67,71,2516,2800,0.484417,35,8.47307,0,0,199937563288
39.913,25.0545,5.10949,70,71,75,2469,2800,0.484417,28,8.47419,0,0,199962614227
40.265,24.8354,5.10949,70,71,75,2469,2800,0.484417,28,8.47419,0,0,199987448641
39.8012,25.1249,5.10949,70,71,75,2469,2800,0.484417,28,8.47419,0,0,200012573860
37.6976,26.5269,5.10949,70,71,75,2469,2800,0.484417,28,8.47419,0,0,200039102771
41.7173,23.9708,5.10949,70,71,75,2469,2800,0.484417,28,8.47419,0,0,200063074707
37.2791,26.8247,5.10949,70,71,75,2469,2800,0.484417,28,8.47419,0,0,200089897941
39.4382,25.3561,5.10949,70,71,75,2469,2800,0.484417,28,8.47419,0,0,200115253853
36.7846,27.1853,5.10949,70,71,75,2469,2800,0.484417,28,8.47419,0,0,200142439466
40.3016,24.8129,5.10949,70,71,75,2469,2800,0.484417,28,8.47419,0,0,200167255135
38.5798,25.9203,5.10949,70,71,75,2469,2800,0.484417,28,8.47419,0,0,200193175034
39.2243,25.4944,5.10949,70,71,75,2469,2800,0.484417,28,8.47419,0,0,200218668855
38.2247,26.1611,5.10949,70,71,75,2469,2800,0.484417,28,8.47419,0,0,200244830788
37.9865,26.3252,5.10949,70,71,75,2469,2800,0.484417,28,8.47419,0,0,200271154926
40.2162,24.8656,5.10949,70,71,75,2469,2800,0.484417,28,8.47419,0,0,200296020658
39.0958,25.5782,5.10949,70,71,75,2469,2800,0.484417,28,8.47419,0,0,200321598937
38.5955,25.9098,5.10949,70,71,75,2469,2800,0.484417,28,8.47419,0,0,200347510150
36.133,27.6755,5.10949,70,71,75,2469,2800,0.484417,28,8.47419,0,0,200375186875
41.2547,24.2397,5.10949,70,71,75,2469,2800,0.484417,28,8.47419,0,0,200399426673
37.4999,26.6667,5.10949,70,71,75,2469,2800,0.484417,28,8.47419,0,0,200426093764
38.639,25.8806,5.10949,70,71,75,2469,2800,0.484417,28,8.47419,0,0,200451979229
38.7669,25.7952,5.59611,70,68,75,2478,2800,0.484417,41,8.47315,0,0,200477768344
36.4459,27.4379,5.59611,70,68,75,2478,2800,0.484417,41,8.47315,0,0,200505207513
41.3606,24.1776,5.59611,70,68,75,2478,2800,0.484417,41,8.47315,0,0,200529388020
37.6397,26.5677,5.59611,70,68,75,2478,2800,0.484417,41,8.47315,0,0,200555953140
39.7764,25.1405,5.59611,70,68,75,2478,2800,0.484417,41,8.47315,0,0,200581093587
37.4169,26.7259,5.59611,70,68,75,2478,2800,0.484417,41,8.47315,0,0,200607821582
41.1982,24.2729,5.59611,70,68,75,2478,2800,0.484417,41,8.47315,0,0,200632093631
36.8669,27.1246,5.59611,70,68,75,2478,2800,0.484417,41,8.47315,0,0,200659218571
39.4373,25.3567,5.59611,70,68,75,2478,2800,0.484417,41,8.47315,0,0,200684577418
35.1501,28.4494,5.59611,70,68,75,2478,2800,0.484417,41,8.47315,0,0,200713025340
41.2083,24.2669,5.59611,70,68,75,2478,2800,0.484417,41,8.47315,0,0,200737293561
41.5425,24.0717,5.59611,70,68,75,2478,2800,0.484417,41,8.47315,0,0,200761363681
28.5903,34.9769,5.59611,70,68,75,2478,2800,0.484417,41,8.47315,0,0,200796341982
40.1592,24.9009,5.59611,70,68,75,2478,2800,0.484417,41,8.47315,0,0,200821244273
42.2832,23.65,5.59611,70,68,75,2478,2800,0.484417,41,8.47315,0,0,200844894104
39.1675,25.5314,5.59611,70,68,75,2478,2800,0.484417,41,8.47315,0,0,200870424723
41.1317,24.3121,5.59611,70,68,75,2478,2800,0.484417,41,8.47315,0,0,200894737879
39.3203,25.4322,5.59611,70,68,75,2478,2800,0.484417,41,8.47315,0,0,200920172779
38.7302,25.8196,5.59611,70,68,75,2478,2800,0.484417,41,8.47315,0,0,200945990998
38.8678,25.7282,5.59611,70,68,75,2478,2800,0.484417,41,8.47315,0,0,200971721813
32.2698,30.9887,5.57576,70,71,73,2545,2800,0.484417,20,8.47298,0,0,201002708306
47.5264,21.0409,5.57576,70,71,73,2545,2800,0.484417,20,8.47298,0,0,201023749524
40.4215,24.7393,5.57576,70,71,73,2545,2800,0.484417,20,8.47298,0,0,201048488809
36.957,27.0585,5.57576,70,71,73,2545,2800,0.484417,20,8.47298,0,0,201075546934
35.3928,28.2544,5.57576,70,71,73,2545,2800,0.484417,20,8.47298,0,0,201103802384
41.9482,23.8389,5.57576,70,71,73,2545,2800,0.484417,20,8.47298,0,0,201127640359
36.7266,27.2282,5.57576,70,71,73,2545,2800,0.484417,20,8.47298,0,0,201154870165
39.2951,25.4485,5.57576,70,71,73,2545,2800,0.484417,20,8.47298,0,0,201180319793
42.7713,23.3802,5.57576,70,71,73,2545,2800,0.484417,20,8.47298,0,0,201203698786
39.4712,25.3349,5.57576,70,71,73,2545,2800,0.484417,20,8.47298,0,0,201229034921
37.6588,26.5542,5.57576,70,71,73,2545,2800,0.484417,20,8.47298,0,0,201255588118
40.69,24.5761,5.57576,70,71,73,2545,2800,0.484417,20,8.47298,0,0,201280164678
36.3048,27.5445,5.57576,70,71,73,2545,2800,0.484417,20,8.47298,0,0,201307711479
40.0831,24.9482,5.57576,70,71,73,2545,2800,0.484417,20,8.47298,0,0,201332658353
39.4882,25.324,5.57576,70,71,73,2545,2800,0.484417,20,8.47298,0,0,201357983287
38.7621,25.7984,5.57576,70,71,73,2545,2800,0.484417,20,8.47298,0,0,201383782550
34.8915,28.6603,5.57576,70,71,73,2545,2800,0.484417,20,8.47298,0,0,201412441227
38.7467,25.8087,5.57576,70,71,73,2545,2800,0.484417,20,8.47298,0,0,201438252303
42.5157,23.5207,5.57576,70,71,73,2545,2800,0.484417,20,8.47298,0,0,201461771118
38.9454,25.677,5.57576,70,71,73,2545,2800,0.484417,20,8.47298,0,0,201487453142
39.6802,25.2015,5.25672,70,69,76,2547,2800,0.484417,29,8.47375,0,0,201512650325
36.6563,27.2804,5.25672,70,69,76,2547,2800,0.484417,29,8.47375,0,0,201539930917
42.3217,23.6285,5.25672,70,69,76,2547,2800,0.484417,29,8.47375,0,0,201563562545
36.6915,27.2543,5.25672,70,69,76,2547,2800,0.484417,29,8.47375,0,0,201590814313
38.722,25.8251,5.25672,70,69,76,2547,2800,0.484417,29,8.47375,0,0,201616639865
38.5817,25.919,5.25672,70,69,76,2547,2800,0.484417,29,8.47375,0,0,201642560276
40.4268,24.736,5.25672,70,69,76,2547,2800,0.484417,29,8.47375,0,0,201667296946
37.6156,26.5847,5.25672,70,69,76,2547,2800,0.484417,29,8.47375,0,0,201693881111
38.3224,26.0944,5.25672,70,69,76,2547,2800,0.484417,29,8.47375,0,0,201719976720
36.9521,27.0621,5.25672,70,69,76,2547,2800,0.484417,29,8.47375,0,0,201747040916
33.6588,29.7099,5.25672,70,69,76,2547,2800,0.484417,29,8.47375,0,0,201776749022
44.1883,22.6304,5.25672,70,69,76,2547,2800,0.484417,29,8.47375,0,0,201799380603
40.1488,24.9073,5.25672,70,69,76,2547,2800,0.484417,29,8.47375,0,0,201824287232
39.7145,25.1797,5.25672,70,69,76,2547,2800,0.484417,29,8.47375,0,0,201849467264
37.9071,26.3803,5.25672,70,69,76,2547,2800,0.484417,29,8.47375,0,0,201875847647
35.8433,27.8992,5.25672,70,69,76,2547,2800,0.484417,29,8.47375,0,0,201903748843
42.9961,23.2579,5.25672,70,69,76,2547,2800,0.484417,29,8.47375,0,0,201927006689
40.1096,24.9317,5.25672,70,69,76,2547,2800,0.484417,29,8.47375,0,0,201951938495
36.4843,27.4091,5.25672,70,69,76,2547,2800,0.484417,29,8.47375,0,0,201979348009
39.705,25.1857,5.25672,70,69,76,2547,2800,0.484417,29,8.47375,0,0,202004539673
39.0172,25.6297,5.26316,70,73,74,2443,2800,0.484417,27,8.47316,0,0,202030163557
36.5399,27.3674,5.26316,70,73,74,2443,2800,0.484417,27,8.47316,0,0,202057533517
38.7709,25.7925,5.26316,70,73,74,2443,2800,0.484417,27,8.47316,0,0,202083326328
42.7877,23.3712,5.26316,70,73,74,2443,2800,0.484417,27,8.47316,0,0,202106696284
42.283,23.6502,5.26316,70,73,74,2443,2800,0.484417,27,8.47316,0,0,202130347869
36.0817,27.7149,5.26316,70,73,74,2443,2800,0.484417,27,8.47316,0,0,202158063256
42.4726,23.5446,5.26316,70,73,74,2443,2800,0.484417,27,8.47316,0,0,202181607830
34.1521,29.2808,5.26316,70,73,74,2443,2800,0.484417,27,8.47316,0,0,202210887362
38.6928,25.8446,5.26316,70,73,74,2443,2800,0.484417,27,8.47316,0,0,202236733984
43.2661,23.1128,5.26316,70,73,74,2443,2800,0.484417,27,8.47316,0,0,202259847569
37.7542,26.4872,5.26316,70,73,74,2443,2800,0.484417,27,8.47316,0,0,202286334342
38.1857,26.1878,5.26316,70,73,74,2443,2800,0.484417,27,8.47316,0,0,202312523928
35.755,27.9681,5.26316,70,73,74,2443,2800,0.484417,27,8.47316,0,0,202340491548
43.4024,23.0402,5.26316,70,73,74,2443,2800,0.484417,27,8.47316,0,0,202363531977
34.9769,28.5903,5.26316,70,73,74,2443,2800,0.484417,27,8.47316,0,0,202392123117
42.6357,23.4545,5.26316,70,73,74,2443,2800,0.484417,27,8.47316,0,0,202415577502
32.1595,31.095,5.26316,70,73,74,2443,2800,0.484417,27,8.47316,0,0,202446673340
39.8906,25.0686,5.26316,70,73,74,2443,2800,0.484417,27,8.47316,0,0,202471741873
39.4471,25.3504,5.26316,70,73,74,2443,2800,0.484417,27,8.47316,0,0,202497093476
36.3646,27.4993,5.26316,70,73,74,2443,2800,0.484417,27,8.47316,0,0,202524593149
42.4246,23.5713,4.98177,70,69,72,2152,2800,0.484417,34,8.47402,0,0,202548164884
35.4756,28.1884,4.98177,70,69,72,2152,2800,0.484417,34,8.47402,0,0,202576351616
42.3924,23.5891,4.98177,70,69,72,2152,2800,0.484417,34,8.47402,0,0,202599941925
37.4622,26.6935,4.98177,70,69,72,2152,2800,0.484417,34,8.47402,0,0,202626634845
40.7317,24.5509,4.98177,70,69,72,2152,2800,0.484417,34,8.47402,0,0,202651188201
38.255,26.1404,4.98177,70,69,72,2152,2800,0.484417,34,8.47402,0,0,202677327893
32.3922,30.8717,4.98177,70,69,72,2152,2800,0.484417,34,8.47402,0,0,202708198890
46.6045,21.4571,4.98177,70,69,72,2152,2800,0.484417,34,8.47402,0,0,202729656118
39.9085,25.0573,4.98177,70,69,72,2152,2800,0.484417,34,8.47402,0,0,202754714732
39.2631,25.4692,4.98177,70,69,72,2152,2800,0.484417,34,8.47402,0,0,202780184017
36.138,27.6717,4.98177,70,69,72,2152,2800,0.484417,34,8.47402,0,0,202807855021
42.7146,23.4112,4.98177,70,69,72,2152,2800,0.484417,34,8.47402,0,0,202831268900
35.3598,28.2807,4.98177,70,69,72,2152,2800,0.484417,34,8.47402,0,0,202859549137
39.6184,25.2408,4.98177,70,69,72,2152,2800,0.484417,34,8.47402,0,0,202884790744
36.7077,27.2423,4.98177,70,69,72,2152,2800,0.484417,34,8.47402,0,0,202912030910
37.8231,26.4389,4.98177,70,69,72,2152,2800,0.484417,34,8.47402,0,0,202938472408
44.476,22.484,4.98177,70,69,72,2152,2800,0.484417,34,8.47402,0,0,202960954429
38.8317,25.7522,4.98177,70,69,72,2152,2800,0.484417,34,8.47402,0,0,202986709860
37.8864,26.3947,4.98177,70,69,72,2152,2800,0.484417,34,8.47402,0,0,203013103137
35.4951,28.1729,4.98177,70,69,72,2152,2800,0.484417,34,8.47402,0,0,203041282415
41.1435,24.3051,5.37241,69,73,71,2232,2800,0.484417,25,8.47934,0,0,203065582556
35.3923,28.2548,5.37241,69,73,71,2232,2800,0.484417,25,8.47934,0,0,203093837335
40.2192,24.8638,5.37241,69,73,71,2232,2800,0.484417,25,8.47934,0,0,203118700713
38.2767,26.1256,5.37241,69,73,71,2232,2800,0.484417,25,8.47934,0,0,203144827160
29.6034,33.7799,5.37241,69,73,71,2232,2800,0.484417,25,8.47934,0,0,203178608115
39.7115,25.1816,5.37241,69,73,71,2232,2800,0.484417,25,8.47934,0,0,203203789530
43.2767,23.1071,5.37241,69,73,71,2232,2800,0.484417,25,8.47934,0,0,203226895781
40.6774,24.5837,5.37241,69,73,71,2232,2800,0.484417,25,8.47934,0,0,203251480567
38.1379,26.2206,5.37241,69,73,71,2232,2800,0.484417,25,8.47934,0,0,203277701100
37.6686,26.5473,5.37241,69,73,71,2232,2800,0.484417,25,8.47934,0,0,203304250050
41.5523,24.0661,5.37241,69,73,71,2232,2800,0.484417,25,8.47934,0,0,203328314960
40.9291,24.4325,5.37241,69,73,71,2232,2800,0.484417,25,8.47934,0,0,203352747219
35.9502,27.8162,5.37241,69,73,71,2232,2800,0.484417,25,8.47934,0,0,203380565740
37.6575,26.5552,5.37241,69,73,71,2232,2800,0.484417,25,8.47934,0,0,203407121973
40.296,24.8164,5.37241,69,73,71,2232,2800,0.484417,25,8.47934,0,0,203431938392
39.598,25.2538,5.37241,69,73,71,2232,2800,0.484417,25,8.47934,0,0,203457189968
38.1151,26.2363,5.37241,69,73,71,2232,2800,0.484417,25,8.47934,0,0,203483429427
39.3905,25.3868,5.37241,69,73,71,2232,2800,0.484417,25,8.47934,0,0,203508814183
40.6715,24.5872,5.37241,69,73,71,2232,2800,0.484417,25,8.47934,0,0,203533401573
38.3972,26.0436,5.37241,69,73,71,2232,2800,0.484417,25,8.47934,0,0,203559451356
37.8067,26.4503,5.12195,69,68,72,2252,2800,0.484417,40,8.48051,0,0,203585898836
38.2197,26.1645,5.12195,69,68,72,2252,2800,0.484417,40,8.48051,0,0,203612061330
31.4001,31.847,5.12195,69,68,72,2252,2800,0.484417,40,8.48051,0,0,203643907887
45.8663,21.8025,5.12195,69,68,72,2252,2800,0.484417,40,8.48051,0,0,203665713519
38.6515,25.8722,5.12195,69,68,72,2252,2800,0.484417,40,8.48051,0,0,203691583465
40.6319,24.6112,5.12195,69,68,72,2252,2800,0.484417,40,8.48051,0,0,203716194740
35.0488,28.5316,5.12195,69,68,72,2252,2800,0.484417,40,8.48051,0,0,203744728532
38.4385,26.0156,5.12195,69,68,72,2252,2800,0.484417,40,8.48051,0,0,203770744682
43.3341,23.0765,5.12195,69,68,72,2252,2800,0.484417,40,8.48051,0,0,203793821970
39.4247,25.3648,5.12195,69,68,72,2252,2800,0.484417,40,8.48051,0,0,203819186297
37.865,26.4096,5.12195,69,68,72,2252,2800,0.484417,40,8.48051,0,0,203845595845
36.9844,27.0384,5.12195,69,68,72,2252,2800,0.484417,40,8.48051,0,0,203872634523
40.7304,24.5517,5.12195,69,68,72,2252,2800,0.484417,40,8.48051,0,0,203897185295
37.8278,26.4356,5.12195,69,68,72,2252,2800,0.484417,40,8.48051,0,0,203923623086
41.6783,23.9933,5.12195,69,68,72,2252,2800,0.484417,40,8.48051,0,0,203947616993
37.3669,26.7617,5.12195,69,68,72,2252,2800,0.484417,40,8.48051,0,0,203974378972
40.8804,24.4616,5.12195,69,68,72,2252,2800,0.484417,40,8.48051,0,0,203998839674
38.8827,25.7184,5.12195,69,68,72,2252,2800,0.484417,40,8.48051,0,0,204024559398
39.9016,25.0617,5.12195,69,68,72,2252,2800,0.484417,40,8.48051,0,0,204049622030
37.572,26.6156,5.12195,69,68,72,2252,2800,0.484417,40,8.48051,0,0,204076242914
36.2598,27.5788,4.77356,69,71,71,2243,2800,0.484417,36,8.47966,0,0,204103816676
42.6456,23.4491,4.77356,69,71,71,2243,2800,0.484417,36,8.47966,0,0,204127266522
37.1346,26.9291,4.77356,69,71,71,2243,2800,0.484417,36,8.47966,0,0,204154194393
38.9335,25.6848,4.77356,69,71,71,2243,2800,0.484417,36,8.47966,0,0,204179880063
38.8675,25.7285,4.77356,69,71,71,2243,2800,0.484417,36,8.47966,0,0,204205610287
41.4533,24.1236,4.77356,69,71,71,2243,2800,0.484417,36,8.47966,0,0,204229733616
37.1126,26.945,4.77356,69,71,71,2243,2800,0.484417,36,8.47966,0,0,204256679240
38.7915,25.7789,4.77356,69,71,71,2243,2800,0.484417,36,8.47966,0,0,204282458125
38.3302,26.0891,4.77356,69,71,71,2243,2800,0.484417,36,8.47966,0,0,204308547482
40.9835,24.4,4.77356,69,71,71,2243,2800,0.484417,36,8.47966,0,0,204332948322
25.7965,38.7649,4.77356,69,71,71,2243,2800,0.484417,36,8.47966,0,0,204371713587
48.6343,20.5616,4.77356,69,71,71,2243,2800,0.484417,36,8.47966,0,0,204392275015
33.5702,29.7883,4.77356,69,71,71,2243,2800,0.484417,36,8.47966,0,0,204422064423
41.6248,24.0242,4.77356,69,71,71,2243,2800,0.484417,36,8.47966,0,0,204446088937
36.4302,27.4497,4.77356,69,71,71,2243,2800,0.484417,36,8.47966,0,0,204473538827
48.2916,20.7075,4.77356,69,71,71,2243,2800,0.484417,36,8.47966,0,0,204494248032
36.1987,27.6253,4.77356,69,71,71,2243,2800,0.484417,36,8.47966,0,0,204521872459
41.5948,24.0415,4.77356,69,71,71,2243,2800,0.484417,36,8.47966,0,0,204545914105
37.3833,26.7499,4.77356,69,71,71,2243,2800,0.484417,36,8.47966,0,0,204572664944
40.3698,24.771,4.77356,69,71,71,2243,2800,0.484417,36,8.47966,0,0,204597437962
37.5668,26.6193,5.09091,69,69,70,2162,2800,0.484417,22,8.47751,0,0,204624055580
40.0996,24.9379,5.09091,69,69,70,2162,2800,0.484417,22,8.47751,0,0,204648993057
36.692,27.2539,5.09091,69,69,70,2162,2800,0.484417,22,8.47751,0,0,204676247480
35.6699,28.0348,5.09091,69,69,70,2162,2800,0.484417,22,8.47751,0,0,204704282617
41.628,24.0223,5.09091,69,69,70,2162,2800,0.484417,22,8.47751,0,0,204728306921
41.1549,24.2984,5.09091,69,69,70,2162,2800,0.484417,22,8.47751,0,0,204752605650
40.1038,24.9353,5.09091,69,69,70,2162,2800,0.484417,22,8.47751,0,0,204777540561
38.0102,26.3087,5.09091,69,69,70,2162,2800,0.484417,22,8.47751,0,0,204803849401
40.8911,24.4552,5.09091,69,69,70,2162,2800,0.484417,22,8.47751,0,0,204828306747
38.0647,26.271,5.09091,69,69,70,2162,2800,0.484417,22,8.47751,0,0,204854576903
39.1286,25.5567,5.09091,69,69,70,2162,2800,0.484417,22,8.47751,0,0,204880134353
35.9524,27.8146,5.09091,69,69,70,2162,2800,0.484417,22,8.47751,0,0,204907949287
41.8464,23.8969,5.09091,69,69,70,2162,2800,0.484417,22,8.47751,0,0,204931846443
38.7714,25.7922,5.09091,69,69,70,2162,2800,0.484417,22,8.47751,0,0,204957639264
38.3489,26.0764,5.09091,69,69,70,2162,2800,0.484417,22,8.47751,0,0,204983716028
37.7962,26.4577,5.09091,69,69,70,2162,2800,0.484417,22,8.47751,0,0,205010173586
38.2305,26.1572,5.09091,69,69,70,2162,2800,0.484417,22,8.47751,0,0,205036331522
42.6899,23.4248,5.09091,69,69,70,2162,2800,0.484417,22,8.47751,0,0,205059755289
35.7798,27.9487,5.09091,69,69,70,2162,2800,0.484417,22,8.47751,0,0,205087707020
41.2687,24.2314,5.09091,69,69,70,2162,2800,0.484417,22,8.47751,0,0,205111940907
36.3089,27.5414,5.37897,69,71,68,1654,2800,0.484417,43,8.47636,0,0,205139478260
44.9139,22.2648,5.37897,69,71,68,1654,2800,0.484417,43,8.47636,0,0,205161744486
35.5338,28.1422,5.37897,69,71,68,1654,2800,0.484417,43,8.47636,0,0,205189886855
41.2374,24.2499,5.37897,69,71,68,1654,2800,0.484417,43,8.47636,0,0,205214135109
37.4744,26.6849,5.37897,69,71,68,1654,2800,0.484417,43,8.47636,0,0,205240821877
35.9836,27.7904,5.37897,69,71,68,1654,2800,0.484417,43,8.47636,0,0,205268611834
43.4044,23.0392,5.37897,69,71,68,1654,2800,0.484417,43,8.47636,0,0,205291650730
38.3673,26.0639,5.37897,69,71,68,1654,2800,0.484417,43,8.47636,0,0,205317715902
38.84,25.7466,5.37897,69,71,68,1654,2800,0.484417,43,8.47636,0,0,205343462857
36.9308,27.0777,5.37897,69,71,68,1654,2800,0.484417,43,8.47636,0,0,205370540728
40.8689,24.4685,5.37897,69,71,68,1654,2800,0.484417,43,8.47636,0,0,205395009296
37.6165,26.5841,5.37897,69,71,68,1654,2800,0.484417,43,8.47636,0,0,205421593080
40.4042,24.7499,5.37897,69,71,68,1654,2800,0.484417,43,8.47636,0,0,205446343146
37.3017,26.8084,5.37897,69,71,68,1654,2800,0.484417,43,8.47636,0,0,205473151532
40.3872,24.7603,5.37897,69,71,68,1654,2800,0.484417,43,8.47636,0,0,205497912618
37.513,26.6574,5.37897,69,71,68,1654,2800,0.484417,43,8.47636,0,0,205524569910
38.6465,25.8756,5.37897,69,71,68,1654,2800,0.484417,43,8.47636,0,0,205550445838
39.7949,25.1288,5.37897,69,71,68,1654,2800,0.484417,43,8.47636,0,0,205575574623
36.3179,27.5347,5.37897,69,71,68,1654,2800,0.484417,43,8.47636,0,0,205603110614
42.4016,23.584,5.37897,69,71,68,1654,2800,0.484417,43,8.47636,0,0,205626696606
38.574,25.9242,4.29975,69,70,67,1440,2800,0.484417,14,8.4757,0,0,205652619741
39.1937,25.5143,4.29975,69,70,67,1440,2800,0.484417,14,8.4757,0,0,205678134040
37.3136,26.7999,4.29975,69,70,67,1440,2800,0.484417,14,8.4757,0,0,205704934301
41.0162,24.3806,4.29975,69,70,67,1440,2800,0.484417,14,8.4757,0,0,205729314072
37.5522,26.6296,4.29975,69,70,67,1440,2800,0.484417,14,8.4757,0,0,205755945576
40.3635,24.7749,4.29975,69,70,67,1440,2800,0.484417,14,8.4757,0,0,205780720929
37.096,26.9571,4.29975,69,70,67,1440,2800,0.484417,14,8.4757,0,0,205807676511
36.3,27.5482,4.29975,69,70,67,1440,2800,0.484417,14,8.4757,0,0,205835226077
42.0442,23.7845,4.29975,69,70,67,1440,2800,0.484417,14,8.4757,0,0,205859011082
40.0187,24.9883,4.29975,69,70,67,1440,2800,0.484417,14,8.4757,0,0,205883999845
38.26,26.137,4.29975,69,70,67,1440,2800,0.484417,14,8.4757,0,0,205910137033
38.039,26.2888,4.29975,69,70,67,1440,2800,0.484417,14,8.4757,0,0,205936427046
39.2025,25.5086,4.29975,69,70,67,1440,2800,0.484417,14,8.4757,0,0,205961934182
37.5476,26.6328,4.29975,69,70,67,1440,2800,0.484417,14,8.4757,0,0,205988567209
41.2242,24.2576,4.29975,69,70,67,1440,2800,0.484417,14,8.4757,0,0,206012824890
37.0407,26.9974,4.29975,69,70,67,1440,2800,0.484417,14,8.4757,0,0,206039824054
40.9269,24.4338,4.29975,69,70,67,1440,2800,0.484417,14,8.4757,0,0,206064258287
36.6861,27.2583,4.29975,69,70,67,1440,2800,0.484417,14,8.4757,0,0,206091515505
41.4157,24.1455,4.29975,69,70,67,1440,2800,0.484417,14,8.4757,0,0,206115660295
36.8355,27.1477,4.29975,69,70,67,1440,2800,0.484417,14,8.4757,0,0,206142811404
38.527,25.9558,4.40098,69,69,67,1520,2800,0.484417,20,8.47486,0,0,206168765007
41.0187,24.3791,4.40098,69,69,67,1520,2800,0.484417,20,8.47486,0,0,206193144938
40.6403,24.6061,4.40098,69,69,67,1520,2800,0.484417,20,8.47486,0,0,206217752506
36.465,27.4235,4.40098,69,69,67,1520,2800,0.484417,20,8.47486,0,0,206245175024
38.7779,25.7879,4.40098,69,69,67,1520,2800,0.484417,20,8.47486,0,0,206270964719
39.9625,25.0235,4.40098,69,69,67,1520,2800,0.484417,20,8.47486,0,0,206295987746
38.1124,26.2381,4.40098,69,69,67,1520,2800,0.484417,20,8.47486,0,0,206322226444
40.046,24.9713,4.40098,69,69,67,1520,2800,0.484417,20,8.47486,0,0,206347196732
37.1944,26.8858,4.40098,69,69,67,1520,2800,0.484417,20,8.47486,0,0,206374084117
40.5112,24.6845,4.40098,69,69,67,1520,2800,0.484417,20,8.47486,0,0,206398768278
37.2812,26.8232,4.40098,69,69,67,1520,2800,0.484417,20,8.47486,0,0,206425591753
39.9878,25.0077,4.40098,69,69,67,1520,2800,0.484417,20,8.47486,0,0,206450598399
37.9825,26.3279,4.40098,69,69,67,1520,2800,0.484417,20,8.47486,0,0,206476928568
39.118,25.5637,4.40098,69,69,67,1520,2800,0.484417,20,8.47486,0,0,206502493181
39.8483,25.0952,4.40098,69,69,67,1520,2800,0.484417,20,8.47486,0,0,206527587152
38.205,26.1746,4.40098,69,69,67,1520,2800,0.484417,20,8.47486,0,0,206553762811
39.0848,25.5854,4.40098,69,69,67,1520,2800,0.484417,20,8.47486,0,0,206579348955
36.4017,27.4713,4.40098,69,69,67,1520,2800,0.484417,20,8.47486,0,0,206606819172
40.7583,24.5349,4.40098,69,69,67,1520,2800,0.484417,20,8.47486,0,0,206631356228
39.5141,25.3074,4.40098,69,69,67,1520,2800,0.484417,20,8.47486,0,0,206656667476
40.9736,24.4059,4.05904,69,66,67,1521,2800,0.484417,25,8.47388,0,0,206681068085
33.9169,29.4838,4.05904,69,66,67,1521,2800,0.484417,25,8.47388,0,0,206710554896
40.0561,24.965,4.05904,69,66,67,1521,2800,0.484417,25,8.47388,0,0,206735517439
40.9162,24.4402,4.05904,69,66,67,1521,2800,0.484417,25,8.47388,0,0,206759958605
41.0471,24.3623,4.05904,69,66,67,1521,2800,0.484417,25,8.47388,0,0,206784319771
37.8894,26.3926,4.05904,69,66,67,1521,2800,0.484417,25,8.47388,0,0,206810715293
36.8156,27.1624,4.05904,69,66,67,1521,2800,0.484417,25,8.47388,0,0,206837877923
41.1969,24.2737,4.05904,69,66,67,1521,2800,0.484417,25,8.47388,0,0,206862150042
36.5864,27.3326,4.05904,69,66,67,1521,2800,0.484417,25,8.47388,0,0,206889484194
41.0229,24.3766,4.05904,69,66,67,1521,2800,0.484417,25,8.47388,0,0,206913860569
38.112,26.2384,4.05904,69,66,67,1521,2800,0.484417,25,8.47388,0,0,206940099907
40.8095,24.5041,4.05904,69,66,67,1521,2800,0.484417,25,8.47388,0,0,206964603651
37.8164,26.4435,4.05904,69,66,67,1521,2800,0.484417,25,8.47388,0,0,206991046521
38.9168,25.6959,4.05904,69,66,67,1521,2800,0.484417,25,8.47388,0,0,207016744224
38.8291,25.7539,4.05904,69,66,67,1521,2800,0.484417,25,8.47388,0,0,207042497511
36.5102,27.3896,4.05904,69,66,67,1521,2800,0.484417,25,8.47388,0,0,207069888179
40.5819,24.6416,4.05904,69,66,67,1521,2800,0.484417,25,8.47388,0,0,207094530462
40.2921,24.8188,4.05904,69,66,67,1521,2800,0.484417,25,8.47388,0,0,207119347764
38.7564,25.8022,4.05904,69,66,67,1521,2800,0.484417,25,8.47388,0,0,207145151626
37.0904,26.9612,4.05904,69,66,67,1521,2800,0.484417,25,8.47388,0,0,207172115453
40.6557,24.5968,4.28922,69,70,67,1565,2800,0.484417,13,8.46733,0,0,207196710768
36.6376,27.2944,4.28922,69,70,67,1565,2800,0.484417,13,8.46733,0,0,207224004875
36.6231,27.3052,4.28922,69,70,67,1565,2800,0.484417,13,8.46733,0,0,207251310955
40.9349,24.429,4.28922,69,70,67,1565,2800,0.484417,13,8.46733,0,0,207275739607
37.5114,26.6586,4.28922,69,70,67,1565,2800,0.484417,13,8.46733,0,0,207302398373
42.5603,23.4961,4.28922,69,70,67,1565,2800,0.484417,13,8.46733,0,0,207325895478
35.2754,28.3483,4.28922,69,70,67,1565,2800,0.484417,13,8.46733,0,0,207354242681
39.5573,25.2798,4.28922,69,70,67,1565,2800,0.484417,13,8.46733,0,0,207379524223
40.4295,24.7344,4.28922,69,70,67,1565,2800,0.484417,13,8.46733,0,0,207404258919
40.8877,24.4572,4.28922,69,70,67,1565,2800,0.484417,13,8.46733,0,0,207428714903
38.2623,26.1354,4.28922,69,70,67,1565,2800,0.484417,13,8.46733,0,0,207454852961
37.5765,26.6124,4.28922,69,70,67,1565,2800,0.484417,13,8.46733,0,0,207481465220
38.9642,25.6646,4.28922,69,70,67,1565,2800,0.484417,13,8.46733,0,0,207507129840
35.362,28.279,4.28922,69,70,67,1565,2800,0.484417,13,8.46733,0,0,207535407573
42.0784,23.7652,4.28922,69,70,67,1565,2800,0.484417,13,8.46733,0,0,207559173943
39.9473,25.033,4.28922,69,70,67,1565,2800,0.484417,13,8.46733,0,0,207584208281
36.2585,27.5797,4.28922,69,70,67,1565,2800,0.484417,13,8.46733,0,0,207611786281
41.0954,24.3336,4.28922,69,70,67,1565,2800,0.484417,13,8.46733,0,0,207636121608
40.749,24.5405,4.28922,69,70,67,1565,2800,0.484417,13,8.46733,0,0,207660661449
36.4396,27.4427,4.28922,69,70,67,1565,2800,0.484417,13,8.46733,0,0,207688109495
39.0492,25.6087,4.64548,69,65,67,1596,2800,0.484417,28,8.46561,0,0,207713714815
38.7784,25.7875,4.64548,69,65,67,1596,2800,0.484417,28,8.46561,0,0,207739501464
39.5182,25.3048,4.64548,69,65,67,1596,2800,0.484417,28,8.46561,0,0,207764807903
37.4172,26.7257,4.64548,69,65,67,1596,2800,0.484417,28,8.46561,0,0,207791532462
38.9354,25.6836,4.64548,69,65,67,1596,2800,0.484417,28,8.46561,0,0,207817216890
40.025,24.9844,4.64548,69,65,67,1596,2800,0.484417,28,8.46561,0,0,207842201405
37.1574,26.9126,4.64548,69,65,67,1596,2800,0.484417,28,8.46561,0,0,207869114107
43.0628,23.2219,4.64548,69,65,67,1596,2800,0.484417,28,8.46561,0,0,207892336226
35.8788,27.8716,4.64548,69,65,67,1596,2800,0.484417,28,8.46561,0,0,207920207896
40.4168,24.7422,4.64548,69,65,67,1596,2800,0.484417,28,8.46561,0,0,207944951650
38.0896,26.2539,4.64548,69,65,67,1596,2800,0.484417,28,8.46561,0,0,207971206417
41.4865,24.1042,4.64548,69,65,67,1596,2800,0.484417,28,8.46561,0,0,207995309319
35.9019,27.8537,4.64548,69,65,67,1596,2800,0.484417,28,8.46561,0,0,208023164769
40.3563,24.7793,4.64548,69,65,67,1596,2800,0.484417,28,8.46561,0,0,208047942827
37.5864,26.6054,4.64548,69,65,67,1596,2800,0.484417,28,8.46561,0,0,208074549775
41.8195,23.9123,4.64548,69,65,67,1596,2800,0.484417,28,8.46561,0,0,208098461047
32.7333,30.5499,4.64548,69,65,67,1596,2800,0.484417,28,8.46561,0,0,208129012254
39.051,25.6076,4.64548,69,65,67,1596,2800,0.484417,28,8.46561,0,0,208154618735
40.1853,24.8847,4.64548,69,65,67,1596,2800,0.484417,28,8.46561,0,0,208179505527
40.6808,24.5816,4.64548,69,65,67,1596,2800,0.484417,28,8.46561,0,0,208204092136
42.0436,23.7848,5.2439,69,69,68,1412,2800,0.484417,12,8.46564,0,0,208227872482
39.0249,25.6247,5.2439,69,69,68,1412,2800,0.484417,12,8.46564,0,0,208253496396
39.9731,25.0168,5.2439,69,69,68,1412,2800,0.484417,12,8.46564,0,0,208278512811
36.6971,27.2501,5.2439,69,69,68,1412,2800,0.484417,12,8.46564,0,0,208305765481
40.834,24.4894,5.2439,69,69,68,1412,2800,0.484417,12,8.46564,0,0,208330254165
36.064,27.7285,5.2439,69,69,68,1412,2800,0.484417,12,8.46564,0,0,208357982367
41.7533,23.9502,5.2439,69,69,68,1412,2800,0.484417,12,8.46564,0,0,208381934315
38.0216,26.3008,5.2439,69,69,68,1412,2800,0.484417,12,8.46564,0,0,208408234879
36.4778,27.414,5.2439,69,69,68,1412,2800,0.484417,12,8.46564,0,0,208435649562
40.6859,24.5786,5.2439,69,69,68,1412,2800,0.484417,12,8.46564,0,0,208460229057
40.2183,24.8643,5.2439,69,69,68,1412,2800,0.484417,12,8.46564,0,0,208485091854
35.894,27.8598,5.2439,69,69,68,1412,2800,0.484417,12,8.46564,0,0,208512953235
41.1217,24.3181,5.2439,69,69,68,1412,2800,0.484417,12,8.46564,0,0,208537271240
37.6713,26.5454,5.2439,69,69,68,1412,2800,0.484417,12,8.46564,0,0,208563816493
39.8046,25.1227,5.2439,69,69,68,1412,2800,0.484417,12,8.46564,0,0,208588940870
39.2967,25.4474,5.2439,69,69,68,1412,2800,0.484417,12,8.46564,0,0,208614387302
36.9232,27.0832,5.2439,69,69,68,1412,2800,0.484417,12,8.46564,0,0,208641471916
44.4049,22.5201,5.2439,69,69,68,1412,2800,0.484417,12,8.46564,0,0,208663991487
34.902,28.6516,5.2439,69,69,68,1412,2800,0.484417,12,8.46564,0,0,208692643421
38.3594,26.0692,5.2439,69,69,68,1412,2800,0.484417,12,8.46564,0,0,208718716979
39.0361,25.6173,4.88998,69,66,67,1519,2800,0.484417,27,8.46765,0,0,208744331506
39.9957,25.0027,4.88998,69,66,67,1519,2800,0.484417,27,8.46765,0,0,208769334536
41.4246,24.1403,4.88998,69,66,67,1519,2800,0.484417,27,8.46765,0,0,208793473354
36.1862,27.6349,4.88998,69,66,67,1519,2800,0.484417,27,8.46765,0,0,208821109213
40.2137,24.8672,4.88998,69,66,67,1519,2800,0.484417,27,8.46765,0,0,208845976367
36.3971,27.4747,4.88998,69,66,67,1519,2800,0.484417,27,8.46765,0,0,208873451925
41.0833,24.3408,4.88998,69,66,67,1519,2800,0.484417,27,8.46765,0,0,208897793264
36.1887,27.6329,4.88998,69,66,67,1519,2800,0.484417,27,8.46765,0,0,208925427489
42.0194,23.7985,4.88998,69,66,67,1519,2800,0.484417,27,8.46765,0,0,208949223965
38.7193,25.8269,4.88998,69,66,67,1519,2800,0.484417,27,8.46765,0,0,208975051151
37.1191,26.9403,4.88998,69,66,67,1519,2800,0.484417,27,8.46765,0,0,209001994079
40.4547,24.719,4.88998,69,66,67,1519,2800,0.484417,27,8.46765,0,0,209026711383
41.7251,23.9664,4.88998,69,66,67,1519,2800,0.484417,27,8.46765,0,0,209050678059
36.8872,27.1097,4.88998,69,66,67,1519,2800,0.484417,27,8.46765,0,0,209077789504
36.1926,27.63,4.88998,69,66,67,1519,2800,0.484417,27,8.46765,0,0,209105419140
37.757,26.4852,4.88998,69,66,67,1519,2800,0.484417,27,8.46765,0,0,209131903609
40.1785,24.8889,4.88998,69,66,67,1519,2800,0.484417,27,8.46765,0,0,209156792785
37.5979,26.5972,4.88998,69,66,67,1519,2800,0.484417,27,8.46765,0,0,209183391858
42.19,23.7023,4.88998,69,66,67,1519,2800,0.484417,27,8.46765,0,0,209207092395
42.1059,23.7496,4.88998,69,66,67,1519,2800,0.484417,27,8.46765,0,0,209230846382
37.8228,26.4391,5.15971,69,68,67,1480,2800,0.484417,15,8.46829,0,0,209257281939
39.159,25.5369,5.15971,69,68,67,1480,2800,0.484417,15,8.46829,0,0,209282819261
37.5479,26.6327,5.15971,69,68,67,1480,2800,0.484417,15,8.46829,0,0,209309451807
38.2553,26.1402,5.15971,69,68,67,1480,2800,0.484417,15,8.46829,0,0,209335593392
39.0615,25.6007,5.15971,69,68,67,1480,2800,0.484417,15,8.46829,0,0,209361193342
37.884,26.3964,5.15971,69,68,67,1480,2800,0.484417,15,8.46829,0,0,209387592019
40.4548,24.7189,5.15971,69,68,67,1480,2800,0.484417,15,8.46829,0,0,209412309944
37.5987,26.5966,5.15971,69,68,67,1480,2800,0.484417,15,8.46829,0,0,209438907475
41.8759,23.8801,5.15971,69,68,67,1480,2800,0.484417,15,8.46829,0,0,209462788360
38.0538,26.2786,5.15971,69,68,67,1480,2800,0.484417,15,8.46829,0,0,209489066271
39.4359,25.3576,5.15971,69,68,67,1480,2800,0.484417,15,8.46829,0,0,209514423194
37.8737,26.4036,5.15971,69,68,67,1480,2800,0.484417,15,8.46829,0,0,209540828464
36.737,27.2205,5.15971,69,68,67,1480,2800,0.484417,15,8.46829,0,0,209568050266
40.8079,24.5051,5.15971,69,68,67,1480,2800,0.484417,15,8.46829,0,0,209592553959
39.6106,25.2457,5.15971,69,68,67,1480,2800,0.484417,15,8.46829,0,0,209617799864
37.4067,26.7332,5.15971,69,68,67,1480,2800,0.484417,15,8.46829,0,0,209644532779
38.7183,25.8276,5.15971,69,68,67,1480,2800,0.484417,15,8.46829,0,0,209670360816
40.4465,24.724,5.15971,69,68,67,1480,2800,0.484417,15,8.46829,0,0,209695085103
37.8796,26.3994,5.15971,69,68,67,1480,2800,0.484417,15,8.46829,0,0,209721485945
40.001,24.9994,5.15971,69,68,67,1480,2800,0.484417,15,8.46829,0,0,209746488263
37.2577,26.8401,4.04412,69,68,67,1477,2800,0.484417,18,8.46851,0,0,209773326776
40.3397,24.7895,4.04412,69,68,67,1477,2800,0.484417,18,8.46851,0,0,209798115283
37.9963,26.3183,4.04412,69,68,67,1477,2800,0.484417,18,8.46851,0,0,209824434542
39.2501,25.4776,4.04412,69,68,67,1477,2800,0.484417,18,8.46851,0,0,209849912092
38.8089,25.7673,4.04412,69,68,67,1477,2800,0.484417,18,8.46851,0,0,209875679715
37.802,26.4536,4.04412,69,68,67,1477,2800,0.484417,18,8.46851,0,0,209902132114
38.7841,25.7838,4.04412,69,68,67,1477,2800,0.484417,18,8.46851,0,0,209927917561
38.065,26.2708,4.04412,69,68,67,1477,2800,0.484417,18,8.46851,0,0,209954188519
38.1689,26.1993,4.04412,69,68,67,1477,2800,0.484417,18,8.46851,0,0,209980388895
39.6685,25.2089,4.04412,69,68,67,1477,2800,0.484417,18,8.46851,0,0,210005597140
40.136,24.9153,4.04412,69,68,67,1477,2800,0.484417,18,8.46851,0,0,210030512004
34.725,28.7977,4.04412,69,68,67,1477,2800,0.484417,18,8.46851,0,0,210059309862
38.6647,25.8634,4.04412,69,68,67,1477,2800,0.484417,18,8.46851,0,0,210085173887
42.2734,23.6555,4.04412,69,68,67,1477,2800,0.484417,18,8.46851,0,0,210108828878
36.8269,27.154,4.04412,69,68,67,1477,2800,0.484417,18,8.46851,0,0,210135984195
39.7172,25.178,4.04412,69,68,67,1477,2800,0.484417,18,8.46851,0,0,210161162363
41.3588,24.1787,4.04412,69,68,67,1477,2800,0.484417,18,8.46851,0,0,210185341928
37.7391,26.4977,4.04412,69,68,67,1477,2800,0.484417,18,8.46851,0,0,210211839331
39.7671,25.1464,4.04412,69,68,67,1477,2800,0.484417,18,8.46851,0,0,210236986992
38.5909,25.9129,4.04412,69,68,67,1477,2800,0.484417,18,8.46851,0,0,210262905348
41.0485,24.3614,4.29448,69,66,67,1589,2800,0.484417,25,8.46819,0,0,210287261605
37.9662,26.3392,4.29448,69,66,67,1589,2800,0.484417,25,8.46819,0,0,210313600731
36.9192,27.0862,4.29448,69,66,67,1589,2800,0.484417,25,8.46819,0,0,210340687920
40.8758,24.4644,4.29448,69,66,67,1589,2800,0.484417,25,8.46819,0,0,210365150957
38.0719,26.2661,4.29448,69,66,67,1589,2800,0.484417,25,8.46819,0,0,210391417457
38.638,25.8813,4.29448,69,66,67,1589,2800,0.484417,25,8.46819,0,0,210417300267
40.3669,24.7728,4.29448,69,66,67,1589,2800,0.484417,25,8.46819,0,0,210442071532
36.0008,27.7772,4.29448,69,66,67,1589,2800,0.484417,25,8.46819,0,0,210469851650
42.0975,23.7544,4.29448,69,66,67,1589,2800,0.484417,25,8.46819,0,0,210493603904
38.9783,25.6553,4.29448,69,66,67,1589,2800,0.484417,25,8.46819,0,0,210519261892
37.9509,26.3498,4.29448,69,66,67,1589,2800,0.484417,25,8.46819,0,0,210545613411
37.771,26.4754,4.29448,69,66,67,1589,2800,0.484417,25,8.46819,0,0,210572085837
37.7809,26.4684,4.29448,69,66,67,1589,2800,0.484417,25,8.46819,0,0,210598554496
40.1179,24.9265,4.29448,69,66,67,1589,2800,0.484417,25,8.46819,0,0,210623481263
41.1828,24.282,4.29448,69,66,67,1589,2800,0.484417,25,8.46819,0,0,210647763380
36.1897,27.6322,4.29448,69,66,67,1589,2800,0.484417,25,8.46819,0,0,210675398738
35.6091,28.0827,4.29448,69,66,67,1589,2800,0.484417,25,8.46819,0,0,210703480202
43.2217,23.1365,4.29448,69,66,67,1589,2800,0.484417,25,8.46819,0,0,210726615288
39.6814,25.2007,4.29448,69,66,67,1589,2800,0.484417,25,8.46819,0,0,210751818162
38.4064,26.0373,4.29448,69,66,67,1589,2800,0.484417,25,8.46819,0,0,210777857817
40.1578,24.9018,4.55105,70,68,67,1606,2800,0.484417,15,8.46978,0,0,210802757322
38.6332,25.8845,4.55105,70,68,67,1606,2800,0.484417,15,8.46978,0,0,210828642757
38.9282,25.6883,4.55105,70,68,67,1606,2800,0.484417,15,8.46978,0,0,210854330671
38.9829,25.6523,4.55105,70,68,67,1606,2800,0.484417,15,8.46978,0,0,210879982198
36.1461,27.6655,4.55105,70,68,67,1606,2800,0.484417,15,8.46978,0,0,210907650417
42.181,23.7074,4.55105,70,68,67,1606,2800,0.484417,15,8.46978,0,0,210931355792
38.8558,25.7362,4.55105,70,68,67,1606,2800,0.484417,15,8.46978,0,0,210957092819
40.0307,24.9808,4.55105,70,68,67,1606,2800,0.484417,15,8.46978,0,0,210982073687
36.6185,27.3086,4.55105,70,68,67,1606,2800,0.484417,15,8.46978,0,0,211009383153
36.9204,27.0853,4.55105,70,68,67,1606,2800,0.484417,15,8.46978,0,0,211036468338
41.5889,24.0449,4.55105,70,68,67,1606,2800,0.484417,15,8.46978,0,0,211060514072
38.6926,25.8447,4.55105,70,68,67,1606,2800,0.484417,15,8.46978,0,0,211086357999
38.1342,26.2232,4.55105,70,68,67,1606,2800,0.484417,15,8.46978,0,0,211112582070
38.7482,25.8077,4.55105,70,68,67,1606,2800,0.484417,15,8.46978,0,0,211138392143
40.2478,24.8461,4.55105,70,68,67,1606,2800,0.484417,15,8.46978,0,0,211163236675
37.4213,26.7227,4.55105,70,68,67,1606,2800,0.484417,15,8.46978,0,0,211189960363
40.5733,24.6467,4.55105,70,68,67,1606,2800,0.484417,15,8.46978,0,0,211214608196
37.3608,26.766,4.55105,70,68,67,1606,2800,0.484417,15,8.46978,0,0,211241374834
38.5213,25.9597,4.55105,70,68,67,1606,2800,0.484417,15,8.46978,0,0,211267335300
39.7392,25.1641,4.55105,70,68,67,1606,2800,0.484417,15,8.46978,0,0,211292502908
39.6293,25.2339,4.53431,69,65,67,1534,2800,0.484417,30,8.4688,0,0,211317734066
38.7032,25.8376,4.53431,69,65,67,1534,2800,0.484417,30,8.4688,0,0,211343569958
38.252,26.1424,4.53431,69,65,67,1534,2800,0.484417,30,8.4688,0,0,211369712315
38.7247,25.8233,4.53431,69,65,67,1534,2800,0.484417,30,8.4688,0,0,211395535903
38.4795,25.9879,4.53431,69,65,67,1534,2800,0.484417,30,8.4688,0,0,211421524241
39.2709,25.4641,4.53431,69,65,67,1534,2800,0.484417,30,8.4688,0,0,211446989648
38.1502,26.2122,4.53431,69,65,67,1534,2800,0.484417,30,8.4688,0,0,211473200864
40.6897,24.5763,4.53431,69,65,67,1534,2800,0.484417,30,8.4688,0,0,211497777424
38.9551,25.6706,4.53431,69,65,67,1534,2800,0.484417,30,8.4688,0,0,211523448527
38.757,25.8018,4.53431,69,65,67,1534,2800,0.484417,30,8.4688,0,0,211549251367
36.4001,27.4725,4.53431,69,65,67,1534,2800,0.484417,30,8.4688,0,0,211576723558
39.3287,25.4267,4.53431,69,65,67,1534,2800,0.484417,30,8.4688,0,0,211602151004
39.072,25.5938,4.53431,69,65,67,1534,2800,0.484417,30,8.4688,0,0,211627743900
42.2548,23.666,4.53431,69,65,67,1534,2800,0.484417,30,8.4688,0,0,211651409772
37.63,26.5745,4.53431,69,65,67,1534,2800,0.484417,30,8.4688,0,0,211677985381
36.0713,27.7229,4.53431,69,65,67,1534,2800,0.484417,30,8.4688,0,0,211705710006
40.2093,24.8699,4.53431,69,65,67,1534,2800,0.484417,30,8.4688,0,0,211730580367
40.8942,24.4533,4.53431,69,65,67,1534,2800,0.484417,30,8.4688,0,0,211755031702
38.4118,26.0337,4.53431,69,65,67,1534,2800,0.484417,30,8.4688,0,0,211781066186
37.2419,26.8515,4.53431,69,65,67,1534,2800,0.484417,30,8.4688,0,0,211807921320
41.5914,24.0434,4.28922,69,69,67,1498,2800,0.484417,12,8.47033,0,0,211831963007
36.4487,27.4358,4.28922,69,69,67,1498,2800,0.484417,12,8.47033,0,0,211859398239
40.9016,24.4489,4.28922,69,69,67,1498,2800,0.484417,12,8.47033,0,0,211883847249
36.8639,27.1268,4.28922,69,69,67,1498,2800,0.484417,12,8.47033,0,0,211910973431
40.1303,24.9188,4.28922,69,69,67,1498,2800,0.484417,12,8.47033,0,0,211935894447
38.8024,25.7716,4.28922,69,69,67,1498,2800,0.484417,12,8.47033,0,0,211961664696
38.5172,25.9625,4.28922,69,69,67,1498,2800,0.484417,12,8.47033,0,0,211987628859
39.583,25.2634,4.28922,69,69,67,1498,2800,0.484417,12,8.47033,0,0,212012892477
36.5724,27.343,4.28922,69,69,67,1498,2800,0.484417,12,8.47033,0,0,212040236719
33.7946,29.5905,4.28922,69,69,67,1498,2800,0.484417,12,8.47033,0,0,212069826512
38.9731,25.6587,4.28922,69,69,67,1498,2800,0.484417,12,8.47033,0,0,212095484540
43.8514,22.8043,4.28922,69,69,67,1498,2800,0.484417,12,8.47033,0,0,212118288866
39.5549,25.2813,4.28922,69,69,67,1498,2800,0.484417,12,8.47033,0,0,212143570839
38.5224,25.9589,4.28922,69,69,67,1498,2800,0.484417,12,8.47033,0,0,212169531344
41.6732,23.9962,4.28922,69,69,67,1498,2800,0.484417,12,8.47033,0,0,212193527636
39.6345,25.2306,4.28922,69,69,67,1498,2800,0.484417,12,8.47033,0,0,212218758132
35.9549,27.8126,4.28922,69,69,67,1498,2800,0.484417,12,8.47033,0,0,212246570451
41.0137,24.3821,4.28922,69,69,67,1498,2800,0.484417,12,8.47033,0,0,212270952066
40.9761,24.4045,4.28922,69,69,67,1498,2800,0.484417,12,8.47033,0,0,212295357935
37.9529,26.3485,4.28922,69,69,67,1498,2800,0.484417,12,8.47033,0,0,212321709825
38.2966,26.112,4.55105,69,67,67,1600,2800,0.484417,27,8.46966,0,0,212347818178
38.5384,25.9481,4.55105,69,67,67,1600,2800,0.484417,27,8.46966,0,0,212373767192
40.9906,24.3959,4.55105,69,67,67,1600,2800,0.484417,27,8.46966,0,0,212398165478
37.5008,26.6661,4.55105,69,67,67,1600,2800,0.484417,27,8.46966,0,0,212424830565
40.5413,24.6662,4.55105,69,67,67,1600,2800,0.484417,27,8.46966,0,0,212449495000
36.6282,27.3014,4.55105,69,67,67,1600,2800,0.484417,27,8.46966,0,0,212476798164
38.7449,25.8098,4.55105,69,67,67,1600,2800,0.484417,27,8.46966,0,0,212502608989
38.2169,26.1664,4.55105,69,67,67,1600,2800,0.484417,27,8.46966,0,0,212528774439
39.4337,25.359,4.55105,69,67,67,1600,2800,0.484417,27,8.46966,0,0,212554135059
40.5325,24.6715,4.55105,69,67,67,1600,2800,0.484417,27,8.46966,0,0,212578806748
35.8735,27.8757,4.55105,69,67,67,1600,2800,0.484417,27,8.46966,0,0,212606682526
40.9864,24.3983,4.55105,69,67,67,1600,2800,0.484417,27,8.46966,0,0,212631081883
38.9723,25.6593,4.55105,69,67,67,1600,2800,0.484417,27,8.46966,0,0,212656741384
39.5211,25.3029,4.55105,69,67,67,1600,2800,0.484417,27,8.46966,0,0,212682044838
33.0191,30.2855,4.55105,69,67,67,1600,2800,0.484417,27,8.46966,0,0,212712330506
42.1485,23.7256,4.55105,69,67,67,1600,2800,0.484417,27,8.46966,0,0,212736055990
42.0514,23.7804,4.55105,69,67,67,1600,2800,0.484417,27,8.46966,0,0,212759835795
39.9796,25.0128,4.55105,69,67,67,1600,2800,0.484417,27,8.46966,0,0,212784849956
34.2043,29.2361,4.55105,69,67,67,1600,2800,0.484417,27,8.46966,0,0,212814086516
25.2649,39.5805,4.55105,69,67,67,1600,2800,0.484417,27,8.46966,0,0,212853668322
33.2676,30.0593,4.28571,69,67,65,1151,2800,0.484417,14,8.47846,0,0,212883726715
34.7263,28.7966,4.28571,69,67,65,1151,2800,0.484417,14,8.47846,0,0,212912524332
38.3615,26.0678,4.28571,69,67,65,1151,2800,0.484417,14,8.47846,0,0,212938590025
39.3914,25.3863,4.28571,69,67,65,1151,2800,0.484417,14,8.47846,0,0,212963977175
38.7923,25.7783,4.28571,69,67,65,1151,2800,0.484417,14,8.47846,0,0,212989756111
37.926,26.3671,4.28571,69,67,65,1151,2800,0.484417,14,8.47846,0,0,213016123660
44.2357,22.6062,4.28571,69,67,65,1151,2800,0.484417,14,8.47846,0,0,213038729754
42.3026,23.6392,4.28571,69,67,65,1151,2800,0.484417,14,8.47846,0,0,213062368224
38.3268,26.0914,4.28571,69,67,65,1151,2800,0.484417,14,8.47846,0,0,213088460016
38.5747,25.9237,4.28571,69,67,65,1151,2800,0.484417,14,8.47846,0,0,213114384243
37.1022,26.9526,4.28571,69,67,65,1151,2800,0.484417,14,8.47846,0,0,213141338122
44.3136,22.5664,4.28571,69,67,65,1151,2800,0.484417,14,8.47846,0,0,213163903440
39.0158,25.6306,4.28571,69,67,65,1151,2800,0.484417,14,8.47846,0,0,213189536090
39.0172,25.6297,4.28571,69,67,65,1151,2800,0.484417,14,8.47846,0,0,213215166397
37.7754,26.4723,4.28571,69,67,65,1151,2800,0.484417,14,8.47846,0,0,213241639263
36.4846,27.4088,4.28571,69,67,65,1151,2800,0.484417,14,8.47846,0,0,213269047605
43.3171,23.0856,4.28571,69,67,65,1151,2800,0.484417,14,8.47846,0,0,213292134210
39.3284,25.4269,4.28571,69,67,65,1151,2800,0.484417,14,8.47846,0,0,213317560874
38.5605,25.9333,4.28571,69,67,65,1151,2800,0.484417,14,8.47846,0,0,213343495361
37.8182,26.4423,4.28571,69,67,65,1151,2800,0.484417,14,8.47846,0,0,213369939835
39.4381,25.3562,4.53431,69,69,67,1589,2800,0.484417,20,8.47886,0,0,213395292360
38.6703,25.8596,4.53431,69,69,67,1589,2800,0.484417,20,8.47886,0,0,213421152838
37.9395,26.3577,4.53431,69,69,67,1589,2800,0.484417,20,8.47886,0,0,213447511761
40.3084,24.8087,4.53431,69,69,67,1589,2800,0.484417,20,8.47886,0,0,213472320647
38.7537,25.804,4.53431,69,69,67,1589,2800,0.484417,20,8.47886,0,0,213498123707
38.5871,25.9154,4.53431,69,69,67,1589,2800,0.484417,20,8.47886,0,0,213524039589
39.9439,25.0351,4.53431,69,69,67,1589,2800,0.484417,20,8.47886,0,0,213549074639
38.6917,25.8453,4.53431,69,69,67,1589,2800,0.484417,20,8.47886,0,0,213574920169
36.6346,27.2966,4.53431,69,69,67,1589,2800,0.484417,20,8.47886,0,0,213602218073
39.4965,25.3187,4.53431,69,69,67,1589,2800,0.484417,20,8.47886,0,0,213627535954
40.4811,24.7029,4.53431,69,69,67,1589,2800,0.484417,20,8.47886,0,0,213652239862
36.8716,27.1211,4.53431,69,69,67,1589,2800,0.484417,20,8.47886,0,0,213679361887
37.4437,26.7068,4.53431,69,69,67,1589,2800,0.484417,20,8.47886,0,0,213706069484
42.4361,23.5649,4.53431,69,69,67,1589,2800,0.484417,20,8.47886,0,0,213729634236
38.767,25.7951,4.53431,69,69,67,1589,2800,0.484417,20,8.47886,0,0,213755429271
38.7091,25.8337,4.53431,69,69,67,1589,2800,0.484417,20,8.47886,0,0,213781262959
36.6076,27.3167,4.53431,69,69,67,1589,2800,0.484417,20,8.47886,0,0,213808580009
39.48,25.3293,4.53431,69,69,67,1589,2800,0.484417,20,8.47886,0,0,213833910814
39.7291,25.1705,4.53431,69,69,67,1589,2800,0.484417,20,8.47886,0,0,213859079945
40.211,24.8688,4.53431,69,69,67,1589,2800,0.484417,20,8.47886,0,0,213883952770
38.5021,25.9726,4.1769,69,65,67,1350,2800,0.484417,19,8.47404,0,0,213909921642
37.6789,26.5401,4.1769,69,65,67,1350,2800,0.484417,19,8.47404,0,0,213936461865
40.1995,24.876,4.1769,69,65,67,1350,2800,0.484417,19,8.47404,0,0,213961337977
37.231,26.8594,4.1769,69,65,67,1350,2800,0.484417,19,8.47404,0,0,213988198250
39.0423,25.6132,4.1769,69,65,67,1350,2800,0.484417,19,8.47404,0,0,214013811575
38.5524,25.9387,4.1769,69,65,67,1350,2800,0.484417,19,8.47404,0,0,214039752293
40.1024,24.9362,4.1769,69,65,67,1350,2800,0.484417,19,8.47404,0,0,214064687295
38.4944,25.9778,4.1769,69,65,67,1350,2800,0.484417,19,8.47404,0,0,214090665224
39.1335,25.5536,4.1769,69,65,67,1350,2800,0.484417,19,8.47404,0,0,214116218045
38.5525,25.9387,4.1769,69,65,67,1350,2800,0.484417,19,8.47404,0,0,214142158984
37.8936,26.3897,4.1769,69,65,67,1350,2800,0.484417,19,8.47404,0,0,214168550628
40.2377,24.8523,4.1769,69,65,67,1350,2800,0.484417,19,8.47404,0,0,214193400671
39.2585,25.4722,4.1769,69,65,67,1350,2800,0.484417,19,8.47404,0,0,214218872921
38.2436,26.1482,4.1769,69,65,67,1350,2800,0.484417,19,8.47404,0,0,214245021149
37.0102,27.0196,4.1769,69,65,67,1350,2800,0.484417,19,8.47404,0,0,214272041092
42.3695,23.6019,4.1769,69,65,67,1350,2800,0.484417,19,8.47404,0,0,214295643063
36.6945,27.252,4.1769,69,65,67,1350,2800,0.484417,19,8.47404,0,0,214322895553
39.2667,25.4669,4.1769,69,65,67,1350,2800,0.484417,19,8.47404,0,0,214348362643
37.9522,26.349,4.1769,69,65,67,1350,2800,0.484417,19,8.47404,0,0,214374712499
36.1905,27.6316,4.1769,69,65,67,1350,2800,0.484417,19,8.47404,0,0,214402349048
29.8157,33.5394,4.14129,69,69,68,1383,2800,0.484417,16,8.47404,0,0,214435884172
43.5667,22.9533,4.14129,69,69,68,1383,2800,0.484417,16,8.47404,0,0,214458836465
40.694,24.5737,4.14129,69,69,68,1383,2800,0.484417,16,8.47404,0,0,214483410671
39.7662,25.147,4.14129,69,69,68,1383,2800,0.484417,16,8.47404,0,0,214508558943
41.5099,24.0906,4.14129,69,69,68,1383,2800,0.484417,16,8.47404,0,0,214532649160
37.292,26.8154,4.14129,69,69,68,1383,2800,0.484417,16,8.47404,0,0,214559465111
39.8546,25.0912,4.14129,69,69,68,1383,2800,0.484417,16,8.47404,0,0,214584557127
38.3551,26.0722,4.14129,69,69,68,1383,2800,0.484417,16,8.47404,0,0,214610630515
38.9753,25.6572,4.14129,69,69,68,1383,2800,0.484417,16,8.47404,0,0,214636287762
39.7357,25.1663,4.14129,69,69,68,1383,2800,0.484417,16,8.47404,0,0,214661454268
37.6492,26.561,4.14129,69,69,68,1383,2800,0.484417,16,8.47404,0,0,214688016242
36.6128,27.3129,4.14129,69,69,68,1383,2800,0.484417,16,8.47404,0,0,214715327571
41.3975,24.1561,4.14129,69,69,68,1383,2800,0.484417,16,8.47404,0,0,214739483913
39.9979,25.0013,4.14129,69,69,68,1383,2800,0.484417,16,8.47404,0,0,214764485410
39.7819,25.1371,4.14129,69,69,68,1383,2800,0.484417,16,8.47404,0,0,214789624365
38.5449,25.9437,4.14129,69,69,68,1383,2800,0.484417,16,8.47404,0,0,214815568319
38.5242,25.9577,4.14129,69,69,68,1383,2800,0.484417,16,8.47404,0,0,214841527122
37.2385,26.854,4.14129,69,69,68,1383,2800,0.484417,16,8.47404,0,0,214868380452
39.8534,25.092,4.14129,69,69,68,1383,2800,0.484417,16,8.47404,0,0,214893473481
39.7759,25.1408,4.14129,69,69,68,1383,2800,0.484417,16,8.47404,0,0,214918619368
37.4603,26.695,4.6683,69,65,69,2009,2800,0.484417,15,8.47786,0,0,214945310064
39.6688,25.2087,4.6683,69,65,69,2009,2800,0.484417,15,8.47786,0,0,214970518328
36.541,27.3665,4.6683,69,65,69,2009,2800,0.484417,15,8.47786,0,0,214997885853
43.1732,23.1625,4.6683,69,65,69,2009,2800,0.484417,15,8.47786,0,0,215021048371
37.8445,26.4239,4.6683,69,65,69,2009,2800,0.484417,15,8.47786,0,0,215047472356
36.8537,27.1343,4.6683,69,65,69,2009,2800,0.484417,15,8.47786,0,0,215074606062
37.4833,26.6786,4.6683,69,65,69,2009,2800,0.484417,15,8.47786,0,0,215101290095
41.1625,24.2939,4.6683,69,65,69,2009,2800,0.484417,15,8.47786,0,0,215125580789
39.6364,25.2294,4.6683,69,65,69,2009,2800,0.484417,15,8.47786,0,0,215150809943
38.25,26.1438,4.6683,69,65,69,2009,2800,0.484417,15,8.47786,0,0,215176954964
38.565,25.9303,4.6683,69,65,69,2009,2800,0.484417,15,8.47786,0,0,215202885404
40.3464,24.7854,4.6683,69,65,69,2009,2800,0.484417,15,8.47786,0,0,215227671957
38.3823,26.0536,4.6683,69,65,69,2009,2800,0.484417,15,8.47786,0,0,215253725498
36.7008,27.2474,4.6683,69,65,69,2009,2800,0.484417,15,8.47786,0,0,215280972857
40.3684,24.7719,4.6683,69,65,69,2009,2800,0.484417,15,8.47786,0,0,215305745264
40.4847,24.7007,4.6683,69,65,69,2009,2800,0.484417,15,8.47786,0,0,215330446518
38.4198,26.0283,4.6683,69,65,69,2009,2800,0.484417,15,8.47786,0,0,215356474971
38.5698,25.9271,4.6683,69,65,69,2009,2800,0.484417,15,8.47786,0,0,215382403337
33.5254,29.8281,4.6683,69,65,69,2009,2800,0.484417,15,8.47786,0,0,215412230505
41.2444,24.2457,4.6683,69,65,69,2009,2800,0.484417,15,8.47786,0,0,215436479430
44.7397,22.3515,4.63415,70,70,71,2126,2800,0.484417,25,8.47879,0,0,215458828722
38.8317,25.7521,4.63415,70,70,71,2126,2800,0.484417,25,8.47879,0,0,215484580967
36.7599,27.2035,4.63415,70,70,71,2126,2800,0.484417,25,8.47879,0,0,215511784936
37.6377,26.5691,4.63415,70,70,71,2126,2800,0.484417,25,8.47879,0,0,215538354804
40.372,24.7697,4.63415,70,70,71,2126,2800,0.484417,25,8.47879,0,0,215563125007
39.7322,25.1685,4.63415,70,70,71,2126,2800,0.484417,25,8.47879,0,0,215588293437
36.8728,27.1203,4.63415,70,70,71,2126,2800,0.484417,25,8.47879,0,0,215615414640
39.5799,25.2654,4.63415,70,70,71,2126,2800,0.484417,25,8.47879,0,0,215640679000
40.5017,24.6903,4.63415,70,70,71,2126,2800,0.484417,25,8.47879,0,0,215665370235
39.1517,25.5417,4.63415,70,70,71,2126,2800,0.484417,25,8.47879,0,0,215690912256
38.3138,26.1003,4.63415,70,70,71,2126,2800,0.484417,25,8.47879,0,0,215717013656
37.9239,26.3686,4.63415,70,70,71,2126,2800,0.484417,25,8.47879,0,0,215743382147
37.8014,26.454,4.63415,70,70,71,2126,2800,0.484417,25,8.47879,0,0,215769836369
38.5096,25.9676,4.63415,70,70,71,2126,2800,0.484417,25,8.47879,0,0,215795804699
41.1862,24.28,4.63415,70,70,71,2126,2800,0.484417,25,8.47879,0,0,215820084452
37.6103,26.5884,4.63415,70,70,71,2126,2800,0.484417,25,8.47879,0,0,215846673647
37.8273,26.4359,4.63415,70,70,71,2126,2800,0.484417,25,8.47879,0,0,215873108673
40.6256,24.615,4.63415,70,70,71,2126,2800,0.484417,25,8.47879,0,0,215897725198
39.3843,25.3908,4.63415,70,70,71,2126,2800,0.484417,25,8.47879,0,0,215923116436
37.3337,26.7855,4.63415,70,70,71,2126,2800,0.484417,25,8.47879,0,0,215949906958
38.835,25.7499,5.14706,70,66,71,2350,2800,0.484417,38,8.47871,0,0,215975653452
36.5113,27.3888,5.14706,70,66,71,2350,2800,0.484417,38,8.47871,0,0,216003042848
43.9861,22.7344,5.14706,70,66,71,2350,2800,0.484417,38,8.47871,0,0,216025777553
37.5219,26.6511,5.14706,70,66,71,2350,2800,0.484417,38,8.47871,0,0,216052427843
39.6097,25.2463,5.14706,70,66,71,2350,2800,0.484417,38,8.47871,0,0,216077675161
36.7813,27.1877,5.14706,70,66,71,2350,2800,0.484417,38,8.47871,0,0,216104863920
41.4015,24.1537,5.14706,70,66,71,2350,2800,0.484417,38,8.47871,0,0,216129018128
37.5698,26.6171,5.14706,70,66,71,2350,2800,0.484417,38,8.47871,0,0,216155635125
38.6772,25.855,5.14706,70,66,71,2350,2800,0.484417,38,8.47871,0,0,216181489772
38.7537,25.804,5.14706,70,66,71,2350,2800,0.484417,38,8.47871,0,0,216207293364
36.9802,27.0415,5.14706,70,66,71,2350,2800,0.484417,38,8.47871,0,0,216234337963
40.8217,24.4968,5.14706,70,66,71,2350,2800,0.484417,38,8.47871,0,0,216258835134
38.667,25.8618,5.14706,70,66,71,2350,2800,0.484417,38,8.47871,0,0,216284697135
38.9806,25.6538,5.14706,70,66,71,2350,2800,0.484417,38,8.47871,0,0,216310351656
37.6631,26.5512,5.14706,70,66,71,2350,2800,0.484417,38,8.47871,0,0,216336901778
41.3013,24.2123,5.14706,70,66,71,2350,2800,0.484417,38,8.47871,0,0,216361114445
37.0998,26.9543,5.14706,70,66,71,2350,2800,0.484417,38,8.47871,0,0,216388070108
41.9805,23.8206,5.14706,70,66,71,2350,2800,0.484417,38,8.47871,0,0,216411890489
36.0808,27.7156,5.14706,70,66,71,2350,2800,0.484417,38,8.47871,0,0,216439607299
38.8451,25.7433,5.14706,70,66,71,2350,2800,0.484417,38,8.47871,0,0,216465353323
35.9587,27.8097,5.25031,70,71,73,2527,2800,0.484417,20,8.47862,0,0,216493162185
39.0054,25.6375,5.25031,70,71,73,2527,2800,0.484417,20,8.47862,0,0,216518797902
42.5248,23.5157,5.25031,70,71,73,2527,2800,0.484417,20,8.47862,0,0,216542314463
37.4347,26.7132,5.25031,70,71,73,2527,2800,0.484417,20,8.47862,0,0,216569027000
40.2271,24.8589,5.25031,70,71,73,2527,2800,0.484417,20,8.47862,0,0,216593887382
38.9075,25.702,5.25031,70,71,73,2527,2800,0.484417,20,8.47862,0,0,216619588591
40.1135,24.9292,5.25031,70,71,73,2527,2800,0.484417,20,8.47862,0,0,216644518053
39.3741,25.3974,5.25031,70,71,73,2527,2800,0.484417,20,8.47862,0,0,216669915793
38.1597,26.2056,5.25031,70,71,73,2527,2800,0.484417,20,8.47862,0,0,216696122501
37.452,26.7008,5.25031,70,71,73,2527,2800,0.484417,20,8.47862,0,0,216722824046
41.3307,24.1951,5.25031,70,71,73,2527,2800,0.484417,20,8.47862,0,0,216747019822
37.5127,26.6576,5.25031,70,71,73,2527,2800,0.484417,20,8.47862,0,0,216773676123
40.4649,24.7128,5.25031,70,71,73,2527,2800,0.484417,20,8.47862,0,0,216798389128
38.3148,26.0996,5.25031,70,71,73,2527,2800,0.484417,20,8.47862,0,0,216824490448
40.754,24.5375,5.25031,70,71,73,2527,2800,0.484417,20,8.47862,0,0,216849028476
36.9408,27.0704,5.25031,70,71,73,2527,2800,0.484417,20,8.47862,0,0,216876098753
36.6601,27.2776,5.25031,70,71,73,2527,2800,0.484417,20,8.47862,0,0,216903377231
41.9077,23.862,5.25031,70,71,73,2527,2800,0.484417,20,8.47862,0,0,216927238820
38.7084,25.8342,5.25031,70,71,73,2527,2800,0.484417,20,8.47862,0,0,216953072528
37.0874,26.9634,5.25031,70,71,73,2527,2800,0.484417,20,8.47862,0,0,216980040122
38.593,25.9114,5.49451,70,67,74,2532,2800,0.484417,26,8.47313,0,0,217005949492
42.111,23.7468,5.49451,70,67,74,2532,2800,0.484417,26,8.47313,0,0,217029694532
37.7854,26.4652,5.49451,70,67,74,2532,2800,0.484417,26,8.47313,0,0,217056161107
37.119,26.9404,5.49451,70,67,74,2532,2800,0.484417,26,8.47313,0,0,217083103134
38.5846,25.9171,5.49451,70,67,74,2532,2800,0.484417,26,8.47313,0,0,217109019788
37.1067,26.9493,5.49451,70,67,74,2532,2800,0.484417,26,8.47313,0,0,217135968898
42.2903,23.6461,5.49451,70,67,74,2532,2800,0.484417,26,8.47313,0,0,217159614942
39.6237,25.2374,5.49451,70,67,74,2532,2800,0.484417,26,8.47313,0,0,217184852732
37.7167,26.5135,5.49451,70,67,74,2532,2800,0.484417,26,8.47313,0,0,217211366435
38.7065,25.8355,5.49451,70,67,74,2532,2800,0.484417,26,8.47313,0,0,217237201887
37.1778,26.8978,5.49451,70,67,74,2532,2800,0.484417,26,8.47313,0,0,217264100973
40.8582,24.4749,5.49451,70,67,74,2532,2800,0.484417,26,8.47313,0,0,217288576804
39.9833,25.0104,5.49451,70,67,74,2532,2800,0.484417,26,8.47313,0,0,217313586957
36.8862,27.1104,5.49451,70,67,74,2532,2800,0.484417,26,8.47313,0,0,217340696859
41.7641,23.944,5.49451,70,67,74,2532,2800,0.484417,26,8.47313,0,0,217364642284
37.6642,26.5504,5.49451,70,67,74,2532,2800,0.484417,26,8.47313,0,0,217391192176
38.7083,25.8343,5.49451,70,67,74,2532,2800,0.484417,26,8.47313,0,0,217417026765
37.8553,26.4164,5.49451,70,67,74,2532,2800,0.484417,26,8.47313,0,0,217443446142
37.9273,26.3662,5.49451,70,67,74,2532,2800,0.484417,26,8.47313,0,0,217469810826
40.6217,24.6174,5.49451,70,67,74,2532,2800,0.484417,26,8.47313,0,0,217494433191
39.7986,25.1265,4.78528,71,70,73,2543,2800,0.484417,18,8.48061,0,0,217519556276
36.7239,27.2302,4.78528,71,70,73,2543,2800,0.484417,18,8.48061,0,0,217546786554
39.3368,25.4215,4.78528,71,70,73,2543,2800,0.484417,18,8.48061,0,0,217572207097
38.4011,26.0409,4.78528,71,70,73,2543,2800,0.484417,18,8.48061,0,0,217598249336
40.129,24.9196,4.78528,71,70,73,2543,2800,0.484417,18,8.48061,0,0,217623167847
34.5117,28.9757,4.78528,71,70,73,2543,2800,0.484417,18,8.48061,0,0,217652145342
39.9798,25.0126,4.78528,71,70,73,2543,2800,0.484417,18,8.48061,0,0,217677158130
34.2173,29.225,4.78528,71,70,73,2543,2800,0.484417,18,8.48061,0,0,217706381466
53.6509,18.639,4.78528,71,70,73,2543,2800,0.484417,18,8.48061,0,0,217725023704
35.3728,28.2703,4.78528,71,70,73,2543,2800,0.484417,18,8.48061,0,0,217753294423
39.9169,25.0521,4.78528,71,70,73,2543,2800,0.484417,18,8.48061,0,0,217778344311
38.2292,26.158,4.78528,71,70,73,2543,2800,0.484417,18,8.48061,0,0,217804504431
39.4713,25.3349,4.78528,71,70,73,2543,2800,0.484417,18,8.48061,0,0,217829838842
38.5988,25.9076,4.78528,71,70,73,2543,2800,0.484417,18,8.48061,0,0,217855747190
40.6724,24.5867,4.78528,71,70,73,2543,2800,0.484417,18,8.48061,0,0,217880334510
36.6197,27.3077,4.78528,71,70,73,2543,2800,0.484417,18,8.48061,0,0,217907643415
41.1345,24.3105,4.78528,71,70,73,2543,2800,0.484417,18,8.48061,0,0,217931953184
39.1906,25.5163,4.78528,71,70,73,2543,2800,0.484417,18,8.48061,0,0,217957468405
36.8334,27.1493,4.78528,71,70,73,2543,2800,0.484417,18,8.48061,0,0,217984617681
38.7128,25.8312,4.78528,71,70,73,2543,2800,0.484417,18,8.48061,0,0,218010458392
32.6534,30.6247,9.47109,71,69,75,2468,2800,0.484417,28,8.45176,0,0,218041075211
47.2445,21.1665,9.47109,71,69,75,2468,2800,0.484417,28,8.45176,0,0,218062242015
41.5047,24.0937,9.47109,71,69,75,2468,2800,0.484417,28,8.45176,0,0,218086335579
36.5161,27.3851,9.47109,71,69,75,2468,2800,0.484417,28,8.45176,0,0,218113723222
39.8704,25.0813,9.47109,71,69,75,2468,2800,0.484417,28,8.45176,0,0,218138803516
39.7115,25.1816,9.47109,71,69,75,2468,2800,0.484417,28,8.45176,0,0,218163985842
39.4803,25.3291,9.47109,71,69,75,2468,2800,0.484417,28,8.45176,0,0,218189314653
37.8604,26.4128,9.47109,71,69,75,2468,2800,0.484417,28,8.45176,0,0,218215728469
39.1362,25.5518,9.47109,71,69,75,2468,2800,0.484417,28,8.45176,0,0,218241281020
39.6233,25.2377,9.47109,71,69,75,2468,2800,0.484417,28,8.45176,0,0,218266519471
37.881,26.3985,9.47109,71,69,75,2468,2800,0.484417,28,8.45176,0,0,218292917648
39.0355,25.6177,9.47109,71,69,75,2468,2800,0.484417,28,8.45176,0,0,218318535932
38.0963,26.2492,9.47109,71,69,75,2468,2800,0.484417,28,8.45176,0,0,218344783826
38.4673,25.9961,9.47109,71,69,75,2468,2800,0.484417,28,8.45176,0,0,218370782223
42.0967,23.7548,9.47109,71,69,75,2468,2800,0.484417,28,8.45176,0,0,218394537212
36.4699,27.4199,9.47109,71,69,75,2468,2800,0.484417,28,8.45176,0,0,218421956875
40.1921,24.8805,9.47109,71,69,75,2468,2800,0.484417,28,8.45176,0,0,218446838537
35.8243,27.914,9.47109,71,69,75,2468,2800,0.484417,28,8.45176,0,0,218474752096
43.156,23.1718,9.47109,71,69,75,2468,2800,0.484417,28,8.45176,0,0,218497923810
37.3,26.8096,9.47109,71,69,75,2468,2800,0.484417,28,8.45176,0,0,218524737677
39.3724,25.3985,5.39877,71,73,74,2496,2800,0.484417,22,8.4525,0,0,218550133133
39.4415,25.354,5.39877,71,73,74,2496,2800,0.484417,22,8.4525,0,0,218575486630
34.9286,28.6299,5.39877,71,73,74,2496,2800,0.484417,22,8.4525,0,0,218604116783
42.7781,23.3765,5.39877,71,73,74,2496,2800,0.484417,22,8.4525,0,0,218627494554
40.0215,24.9865,5.39877,71,73,74,2496,2800,0.484417,22,8.4525,0,0,218652482907
37.2041,26.8787,5.39877,71,73,74,2496,2800,0.484417,22,8.4525,0,0,218679360042
35.8903,27.8627,5.39877,71,73,74,2496,2800,0.484417,22,8.4525,0,0,218707224138
42.1722,23.7123,5.39877,71,73,74,2496,2800,0.484417,22,8.4525,0,0,218730938050
39.6265,25.2356,5.39877,71,73,74,2496,2800,0.484417,22,8.4525,0,0,218756171351
39.2904,25.4515,5.39877,71,73,74,2496,2800,0.484417,22,8.4525,0,0,218781623193
34.0204,29.3941,5.39877,71,73,74,2496,2800,0.484417,22,8.4525,0,0,218811018842
37.4184,26.7248,5.39877,71,73,74,2496,2800,0.484417,22,8.4525,0,0,218837745054
46.621,21.4495,5.39877,71,73,74,2496,2800,0.484417,22,8.4525,0,0,218859194408
37.6662,26.549,5.39877,71,73,74,2496,2800,0.484417,22,8.4525,0,0,218885744209
39.5047,25.3135,5.39877,71,73,74,2496,2800,0.484417,22,8.4525,0,0,218911059765
37.9919,26.3214,5.39877,71,73,74,2496,2800,0.484417,22,8.4525,0,0,218937379945
41.2649,24.2337,5.39877,71,73,74,2496,2800,0.484417,22,8.4525,0,0,218961613812
37.6056,26.5918,5.39877,71,73,74,2496,2800,0.484417,22,8.4525,0,0,218988204841
40.8809,24.4613,5.39877,71,73,74,2496,2800,0.484417,22,8.4525,0,0,219012666645
35.6736,28.032,5.39877,71,73,74,2496,2800,0.484417,22,8.4525,0,0,219040701322
41.6171,24.0286,4.914,72,75,76,2499,2800,0.484417,30,8.45986,0,0,219064727599
37.1538,26.9151,4.914,72,75,76,2499,2800,0.484417,30,8.45986,0,0,219091642916
38.457,26.0031,4.914,72,75,76,2499,2800,0.484417,30,8.45986,0,0,219117646593
40.073,24.9545,4.914,72,75,76,2499,2800,0.484417,30,8.45986,0,0,219142602745
35.8616,27.885,4.914,72,75,76,2499,2800,0.484417,30,8.45986,0,0,219170485917
42.6526,23.4452,4.914,72,75,76,2499,2800,0.484417,30,8.45986,0,0,219193932838
39.448,25.3498,4.914,72,75,76,2499,2800,0.484417,30,8.45986,0,0,219219283269
37.7199,26.5112,4.914,72,75,76,2499,2800,0.484417,30,8.45986,0,0,219245794297
37.0516,26.9894,4.914,72,75,76,2499,2800,0.484417,30,8.45986,0,0,219272784474
39.8725,25.0799,4.914,72,75,76,2499,2800,0.484417,30,8.45986,0,0,219297863567
39.8557,25.0905,4.914,72,75,76,2499,2800,0.484417,30,8.45986,0,0,219322954131
40.0652,24.9593,4.914,72,75,76,2499,2800,0.484417,30,8.45986,0,0,219347913709
33.9143,29.4861,4.914,72,75,76,2499,2800,0.484417,30,8.45986,0,0,219377401531
41.4418,24.1302,4.914,72,75,76,2499,2800,0.484417,30,8.45986,0,0,219401533216
38.4581,26.0023,4.914,72,75,76,2499,2800,0.484417,30,8.45986,0,0,219427535030
39.8651,25.0846,4.914,72,75,76,2499,2800,0.484417,30,8.45986,0,0,219452619933
39.9332,25.0418,4.914,72,75,76,2499,2800,0.484417,30,8.45986,0,0,219477662036
37.1083,26.9482,4.914,72,75,76,2499,2800,0.484417,30,8.45986,0,0,219504611396
41.3003,24.2129,4.914,72,75,76,2499,2800,0.484417,30,8.45986,0,0,219528823242
39.0534,25.606,4.914,72,75,76,2499,2800,0.484417,30,8.45986,0,0,219554434613
39.5758,25.268,4.69136,72,69,76,2486,2800,0.484417,31,8.46511,0,0,219579697430
36.1048,27.6972,4.69136,72,69,76,2486,2800,0.484417,31,8.46511,0,0,219607397389
41.2368,24.2502,4.69136,72,69,76,2486,2800,0.484417,31,8.46511,0,0,219631646314
39.6443,25.2243,4.69136,72,69,76,2486,2800,0.484417,31,8.46511,0,0,219656870989
38.481,25.9869,4.69136,72,69,76,2486,2800,0.484417,31,8.46511,0,0,219682858626
37.8729,26.4041,4.69136,72,69,76,2486,2800,0.484417,31,8.46511,0,0,219709262393
36.1773,27.6416,4.69136,72,69,76,2486,2800,0.484417,31,8.46511,0,0,219736904613
43.3959,23.0437,4.69136,72,69,76,2486,2800,0.484417,31,8.46511,0,0,219759949229
38.3911,26.0477,4.69136,72,69,76,2486,2800,0.484417,31,8.46511,0,0,219785997380
37.0203,27.0122,4.69136,72,69,76,2486,2800,0.484417,31,8.46511,0,0,219813009348
40.2383,24.8519,4.69136,72,69,76,2486,2800,0.484417,31,8.46511,0,0,219837863087
38.9619,25.6661,4.69136,72,69,76,2486,2800,0.484417,31,8.46511,0,0,219863529652
39.2328,25.4889,4.69136,72,69,76,2486,2800,0.484417,31,8.46511,0,0,219889017370
38.2677,26.1317,4.69136,72,69,76,2486,2800,0.484417,31,8.46511,0,0,219915150099
38.4326,26.0196,4.69136,72,69,76,2486,2800,0.484417,31,8.46511,0,0,219941170247
39.3609,25.4059,4.69136,72,69,76,2486,2800,0.484417,31,8.46511,0,0,219966575190
37.9207,26.3708,4.69136,72,69,76,2486,2800,0.484417,31,8.46511,0,0,219992947970
38.3682,26.0633,4.69136,72,69,76,2486,2800,0.484417,31,8.46511,0,0,220019011398
38.9226,25.692,4.69136,72,69,76,2486,2800,0.484417,31,8.46511,0,0,220044702899
38.032,26.2936,4.69136,72,69,76,2486,2800,0.484417,31,8.46511,0,0,220070999155
38.946,25.6766,4.65116,71,71,75,2464,2800,0.484417,20,8.46602,0,0,220096673183
38.4607,26.0005,4.65116,71,71,75,2464,2800,0.484417,20,8.46602,0,0,220122673313
36.8884,27.1088,4.65116,71,71,75,2464,2800,0.484417,20,8.46602,0,0,220149786912
38.475,25.9909,4.65116,71,71,75,2464,2800,0.484417,20,8.46602,0,0,220175775701
38.742,25.8118,4.65116,71,71,75,2464,2800,0.484417,20,8.46602,0,0,220201584993
39.0858,25.5848,4.65116,71,71,75,2464,2800,0.484417,20,8.46602,0,0,220227171056
39.3957,25.3835,4.65116,71,71,75,2464,2800,0.484417,20,8.46602,0,0,220252555752
36.5461,27.3627,4.65116,71,71,75,2464,2800,0.484417,20,8.46602,0,0,220279918177
37.3047,26.8063,4.65116,71,71,75,2464,2800,0.484417,20,8.46602,0,0,220306724029
40.3569,24.7789,4.65116,71,71,75,2464,2800,0.484417,20,8.46602,0,0,220331504471
38.799,25.7739,4.65116,71,71,75,2464,2800,0.484417,20,8.46602,0,0,220357278797
34.7651,28.7645,4.65116,71,71,75,2464,2800,0.484417,20,8.46602,0,0,220386042491
37.6033,26.5934,4.65116,71,71,75,2464,2800,0.484417,20,8.46602,0,0,220412636736
37.2321,26.8586,4.65116,71,71,75,2464,2800,0.484417,20,8.46602,0,0,220439496598
40.1623,24.8989,4.65116,71,71,75,2464,2800,0.484417,20,8.46602,0,0,220464393459
38.2789,26.1241,4.65116,71,71,75,2464,2800,0.484417,20,8.46602,0,0,220490520747
39.7198,25.1764,4.65116,71,71,75,2464,2800,0.484417,20,8.46602,0,0,220515694858
37.2926,26.8149,4.65116,71,71,75,2464,2800,0.484417,20,8.46602,0,0,220542511740
41.1925,24.2762,4.65116,71,71,75,2464,2800,0.484417,20,8.46602,0,0,220566786654
37.4291,26.7172,4.65116,71,71,75,2464,2800,0.484417,20,8.46602,0,0,220593505943
37.7502,26.4899,6.16687,70,68,79,2381,2800,0.484417,31,8.46807,0,0,220619994499
38.9315,25.6862,6.16687,70,68,79,2381,2800,0.484417,31,8.46807,0,0,220645680109
34.6677,28.8453,6.16687,70,68,79,2381,2800,0.484417,31,8.46807,0,0,220674528662
38.0356,26.2912,6.16687,70,68,79,2381,2800,0.484417,31,8.46807,0,0,220700818897
37.3991,26.7386,6.16687,70,68,79,2381,2800,0.484417,31,8.46807,0,0,220727555879
36.8033,27.1715,6.16687,70,68,79,2381,2800,0.484417,31,8.46807,0,0,220754727847
36.3425,27.516,6.16687,70,68,79,2381,2800,0.484417,31,8.46807,0,0,220782244732
37.1132,26.9446,6.16687,70,68,79,2381,2800,0.484417,31,8.46807,0,0,220809188502
37.009,27.0205,6.16687,70,68,79,2381,2800,0.484417,31,8.46807,0,0,220836211591
36.7537,27.2082,6.16687,70,68,79,2381,2800,0.484417,31,8.46807,0,0,220863419156
34.2794,29.172,6.16687,70,68,79,2381,2800,0.484417,31,8.46807,0,0,220892590725
38.4416,26.0135,6.16687,70,68,79,2381,2800,0.484417,31,8.46807,0,0,220918605793
38.3284,26.0903,6.16687,70,68,79,2381,2800,0.484417,31,8.46807,0,0,220944697134
40.9072,24.4456,6.16687,70,68,79,2381,2800,0.484417,31,8.46807,0,0,220969143279
38.2048,26.1747,6.16687,70,68,79,2381,2800,0.484417,31,8.46807,0,0,220995318718
40.4728,24.708,6.16687,70,68,79,2381,2800,0.484417,31,8.46807,0,0,221020025693
35.1908,28.4165,6.16687,70,68,79,2381,2800,0.484417,31,8.46807,0,0,221048444259
35.9222,27.838,6.16687,70,68,79,2381,2800,0.484417,31,8.46807,0,0,221076280694
32.1451,31.1089,6.16687,70,68,79,2381,2800,0.484417,31,8.46807,0,0,221107392342
38.2379,26.1521,6.66667,70,73,79,2313,2800,0.484417,28,8.46214,0,0,221133541371
38.009,26.3096,6.66667,70,73,79,2313,2800,0.484417,28,8.46214,0,0,221159852745
35.9175,27.8416,6.66667,70,73,79,2313,2800,0.484417,28,8.46214,0,0,221187692656
38.863,25.7314,6.66667,70,73,79,2313,2800,0.484417,28,8.46214,0,0,221213426576
37.0769,26.9709,6.66667,70,73,79,2313,2800,0.484417,28,8.46214,0,0,221240397998
38.8514,25.7391,6.66667,70,73,79,2313,2800,0.484417,28,8.46214,0,0,221266138011
40.0752,24.9531,6.66667,70,73,79,2313,2800,0.484417,28,8.46214,0,0,221291089183
39.1403,25.5491,6.66667,70,73,79,2313,2800,0.484417,28,8.46214,0,0,221316640581
37.4556,26.6983,6.66667,70,73,79,2313,2800,0.484417,28,8.46214,0,0,221343338080
38.8901,25.7135,6.66667,70,73,79,2313,2800,0.484417,28,8.46214,0,0,221369051742
38.9683,25.6619,6.66667,70,73,79,2313,2800,0.484417,28,8.46214,0,0,221394714870
38.1984,26.1791,6.66667,70,73,79,2313,2800,0.484417,28,8.46214,0,0,221420892583
37.4011,26.7372,6.66667,70,73,79,2313,2800,0.484417,28,8.46214,0,0,221447630938
37.8026,26.4532,6.66667,70,73,79,2313,2800,0.484417,28,8.46214,0,0,221474085190
38.5168,25.9627,6.66667,70,73,79,2313,2800,0.484417,28,8.46214,0,0,221500047679
39.4269,25.3634,6.66667,70,73,79,2313,2800,0.484417,28,8.46214,0,0,221525410795
37.6975,26.527,6.66667,70,73,79,2313,2800,0.484417,28,8.46214,0,0,221551938955
37.6451,26.5638,6.66667,70,73,79,2313,2800,0.484417,28,8.46214,0,0,221578502873
38.1528,26.2104,6.66667,70,73,79,2313,2800,0.484417,28,8.46214,0,0,221604713117
38.8306,25.7529,6.66667,70,73,79,2313,2800,0.484417,28,8.46214,0,0,221630474409
39.8322,25.1053,6.19684,71,73,79,2319,2800,0.484417,27,8.46105,0,0,221655571445
38.0921,26.2522,6.19684,71,73,79,2319,2800,0.484417,27,8.46105,0,0,221681826142
37.9564,26.346,6.19684,71,73,79,2319,2800,0.484417,27,8.46105,0,0,221708171881
39.1504,25.5425,6.19684,71,73,79,2319,2800,0.484417,27,8.46105,0,0,221733714142
39.4439,25.3524,6.19684,71,73,79,2319,2800,0.484417,27,8.46105,0,0,221759065655
39.2828,25.4565,6.19684,71,73,79,2319,2800,0.484417,27,8.46105,0,0,221784522426
38.245,26.1472,6.19684,71,73,79,2319,2800,0.484417,27,8.46105,0,0,221810672057
40.2618,24.8374,6.19684,71,73,79,2319,2800,0.484417,27,8.46105,0,0,221835508975
37.6149,26.5852,6.19684,71,73,79,2319,2800,0.484417,27,8.46105,0,0,221862094954
35.194,28.4139,6.19684,71,73,79,2319,2800,0.484417,27,8.46105,0,0,221890509082
39.7753,25.1412,6.19684,71,73,79,2319,2800,0.484417,27,8.46105,0,0,221915650511
38.3788,26.0561,6.19684,71,73,79,2319,2800,0.484417,27,8.46105,0,0,221941706446
40.1359,24.9154,6.19684,71,73,79,2319,2800,0.484417,27,8.46105,0,0,221966621010
36.9105,27.0925,6.19684,71,73,79,2319,2800,0.484417,27,8.46105,0,0,221993715242
39.4486,25.3494,6.19684,71,73,79,2319,2800,0.484417,27,8.46105,0,0,222019065453
38.4808,25.987,6.19684,71,73,79,2319,2800,0.484417,27,8.46105,0,0,222045051607
38.8853,25.7166,6.19684,71,73,79,2319,2800,0.484417,27,8.46105,0,0,222070768646
39.8294,25.1071,6.19684,71,73,79,2319,2800,0.484417,27,8.46105,0,0,222095875120
39.4024,25.3792,6.19684,71,73,79,2319,2800,0.484417,27,8.46105,0,0,222121255237
37.7826,26.4672,6.19684,71,73,79,2319,2800,0.484417,27,8.46105,0,0,222147723986
36.5866,27.3324,6.35697,71,74,78,2343,2800,0.484417,29,8.46215,0,0,222175057036
39.3546,25.41,6.35697,71,74,78,2343,2800,0.484417,29,8.46215,0,0,222200465366
39.4248,25.3648,6.35697,71,74,78,2343,2800,0.484417,29,8.46215,0,0,222225830244
37.8978,26.3867,6.35697,71,74,78,2343,2800,0.484417,29,8.46215,0,0,222252216910
37.2519,26.8443,6.35697,71,74,78,2343,2800,0.484417,29,8.46215,0,0,222279061794
36.6305,27.2997,6.35697,71,74,78,2343,2800,0.484417,29,8.46215,0,0,222306363395
39.163,25.5343,6.35697,71,74,78,2343,2800,0.484417,29,8.46215,0,0,222331895638
33.9515,29.4537,6.35697,71,74,78,2343,2800,0.484417,29,8.46215,0,0,222361350769
37.4343,26.7135,6.35697,71,74,78,2343,2800,0.484417,29,8.46215,0,0,222388065138
38.5269,25.9559,6.35697,71,74,78,2343,2800,0.484417,29,8.46215,0,0,222414023059
36.5505,27.3594,6.35697,71,74,78,2343,2800,0.484417,29,8.46215,0,0,222441382379
39.2882,25.4529,6.35697,71,74,78,2343,2800,0.484417,29,8.46215,0,0,222466832728
38.4588,26.0018,6.35697,71,74,78,2343,2800,0.484417,29,8.46215,0,0,222492834912
39.5133,25.3079,6.35697,71,74,78,2343,2800,0.484417,29,8.46215,0,0,222518144316
37.7468,26.4923,6.35697,71,74,78,2343,2800,0.484417,29,8.46215,0,0,222544635307
36.138,27.6717,6.35697,71,74,78,2343,2800,0.484417,29,8.46215,0,0,222572310419
40.1133,24.9294,6.35697,71,74,78,2343,2800,0.484417,29,8.46215,0,0,222597237376
37.3837,26.7496,6.35697,71,74,78,2343,2800,0.484417,29,8.46215,0,0,222623988404
39.5937,25.2565,6.35697,71,74,78,2343,2800,0.484417,29,8.46215,0,0,222649246462
37.6058,26.5917,6.31313,71,72,80,2311,2800,0.484417,26,8.4614,0,0,222675837571
38.4641,25.9983,6.31313,71,72,80,2311,2800,0.484417,26,8.4614,0,0,222701835777
34.7909,28.7431,6.31313,71,72,80,2311,2800,0.484417,26,8.4614,0,0,222730577821
38.7386,25.8141,6.31313,71,72,80,2311,2800,0.484417,26,8.4614,0,0,222756392453
38.1914,26.1839,6.31313,71,72,80,2311,2800,0.484417,26,8.4614,0,0,222782576728
38.3541,26.0728,6.31313,71,72,80,2311,2800,0.484417,26,8.4614,0,0,222808650747
39.7513,25.1564,6.31313,71,72,80,2311,2800,0.484417,26,8.4614,0,0,222833805822
41.1286,24.314,6.31313,71,72,80,2311,2800,0.484417,26,8.4614,0,0,222858122384
34.901,28.6525,6.31313,71,72,80,2311,2800,0.484417,26,8.4614,0,0,222886772875
38.0195,26.3023,6.31313,71,72,80,2311,2800,0.484417,26,8.4614,0,0,222913075583
38.0583,26.2755,6.31313,71,72,80,2311,2800,0.484417,26,8.4614,0,0,222939351530
38.2978,26.1111,6.31313,71,72,80,2311,2800,0.484417,26,8.4614,0,0,222965463801
38.9953,25.6441,6.31313,71,72,80,2311,2800,0.484417,26,8.4614,0,0,222991107432
39.0118,25.6332,6.31313,71,72,80,2311,2800,0.484417,26,8.4614,0,0,223016739953
39.0372,25.6166,6.31313,71,72,80,2311,2800,0.484417,26,8.4614,0,0,223042357044
38.2258,26.1603,6.31313,71,72,80,2311,2800,0.484417,26,8.4614,0,0,223068518807
37.5475,26.6329,6.31313,71,72,80,2311,2800,0.484417,26,8.4614,0,0,223095150582
40.067,24.9582,6.31313,71,72,80,2311,2800,0.484417,26,8.4614,0,0,223120110361
37.9019,26.3839,6.31313,71,72,80,2311,2800,0.484417,26,8.4614,0,0,223146493089
29.7105,33.6581,6.31313,71,72,80,2311,2800,0.484417,26,8.4614,0,0,223180159379
34.4563,29.0223,6.45933,71,74,78,2326,2800,0.484417,23,8.4613,0,0,223209175235
34.8887,28.6625,6.45933,71,74,78,2326,2800,0.484417,23,8.4613,0,0,223237839573
39.3527,25.4112,6.45933,71,74,78,2326,2800,0.484417,23,8.4613,0,0,223263249035
37.8301,26.434,6.45933,71,74,78,2326,2800,0.484417,23,8.4613,0,0,223289685874
39.5623,25.2766,6.45933,71,74,78,2326,2800,0.484417,23,8.4613,0,0,223314959792
37.336,26.7838,6.45933,71,74,78,2326,2800,0.484417,23,8.4613,0,0,223341745025
36.4367,27.4449,6.45933,71,74,78,2326,2800,0.484417,23,8.4613,0,0,223369189514
37.9613,26.3426,6.45933,71,74,78,2326,2800,0.484417,23,8.4613,0,0,223395531896
36.9594,27.0567,6.45933,71,74,78,2326,2800,0.484417,23,8.4613,0,0,223422589530
34.3959,29.0732,6.45933,71,74,78,2326,2800,0.484417,23,8.4613,0,0,223451663926
36.0214,27.7613,6.45933,71,74,78,2326,2800,0.484417,23,8.4613,0,0,223479425180
35.3876,28.2584,6.45933,71,74,78,2326,2800,0.484417,23,8.4613,0,0,223507684958
37.5223,26.6508,6.45933,71,74,78,2326,2800,0.484417,23,8.4613,0,0,223534334477
37.2245,26.864,6.45933,71,74,78,2326,2800,0.484417,23,8.4613,0,0,223561199379
31.0021,32.2559,6.45933,71,74,78,2326,2800,0.484417,23,8.4613,0,0,223593455463
36.9129,27.0908,6.45933,71,74,78,2326,2800,0.484417,23,8.4613,0,0,223620546931
37.4936,26.6712,6.45933,71,74,78,2326,2800,0.484417,23,8.4613,0,0,223647218180
36.1926,27.63,6.45933,71,74,78,2326,2800,0.484417,23,8.4613,0,0,223674848568
39.4235,25.3656,6.45933,71,74,78,2326,2800,0.484417,23,8.4613,0,0,223700220920
38.894,25.7109,6.56136,72,73,79,2338,2800,0.484417,27,8.46017,0,0,223725924454
38.5919,25.9122,6.56136,72,73,79,2338,2800,0.484417,27,8.46017,0,0,223751840085
36.9024,27.0985,6.56136,72,73,79,2338,2800,0.484417,27,8.46017,0,0,223778942733
36.5945,27.3265,6.56136,72,73,79,2338,2800,0.484417,27,8.46017,0,0,223806264863
38.9139,25.6978,6.56136,72,73,79,2338,2800,0.484417,27,8.46017,0,0,223831961163
37.7969,26.4572,6.56136,72,73,79,2338,2800,0.484417,27,8.46017,0,0,223858420264
38.2574,26.1387,6.56136,72,73,79,2338,2800,0.484417,27,8.46017,0,0,223884558273
37.2102,26.8744,6.56136,72,73,79,2338,2800,0.484417,27,8.46017,0,0,223911433765
39.7129,25.1807,6.56136,72,73,79,2338,2800,0.484417,27,8.46017,0,0,223936613336
38.6498,25.8733,6.56136,72,73,79,2338,2800,0.484417,27,8.46017,0,0,223962486558
37.5564,26.6266,6.56136,72,73,79,2338,2800,0.484417,27,8.46017,0,0,223989115928
39.342,25.4182,6.56136,72,73,79,2338,2800,0.484417,27,8.46017,0,0,224014532484
36.5363,27.37,6.56136,72,73,79,2338,2800,0.484417,27,8.46017,0,0,224041904757
39.5377,25.2923,6.56136,72,73,79,2338,2800,0.484417,27,8.46017,0,0,224067195156
38.3043,26.1067,6.56136,72,73,79,2338,2800,0.484417,27,8.46017,0,0,224093303539
37.8241,26.4382,6.56136,72,73,79,2338,2800,0.484417,27,8.46017,0,0,224119740348
37.2683,26.8325,6.56136,72,73,79,2338,2800,0.484417,27,8.46017,0,0,224146574393
34.6125,28.8913,6.56136,72,73,79,2338,2800,0.484417,27,8.46017,0,0,224175467740
38.5552,25.9368,6.56136,72,73,79,2338,2800,0.484417,27,8.46017,0,0,224201405423
31.9423,31.3064,6.54088,72,72,79,2327,2800,0.484417,30,8.46088,0,0,224232710033
36.4395,27.4427,6.54088,72,72,79,2327,2800,0.484417,30,8.46088,0,0,224260152488
38.4851,25.9841,6.54088,72,72,79,2327,2800,0.484417,30,8.46088,0,0,224286137009
37.124,26.9368,6.54088,72,72,79,2327,2800,0.484417,30,8.46088,0,0,224313073335
37.2971,26.8117,6.54088,72,72,79,2327,2800,0.484417,30,8.46088,0,0,224339885168
37.9857,26.3257,6.54088,72,72,79,2327,2800,0.484417,30,8.46088,0,0,224366210768
38.39,26.0485,6.54088,72,72,79,2327,2800,0.484417,30,8.46088,0,0,224392259239
38.1253,26.2293,6.54088,72,72,79,2327,2800,0.484417,30,8.46088,0,0,224418488789
36.309,27.5414,6.54088,72,72,79,2327,2800,0.484417,30,8.46088,0,0,224446030180
34.3388,29.1216,6.54088,72,72,79,2327,2800,0.484417,30,8.46088,0,0,224475154070
31.5069,31.7391,6.54088,72,72,79,2327,2800,0.484417,30,8.46088,0,0,224506893465
37.6119,26.5873,6.54088,72,72,79,2327,2800,0.484417,30,8.46088,0,0,224533480126
39.0018,25.6399,6.54088,72,72,79,2327,2800,0.484417,30,8.46088,0,0,224559119399
37.9808,26.3291,6.54088,72,72,79,2327,2800,0.484417,30,8.46088,0,0,224585449758
35.9373,27.8263,6.54088,72,72,79,2327,2800,0.484417,30,8.46088,0,0,224613276835
36.5781,27.3388,6.54088,72,72,79,2327,2800,0.484417,30,8.46088,0,0,224640616919
39.101,25.5748,6.54088,72,72,79,2327,2800,0.484417,30,8.46088,0,0,224666191951
39.0531,25.6061,6.54088,72,72,79,2327,2800,0.484417,30,8.46088,0,0,224691797511
36.1242,27.6822,6.54088,72,72,79,2327,2800,0.484417,30,8.46088,0,0,224719483083
37.3625,26.7648,7.16019,72,73,80,2276,2800,0.484417,33,8.46173,0,0,224746245823
36.384,27.4846,7.16019,72,73,80,2276,2800,0.484417,33,8.46173,0,0,224773729256
39.6281,25.2346,7.16019,72,73,80,2276,2800,0.484417,33,8.46173,0,0,224798964792
36.0928,27.7063,7.16019,72,73,80,2276,2800,0.484417,33,8.46173,0,0,224826670150
36.6308,27.2994,7.16019,72,73,80,2276,2800,0.484417,33,8.46173,0,0,224853969998
36.158,27.6564,7.16019,72,73,80,2276,2800,0.484417,33,8.46173,0,0,224881629190
36.7764,27.1913,7.16019,72,73,80,2276,2800,0.484417,33,8.46173,0,0,224908819623
38.0303,26.2949,7.16019,72,73,80,2276,2800,0.484417,33,8.46173,0,0,224935114877
36.3224,27.5312,7.16019,72,73,80,2276,2800,0.484417,33,8.46173,0,0,224962644386
38.3667,26.0643,7.16019,72,73,80,2276,2800,0.484417,33,8.46173,0,0,224988710399
35.9212,27.8387,7.16019,72,73,80,2276,2800,0.484417,33,8.46173,0,0,225016550420
37.4842,26.6779,7.16019,72,73,80,2276,2800,0.484417,33,8.46173,0,0,225043226559
38.0458,26.2841,7.16019,72,73,80,2276,2800,0.484417,33,8.46173,0,0,225069512014
35.3988,28.2496,7.16019,72,73,80,2276,2800,0.484417,33,8.46173,0,0,225097761012
36.3691,27.4959,7.16019,72,73,80,2276,2800,0.484417,33,8.46173,0,0,225125257289
35.6299,28.0663,7.16019,72,73,80,2276,2800,0.484417,33,8.46173,0,0,225153325398
36.0173,27.7644,7.16019,72,73,80,2276,2800,0.484417,33,8.46173,0,0,225181088114
36.2352,27.5975,7.16019,72,73,80,2276,2800,0.484417,33,8.46173,0,0,225208686001
38.901,25.7063,7.16019,72,73,80,2276,2800,0.484417,33,8.46173,0,0,225234394023
36.5221,27.3807,6.62577,72,74,81,2265,2800,0.484417,29,8.46128,0,0,225261774552
35.0833,28.5036,6.62577,72,74,81,2265,2800,0.484417,29,8.46128,0,0,225290277127
35.8172,27.9195,6.62577,72,74,81,2265,2800,0.484417,29,8.46128,0,0,225318197088
35.1368,28.4602,6.62577,72,74,81,2265,2800,0.484417,29,8.46128,0,0,225346658124
37.2166,26.8697,6.62577,72,74,81,2265,2800,0.484417,29,8.46128,0,0,225373527314
36.761,27.2028,6.62577,72,74,81,2265,2800,0.484417,29,8.46128,0,0,225400729739
35.9339,27.8289,6.62577,72,74,81,2265,2800,0.484417,29,8.46128,0,0,225428561074
35.5819,28.1041,6.62577,72,74,81,2265,2800,0.484417,29,8.46128,0,0,225456663498
37.8904,26.3919,6.62577,72,74,81,2265,2800,0.484417,29,8.46128,0,0,225483056274
34.3573,29.1059,6.62577,72,74,81,2265,2800,0.484417,29,8.46128,0,0,225512164204
33.2851,30.0435,6.62577,72,74,81,2265,2800,0.484417,29,8.46128,0,0,225542208099
36.3848,27.484,6.62577,72,74,81,2265,2800,0.484417,29,8.46128,0,0,225569690710
34.9486,28.6134,6.62577,72,74,81,2265,2800,0.484417,29,8.46128,0,0,225598303471
35.137,28.46,6.62577,72,74,81,2265,2800,0.484417,29,8.46128,0,0,225626764837
34.0602,29.3597,6.62577,72,74,81,2265,2800,0.484417,29,8.46128,0,0,225656124709
31.9088,31.3394,6.62577,72,74,81,2265,2800,0.484417,29,8.46128,0,0,225687465257
35.3411,28.2956,6.62577,72,74,81,2265,2800,0.484417,29,8.46128,0,0,225715761965
36.5285,27.3759,6.62577,72,74,81,2265,2800,0.484417,29,8.46128,0,0,225743141262
37.0761,26.9715,6.71642,73,73,82,2291,2800,0.484417,29,8.46121,0,0,225770109508
35.7624,27.9623,6.71642,73,73,82,2291,2800,0.484417,29,8.46121,0,0,225798070676
36.1509,27.6619,6.71642,73,73,82,2291,2800,0.484417,29,8.46121,0,0,225825733816
35.4855,28.1805,6.71642,73,73,82,2291,2800,0.484417,29,8.46121,0,0,225853913334
36.1453,27.6661,6.71642,73,73,82,2291,2800,0.484417,29,8.46121,0,0,225881582044
35.837,27.9041,6.71642,73,73,82,2291,2800,0.484417,29,8.46121,0,0,225909486135
37.2987,26.8106,6.71642,73,73,82,2291,2800,0.484417,29,8.46121,0,0,225936296184
36.8576,27.1314,6.71642,73,73,82,2291,2800,0.484417,29,8.46121,0,0,225963427025
31.783,31.4634,6.71642,73,73,82,2291,2800,0.484417,29,8.46121,0,0,225994892247
37.2153,26.8707,6.71642,73,73,82,2291,2800,0.484417,29,8.46121,0,0,226021763360
33.2168,30.1053,6.71642,73,73,82,2291,2800,0.484417,29,8.46121,0,0,226051869733
36.3974,27.4745,6.71642,73,73,82,2291,2800,0.484417,29,8.46121,0,0,226079344669
33.9678,29.4397,6.71642,73,73,82,2291,2800,0.484417,29,8.46121,0,0,226108784531
38.2304,26.1572,6.71642,73,73,82,2291,2800,0.484417,29,8.46121,0,0,226134939712
37.1209,26.939,6.71642,73,73,82,2291,2800,0.484417,29,8.46121,0,0,226161879284
38.3121,26.1014,6.71642,73,73,82,2291,2800,0.484417,29,8.46121,0,0,226187980173
36.7389,27.2191,6.71642,73,73,82,2291,2800,0.484417,29,8.46121,0,0,226215201675
36.9167,27.088,6.71642,73,73,82,2291,2800,0.484417,29,8.46121,0,0,226242289164
38.182,26.1903,6.71642,73,73,82,2291,2800,0.484417,29,8.46121,0,0,226268483999
37.2587,26.8393,6.50602,74,74,81,2264,2800,0.484417,37,8.46049,0,0,226295319847
36.8972,27.1024,6.50602,74,74,81,2264,2800,0.484417,37,8.46049,0,0,226322423347
38.8442,25.7439,6.50602,74,74,81,2264,2800,0.484417,37,8.46049,0,0,226348166365
35.3268,28.3071,6.50602,74,74,81,2264,2800,0.484417,37,8.46049,0,0,226376473382
37.3957,26.7411,6.50602,74,74,81,2264,2800,0.484417,37,8.46049,0,0,226403216075
37.2709,26.8306,6.50602,74,74,81,2264,2800,0.484417,37,8.46049,0,0,226430047033
29.0633,34.4077,6.50602,74,74,81,2264,2800,0.484417,37,8.46049,0,0,226464455295
34.4119,29.0597,6.50602,74,74,81,2264,2800,0.484417,37,8.46049,0,0,226493513331
37.4457,26.7053,6.50602,74,74,81,2264,2800,0.484417,37,8.46049,0,0,226520220327
37.2688,26.8321,6.50602,74,74,81,2264,2800,0.484417,37,8.46049,0,0,226547056405
36.8982,27.1016,6.50602,74,74,81,2264,2800,0.484417,37,8.46049,0,0,226574153743
39.8327,25.105,6.50602,74,74,81,2264,2800,0.484417,37,8.46049,0,0,226599259766
41.1845,24.281,6.50602,74,74,81,2264,2800,0.484417,37,8.46049,0,0,226623540050
37.5257,26.6484,6.50602,74,74,81,2264,2800,0.484417,37,8.46049,0,0,226650189097
37.2888,26.8177,6.50602,74,74,81,2264,2800,0.484417,37,8.46049,0,0,226677006250
40.6557,24.5968,6.50602,74,74,81,2264,2800,0.484417,37,8.46049,0,0,226701603318
36.0317,27.7534,6.50602,74,74,81,2264,2800,0.484417,37,8.46049,0,0,226729358650
35.7131,28.0009,6.50602,74,74,81,2264,2800,0.484417,37,8.46049,0,0,226757360024
40.13,24.919,6.50602,74,74,81,2264,2800,0.484417,37,8.46049,0,0,226782285268
37.7858,26.465,7.00246,73,74,76,2351,2800,0.484417,27,8.46197,0,0,226808742566
40.7498,24.54,7.00246,73,74,76,2351,2800,0.484417,27,8.46197,0,0,226833283950
39.9154,25.053,7.00246,73,74,76,2351,2800,0.484417,27,8.46197,0,0,226858337234
37.8458,26.423,7.00246,73,74,76,2351,2800,0.484417,27,8.46197,0,0,226884761990
38.3887,26.0493,7.00246,73,74,76,2351,2800,0.484417,27,8.46197,0,0,226910812885
35.8716,27.8772,7.00246,73,74,76,2351,2800,0.484417,27,8.46197,0,0,226938686830
40.3088,24.8085,7.00246,73,74,76,2351,2800,0.484417,27,8.46197,0,0,226963497439
37.9388,26.3583,7.00246,73,74,76,2351,2800,0.484417,27,8.46197,0,0,226989856342
39.5598,25.2782,7.00246,73,74,76,2351,2800,0.484417,27,8.46197,0,0,227015135189
38.3456,26.0786,7.00246,73,74,76,2351,2800,0.484417,27,8.46197,0,0,227041213816
37.0754,26.972,7.00246,73,74,76,2351,2800,0.484417,27,8.46197,0,0,227068185709
36.3599,27.5028,7.00246,73,74,76,2351,2800,0.484417,27,8.46197,0,0,227095690011
38.9426,25.6788,7.00246,73,74,76,2351,2800,0.484417,27,8.46197,0,0,227121368708
38.6003,25.9066,7.00246,73,74,76,2351,2800,0.484417,27,8.46197,0,0,227147275613
37.1836,26.8936,7.00246,73,74,76,2351,2800,0.484417,27,8.46197,0,0,227174169399
40.531,24.6724,7.00246,73,74,76,2351,2800,0.484417,27,8.46197,0,0,227198841849
38.6975,25.8414,7.00246,73,74,76,2351,2800,0.484417,27,8.46197,0,0,227224683953
38.8008,25.7727,7.00246,73,74,76,2351,2800,0.484417,27,8.46197,0,0,227250456756
38.6323,25.8851,7.00246,73,74,76,2351,2800,0.484417,27,8.46197,0,0,227276342983
40.4447,24.7251,7.00246,73,74,76,2351,2800,0.484417,27,8.46197,0,0,227301073692
38.0494,26.2816,6.79612,73,74,74,2013,2800,0.484417,40,8.46054,0,0,227327350891
39.6563,25.2167,6.79612,73,74,74,2013,2800,0.484417,40,8.46054,0,0,227352568303
36.2755,27.5668,6.79612,73,74,74,2013,2800,0.484417,40,8.46054,0,0,227380134290
35.9616,27.8074,6.79612,73,74,74,2013,2800,0.484417,40,8.46054,0,0,227407943534
39.5877,25.2603,6.79612,73,74,74,2013,2800,0.484417,40,8.46054,0,0,227433203085
36.4076,27.4668,6.79612,73,74,74,2013,2800,0.484417,40,8.46054,0,0,227460670858
36.9761,27.0445,6.79612,73,74,74,2013,2800,0.484417,40,8.46054,0,0,227487715277
38.6067,25.9022,6.79612,73,74,74,2013,2800,0.484417,40,8.46054,0,0,227513616281
37.8325,26.4323,6.79612,73,74,74,2013,2800,0.484417,40,8.46054,0,0,227540049914
39.2402,25.4841,6.79612,73,74,74,2013,2800,0.484417,40,8.46054,0,0,227565534627
38.4493,26.0083,6.79612,73,74,74,2013,2800,0.484417,40,8.46054,0,0,227591543955
37.9868,26.3249,6.79612,73,74,74,2013,2800,0.484417,40,8.46054,0,0,227617867391
37.9745,26.3334,6.79612,73,74,74,2013,2800,0.484417,40,8.46054,0,0,227644202439
37.7703,26.4759,6.79612,73,74,74,2013,2800,0.484417,40,8.46054,0,0,227670678182
38.9077,25.7018,6.79612,73,74,74,2013,2800,0.484417,40,8.46054,0,0,227696380293
39.5765,25.2675,6.79612,73,74,74,2013,2800,0.484417,40,8.46054,0,0,227721647788
37.67,26.5463,6.79612,73,74,74,2013,2800,0.484417,40,8.46054,0,0,227748194824
37.7961,26.4577,6.79612,73,74,74,2013,2800,0.484417,40,8.46054,0,0,227774652823
38.8293,25.7537,6.79612,73,74,74,2013,2800,0.484417,40,8.46054,0,0,227800406912
38.4384,26.0156,6.79612,73,74,74,2013,2800,0.484417,40,8.46054,0,0,227826428482
38.8697,25.7269,6.39324,71,74,75,2072,2800,0.484417,21,8.45916,0,0,227852151472
32.0496,31.2017,6.39324,71,74,75,2072,2800,0.484417,21,8.45916,0,0,227883352257
37.1854,26.8923,6.39324,71,74,75,2072,2800,0.484417,21,8.45916,0,0,227910244311
38.8195,25.7602,6.39324,71,74,75,2072,2800,0.484417,21,8.45916,0,0,227936004621
38.4541,26.005,6.39324,71,74,75,2072,2800,0.484417,21,8.45916,0,0,227962011453
38.8364,25.749,6.39324,71,74,75,2072,2800,0.484417,21,8.45916,0,0,227987759190
36.7693,27.1966,6.39324,71,74,75,2072,2800,0.484417,21,8.45916,0,0,228014958289
36.9613,27.0553,6.39324,71,74,75,2072,2800,0.484417,21,8.45916,0,0,228042012106
38.5275,25.9555,6.39324,71,74,75,2072,2800,0.484417,21,8.45916,0,0,228067970107
38.167,26.2006,6.39324,71,74,75,2072,2800,0.484417,21,8.45916,0,0,228094169340
38.0978,26.2482,6.39324,71,74,75,2072,2800,0.484417,21,8.45916,0,0,228120417425
37.1759,26.8992,6.39324,71,74,75,2072,2800,0.484417,21,8.45916,0,0,228147319617
35.3301,28.3045,6.39324,71,74,75,2072,2800,0.484417,21,8.45916,0,0,228175622016
39.2294,25.4911,6.39324,71,74,75,2072,2800,0.484417,21,8.45916,0,0,228201114965
38.2875,26.1182,6.39324,71,74,75,2072,2800,0.484417,21,8.45916,0,0,228227232365
38.2602,26.1368,6.39324,71,74,75,2072,2800,0.484417,21,8.45916,0,0,228253370343
36.5327,27.3728,6.39324,71,74,75,2072,2800,0.484417,21,8.45916,0,0,228280741715
36.1951,27.628,6.39324,71,74,75,2072,2800,0.484417,21,8.45916,0,0,228308371262
38.4132,26.0327,6.39324,71,74,75,2072,2800,0.484417,21,8.45916,0,0,228334405305
30.1277,33.1921,6.48379,70,72,80,2308,2800,0.484417,27,8.4581,0,0,228367595292
37.252,26.8442,6.48379,70,72,80,2308,2800,0.484417,27,8.4581,0,0,228394440076
38.3353,26.0856,6.48379,70,72,80,2308,2800,0.484417,27,8.4581,0,0,228420526378
36.9089,27.0937,6.48379,70,72,80,2308,2800,0.484417,27,8.4581,0,0,228447619468
36.0108,27.7695,6.48379,70,72,80,2308,2800,0.484417,27,8.4581,0,0,228475389458
36.8587,27.1307,6.48379,70,72,80,2308,2800,0.484417,27,8.4581,0,0,228502522804
38.0611,26.2736,6.48379,70,72,80,2308,2800,0.484417,27,8.4581,0,0,228528796196
38.524,25.9579,6.48379,70,72,80,2308,2800,0.484417,27,8.4581,0,0,228554752334
36.6844,27.2595,6.48379,70,72,80,2308,2800,0.484417,27,8.4581,0,0,228582012007
36.3225,27.5312,6.48379,70,72,80,2308,2800,0.484417,27,8.4581,0,0,228609544331
38.0011,26.315,6.48379,70,72,80,2308,2800,0.484417,27,8.4581,0,0,228635858219
37.6734,26.544,6.48379,70,72,80,2308,2800,0.484417,27,8.4581,0,0,228662403762
37.7389,26.4978,6.48379,70,72,80,2308,2800,0.484417,27,8.4581,0,0,228688901105
35.5728,28.1114,6.48379,70,72,80,2308,2800,0.484417,27,8.4581,0,0,228717013948
36.3336,27.5227,6.48379,70,72,80,2308,2800,0.484417,27,8.4581,0,0,228744536444
34.4606,29.0187,6.48379,70,72,80,2308,2800,0.484417,27,8.4581,0,0,228773555647
38.177,26.1938,6.48379,70,72,80,2308,2800,0.484417,27,8.4581,0,0,228799751634
31.3221,31.9264,6.48379,70,72,80,2308,2800,0.484417,27,8.4581,0,0,228831677029
35.3716,28.2713,6.48379,70,72,80,2308,2800,0.484417,27,8.4581,0,0,228859955803
37.015,27.0161,6.97115,71,74,80,2363,2800,0.484417,41,8.45567,0,0,228886963733
35.4973,28.1712,6.97115,71,74,80,2363,2800,0.484417,41,8.45567,0,0,228915137541
36.4362,27.4452,6.97115,71,74,80,2363,2800,0.484417,41,8.45567,0,0,228942582551
36.925,27.0819,6.97115,71,74,80,2363,2800,0.484417,41,8.45567,0,0,228969664801
37.5024,26.665,6.97115,71,74,80,2363,2800,0.484417,41,8.45567,0,0,228996328736
37.6768,26.5415,6.97115,71,74,80,2363,2800,0.484417,41,8.45567,0,0,229022869941
35.6888,28.02,6.97115,71,74,80,2363,2800,0.484417,41,8.45567,0,0,229050891633
36.3663,27.498,6.97115,71,74,80,2363,2800,0.484417,41,8.45567,0,0,229078391186
33.7224,29.6539,6.97115,71,74,80,2363,2800,0.484417,41,8.45567,0,0,229108045320
33.6118,29.7515,6.97115,71,74,80,2363,2800,0.484417,41,8.45567,0,0,229137796295
38.0387,26.2891,6.97115,71,74,80,2363,2800,0.484417,41,8.45567,0,0,229164087822
36.6389,27.2934,6.97115,71,74,80,2363,2800,0.484417,41,8.45567,0,0,229191379485
36.5796,27.3376,6.97115,71,74,80,2363,2800,0.484417,41,8.45567,0,0,229218716492
36.0397,27.7472,6.97115,71,74,80,2363,2800,0.484417,41,8.45567,0,0,229246464050
36.687,27.2576,6.97115,71,74,80,2363,2800,0.484417,41,8.45567,0,0,229273721900
38.033,26.2929,6.97115,71,74,80,2363,2800,0.484417,41,8.45567,0,0,229300014558
37.4171,26.7258,6.97115,71,74,80,2363,2800,0.484417,41,8.45567,0,0,229326743075
37.7355,26.5002,6.97115,71,74,80,2363,2800,0.484417,41,8.45567,0,0,229353241890
37.0935,26.9589,6.97115,71,74,80,2363,2800,0.484417,41,8.45567,0,0,229380202542
36.3584,27.504,6.56136,71,75,81,2282,2800,0.484417,28,8.45533,0,0,229407705741
37.3924,26.7434,6.56136,71,75,81,2282,2800,0.484417,28,8.45533,0,0,229434447803
37.1431,26.9229,6.56136,71,75,81,2282,2800,0.484417,28,8.45533,0,0,229461372427
33.1758,30.1425,6.56136,71,75,81,2282,2800,0.484417,28,8.45533,0,0,229491514366
37.7689,26.4768,6.56136,71,75,81,2282,2800,0.484417,28,8.45533,0,0,229517991100
37.5885,26.6039,6.56136,71,75,81,2282,2800,0.484417,28,8.45533,0,0,229544595654
39.6809,25.2011,6.56136,71,75,81,2282,2800,0.484417,28,8.45533,0,0,229569796846
37.3763,26.755,6.56136,71,75,81,2282,2800,0.484417,28,8.45533,0,0,229596552483
37.106,26.9498,6.56136,71,75,81,2282,2800,0.484417,28,8.45533,0,0,229623503116
37.5683,26.6182,6.56136,71,75,81,2282,2800,0.484417,28,8.45533,0,0,229650122137
37.0368,27.0002,6.56136,71,75,81,2282,2800,0.484417,28,8.45533,0,0,229677120720
38.6151,25.8966,6.56136,71,75,81,2282,2800,0.484417,28,8.45533,0,0,229703018568
36.3415,27.5168,6.56136,71,75,81,2282,2800,0.484417,28,8.45533,0,0,229730537597
37.3524,26.772,6.56136,71,75,81,2282,2800,0.484417,28,8.45533,0,0,229757309374
35.3962,28.2516,6.56136,71,75,81,2282,2800,0.484417,28,8.45533,0,0,229785560026
35.5124,28.1591,6.56136,71,75,81,2282,2800,0.484417,28,8.45533,0,0,229813718915
30.8017,32.4657,6.56136,71,75,81,2282,2800,0.484417,28,8.45533,0,0,229846187148
34.4925,28.9918,6.56136,71,75,81,2282,2800,0.484417,28,8.45533,0,0,229875179671
36.6283,27.3013,6.56136,71,75,81,2282,2800,0.484417,28,8.45533,0,0,229902481923
35.2276,28.3868,6.76329,71,74,80,2269,2800,0.484417,32,8.4558,0,0,229930866366
37.3787,26.7532,6.76329,71,74,80,2269,2800,0.484417,32,8.4558,0,0,229957619158
36.1169,27.6878,6.76329,71,74,80,2269,2800,0.484417,32,8.4558,0,0,229985307775
35.7793,27.9491,6.76329,71,74,80,2269,2800,0.484417,32,8.4558,0,0,230013258364
34.0911,29.3332,6.76329,71,74,80,2269,2800,0.484417,32,8.4558,0,0,230042591075
37.6273,26.5764,6.76329,71,74,80,2269,2800,0.484417,32,8.4558,0,0,230069169399
36.1443,27.6669,6.76329,71,74,80,2269,2800,0.484417,32,8.4558,0,0,230096834112
35.733,27.9853,6.76329,71,74,80,2269,2800,0.484417,32,8.4558,0,0,230124819866
35.3047,28.3249,6.76329,71,74,80,2269,2800,0.484417,32,8.4558,0,0,230153145980
35.8416,27.9006,6.76329,71,74,80,2269,2800,0.484417,32,8.4558,0,0,230181045542
34.6011,28.9009,6.76329,71,74,80,2269,2800,0.484417,32,8.4558,0,0,230209949018
38.1732,26.1964,6.76329,71,74,80,2269,2800,0.484417,32,8.4558,0,0,230236142481
36.4358,27.4455,6.76329,71,74,80,2269,2800,0.484417,32,8.4558,0,0,230263589716
37.7728,26.4741,6.76329,71,74,80,2269,2800,0.484417,32,8.4558,0,0,230290064506
36.9247,27.0821,6.76329,71,74,80,2269,2800,0.484417,32,8.4558,0,0,230317145784
38.6557,25.8694,6.76329,71,74,80,2269,2800,0.484417,32,8.4558,0,0,230343017453
37.4341,26.7136,6.76329,71,74,80,2269,2800,0.484417,32,8.4558,0,0,230369730611
37.7421,26.4956,6.76329,71,74,80,2269,2800,0.484417,32,8.4558,0,0,230396226501
37.882,26.3978,6.76329,71,74,80,2269,2800,0.484417,32,8.4558,0,0,230422628494
37.2615,26.8373,6.68287,72,74,81,2244,2800,0.484417,29,8.45632,0,0,230449461687
35.9767,27.7958,6.68287,72,74,81,2244,2800,0.484417,29,8.45632,0,0,230477257025
37.5248,26.649,6.68287,72,74,81,2244,2800,0.484417,29,8.45632,0,0,230503907935
36.388,27.4816,6.68287,72,74,81,2244,2800,0.484417,29,8.45632,0,0,230531389534
38.6737,25.8573,6.68287,72,74,81,2244,2800,0.484417,29,8.45632,0,0,230557246576
36.4904,27.4045,6.68287,72,74,81,2244,2800,0.484417,29,8.45632,0,0,230584651922
36.7196,27.2334,6.68287,72,74,81,2244,2800,0.484417,29,8.45632,0,0,230611884413
38.1708,26.198,6.68287,72,74,81,2244,2800,0.484417,29,8.45632,0,0,230638083266
37.8038,26.4524,6.68287,72,74,81,2244,2800,0.484417,29,8.45632,0,0,230664535484
37.8404,26.4268,6.68287,72,74,81,2244,2800,0.484417,29,8.45632,0,0,230690964719
33.6625,29.7066,6.68287,72,74,81,2244,2800,0.484417,29,8.45632,0,0,230720671853
36.8376,27.1462,6.68287,72,74,81,2244,2800,0.484417,29,8.45632,0,0,230747815568
34.6054,28.8972,6.68287,72,74,81,2244,2800,0.484417,29,8.45632,0,0,230776713403
37.1588,26.9116,6.68287,72,74,81,2244,2800,0.484417,29,8.45632,0,0,230803626977
37.6649,26.5499,6.68287,72,74,81,2244,2800,0.484417,29,8.45632,0,0,230830174985
38.0816,26.2594,6.68287,72,74,81,2244,2800,0.484417,29,8.45632,0,0,230856435834
36.1575,27.6567,6.68287,72,74,81,2244,2800,0.484417,29,8.45632,0,0,230884091760
37.3561,26.7694,6.68287,72,74,81,2244,2800,0.484417,29,8.45632,0,0,230910861253
37.9483,26.3517,6.68287,72,74,81,2244,2800,0.484417,29,8.45632,0,0,230937218162
36.4436,27.4397,6.62577,73,73,81,2282,2800,0.484417,29,8.45702,0,0,230964653504
38.7072,25.835,6.62577,73,73,81,2282,2800,0.484417,29,8.45702,0,0,230990490578
36.6424,27.2908,6.62577,73,73,81,2282,2800,0.484417,29,8.45702,0,0,231017779576
37.4013,26.737,6.62577,73,73,81,2282,2800,0.484417,29,8.45702,0,0,231044519474
38.9416,25.6795,6.62577,73,73,81,2282,2800,0.484417,29,8.45702,0,0,231070198351
35.6648,28.0388,6.62577,73,73,81,2282,2800,0.484417,29,8.45702,0,0,231098237235
33.1548,30.1616,6.62577,73,73,81,2282,2800,0.484417,29,8.45702,0,0,231128400254
36.1287,27.6788,6.62577,73,73,81,2282,2800,0.484417,29,8.45702,0,0,231156077590
37.3649,26.7631,6.62577,73,73,81,2282,2800,0.484417,29,8.45702,0,0,231182840421
37.4677,26.6897,6.62577,73,73,81,2282,2800,0.484417,29,8.45702,0,0,231209531096
37.8522,26.4185,6.62577,73,73,81,2282,2800,0.484417,29,8.45702,0,0,231235948729
37.2123,26.8728,6.62577,73,73,81,2282,2800,0.484417,29,8.45702,0,0,231262823931
37.3673,26.7614,6.62577,73,73,81,2282,2800,0.484417,29,8.45702,0,0,231289584257
36.8603,27.1295,6.62577,73,73,81,2282,2800,0.484417,29,8.45702,0,0,231316714637
36.154,27.6595,6.62577,73,73,81,2282,2800,0.484417,29,8.45702,0,0,231344375152
38.1523,26.2107,6.62577,73,73,81,2282,2800,0.484417,29,8.45702,0,0,231370585967
30.5904,32.69,6.62577,73,73,81,2282,2800,0.484417,29,8.45702,0,0,231403289551
35.02,28.5552,6.62577,73,73,81,2282,2800,0.484417,29,8.45702,0,0,231431830236
36.6902,27.2552,6.62577,73,73,81,2282,2800,0.484417,29,8.45702,0,0,231459091091
36.2119,27.6152,6.42424,74,74,81,2277,2800,0.484417,33,8.45552,0,0,231486702484
36.4391,27.443,6.42424,74,74,81,2277,2800,0.484417,33,8.45552,0,0,231514145009
35.1923,28.4153,6.42424,74,74,81,2277,2800,0.484417,33,8.45552,0,0,231542561782
37.4496,26.7025,6.42424,74,74,81,2277,2800,0.484417,33,8.45552,0,0,231569263408
37.0462,26.9933,6.42424,74,74,81,2277,2800,0.484417,33,8.45552,0,0,231596256311
30.436,32.8558,6.42424,74,74,81,2277,2800,0.484417,33,8.45552,0,0,231629111990
36.308,27.5422,6.42424,74,74,81,2277,2800,0.484417,33,8.45552,0,0,231656655475
36.3066,27.5432,6.42424,74,74,81,2277,2800,0.484417,33,8.45552,0,0,231684200102
34.2355,29.2094,6.42424,74,74,81,2277,2800,0.484417,33,8.45552,0,0,231713407639
34.7622,28.7669,6.42424,74,74,81,2277,2800,0.484417,33,8.45552,0,0,231742174839
37.5817,26.6087,6.42424,74,74,81,2277,2800,0.484417,33,8.45552,0,0,231768784472
36.1146,27.6896,6.42424,74,74,81,2277,2800,0.484417,33,8.45552,0,0,231796475704
36.5522,27.3581,6.42424,74,74,81,2277,2800,0.484417,33,8.45552,0,0,231823833361
30.844,32.4212,6.42424,74,74,81,2277,2800,0.484417,33,8.45552,0,0,231856253533
33.228,30.0951,6.42424,74,74,81,2277,2800,0.484417,33,8.45552,0,0,231886350338
34.8956,28.6569,6.42424,74,74,81,2277,2800,0.484417,33,8.45552,0,0,231915007482
32.5206,30.7497,6.42424,74,74,81,2277,2800,0.484417,33,8.45552,0,0,231945758353
34.2651,29.1842,6.42424,74,74,81,2277,2800,0.484417,33,8.45552,0,0,231974952615
36.8334,27.1493,6.48715,74,73,79,2345,2800,0.484417,24,8.45498,0,0,232002091581
37.3474,26.7756,6.48715,74,73,79,2345,2800,0.484417,24,8.45498,0,0,232028868788
37.8133,26.4457,6.48715,74,73,79,2345,2800,0.484417,24,8.45498,0,0,232055314855
36.5098,27.3899,6.48715,74,73,79,2345,2800,0.484417,24,8.45498,0,0,232082704972
34.5897,28.9103,6.48715,74,73,79,2345,2800,0.484417,24,8.45498,0,0,232111616253
33.2936,30.0358,6.48715,74,73,79,2345,2800,0.484417,24,8.45498,0,0,232141652203
36.6409,27.2919,6.48715,74,73,79,2345,2800,0.484417,24,8.45498,0,0,232168944687
35.3611,28.2796,6.48715,74,73,79,2345,2800,0.484417,24,8.45498,0,0,232197224874
33.7553,29.625,6.48715,74,73,79,2345,2800,0.484417,24,8.45498,0,0,232226849814
36.8634,27.1272,6.48715,74,73,79,2345,2800,0.484417,24,8.45498,0,0,232253976607
36.247,27.5885,6.48715,74,73,79,2345,2800,0.484417,24,8.45498,0,0,232281565838
35.665,28.0387,6.48715,74,73,79,2345,2800,0.484417,24,8.45498,0,0,232309603841
37.1298,26.9326,6.48715,74,73,79,2345,2800,0.484417,24,8.45498,0,0,232336539045
35.5942,28.0945,6.48715,74,73,79,2345,2800,0.484417,24,8.45498,0,0,232364633393
36.4074,27.4669,6.48715,74,73,79,2345,2800,0.484417,24,8.45498,0,0,232392101246
37.5464,26.6337,6.48715,74,73,79,2345,2800,0.484417,24,8.45498,0,0,232418734113
27.0822,36.9246,6.48715,74,73,79,2345,2800,0.484417,24,8.45498,0,0,232455659536
36.5802,27.3372,6.48715,74,73,79,2345,2800,0.484417,24,8.45498,0,0,232483000521
35.9313,27.8309,7.16049,73,73,80,2336,2800,0.484417,24,8.45552,0,0,232510826807
37.5598,26.6242,7.16049,73,73,80,2336,2800,0.484417,24,8.45552,0,0,232537452891
36.1048,27.6972,7.16049,73,73,80,2336,2800,0.484417,24,8.45552,0,0,232565150104
29.913,33.4303,7.16049,73,73,80,2336,2800,0.484417,24,8.45552,0,0,232598580231
34.5026,28.9833,7.16049,73,73,80,2336,2800,0.484417,24,8.45552,0,0,232627565230
35.9287,27.8329,7.16049,73,73,80,2336,2800,0.484417,24,8.45552,0,0,232655397998
30.4715,32.8175,7.16049,73,73,80,2336,2800,0.484417,24,8.45552,0,0,232688216207
33.6742,29.6963,7.16049,73,73,80,2336,2800,0.484417,24,8.45552,0,0,232717910717
36.1461,27.6655,7.16049,73,73,80,2336,2800,0.484417,24,8.45552,0,0,232745577734
36.9711,27.0481,7.16049,73,73,80,2336,2800,0.484417,24,8.45552,0,0,232772627012
38.3483,26.0767,7.16049,73,73,80,2336,2800,0.484417,24,8.45552,0,0,232798702032
36.6866,27.2579,7.16049,73,73,80,2336,2800,0.484417,24,8.45552,0,0,232825959972
35.9204,27.8394,7.16049,73,73,80,2336,2800,0.484417,24,8.45552,0,0,232853799652
34.6349,28.8726,7.16049,73,73,80,2336,2800,0.484417,24,8.45552,0,0,232882675005
35.4624,28.1988,7.16049,73,73,80,2336,2800,0.484417,24,8.45552,0,0,232910873519
33.4651,29.8819,7.16049,73,73,80,2336,2800,0.484417,24,8.45552,0,0,232940754589
37.0567,26.9856,7.16049,73,73,80,2336,2800,0.484417,24,8.45552,0,0,232967741480
37.1306,26.9319,7.16049,73,73,80,2336,2800,0.484417,24,8.45552,0,0,232994674640
37.5182,26.6537,7.13407,72,73,81,2281,2800,0.484417,32,8.45732,0,0,233021325972
37.7352,26.5005,7.13407,72,73,81,2281,2800,0.484417,32,8.45732,0,0,233047827031
36.3694,27.4956,7.13407,72,73,81,2281,2800,0.484417,32,8.45732,0,0,233075324310
38.3845,26.0522,7.13407,72,73,81,2281,2800,0.484417,32,8.45732,0,0,233101375355
37.5629,26.622,7.13407,72,73,81,2281,2800,0.484417,32,8.45732,0,0,233127997963
37.4259,26.7195,7.13407,72,73,81,2281,2800,0.484417,32,8.45732,0,0,233154717713
39.2464,25.4801,7.13407,72,73,81,2281,2800,0.484417,32,8.45732,0,0,233180199240
36.8806,27.1146,7.13407,72,73,81,2281,2800,0.484417,32,8.45732,0,0,233207312869
39.0021,25.6397,7.13407,72,73,81,2281,2800,0.484417,32,8.45732,0,0,233232953074
38.1422,26.2177,7.13407,72,73,81,2281,2800,0.484417,32,8.45732,0,0,233259170712
37.3424,26.7792,7.13407,72,73,81,2281,2800,0.484417,32,8.45732,0,0,233285952227
37.6403,26.5673,7.13407,72,73,81,2281,2800,0.484417,32,8.45732,0,0,233312517307
38.4359,26.0173,7.13407,72,73,81,2281,2800,0.484417,32,8.45732,0,0,233338537856
39.2386,25.4851,7.13407,72,73,81,2281,2800,0.484417,32,8.45732,0,0,233364021537
38.2471,26.1458,7.13407,72,73,81,2281,2800,0.484417,32,8.45732,0,0,233390165707
37.2904,26.8166,7.13407,72,73,81,2281,2800,0.484417,32,8.45732,0,0,233416982679
38.3698,26.0622,7.13407,72,73,81,2281,2800,0.484417,32,8.45732,0,0,233443044986
37.9641,26.3407,7.13407,72,73,81,2281,2800,0.484417,32,8.45732,0,0,233469385655
37.8673,26.408,7.13407,72,73,81,2281,2800,0.484417,32,8.45732,0,0,233495801084
36.5027,27.3952,6.79245,71,74,82,2328,2800,0.484417,29,8.45827,0,0,233523191993
37.2624,26.8367,6.79245,71,74,82,2328,2800,0.484417,29,8.45827,0,0,233550026518
38,26.3158,6.79245,71,74,82,2328,2800,0.484417,29,8.45827,0,0,233576344524
30.3067,32.996,6.79245,71,74,82,2328,2800,0.484417,29,8.45827,0,0,233609339014
36.5143,27.3865,6.79245,71,74,82,2328,2800,0.484417,29,8.45827,0,0,233636726196
37.3139,26.7996,6.79245,71,74,82,2328,2800,0.484417,29,8.45827,0,0,233663525685
37.3904,26.7449,6.79245,71,74,82,2328,2800,0.484417,29,8.45827,0,0,233690271444
37.682,26.5379,6.79245,71,74,82,2328,2800,0.484417,29,8.45827,0,0,233716808661
37.8252,26.4374,6.79245,71,74,82,2328,2800,0.484417,29,8.45827,0,0,233743249688
39.0398,25.6149,6.79245,71,74,82,2328,2800,0.484417,29,8.45827,0,0,233768863103
38.7046,25.8368,6.79245,71,74,82,2328,2800,0.484417,29,8.45827,0,0,233794700308
38.3165,26.0984,6.79245,71,74,82,2328,2800,0.484417,29,8.45827,0,0,233820798632
38.1755,26.1948,6.79245,71,74,82,2328,2800,0.484417,29,8.45827,0,0,233846994078
36.5404,27.3669,6.79245,71,74,82,2328,2800,0.484417,29,8.45827,0,0,233874361884
38.4664,25.9967,6.79245,71,74,82,2328,2800,0.484417,29,8.45827,0,0,233900357245
39.4931,25.3209,6.79245,71,74,82,2328,2800,0.484417,29,8.45827,0,0,233925677840
38.2925,26.1148,6.79245,71,74,82,2328,2800,0.484417,29,8.45827,0,0,233951793577
38.8825,25.7185,6.79245,71,74,82,2328,2800,0.484417,29,8.45827,0,0,233977512830
39.4897,25.3231,6.79245,71,74,82,2328,2800,0.484417,29,8.45827,0,0,234002837203
38.7771,25.7884,6.3591,73,74,81,2296,2800,0.484417,30,8.45832,0,0,234028625576
38.8237,25.7574,6.3591,73,74,81,2296,2800,0.484417,30,8.45832,0,0,234054381698
39.0281,25.6225,6.3591,73,74,81,2296,2800,0.484417,30,8.45832,0,0,234080006945
36.9752,27.0452,6.3591,73,74,81,2296,2800,0.484417,30,8.45832,0,0,234107052376
38.7746,25.7901,6.3591,73,74,81,2296,2800,0.484417,30,8.45832,0,0,234132843073
40.7434,24.5438,6.3591,73,74,81,2296,2800,0.484417,30,8.45832,0,0,234157386460
37.4677,26.6897,6.3591,73,74,81,2296,2800,0.484417,30,8.45832,0,0,234184077005
39.4092,25.3748,6.3591,73,74,81,2296,2800,0.484417,30,8.45832,0,0,234209452183
39.061,25.601,6.3591,73,74,81,2296,2800,0.484417,30,8.45832,0,0,234235051612
40.0307,24.9808,6.3591,73,74,81,2296,2800,0.484417,30,8.45832,0,0,234260033792
38.217,26.1664,6.3591,73,74,81,2296,2800,0.484417,30,8.45832,0,0,234286201567
37.9027,26.3834,6.3591,73,74,81,2296,2800,0.484417,30,8.45832,0,0,234312585517
39.1307,25.5554,6.3591,73,74,81,2296,2800,0.484417,30,8.45832,0,0,234338139720
38.7983,25.7743,6.3591,73,74,81,2296,2800,0.484417,30,8.45832,0,0,234363916672
38.3022,26.1082,6.3591,73,74,81,2296,2800,0.484417,30,8.45832,0,0,234390022751
38.125,26.2295,6.3591,73,74,81,2296,2800,0.484417,30,8.45832,0,0,234416253834
36.9012,27.0994,6.3591,73,74,81,2296,2800,0.484417,30,8.45832,0,0,234443352605
37.4261,26.7193,6.3591,73,74,81,2296,2800,0.484417,30,8.45832,0,0,234470070892
37.0502,26.9904,6.3591,73,74,81,2296,2800,0.484417,30,8.45832,0,0,234497061660
37.5907,26.6023,6.3591,73,74,81,2296,2800,0.484417,30,8.45832,0,0,234523670662
35.3032,28.326,6.42424,74,74,81,2303,2800,0.484417,32,8.45832,0,0,234551991485
36.5827,27.3353,6.42424,74,74,81,2303,2800,0.484417,32,8.45832,0,0,234579325918
33.2675,30.0594,6.42424,74,74,81,2303,2800,0.484417,32,8.45832,0,0,234609388158
37.3832,26.75,6.42424,74,74,81,2303,2800,0.484417,32,8.45832,0,0,234636137623
38.4642,25.9982,6.42424,74,74,81,2303,2800,0.484417,32,8.45832,0,0,234662135549
38.2839,26.1206,6.42424,74,74,81,2303,2800,0.484417,32,8.45832,0,0,234688255174
35.636,28.0615,6.42424,74,74,81,2303,2800,0.484417,32,8.45832,0,0,234716319285
37.4977,26.6683,6.42424,74,74,81,2303,2800,0.484417,32,8.45832,0,0,234742986496
38.5169,25.9626,6.42424,74,74,81,2303,2800,0.484417,32,8.45832,0,0,234768951230
39.4575,25.3437,6.42424,74,74,81,2303,2800,0.484417,32,8.45832,0,0,234794293486
39.7508,25.1567,6.42424,74,74,81,2303,2800,0.484417,32,8.45832,0,0,234819450024
36.493,27.4026,6.42424,74,74,81,2303,2800,0.484417,32,8.45832,0,0,234846854228
36.4872,27.4068,6.42424,74,74,81,2303,2800,0.484417,32,8.45832,0,0,234874262238
38.5865,25.9158,6.42424,74,74,81,2303,2800,0.484417,32,8.45832,0,0,234900177539
39.8038,25.1232,6.42424,74,74,81,2303,2800,0.484417,32,8.45832,0,0,234925299402
37.1799,26.8963,6.42424,74,74,81,2303,2800,0.484417,32,8.45832,0,0,234952196184
37.6805,26.5389,6.42424,74,74,81,2303,2800,0.484417,32,8.45832,0,0,234978737048
35.083,28.5038,6.42424,74,74,81,2303,2800,0.484417,32,8.45832,0,0,235007241516
38.7572,25.8016,6.42424,74,74,81,2303,2800,0.484417,32,8.45832,0,0,235033043765
39.5842,25.2626,6.57568,74,74,80,2362,2800,0.484417,31,8.46204,0,0,235058306291
38.8613,25.7325,6.57568,74,74,80,2362,2800,0.484417,31,8.46204,0,0,235084037477
43.6335,22.9182,6.57568,74,74,80,2362,2800,0.484417,31,8.46204,0,0,235106956477
40.1781,24.8892,6.57568,74,74,80,2362,2800,0.484417,31,8.46204,0,0,235131847056
40.7187,24.5588,6.57568,74,74,80,2362,2800,0.484417,31,8.46204,0,0,235156404590
38.739,25.8138,6.57568,74,74,80,2362,2800,0.484417,31,8.46204,0,0,235182218982
38.8596,25.7336,6.57568,74,74,80,2362,2800,0.484417,31,8.46204,0,0,235207953023
39.8762,25.0776,6.57568,74,74,80,2362,2800,0.484417,31,8.46204,0,0,235233030362
37.6809,26.5386,6.57568,74,74,80,2362,2800,0.484417,31,8.46204,0,0,235259570004
40.9206,24.4376,6.57568,74,74,80,2362,2800,0.484417,31,8.46204,0,0,235284007152
37.5468,26.6334,6.57568,74,74,80,2362,2800,0.484417,31,8.46204,0,0,235310642263
38.0832,26.2583,6.57568,74,74,80,2362,2800,0.484417,31,8.46204,0,0,235336900808
39.1073,25.5707,6.57568,74,74,80,2362,2800,0.484417,31,8.46204,0,0,235362472014
41.1179,24.3203,6.57568,74,74,80,2362,2800,0.484417,31,8.46204,0,0,235386792944
38.6657,25.8627,6.57568,74,74,80,2362,2800,0.484417,31,8.46204,0,0,235412654464
36.9683,27.0502,6.57568,74,74,80,2362,2800,0.484417,31,8.46204,0,0,235439705315
39.7029,25.1871,6.57568,74,74,80,2362,2800,0.484417,31,8.46204,0,0,235464894644
39.244,25.4816,6.57568,74,74,80,2362,2800,0.484417,31,8.46204,0,0,235490375971
38.5538,25.9378,6.57568,74,74,80,2362,2800,0.484417,31,8.46204,0,0,235516314005
39.4236,25.3655,6.57568,74,74,80,2362,2800,0.484417,31,8.46204,0,0,235541684644
37.0487,26.9915,4.72637,73,72,73,2393,2800,0.484417,30,8.46148,0,0,235568674260
36.2423,27.5921,4.72637,73,72,73,2393,2800,0.484417,30,8.46148,0,0,235596264623
43.2617,23.1151,4.72637,73,72,73,2393,2800,0.484417,30,8.46148,0,0,235619380433
38.0711,26.2666,4.72637,73,72,73,2393,2800,0.484417,30,8.46148,0,0,235645646952
40.435,24.7311,4.72637,73,72,73,2393,2800,0.484417,30,8.46148,0,0,235670379154
39.3009,25.4447,4.72637,73,72,73,2393,2800,0.484417,30,8.46148,0,0,235695824493
38.812,25.7652,4.72637,73,72,73,2393,2800,0.484417,30,8.46148,0,0,235721589162
40.0928,24.9421,4.72637,73,72,73,2393,2800,0.484417,30,8.46148,0,0,235746531798
36.9863,27.037,4.72637,73,72,73,2393,2800,0.484417,30,8.46148,0,0,235773569575
39.4099,25.3743,4.72637,73,72,73,2393,2800,0.484417,30,8.46148,0,0,235798942949
37.9088,26.3791,4.72637,73,72,73,2393,2800,0.484417,30,8.46148,0,0,235825322781
40.0874,24.9455,4.72637,73,72,73,2393,2800,0.484417,30,8.46148,0,0,235850268904
38.3475,26.0773,4.72637,73,72,73,2393,2800,0.484417,30,8.46148,0,0,235876347532
37.6523,26.5588,4.72637,73,72,73,2393,2800,0.484417,30,8.46148,0,0,235902907382
40.1896,24.8821,4.72637,73,72,73,2393,2800,0.484417,30,8.46148,0,0,235927789214
38.6041,25.904,4.72637,73,72,73,2393,2800,0.484417,30,8.46148,0,0,235953693444
37.1409,26.9245,4.72637,73,72,73,2393,2800,0.484417,30,8.46148,0,0,235980619050
36.7117,27.2392,4.72637,73,72,73,2393,2800,0.484417,30,8.46148,0,0,236007856441
45.3189,22.0659,4.72637,73,72,73,2393,2800,0.484417,30,8.46148,0,0,236029922702
37.1037,26.9515,4.72637,73,72,73,2393,2800,0.484417,30,8.46148,0,0,236056881981
39.7646,25.148,4.06404,71,74,72,2287,2800,0.484417,35,8.46083,0,0,236082024493
37.501,26.6659,4.06404,71,74,72,2287,2800,0.484417,35,8.46083,0,0,236108690902
36.9174,27.0875,4.06404,71,74,72,2287,2800,0.484417,35,8.46083,0,0,236135777090
40.0639,24.9601,4.06404,71,74,72,2287,2800,0.484417,35,8.46083,0,0,236160738000
41.6114,24.0319,4.06404,71,74,72,2287,2800,0.484417,35,8.46083,0,0,236184770500
36.9564,27.0589,4.06404,71,74,72,2287,2800,0.484417,35,8.46083,0,0,236211829305
39.4072,25.3761,4.06404,71,74,72,2287,2800,0.484417,35,8.46083,0,0,236237206036
38.7948,25.7766,4.06404,71,74,72,2287,2800,0.484417,35,8.46083,0,0,236262983579
39.3535,25.4107,4.06404,71,74,72,2287,2800,0.484417,35,8.46083,0,0,236288394383
40.5184,24.6801,4.06404,71,74,72,2287,2800,0.484417,35,8.46083,0,0,236313075189
36.5214,27.3812,4.06404,71,74,72,2287,2800,0.484417,35,8.46083,0,0,236340455878
40.1776,24.8895,4.06404,71,74,72,2287,2800,0.484417,35,8.46083,0,0,236365346848
39.6113,25.2453,4.06404,71,74,72,2287,2800,0.484417,35,8.46083,0,0,236390592002
38.8987,25.7078,4.06404,71,74,72,2287,2800,0.484417,35,8.46083,0,0,236416300605
36.3286,27.5265,4.06404,71,74,72,2287,2800,0.484417,35,8.46083,0,0,236443827028
38.4555,26.0041,4.06404,71,74,72,2287,2800,0.484417,35,8.46083,0,0,236469831636
38.8827,25.7184,4.06404,71,74,72,2287,2800,0.484417,35,8.46083,0,0,236495549607
40.6197,24.6186,4.06404,71,74,72,2287,2800,0.484417,35,8.46083,0,0,236520169047
38.2533,26.1415,4.06404,71,74,72,2287,2800,0.484417,35,8.46083,0,0,236546310793
38.3919,26.0471,4.06404,71,74,72,2287,2800,0.484417,35,8.46083,0,0,236572363111
32.47,30.7977,4.28922,70,70,71,2068,2800,0.484417,19,8.45976,0,0,236603154929
47.8895,20.8814,4.28922,70,70,71,2068,2800,0.484417,19,8.45976,0,0,236624036688
41.9273,23.8508,4.28922,70,70,71,2068,2800,0.484417,19,8.45976,0,0,236647888529
37.5426,26.6364,4.28922,70,70,71,2068,2800,0.484417,19,8.45976,0,0,236674526265
37.4762,26.6836,4.28922,70,70,71,2068,2800,0.484417,19,8.45976,0,0,236701212622
38.9135,25.698,4.28922,70,70,71,2068,2800,0.484417,19,8.45976,0,0,236726908732
40.6872,24.5778,4.28922,70,70,71,2068,2800,0.484417,19,8.45976,0,0,236751490561
39.8717,25.0804,4.28922,70,70,71,2068,2800,0.484417,19,8.45976,0,0,236776566257
36.8881,27.1091,4.28922,70,70,71,2068,2800,0.484417,19,8.45976,0,0,236803675698
36.6626,27.2757,4.28922,70,70,71,2068,2800,0.484417,19,8.45976,0,0,236830951882
41.2782,24.2259,4.28922,70,70,71,2068,2800,0.484417,19,8.45976,0,0,236855178625
40.5269,24.675,4.28922,70,70,71,2068,2800,0.484417,19,8.45976,0,0,236879855243
35.96,27.8087,4.28922,70,70,71,2068,2800,0.484417,19,8.45976,0,0,236907662913
42.5286,23.5136,4.28922,70,70,71,2068,2800,0.484417,19,8.45976,0,0,236931177050
37.6794,26.5397,4.28922,70,70,71,2068,2800,0.484417,19,8.45976,0,0,236957716763
40.5639,24.6525,4.28922,70,70,71,2068,2800,0.484417,19,8.45976,0,0,236982369505
38.2979,26.1111,4.28922,70,70,71,2068,2800,0.484417,19,8.45976,0,0,237008481796
35.2104,28.4007,4.28922,70,70,71,2068,2800,0.484417,19,8.45976,0,0,237036881286
41.652,24.0084,4.28922,70,70,71,2068,2800,0.484417,19,8.45976,0,0,237060892115
40.9364,24.4281,4.28922,70,70,71,2068,2800,0.484417,19,8.45976,0,0,237085321719
37.0041,27.024,4.44994,69,71,69,1736,2800,0.484417,24,8.46771,0,0,237112343385
37.9773,26.3315,4.44994,69,71,69,1736,2800,0.484417,24,8.46771,0,0,237138676881
38.293,26.1144,4.44994,69,71,69,1736,2800,0.484417,24,8.46771,0,0,237164790413
41.8752,23.8805,4.44994,69,71,69,1736,2800,0.484417,24,8.46771,0,0,237188672160
38.0688,26.2682,4.44994,69,71,69,1736,2800,0.484417,24,8.46771,0,0,237214938850
38.0532,26.279,4.44994,69,71,69,1736,2800,0.484417,24,8.46771,0,0,237241219125
39.6021,25.2512,4.44994,69,71,69,1736,2800,0.484417,24,8.46771,0,0,237266469840
38.8669,25.7289,4.44994,69,71,69,1736,2800,0.484417,24,8.46771,0,0,237292198841
38.4621,25.9996,4.44994,69,71,69,1736,2800,0.484417,24,8.46771,0,0,237318200244
39.9386,25.0384,4.44994,69,71,69,1736,2800,0.484417,24,8.46771,0,0,237343238640
36.7943,27.1781,4.44994,69,71,69,1736,2800,0.484417,24,8.46771,0,0,237370416369
39.9468,25.0333,4.44994,69,71,69,1736,2800,0.484417,24,8.46771,0,0,237395450366
40.2409,24.8503,4.44994,69,71,69,1736,2800,0.484417,24,8.46771,0,0,237420300930
36.4937,27.402,4.44994,69,71,69,1736,2800,0.484417,24,8.46771,0,0,237447702589
36.9299,27.0783,4.44994,69,71,69,1736,2800,0.484417,24,8.46771,0,0,237474781322
42.5167,23.5202,4.44994,69,71,69,1736,2800,0.484417,24,8.46771,0,0,237498301380
39.7199,25.1763,4.44994,69,71,69,1736,2800,0.484417,24,8.46771,0,0,237523478387
38.5316,25.9528,4.44994,69,71,69,1736,2800,0.484417,24,8.46771,0,0,237549430927
38.125,26.2295,4.44994,69,71,69,1736,2800,0.484417,24,8.46771,0,0,237575662101
35.0865,28.501,4.44994,69,71,69,1736,2800,0.484417,24,8.46771,0,0,237604165607
43.1868,23.1552,4.3849,69,68,69,1556,2800,0.484417,30,8.46851,0,0,237627317063
40.9544,24.4174,4.3849,69,68,69,1556,2800,0.484417,30,8.46851,0,0,237651734765
38.5451,25.9436,4.3849,69,68,69,1556,2800,0.484417,30,8.46851,0,0,237677681435
35.2677,28.3546,4.3849,69,68,69,1556,2800,0.484417,30,8.46851,0,0,237706034508
41.5465,24.0694,4.3849,69,68,69,1556,2800,0.484417,30,8.46851,0,0,237730104217
39.9268,25.0458,4.3849,69,68,69,1556,2800,0.484417,30,8.46851,0,0,237755150037
38.9201,25.6937,4.3849,69,68,69,1556,2800,0.484417,30,8.46851,0,0,237780845105
35.441,28.2159,4.3849,69,68,69,1556,2800,0.484417,30,8.46851,0,0,237809060981
42.3725,23.6002,4.3849,69,68,69,1556,2800,0.484417,30,8.46851,0,0,237832663224
38.824,25.7573,4.3849,69,68,69,1556,2800,0.484417,30,8.46851,0,0,237858419266
38.6334,25.8843,4.3849,69,68,69,1556,2800,0.484417,30,8.46851,0,0,237884303428
37.6668,26.5486,4.3849,69,68,69,1556,2800,0.484417,30,8.46851,0,0,237910853400
38.1449,26.2158,4.3849,69,68,69,1556,2800,0.484417,30,8.46851,0,0,237937068563
42.2426,23.6728,4.3849,69,68,69,1556,2800,0.484417,30,8.46851,0,0,237960742149
39.4751,25.3324,4.3849,69,68,69,1556,2800,0.484417,30,8.46851,0,0,237986073966
36.9055,27.0962,4.3849,69,68,69,1556,2800,0.484417,30,8.46851,0,0,238013170793
37.374,26.7566,4.3849,69,68,69,1556,2800,0.484417,30,8.46851,0,0,238039926580
41.3823,24.1649,4.3849,69,68,69,1556,2800,0.484417,30,8.46851,0,0,238064092019
38.5775,25.9218,4.3849,69,68,69,1556,2800,0.484417,30,8.46851,0,0,238090014042
37.7514,26.4891,4.3849,69,68,69,1556,2800,0.484417,30,8.46851,0,0,238116507398
38.92,25.6937,4.07911,69,70,69,1366,2800,0.484417,14,8.46774,0,0,238142198298
37.5396,26.6385,4.07911,69,70,69,1366,2800,0.484417,14,8.46774,0,0,238168837947
42.1394,23.7307,4.07911,69,70,69,1366,2800,0.484417,14,8.46774,0,0,238192568160
39.5196,25.3039,4.07911,69,70,69,1366,2800,0.484417,14,8.46774,0,0,238217871132
37.8833,26.3969,4.07911,69,70,69,1366,2800,0.484417,14,8.46774,0,0,238244268156
38.428,26.0227,4.07911,69,70,69,1366,2800,0.484417,14,8.46774,0,0,238270291640
39.0991,25.5761,4.07911,69,70,69,1366,2800,0.484417,14,8.46774,0,0,238295868226
39.2879,25.4531,4.07911,69,70,69,1366,2800,0.484417,14,8.46774,0,0,238321320638
39.6739,25.2055,4.07911,69,70,69,1366,2800,0.484417,14,8.46774,0,0,238346526188
37.6155,26.5848,4.07911,69,70,69,1366,2800,0.484417,14,8.46774,0,0,238373111806
40.5989,24.6312,4.07911,69,70,69,1366,2800,0.484417,14,8.46774,0,0,238397742448
37.9658,26.3395,4.07911,69,70,69,1366,2800,0.484417,14,8.46774,0,0,238424082195
39.9632,25.023,4.07911,69,70,69,1366,2800,0.484417,14,8.46774,0,0,238449105512
38.1387,26.2201,4.07911,69,70,69,1366,2800,0.484417,14,8.46774,0,0,238475326527
36.0413,27.7459,4.07911,69,70,69,1366,2800,0.484417,14,8.46774,0,0,238503071490
40.7848,24.5189,4.07911,69,70,69,1366,2800,0.484417,14,8.46774,0,0,238527590852
40.0797,24.9503,4.07911,69,70,69,1366,2800,0.484417,14,8.46774,0,0,238552541454
38.2798,26.1235,4.07911,69,70,69,1366,2800,0.484417,14,8.46774,0,0,238578665105
30.1736,33.1415,4.07911,69,70,69,1366,2800,0.484417,14,8.46774,0,0,238611806801
42.2798,23.652,4.07911,69,70,69,1366,2800,0.484417,14,8.46774,0,0,238635460891
39.257,25.4732,3.77129,68,68,68,846,2800,0.484417,26,8.46767,0,0,238660932109
41.6909,23.986,3.77129,68,68,68,846,2800,0.484417,26,8.46767,0,0,238684918562
36.0325,27.7527,3.77129,68,68,68,846,2800,0.484417,26,8.46767,0,0,238712671800
39.9552,25.028,3.77129,68,68,68,846,2800,0.484417,26,8.46767,0,0,238737700087
40.5619,24.6537,3.77129,68,68,68,846,2800,0.484417,26,8.46767,0,0,238762353411
37.934,26.3616,3.77129,68,68,68,846,2800,0.484417,26,8.46767,0,0,238788715400
39.6116,25.2451,3.77129,68,68,68,846,2800,0.484417,26,8.46767,0,0,238813960584
37.8479,26.4216,3.77129,68,68,68,846,2800,0.484417,26,8.46767,0,0,238840382214
41.3116,24.2063,3.77129,68,68,68,846,2800,0.484417,26,8.46767,0,0,238864588560
38.8197,25.7601,3.77129,68,68,68,846,2800,0.484417,26,8.46767,0,0,238890349731
38.6034,25.9044,3.77129,68,68,68,846,2800,0.484417,26,8.46767,0,0,238916253972
39.2481,25.4789,3.77129,68,68,68,846,2800,0.484417,26,8.46767,0,0,238941733515
36.8085,27.1677,3.77129,68,68,68,846,2800,0.484417,26,8.46767,0,0,238968900965
41.1129,24.3233,3.77129,68,68,68,846,2800,0.484417,26,8.46767,0,0,238993224400
32.8678,30.4249,3.77129,68,68,68,846,2800,0.484417,26,8.46767,0,0,239023650071
43.2071,23.1443,3.77129,68,68,68,846,2800,0.484417,26,8.46767,0,0,239046793863
40.8623,24.4724,3.77129,68,68,68,846,2800,0.484417,26,8.46767,0,0,239071267650
37.9141,26.3754,3.77129,68,68,68,846,2800,0.484417,26,8.46767,0,0,239097642323
39.9487,25.0321,3.77129,68,68,68,846,2800,0.484417,26,8.46767,0,0,239122674638
39.3177,25.4338,3.77129,68,68,68,846,2800,0.484417,26,8.46767,0,0,239148110720
38.9294,25.6876,3.57583,68,68,67,1040,2800,0.484417,13,8.46861,0,0,239173796370
38.8024,25.7716,3.57583,68,68,67,1040,2800,0.484417,13,8.46861,0,0,239199568552
37.3831,26.7501,3.57583,68,68,67,1040,2800,0.484417,13,8.46861,0,0,239226318459
39.2063,25.5061,3.57583,68,68,67,1040,2800,0.484417,13,8.46861,0,0,239251824682
39.8554,25.0907,3.57583,68,68,67,1040,2800,0.484417,13,8.46861,0,0,239276915376
37.6529,26.5584,3.57583,68,68,67,1040,2800,0.484417,13,8.46861,0,0,239303473593
40.677,24.5839,3.57583,68,68,67,1040,2800,0.484417,13,8.46861,0,0,239328058178
37.4685,26.6891,3.57583,68,68,67,1040,2800,0.484417,13,8.46861,0,0,239354747080
39.0607,25.6012,3.57583,68,68,67,1040,2800,0.484417,13,8.46861,0,0,239380348883
38.592,25.9121,3.57583,68,68,67,1040,2800,0.484417,13,8.46861,0,0,239406261098
39.0712,25.5943,3.57583,68,68,67,1040,2800,0.484417,13,8.46861,0,0,239431855457
38.4607,26.0006,3.57583,68,68,67,1040,2800,0.484417,13,8.46861,0,0,239457856529
40.4437,24.7257,3.57583,68,68,67,1040,2800,0.484417,13,8.46861,0,0,239482581988
36.135,27.674,3.57583,68,68,67,1040,2800,0.484417,13,8.46861,0,0,239510256940
38.2319,26.1562,3.57583,68,68,67,1040,2800,0.484417,13,8.46861,0,0,239536412872
41.4418,24.1302,3.57583,68,68,67,1040,2800,0.484417,13,8.46861,0,0,239560543205
38.3282,26.0904,3.57583,68,68,67,1040,2800,0.484417,13,8.46861,0,0,239586633714
37.2427,26.8509,3.57583,68,68,67,1040,2800,0.484417,13,8.46861,0,0,239613484810
39.9306,25.0435,3.57583,68,68,67,1040,2800,0.484417,13,8.46861,0,0,239638528897
40.5392,24.6675,3.57583,68,68,67,1040,2800,0.484417,13,8.46861,0,0,239663198872
39.06,25.6016,3.92638,69,66,66,1023,2800,0.484417,21,8.46573,0,0,239688798441
38.7579,25.8012,3.92638,69,66,66,1023,2800,0.484417,21,8.46573,0,0,239714599898
38.3091,26.1035,3.92638,69,66,66,1023,2800,0.484417,21,8.46573,0,0,239740703402
37.8417,26.4259,3.92638,69,66,66,1023,2800,0.484417,21,8.46573,0,0,239767129341
40.3622,24.7757,3.92638,69,66,66,1023,2800,0.484417,21,8.46573,0,0,239791904814
37.6109,26.588,3.92638,69,66,66,1023,2800,0.484417,21,8.46573,0,0,239818492977
40.5153,24.682,3.92638,69,66,66,1023,2800,0.484417,21,8.46573,0,0,239843175195
37.4663,26.6907,3.92638,69,66,66,1023,2800,0.484417,21,8.46573,0,0,239869866391
40.6602,24.5941,3.92638,69,66,66,1023,2800,0.484417,21,8.46573,0,0,239894460384
37.4463,26.7049,3.92638,69,66,66,1023,2800,0.484417,21,8.46573,0,0,239921166849
39.211,25.5031,3.92638,69,66,66,1023,2800,0.484417,21,8.46573,0,0,239946669255
38.413,26.0329,3.92638,69,66,66,1023,2800,0.484417,21,8.46573,0,0,239972702457
36.3168,27.5354,3.92638,69,66,66,1023,2800,0.484417,21,8.46573,0,0,240000240462
41.6418,24.0143,3.92638,69,66,66,1023,2800,0.484417,21,8.46573,0,0,240024253264
39.8069,25.1213,3.92638,69,66,66,1023,2800,0.484417,21,8.46573,0,0,240049374135
38.1307,26.2256,3.92638,69,66,66,1023,2800,0.484417,21,8.46573,0,0,240075599948
37.0807,26.9682,3.92638,69,66,66,1023,2800,0.484417,21,8.46573,0,0,240102568485
40.5113,24.6845,3.92638,69,66,66,1023,2800,0.484417,21,8.46573,0,0,240127253057
39.0126,25.6327,3.92638,69,66,66,1023,2800,0.484417,21,8.46573,0,0,240152885688
39.1268,25.5579,3.92638,69,66,66,1023,2800,0.484417,21,8.46573,0,0,240178446324
37.9294,26.3648,3.78973,69,67,67,1004,2800,0.484417,12,8.46538,0,0,240204808884
40.9871,24.3979,3.78973,69,67,67,1004,2800,0.484417,12,8.46538,0,0,240229207369
37.3655,26.7626,3.78973,69,67,67,1004,2800,0.484417,12,8.46538,0,0,240255970080
39.5147,25.3071,3.78973,69,67,67,1004,2800,0.484417,12,8.46538,0,0,240281276909
38.959,25.668,3.78973,69,67,67,1004,2800,0.484417,12,8.46538,0,0,240306945337
40.0178,24.9889,3.78973,69,67,67,1004,2800,0.484417,12,8.46538,0,0,240331934200
37.2974,26.8115,3.78973,69,67,67,1004,2800,0.484417,12,8.46538,0,0,240358746374
39.5832,25.2632,3.78973,69,67,67,1004,2800,0.484417,12,8.46538,0,0,240384009682
39.5141,25.3074,3.78973,69,67,67,1004,2800,0.484417,12,8.46538,0,0,240409317363
36.407,27.4672,3.78973,69,67,67,1004,2800,0.484417,12,8.46538,0,0,240436784805
41.9341,23.8469,3.78973,69,67,67,1004,2800,0.484417,12,8.46538,0,0,240460631866
37.8465,26.4225,3.78973,69,67,67,1004,2800,0.484417,12,8.46538,0,0,240487054329
39.82,25.113,3.78973,69,67,67,1004,2800,0.484417,12,8.46538,0,0,240512167796
36.6294,27.3005,3.78973,69,67,67,1004,2800,0.484417,12,8.46538,0,0,240539468615
38.9451,25.6771,3.78973,69,67,67,1004,2800,0.484417,12,8.46538,0,0,240565146321
40.1706,24.8938,3.78973,69,67,67,1004,2800,0.484417,12,8.46538,0,0,240590039705
30.4138,32.8798,3.78973,69,67,67,1004,2800,0.484417,12,8.46538,0,0,240622919399
39.9259,25.0464,3.78973,69,67,67,1004,2800,0.484417,12,8.46538,0,0,240647966391
38.2265,26.1598,3.78973,69,67,67,1004,2800,0.484417,12,8.46538,0,0,240674126331
41.6174,24.0284,3.78973,69,67,67,1004,2800,0.484417,12,8.46538,0,0,240698157919
37.2391,26.8535,4.10133,69,68,66,937,2800,0.484417,16,8.4646,0,0,240725009075
39.6082,25.2473,4.10133,69,68,66,937,2800,0.484417,16,8.4646,0,0,240750256072
39.2135,25.5014,4.10133,69,68,66,937,2800,0.484417,16,8.4646,0,0,240775757707
36.5961,27.3253,4.10133,69,68,66,937,2800,0.484417,16,8.4646,0,0,240803083174
40.4567,24.7178,4.10133,69,68,66,937,2800,0.484417,16,8.4646,0,0,240827800868
38.5438,25.9445,4.10133,69,68,66,937,2800,0.484417,16,8.4646,0,0,240853745865
39.6135,25.2439,4.10133,69,68,66,937,2800,0.484417,16,8.4646,0,0,240878990457
36.3646,27.4993,4.10133,69,68,66,937,2800,0.484417,16,8.4646,0,0,240906489700
42.1155,23.7442,4.10133,69,68,66,937,2800,0.484417,16,8.4646,0,0,240930233547
37.5523,26.6295,4.10133,69,68,66,937,2800,0.484417,16,8.4646,0,0,240956863168
39.0658,25.5978,4.10133,69,68,66,937,2800,0.484417,16,8.4646,0,0,240982462366
38.8904,25.7133,4.10133,69,68,66,937,2800,0.484417,16,8.4646,0,0,241008175307
37.2417,26.8516,4.10133,69,68,66,937,2800,0.484417,16,8.4646,0,0,241035026604
38.4126,26.0331,4.10133,69,68,66,937,2800,0.484417,16,8.4646,0,0,241061060197
40.2771,24.828,4.10133,69,68,66,937,2800,0.484417,16,8.4646,0,0,241085888469
37.8409,26.4265,4.10133,69,68,66,937,2800,0.484417,16,8.4646,0,0,241112314828
37.9037,26.3827,4.10133,69,68,66,937,2800,0.484417,16,8.4646,0,0,241138698267
41.8081,23.9188,4.10133,69,68,66,937,2800,0.484417,16,8.4646,0,0,241162616522
38.3124,26.1012,4.10133,69,68,66,937,2800,0.484417,16,8.4646,0,0,241188718433
39.1952,25.5133,4.10133,69,68,66,937,2800,0.484417,16,8.4646,0,0,241214233163
38.1108,26.2393,3.7851,69,65,66,927,2800,0.484417,12,8.46534,0,0,241240470808
36.7585,27.2046,3.7851,69,65,66,927,2800,0.484417,12,8.46534,0,0,241267679916
42.8615,23.331,3.7851,69,65,66,927,2800,0.484417,12,8.46534,0,0,241291006732
38.2929,26.1145,3.7851,69,65,66,927,2800,0.484417,12,8.46534,0,0,241317121677
39.3166,25.4345,3.7851,69,65,66,927,2800,0.484417,12,8.46534,0,0,241342557168
37.8185,26.4421,3.7851,69,65,66,927,2800,0.484417,12,8.46534,0,0,241368998786
38.9364,25.6829,3.7851,69,65,66,927,2800,0.484417,12,8.46534,0,0,241394687492
39.5744,25.2688,3.7851,69,65,66,927,2800,0.484417,12,8.46534,0,0,241419950389
37.5951,26.5992,3.7851,69,65,66,927,2800,0.484417,12,8.46534,0,0,241446549743
39.0978,25.5769,3.7851,69,65,66,927,2800,0.484417,12,8.46534,0,0,241472127672
38.6878,25.8479,3.7851,69,65,66,927,2800,0.484417,12,8.46534,0,0,241497975205
38.404,26.039,3.7851,69,65,66,927,2800,0.484417,12,8.46534,0,0,241524014429
39.7859,25.1346,3.7851,69,65,66,927,2800,0.484417,12,8.46534,0,0,241549149095
37.8273,26.4359,3.7851,69,65,66,927,2800,0.484417,12,8.46534,0,0,241575585303
38.3645,26.0657,3.7851,69,65,66,927,2800,0.484417,12,8.46534,0,0,241601651427
38.8175,25.7616,3.7851,69,65,66,927,2800,0.484417,12,8.46534,0,0,241627412960
40.4496,24.7221,3.7851,69,65,66,927,2800,0.484417,12,8.46534,0,0,241652134662
37.7669,26.4782,3.7851,69,65,66,927,2800,0.484417,12,8.46534,0,0,241678613640
39.1046,25.5724,3.7851,69,65,66,927,2800,0.484417,12,8.46534,0,0,241704186078
40.5056,24.6879,3.7851,69,65,66,927,2800,0.484417,12,8.46534,0,0,241728875890
38.3372,26.0843,3.68098,69,66,65,959,2800,0.484417,20,8.46452,0,0,241754958735
39.3683,25.4012,3.68098,69,66,65,959,2800,0.484417,20,8.46452,0,0,241780359681
38.1437,26.2166,3.68098,69,66,65,959,2800,0.484417,20,8.46452,0,0,241806576568
39.0111,25.6337,3.68098,69,66,65,959,2800,0.484417,20,8.46452,0,0,241832210491
38.1403,26.219,3.68098,69,66,65,959,2800,0.484417,20,8.46452,0,0,241858429572
39.3121,25.4375,3.68098,69,66,65,959,2800,0.484417,20,8.46452,0,0,241883867087
38.8245,25.7569,3.68098,69,66,65,959,2800,0.484417,20,8.46452,0,0,241909624632
36.9986,27.028,3.68098,69,66,65,959,2800,0.484417,20,8.46452,0,0,241936652479
40.8608,24.4733,3.68098,69,66,65,959,2800,0.484417,20,8.46452,0,0,241961125715
38.234,26.1547,3.68098,69,66,65,959,2800,0.484417,20,8.46452,0,0,241987281287
40.0328,24.9795,3.68098,69,66,65,959,2800,0.484417,20,8.46452,0,0,242012260412
37.6372,26.5695,3.68098,69,66,65,959,2800,0.484417,20,8.46452,0,0,242038830291
41.0687,24.3494,3.68098,69,66,65,959,2800,0.484417,20,8.46452,0,0,242063179684
37.2206,26.8668,3.68098,69,66,65,959,2800,0.484417,20,8.46452,0,0,242090046861
38.8337,25.7508,3.68098,69,66,65,959,2800,0.484417,20,8.46452,0,0,242115798084
38.5894,25.9139,3.68098,69,66,65,959,2800,0.484417,20,8.46452,0,0,242141718254
37.8155,26.4442,3.68098,69,66,65,959,2800,0.484417,20,8.46452,0,0,242168156766
40.5434,24.6649,3.68098,69,66,65,959,2800,0.484417,20,8.46452,0,0,242192823094
39.3409,25.4188,3.68098,69,66,65,959,2800,0.484417,20,8.46452,0,0,242218240762
38.6842,25.8503,3.68098,69,66,65,959,2800,0.484417,20,8.46452,0,0,242244094277
37.6711,26.5455,3.55392,69,66,66,918,2800,0.484417,15,8.46382,0,0,242270636975
34.1713,29.2643,3.55392,69,66,66,918,2800,0.484417,15,8.46382,0,0,242299901708
44.1825,22.6334,3.55392,69,66,66,918,2800,0.484417,15,8.46382,0,0,242322535534
38.126,26.2288,3.55392,69,66,66,918,2800,0.484417,15,8.46382,0,0,242348764253
39.5904,25.2587,3.55392,69,66,66,918,2800,0.484417,15,8.46382,0,0,242374022832
40.5317,24.672,3.55392,69,66,66,918,2800,0.484417,15,8.46382,0,0,242398694991
38.9474,25.6757,3.55392,69,66,66,918,2800,0.484417,15,8.46382,0,0,242424371203
38.8359,25.7493,3.55392,69,66,66,918,2800,0.484417,15,8.46382,0,0,242450120593
38.7818,25.7853,3.55392,69,66,66,918,2800,0.484417,15,8.46382,0,0,242475906131
37.6037,26.5931,3.55392,69,66,66,918,2800,0.484417,15,8.46382,0,0,242502499594
40.0425,24.9735,3.55392,69,66,66,918,2800,0.484417,15,8.46382,0,0,242527473078
38.0742,26.2645,3.55392,69,66,66,918,2800,0.484417,15,8.46382,0,0,242553738245
39.4167,25.3699,3.55392,69,66,66,918,2800,0.484417,15,8.46382,0,0,242579109025
38.1574,26.2073,3.55392,69,66,66,918,2800,0.484417,15,8.46382,0,0,242605315752
39.4194,25.3682,3.55392,69,66,66,918,2800,0.484417,15,8.46382,0,0,242630683687
38.5383,25.9482,3.55392,69,66,66,918,2800,0.484417,15,8.46382,0,0,242656632861
38.3365,26.0848,3.55392,69,66,66,918,2800,0.484417,15,8.46382,0,0,242682717479
39.7643,25.1482,3.55392,69,66,66,918,2800,0.484417,15,8.46382,0,0,242707866263
36.0706,27.7234,3.55392,69,66,66,918,2800,0.484417,15,8.46382,0,0,242735589785
41.9187,23.8557,3.55392,69,66,66,918,2800,0.484417,15,8.46382,0,0,242759448148
39.7471,25.1591,3.67197,69,68,66,939,2800,0.484417,13,8.46389,0,0,242784604455
38.9033,25.7047,3.67197,69,68,66,939,2800,0.484417,13,8.46389,0,0,242810309592
33.5122,29.8399,3.67197,69,68,66,939,2800,0.484417,13,8.46389,0,0,242840149384
40.4619,24.7146,3.67197,69,68,66,939,2800,0.484417,13,8.46389,0,0,242864864183
36.4819,27.4108,3.67197,69,68,66,939,2800,0.484417,13,8.46389,0,0,242892275961
38.3643,26.0659,3.67197,69,68,66,939,2800,0.484417,13,8.46389,0,0,242918341454
38.9942,25.6448,3.67197,69,68,66,939,2800,0.484417,13,8.46389,0,0,242943986668
39.8481,25.0953,3.67197,69,68,66,939,2800,0.484417,13,8.46389,0,0,242969083524
41.4736,24.1117,3.67197,69,68,66,939,2800,0.484417,13,8.46389,0,0,242993194190
37.9016,26.3841,3.67197,69,68,66,939,2800,0.484417,13,8.46389,0,0,243019579282
37.3995,26.7383,3.67197,69,68,66,939,2800,0.484417,13,8.46389,0,0,243046317326
39.3434,25.4172,3.67197,69,68,66,939,2800,0.484417,13,8.46389,0,0,243071735174
39.095,25.5787,3.67197,69,68,66,939,2800,0.484417,13,8.46389,0,0,243097313393
37.5447,26.6349,3.67197,69,68,66,939,2800,0.484417,13,8.46389,0,0,243123948714
39.7218,25.1751,3.67197,69,68,66,939,2800,0.484417,13,8.46389,0,0,243149124187
39.1729,25.5279,3.67197,69,68,66,939,2800,0.484417,13,8.46389,0,0,243174652352
40.338,24.7905,3.67197,69,68,66,939,2800,0.484417,13,8.46389,0,0,243199443364
37.6572,26.5553,3.67197,69,68,66,939,2800,0.484417,13,8.46389,0,0,243225998125
37.1266,26.9349,3.67197,69,68,66,939,2800,0.484417,13,8.46389,0,0,243252934761
38.4678,25.9958,3.67197,69,68,66,939,2800,0.484417,13,8.46389,0,0,243278933769
39.3489,25.4137,4.6285,69,65,67,1380,2800,0.484417,20,8.44742,0,0,243304343742
39.8738,25.0791,4.6285,69,65,67,1380,2800,0.484417,20,8.44742,0,0,243329423025
39.8363,25.1027,4.6285,69,65,67,1380,2800,0.484417,20,8.44742,0,0,243354526223
36.9767,27.0441,4.6285,69,65,67,1380,2800,0.484417,20,8.44742,0,0,243381571503
39.057,25.6036,4.6285,69,65,67,1380,2800,0.484417,20,8.44742,0,0,243407175590
40.7706,24.5274,4.6285,69,65,67,1380,2800,0.484417,20,8.44742,0,0,243431702196
38.9448,25.6774,4.6285,69,65,67,1380,2800,0.484417,20,8.44742,0,0,243457381014
39.7348,25.1668,4.6285,69,65,67,1380,2800,0.484417,20,8.44742,0,0,243482547209
36.7214,27.2321,4.6285,69,65,67,1380,2800,0.484417,20,8.44742,0,0,243509779741
37.4252,26.72,4.6285,69,65,67,1380,2800,0.484417,20,8.44742,0,0,243536500824
42.2705,23.6572,4.6285,69,65,67,1380,2800,0.484417,20,8.44742,0,0,243560156847
38.7308,25.8192,4.6285,69,65,67,1380,2800,0.484417,20,8.44742,0,0,243585976839
37.3996,26.7382,4.6285,69,65,67,1380,2800,0.484417,20,8.44742,0,0,243612716746
38.1301,26.226,4.6285,69,65,67,1380,2800,0.484417,20,8.44742,0,0,243638941348
41.0944,24.3342,4.6285,69,65,67,1380,2800,0.484417,20,8.44742,0,0,243663275873
38.3277,26.0908,4.6285,69,65,67,1380,2800,0.484417,20,8.44742,0,0,243689368256
39.0239,25.6253,4.6285,69,65,67,1380,2800,0.484417,20,8.44742,0,0,243714992652
37.7094,26.5186,4.6285,69,65,67,1380,2800,0.484417,20,8.44742,0,0,243741510703
33.8426,29.5485,4.6285,69,65,67,1380,2800,0.484417,20,8.44742,0,0,243771059750
44.1727,22.6384,4.6285,69,65,67,1380,2800,0.484417,20,8.44742,0,0,243793701260
39.9316,25.0428,4.54545,70,69,67,1384,2800,0.484417,14,8.44814,0,0,243818742321
38.325,26.0926,4.54545,70,69,67,1384,2800,0.484417,14,8.44814,0,0,243844835516
38.1069,26.2419,4.54545,70,69,67,1384,2800,0.484417,14,8.44814,0,0,243871076848
40.668,24.5894,4.54545,70,69,67,1384,2800,0.484417,14,8.44814,0,0,243895666984
37.5601,26.624,4.54545,70,69,67,1384,2800,0.484417,14,8.44814,0,0,243922292667
39.4628,25.3403,4.54545,70,69,67,1384,2800,0.484417,14,8.44814,0,0,243947631336
39.902,25.0614,4.54545,70,69,67,1384,2800,0.484417,14,8.44814,0,0,243972694078
37.3434,26.7785,4.54545,70,69,67,1384,2800,0.484417,14,8.44814,0,0,243999475133
40.2388,24.8516,4.54545,70,69,67,1384,2800,0.484417,14,8.44814,0,0,244024325296
38.8274,25.755,4.54545,70,69,67,1384,2800,0.484417,14,8.44814,0,0,244050079385
37.6248,26.5782,4.54545,70,69,67,1384,2800,0.484417,14,8.44814,0,0,244076657719
38.6024,25.9051,4.54545,70,69,67,1384,2800,0.484417,14,8.44814,0,0,244102562510
40.5396,24.6672,4.54545,70,69,67,1384,2800,0.484417,14,8.44814,0,0,244127230632
37.5451,26.6346,4.54545,70,69,67,1384,2800,0.484417,14,8.44814,0,0,244153865863
39.1626,25.5345,4.54545,70,69,67,1384,2800,0.484417,14,8.44814,0,0,244179400680
39.4255,25.3643,4.54545,70,69,67,1384,2800,0.484417,14,8.44814,0,0,244204765669
38.9491,25.6745,4.54545,70,69,67,1384,2800,0.484417,14,8.44814,0,0,244230439798
37.9423,26.3558,4.54545,70,69,67,1384,2800,0.484417,14,8.44814,0,0,244256795425
40.9956,24.3929,4.54545,70,69,67,1384,2800,0.484417,14,8.44814,0,0,244281188440
36.2383,27.5951,4.54545,70,69,67,1384,2800,0.484417,14,8.44814,0,0,244308788100
41.1335,24.3111,4.66258,70,65,67,1411,2800,0.484417,29,8.4482,0,0,244333095185
37.9491,26.3511,4.66258,70,65,67,1411,2800,0.484417,29,8.4482,0,0,244359447556
40.0148,24.9908,4.66258,70,65,67,1411,2800,0.484417,29,8.4482,0,0,244384438302
38.7008,25.8392,4.66258,70,65,67,1411,2800,0.484417,29,8.4482,0,0,244410277019
37.1403,26.925,4.66258,70,65,67,1411,2800,0.484417,29,8.4482,0,0,244437202966
40.7358,24.5484,4.66258,70,65,67,1411,2800,0.484417,29,8.4482,0,0,244461750922
38.8009,25.7726,4.66258,70,65,67,1411,2800,0.484417,29,8.4482,0,0,244487523726
38.6008,25.9062,4.66258,70,65,67,1411,2800,0.484417,29,8.4482,0,0,244513430040
37.4297,26.7168,4.66258,70,65,67,1411,2800,0.484417,29,8.4482,0,0,244540147245
39.1832,25.5211,4.66258,70,65,67,1411,2800,0.484417,29,8.4482,0,0,244565669018
38.6857,25.8493,4.66258,70,65,67,1411,2800,0.484417,29,8.4482,0,0,244591518836
39.5444,25.288,4.66258,70,65,67,1411,2800,0.484417,29,8.4482,0,0,244616807000
38.5431,25.945,4.66258,70,65,67,1411,2800,0.484417,29,8.4482,0,0,244642751737
36.7855,27.1846,4.66258,70,65,67,1411,2800,0.484417,29,8.4482,0,0,244669936859
41.1347,24.3104,4.66258,70,65,67,1411,2800,0.484417,29,8.4482,0,0,244694246839
39.3456,25.4158,4.66258,70,65,67,1411,2800,0.484417,29,8.4482,0,0,244719662914
38.1034,26.2443,4.66258,70,65,67,1411,2800,0.484417,29,8.4482,0,0,244745907663
38.3734,26.0597,4.66258,70,65,67,1411,2800,0.484417,29,8.4482,0,0,244771967455
41.1321,24.3119,4.66258,70,65,67,1411,2800,0.484417,29,8.4482,0,0,244796279498
38.2955,26.1127,4.66258,70,65,67,1411,2800,0.484417,29,8.4482,0,0,244822397509
38.6987,25.8407,4.55665,70,70,67,1424,2800,0.484417,13,8.45082,0,0,244848233511
37.1789,26.897,4.55665,70,70,67,1424,2800,0.484417,13,8.45082,0,0,244875131666
39.5343,25.2945,4.55665,70,70,67,1424,2800,0.484417,13,8.45082,0,0,244900425411
40.102,24.9364,4.55665,70,70,67,1424,2800,0.484417,13,8.45082,0,0,244925363820
39.1062,25.5714,4.55665,70,70,67,1424,2800,0.484417,13,8.45082,0,0,244950933953
38.0599,26.2743,4.55665,70,70,67,1424,2800,0.484417,13,8.45082,0,0,244977210011
37.2316,26.8589,4.55665,70,70,67,1424,2800,0.484417,13,8.45082,0,0,245004068040
40.8876,24.4573,4.55665,70,70,67,1424,2800,0.484417,13,8.45082,0,0,245028527260
38.5598,25.9338,4.55665,70,70,67,1424,2800,0.484417,13,8.45082,0,0,245054460464
37.1867,26.8913,4.55665,70,70,67,1424,2800,0.484417,13,8.45082,0,0,245081353429
39.6855,25.1981,4.55665,70,70,67,1424,2800,0.484417,13,8.45082,0,0,245106550442
40.4603,24.7156,4.55665,70,70,67,1424,2800,0.484417,13,8.45082,0,0,245131265262
38.5978,25.9082,4.55665,70,70,67,1424,2800,0.484417,13,8.45082,0,0,245157173830
39.6987,25.1897,4.55665,70,70,67,1424,2800,0.484417,13,8.45082,0,0,245182363600
36.8611,27.1288,4.55665,70,70,67,1424,2800,0.484417,13,8.45082,0,0,245209492607
41.5055,24.0932,4.55665,70,70,67,1424,2800,0.484417,13,8.45082,0,0,245233585981
36.5814,27.3363,4.55665,70,70,67,1424,2800,0.484417,13,8.45082,0,0,245260922307
40.0613,24.9618,4.55665,70,70,67,1424,2800,0.484417,13,8.45082,0,0,245285884400
38.2191,26.1649,4.55665,70,70,67,1424,2800,0.484417,13,8.45082,0,0,245312049720
37.6242,26.5787,4.55665,70,70,67,1424,2800,0.484417,13,8.45082,0,0,245338631491
41.1172,24.3207,4.52876,69,66,67,1325,2800,0.484417,27,8.44909,0,0,245362949566
36.9988,27.0279,4.52876,69,66,67,1325,2800,0.484417,27,8.44909,0,0,245389978175
41.4557,24.1221,4.52876,69,66,67,1325,2800,0.484417,27,8.44909,0,0,245414100253
35.6275,28.0682,4.52876,69,66,67,1325,2800,0.484417,27,8.44909,0,0,245442168853
43.4598,23.0098,4.52876,69,66,67,1325,2800,0.484417,27,8.44909,0,0,245465178874
37.2856,26.82,4.52876,69,66,67,1325,2800,0.484417,27,8.44909,0,0,245491998802
39.8142,25.1167,4.52876,69,66,67,1325,2800,0.484417,27,8.44909,0,0,245517116066
37.1408,26.9245,4.52876,69,66,67,1325,2800,0.484417,27,8.44909,0,0,245544040229
40.364,24.7746,4.52876,69,66,67,1325,2800,0.484417,27,8.44909,0,0,245568815842
38.8308,25.7528,4.52876,69,66,67,1325,2800,0.484417,27,8.44909,0,0,245594568388
38.9109,25.6998,4.52876,69,66,67,1325,2800,0.484417,27,8.44909,0,0,245620268505
38.5813,25.9193,4.52876,69,66,67,1325,2800,0.484417,27,8.44909,0,0,245646189136
37.0245,27.0092,4.52876,69,66,67,1325,2800,0.484417,27,8.44909,0,0,245673197267
40.2987,24.8147,4.52876,69,66,67,1325,2800,0.484417,27,8.44909,0,0,245698014057
38.77,25.7932,4.52876,69,66,67,1325,2800,0.484417,27,8.44909,0,0,245723805786
39.3812,25.3929,4.52876,69,66,67,1325,2800,0.484417,27,8.44909,0,0,245749198988
38.0095,26.3092,4.52876,69,66,67,1325,2800,0.484417,27,8.44909,0,0,245775508118
35.7996,27.9333,4.52876,69,66,67,1325,2800,0.484417,27,8.44909,0,0,245803441985
40.917,24.4397,4.52876,69,66,67,1325,2800,0.484417,27,8.44909,0,0,245827881417
41.0698,24.3488,4.52876,69,66,67,1325,2800,0.484417,27,8.44909,0,0,245852233075
39.0449,25.6115,4.42804,69,68,67,1290,2800,0.484417,16,8.44814,0,0,245877843274
37.9683,26.3377,4.42804,69,68,67,1290,2800,0.484417,16,8.44814,0,0,245904179955
39.2442,25.4815,4.42804,69,68,67,1290,2800,0.484417,16,8.44814,0,0,245929662024
39.8485,25.095,4.42804,69,68,67,1290,2800,0.484417,16,8.44814,0,0,245954757036
36.9864,27.037,4.42804,69,68,67,1290,2800,0.484417,16,8.44814,0,0,245981794923
38.6939,25.8438,4.42804,69,68,67,1290,2800,0.484417,16,8.44814,0,0,246007637747
40.4632,24.7138,4.42804,69,68,67,1290,2800,0.484417,16,8.44814,0,0,246032352637
39.0483,25.6093,4.42804,69,68,67,1290,2800,0.484417,16,8.44814,0,0,246057961743
38.7106,25.8327,4.42804,69,68,67,1290,2800,0.484417,16,8.44814,0,0,246083794660
38.2772,26.1252,4.42804,69,68,67,1290,2800,0.484417,16,8.44814,0,0,246109920045
37.0034,27.0245,4.42804,69,68,67,1290,2800,0.484417,16,8.44814,0,0,246136945408
40.8512,24.4791,4.42804,69,68,67,1290,2800,0.484417,16,8.44814,0,0,246161424054
39.9271,25.0456,4.42804,69,68,67,1290,2800,0.484417,16,8.44814,0,0,246186469994
37.6394,26.5679,4.42804,69,68,67,1290,2800,0.484417,16,8.44814,0,0,246213038470
38.5365,25.9495,4.42804,69,68,67,1290,2800,0.484417,16,8.44814,0,0,246238988216
39.5334,25.2951,4.42804,69,68,67,1290,2800,0.484417,16,8.44814,0,0,246264283293
38.6993,25.8403,4.42804,69,68,67,1290,2800,0.484417,16,8.44814,0,0,246290123544
38.7122,25.8317,4.42804,69,68,67,1290,2800,0.484417,16,8.44814,0,0,246315955308
36.4652,27.4234,4.42804,69,68,67,1290,2800,0.484417,16,8.44814,0,0,246343378888
43.4804,22.9989,4.42804,69,68,67,1290,2800,0.484417,16,8.44814,0,0,246366382056
36.8747,27.1189,4.65686,69,68,66,1325,2800,0.484417,16,8.44913,0,0,246393497348
38.8933,25.7114,4.65686,69,68,66,1325,2800,0.484417,16,8.44913,0,0,246419209017
38.7471,25.8084,4.65686,69,68,66,1325,2800,0.484417,16,8.44913,0,0,246445016957
38.1138,26.2372,4.65686,69,68,66,1325,2800,0.484417,16,8.44913,0,0,246471255263
41.5261,24.0812,4.65686,69,68,66,1325,2800,0.484417,16,8.44913,0,0,246495335993
37.9477,26.3521,4.65686,69,68,66,1325,2800,0.484417,16,8.44913,0,0,246521688544
38.9717,25.6596,4.65686,69,68,66,1325,2800,0.484417,16,8.44913,0,0,246547348857
38.0671,26.2694,4.65686,69,68,66,1325,2800,0.484417,16,8.44913,0,0,246573617420
39.8018,25.1245,4.65686,69,68,66,1325,2800,0.484417,16,8.44913,0,0,246598742659
37.1385,26.9263,4.65686,69,68,66,1325,2800,0.484417,16,8.44913,0,0,246625669117
40.4804,24.7033,4.65686,69,68,66,1325,2800,0.484417,16,8.44913,0,0,246650372395
37.9391,26.3581,4.65686,69,68,66,1325,2800,0.484417,16,8.44913,0,0,246676731207
36.6845,27.2594,4.65686,69,68,66,1325,2800,0.484417,16,8.44913,0,0,246703991972
41.1837,24.2815,4.65686,69,68,66,1325,2800,0.484417,16,8.44913,0,0,246728271735
39.0746,25.5921,4.65686,69,68,66,1325,2800,0.484417,16,8.44913,0,0,246753864391
37.887,26.3943,4.65686,69,68,66,1325,2800,0.484417,16,8.44913,0,0,246780258450
39.9562,25.0274,4.65686,69,68,66,1325,2800,0.484417,16,8.44913,0,0,246805286557
38.0498,26.2814,4.65686,69,68,66,1325,2800,0.484417,16,8.44913,0,0,246831568034
40.2262,24.8594,4.65686,69,68,66,1325,2800,0.484417,16,8.44913,0,0,246856427605
38.2289,26.1582,4.65686,69,68,66,1325,2800,0.484417,16,8.44913,0,0,246882589078
36.855,27.1334,4.18204,69,66,67,1365,2800,0.484417,24,8.44783,0,0,246909719398
36.9407,27.0704,4.18204,69,66,67,1365,2800,0.484417,24,8.44783,0,0,246936790116
43.4158,23.0331,4.18204,69,66,67,1365,2800,0.484417,24,8.44783,0,0,246959823180
34.6908,28.8261,4.18204,69,66,67,1365,2800,0.484417,24,8.44783,0,0,246988649291
42.3016,23.6397,4.18204,69,66,67,1365,2800,0.484417,24,8.44783,0,0,247012289344
37.9711,26.3358,4.18204,69,66,67,1365,2800,0.484417,24,8.44783,0,0,247038625855
42.6692,23.4361,4.18204,69,66,67,1365,2800,0.484417,24,8.44783,0,0,247062061906
37.3148,26.799,4.18204,69,66,67,1365,2800,0.484417,24,8.44783,0,0,247088861135
39.3288,25.4267,4.18204,69,66,67,1365,2800,0.484417,24,8.44783,0,0,247114287589
37.4251,26.7201,4.18204,69,66,67,1365,2800,0.484417,24,8.44783,0,0,247141007920
41.0813,24.342,4.18204,69,66,67,1365,2800,0.484417,24,8.44783,0,0,247165349709
38.6476,25.8748,4.18204,69,66,67,1365,2800,0.484417,24,8.44783,0,0,247191225807
39.5872,25.2607,4.18204,69,66,67,1365,2800,0.484417,24,8.44783,0,0,247216486139
36.2202,27.6089,4.18204,69,66,67,1365,2800,0.484417,24,8.44783,0,0,247244095327
37.5449,26.6348,4.18204,69,66,67,1365,2800,0.484417,24,8.44783,0,0,247270730639
41.748,23.9533,4.18204,69,66,67,1365,2800,0.484417,24,8.44783,0,0,247294683499
38.658,25.8678,4.18204,69,66,67,1365,2800,0.484417,24,8.44783,0,0,247320552072
37.3375,26.7827,4.18204,69,66,67,1365,2800,0.484417,24,8.44783,0,0,247347334850
39.8411,25.0997,4.18204,69,66,67,1365,2800,0.484417,24,8.44783,0,0,247372434571
40.4191,24.7408,4.18204,69,66,67,1365,2800,0.484417,24,8.44783,0,0,247397178825
37.3827,26.7503,4.79115,69,70,67,1349,2800,0.484417,14,8.44927,0,0,247423925947
39.6987,25.1897,4.79115,69,70,67,1349,2800,0.484417,14,8.44927,0,0,247449115927
38.2503,26.1436,4.79115,69,70,67,1349,2800,0.484417,14,8.44927,0,0,247475260488
39.8131,25.1174,4.79115,69,70,67,1349,2800,0.484417,14,8.44927,0,0,247500377942
38.6424,25.8783,4.79115,69,70,67,1349,2800,0.484417,14,8.44927,0,0,247526256074
38.0608,26.2738,4.79115,69,70,67,1349,2800,0.484417,14,8.44927,0,0,247552530869
38.6357,25.8828,4.79115,69,70,67,1349,2800,0.484417,14,8.44927,0,0,247578413268
38.1776,26.1934,4.79115,69,70,67,1349,2800,0.484417,14,8.44927,0,0,247604606981
39.886,25.0714,4.79115,69,70,67,1349,2800,0.484417,14,8.44927,0,0,247629678720
39.1495,25.5431,4.79115,69,70,67,1349,2800,0.484417,14,8.44927,0,0,247655221782
37.9252,26.3677,4.79115,69,70,67,1349,2800,0.484417,14,8.44927,0,0,247681589672
37.531,26.6447,4.79115,69,70,67,1349,2800,0.484417,14,8.44927,0,0,247708235023
42.0663,23.772,4.79115,69,70,67,1349,2800,0.484417,14,8.44927,0,0,247732008195
38.2179,26.1657,4.79115,69,70,67,1349,2800,0.484417,14,8.44927,0,0,247758172453
38.9333,25.685,4.79115,69,70,67,1349,2800,0.484417,14,8.44927,0,0,247783858354
36.4929,27.4026,4.79115,69,70,67,1349,2800,0.484417,14,8.44927,0,0,247811261486
39.6624,25.2128,4.79115,69,70,67,1349,2800,0.484417,14,8.44927,0,0,247836474179
40.4041,24.75,4.79115,69,70,67,1349,2800,0.484417,14,8.44927,0,0,247861224014
39.0669,25.5971,4.79115,69,70,67,1349,2800,0.484417,14,8.44927,0,0,247886821639
38.7709,25.7925,4.79115,69,70,67,1349,2800,0.484417,14,8.44927,0,0,247912617305
36.0052,27.7737,4.4226,69,65,66,1383,2800,0.484417,30,8.44757,0,0,247940388177
33.7616,29.6194,4.4226,69,65,66,1383,2800,0.484417,30,8.44757,0,0,247970008417
42.429,23.5688,4.4226,69,65,66,1383,2800,0.484417,30,8.44757,0,0,247993577106
41.2425,24.2469,4.4226,69,65,66,1383,2800,0.484417,30,8.44757,0,0,248017825380
40.1326,24.9174,4.4226,69,65,66,1383,2800,0.484417,30,8.44757,0,0,248042743200
40.7122,24.5626,4.4226,69,65,66,1383,2800,0.484417,30,8.44757,0,0,248067305283
37.9466,26.3528,4.4226,69,65,66,1383,2800,0.484417,30,8.44757,0,0,248093658385
39.6529,25.2189,4.4226,69,65,66,1383,2800,0.484417,30,8.44757,0,0,248118876739
37.9459,26.3533,4.4226,69,65,66,1383,2800,0.484417,30,8.44757,0,0,248145231664
36.3365,27.5206,4.4226,69,65,66,1383,2800,0.484417,30,8.44757,0,0,248172751154
41.9936,23.8131,4.4226,69,65,66,1383,2800,0.484417,30,8.44757,0,0,248196565564
37.1811,26.8954,4.4226,69,65,66,1383,2800,0.484417,30,8.44757,0,0,248223460022
39.8632,25.0858,4.4226,69,65,66,1383,2800,0.484417,30,8.44757,0,0,248248546789
38.4155,26.0311,4.4226,69,65,66,1383,2800,0.484417,30,8.44757,0,0,248274577747
39.689,25.1959,4.4226,69,65,66,1383,2800,0.484417,30,8.44757,0,0,248299774129
37.3122,26.8009,4.4226,69,65,66,1383,2800,0.484417,30,8.44757,0,0,248326575883
37.1918,26.8877,4.4226,69,65,66,1383,2800,0.484417,30,8.44757,0,0,248353463998
39.7427,25.1618,4.4226,69,65,66,1383,2800,0.484417,30,8.44757,0,0,248378625425
37.0586,26.9843,4.4226,69,65,66,1383,2800,0.484417,30,8.44757,0,0,248405610323
40.1908,24.8813,4.4226,69,65,66,1383,2800,0.484417,30,8.44757,0,0,248430498487
36.4817,27.411,5.34629,69,69,67,1499,2800,0.484417,13,8.44703,0,0,248457903342
31.5939,31.6517,5.34629,69,69,67,1499,2800,0.484417,13,8.44703,0,0,248489556125
33.4112,29.9301,5.34629,69,69,67,1499,2800,0.484417,13,8.44703,0,0,248519484984
34.7838,28.749,5.34629,69,69,67,1499,2800,0.484417,13,8.44703,0,0,248548235714
39.9438,25.0352,5.34629,69,69,67,1499,2800,0.484417,13,8.44703,0,0,248573269692
36.9495,27.064,5.34629,69,69,67,1499,2800,0.484417,13,8.44703,0,0,248600334889
35.3947,28.2528,5.34629,69,69,67,1499,2800,0.484417,13,8.44703,0,0,248628587535
35.4256,28.2282,5.34629,69,69,67,1499,2800,0.484417,13,8.44703,0,0,248656817798
39.1993,25.5107,5.34629,69,69,67,1499,2800,0.484417,13,8.44703,0,0,248682327829
37.9012,26.3844,5.34629,69,69,67,1499,2800,0.484417,13,8.44703,0,0,248708712430
40.7694,24.5282,5.34629,69,69,67,1499,2800,0.484417,13,8.44703,0,0,248733241991
37.9048,26.3819,5.34629,69,69,67,1499,2800,0.484417,13,8.44703,0,0,248759623727
39.1289,25.5565,5.34629,69,69,67,1499,2800,0.484417,13,8.44703,0,0,248785181367
38.6259,25.8894,5.34629,69,69,67,1499,2800,0.484417,13,8.44703,0,0,248811071591
41.6693,23.9985,5.34629,69,69,67,1499,2800,0.484417,13,8.44703,0,0,248835069636
38.2948,26.1132,5.34629,69,69,67,1499,2800,0.484417,13,8.44703,0,0,248861182117
39.0193,25.6283,5.34629,69,69,67,1499,2800,0.484417,13,8.44703,0,0,248886812042
36.8536,27.1344,5.34629,69,69,67,1499,2800,0.484417,13,8.44703,0,0,248913947111
37.1607,26.9102,5.34629,69,69,67,1499,2800,0.484417,13,8.44703,0,0,248940859943
40.3097,24.8079,6.66667,70,66,78,2340,2800,0.484417,26,8.5406,0,0,248965664240
39.2234,25.495,6.66667,70,66,78,2340,2800,0.484417,26,8.5406,0,0,248991160455
39.2875,25.4534,6.66667,70,66,78,2340,2800,0.484417,26,8.5406,0,0,249016613970
38.3157,26.099,6.66667,70,66,78,2340,2800,0.484417,26,8.5406,0,0,249042712925
39.3516,25.4119,6.66667,70,66,78,2340,2800,0.484417,26,8.5406,0,0,249068126275
36.686,27.2583,6.66667,70,66,78,2340,2800,0.484417,26,8.5406,0,0,249095384304
39.5027,25.3147,6.66667,70,66,78,2340,2800,0.484417,26,8.5406,0,0,249120698167
37.799,26.4557,6.66667,70,66,78,2340,2800,0.484417,26,8.5406,0,0,249147156617
34.7474,28.7791,6.66667,70,66,78,2340,2800,0.484417,26,8.5406,0,0,249175933786
39.4103,25.3741,6.66667,70,66,78,2340,2800,0.484417,26,8.5406,0,0,249201308252
37.0909,26.9608,6.66667,70,66,78,2340,2800,0.484417,26,8.5406,0,0,249228270497
39.3196,25.4326,6.66667,70,66,78,2340,2800,0.484417,26,8.5406,0,0,249253702592
36.95,27.0636,6.66667,70,66,78,2340,2800,0.484417,26,8.5406,0,0,249280768972
40.4407,24.7276,6.66667,70,66,78,2340,2800,0.484417,26,8.5406,0,0,249305496565
37.4656,26.6911,6.66667,70,66,78,2340,2800,0.484417,26,8.5406,0,0,249332187460
38.6973,25.8416,6.66667,70,66,78,2340,2800,0.484417,26,8.5406,0,0,249358027751
37.8589,26.4139,6.66667,70,66,78,2340,2800,0.484417,26,8.5406,0,0,249384442709
37.6535,26.558,6.66667,70,66,78,2340,2800,0.484417,26,8.5406,0,0,249411001877
39.8862,25.0713,6.66667,70,66,78,2340,2800,0.484417,26,8.5406,0,0,249436071692
38.2538,26.1412,6.66667,70,66,78,2340,2800,0.484417,26,8.5406,0,0,249462221533
36.8933,27.1052,7.09988,72,68,77,2309,2800,0.484417,32,8.53991,0,0,249489320545
37.6726,26.5445,7.09988,72,68,77,2309,2800,0.484417,32,8.53991,0,0,249515864224
37.114,26.944,7.09988,72,68,77,2309,2800,0.484417,32,8.53991,0,0,249542807554
40.3495,24.7835,7.09988,72,68,77,2309,2800,0.484417,32,8.53991,0,0,249567591492
35.6474,28.0525,7.09988,72,68,77,2309,2800,0.484417,32,8.53991,0,0,249595644002
35.8187,27.9184,7.09988,72,68,77,2309,2800,0.484417,32,8.53991,0,0,249623562551
36.8253,27.1553,7.09988,72,68,77,2309,2800,0.484417,32,8.53991,0,0,249650720192
36.3428,27.5157,7.09988,72,68,77,2309,2800,0.484417,32,8.53991,0,0,249678233801
39.179,25.5239,7.09988,72,68,77,2309,2800,0.484417,32,8.53991,0,0,249703758860
37.2011,26.8809,7.09988,72,68,77,2309,2800,0.484417,32,8.53991,0,0,249730640183
39.9669,25.0207,7.09988,72,68,77,2309,2800,0.484417,32,8.53991,0,0,249755661447
38.1884,26.186,7.09988,72,68,77,2309,2800,0.484417,32,8.53991,0,0,249781847516
38.3595,26.0692,7.09988,72,68,77,2309,2800,0.484417,32,8.53991,0,0,249807917016
40.4478,24.7232,7.09988,72,68,77,2309,2800,0.484417,32,8.53991,0,0,249832640431
37.9899,26.3228,7.09988,72,68,77,2309,2800,0.484417,32,8.53991,0,0,249858963306
37.7669,26.4782,7.09988,72,68,77,2309,2800,0.484417,32,8.53991,0,0,249885443587
38.282,26.1219,7.09988,72,68,77,2309,2800,0.484417,32,8.53991,0,0,249911566117
37.533,26.6432,7.09988,72,68,77,2309,2800,0.484417,32,8.53991,0,0,249938211427
38.2652,26.1334,7.09988,72,68,77,2309,2800,0.484417,32,8.53991,0,0,249964348193
33.2408,30.0835,7.80856,73,72,79,2361,2800,0.484417,30,8.54082,0,0,249994428457
37.9769,26.3318,7.80856,73,72,79,2361,2800,0.484417,30,8.54082,0,0,250020759598
36.3202,27.5329,7.80856,73,72,79,2361,2800,0.484417,30,8.54082,0,0,250048291771
37.43,26.7165,7.80856,73,72,79,2361,2800,0.484417,30,8.54082,0,0,250075008646
39.9817,25.0115,7.80856,73,72,79,2361,2800,0.484417,30,8.54082,0,0,250100020552
37.8341,26.4312,7.80856,73,72,79,2361,2800,0.484417,30,8.54082,0,0,250126453634
38.8264,25.7557,7.80856,73,72,79,2361,2800,0.484417,30,8.54082,0,0,250152208935
36.9888,27.0352,7.80856,73,72,79,2361,2800,0.484417,30,8.54082,0,0,250179244568
39.3158,25.4351,7.80856,73,72,79,2361,2800,0.484417,30,8.54082,0,0,250204680229
38.4494,26.0082,7.80856,73,72,79,2361,2800,0.484417,30,8.54082,0,0,250230690909
40.3818,24.7636,7.80856,73,72,79,2361,2800,0.484417,30,8.54082,0,0,250255452486
37.0296,27.0054,7.80856,73,72,79,2361,2800,0.484417,30,8.54082,0,0,250282457491
38.6106,25.8996,7.80856,73,72,79,2361,2800,0.484417,30,8.54082,0,0,250308358505
39.9269,25.0458,7.80856,73,72,79,2361,2800,0.484417,30,8.54082,0,0,250333404044
36.9767,27.044,7.80856,73,72,79,2361,2800,0.484417,30,8.54082,0,0,250360447822
38.5375,25.9488,7.80856,73,72,79,2361,2800,0.484417,30,8.54082,0,0,250386397678
36.4674,27.4217,7.80856,73,72,79,2361,2800,0.484417,30,8.54082,0,0,250413820807
37.3956,26.7411,7.80856,73,72,79,2361,2800,0.484417,30,8.54082,0,0,250440560384
39.3504,25.4127,7.80856,73,72,79,2361,2800,0.484417,30,8.54082,0,0,250465980987
36.8795,27.1153,6.54912,74,70,78,2342,2800,0.484417,30,8.54085,0,0,250493088514
38.893,25.7116,6.54912,74,70,78,2342,2800,0.484417,30,8.54085,0,0,250518803189
36.8665,27.1249,6.54912,74,70,78,2342,2800,0.484417,30,8.54085,0,0,250545928189
39.9812,25.0118,6.54912,74,70,78,2342,2800,0.484417,30,8.54085,0,0,250570941317
37.9295,26.3647,6.54912,74,70,78,2342,2800,0.484417,30,8.54085,0,0,250597305100
38.0392,26.2886,6.54912,74,70,78,2342,2800,0.484417,30,8.54085,0,0,250623595564
37.8973,26.3871,6.54912,74,70,78,2342,2800,0.484417,30,8.54085,0,0,250649981378
37.1365,26.9277,6.54912,74,70,78,2342,2800,0.484417,30,8.54085,0,0,250676911302
38.6345,25.8836,6.54912,74,70,78,2342,2800,0.484417,30,8.54085,0,0,250702795595
35.8146,27.9216,6.54912,74,70,78,2342,2800,0.484417,30,8.54085,0,0,250730717049
39.5357,25.2936,6.54912,74,70,78,2342,2800,0.484417,30,8.54085,0,0,250756009541
36.9422,27.0693,6.54912,74,70,78,2342,2800,0.484417,30,8.54085,0,0,250783085640
36.8387,27.1454,6.54912,74,70,78,2342,2800,0.484417,30,8.54085,0,0,250810224866
38.8848,25.717,6.54912,74,70,78,2342,2800,0.484417,30,8.54085,0,0,250835942677
36.3316,27.5243,6.54912,74,70,78,2342,2800,0.484417,30,8.54085,0,0,250863466966
38.8955,25.7099,6.54912,74,70,78,2342,2800,0.484417,30,8.54085,0,0,250889177072
36.356,27.5058,6.54912,74,70,78,2342,2800,0.484417,30,8.54085,0,0,250916684459
36.5325,27.3729,6.54912,74,70,78,2342,2800,0.484417,30,8.54085,0,0,250944055511
39.7881,25.1331,6.54912,74,70,78,2342,2800,0.484417,30,8.54085,0,0,250969193093
37.1918,26.8876,6.64994,73,71,77,2326,2800,0.484417,30,8.54841,0,0,250996078163
38.6856,25.8494,6.64994,73,71,77,2326,2800,0.484417,30,8.54841,0,0,251021927079
36.0043,27.7745,6.64994,73,71,77,2326,2800,0.484417,30,8.54841,0,0,251049703080
36.3355,27.5213,6.64994,73,71,77,2326,2800,0.484417,30,8.54841,0,0,251077224514
39.7445,25.1607,6.64994,73,71,77,2326,2800,0.484417,30,8.54841,0,0,251102385921
36.6018,27.3211,6.64994,73,71,77,2326,2800,0.484417,30,8.54841,0,0,251129707700
37.8647,26.4098,6.64994,73,71,77,2326,2800,0.484417,30,8.54841,0,0,251156119993
37.3548,26.7703,6.64994,73,71,77,2326,2800,0.484417,30,8.54841,0,0,251182888464
36.6068,27.3173,6.64994,73,71,77,2326,2800,0.484417,30,8.54841,0,0,251210205895
38.6333,25.8844,6.64994,73,71,77,2326,2800,0.484417,30,8.54841,0,0,251236090869
36.688,27.2569,6.64994,73,71,77,2326,2800,0.484417,30,8.54841,0,0,251263347967
38.8654,25.7299,6.64994,73,71,77,2326,2800,0.484417,30,8.54841,0,0,251289077951
37.4664,26.6906,6.64994,73,71,77,2326,2800,0.484417,30,8.54841,0,0,251315769989
37.034,27.0022,6.64994,73,71,77,2326,2800,0.484417,30,8.54841,0,0,251342771537
39.6878,25.1967,6.64994,73,71,77,2326,2800,0.484417,30,8.54841,0,0,251367967829
38.2377,26.1522,6.64994,73,71,77,2326,2800,0.484417,30,8.54841,0,0,251394121688
36.9412,27.0701,6.64994,73,71,77,2326,2800,0.484417,30,8.54841,0,0,251421191955
35.4818,28.1835,6.64994,73,71,77,2326,2800,0.484417,30,8.54841,0,0,251449376122
37.6769,26.5414,6.64994,73,71,77,2326,2800,0.484417,30,8.54841,0,0,251475919150
38.5452,25.9435,6.72478,74,71,78,2288,2800,0.484417,27,8.54766,0,0,251501860750
38.2889,26.1173,6.72478,74,71,78,2288,2800,0.484417,27,8.54766,0,0,251527979473
38.4871,25.9827,6.72478,74,71,78,2288,2800,0.484417,27,8.54766,0,0,251553961349
37.2909,26.8162,6.72478,74,71,78,2288,2800,0.484417,27,8.54766,0,0,251580778581
37.7421,26.4956,6.72478,74,71,78,2288,2800,0.484417,27,8.54766,0,0,251607273490
31.7256,31.5203,6.72478,74,71,78,2288,2800,0.484417,27,8.54766,0,0,251638794576
36.5262,27.3776,6.72478,74,71,78,2288,2800,0.484417,27,8.54766,0,0,251666172530
38.0029,26.3138,6.72478,74,71,78,2288,2800,0.484417,27,8.54766,0,0,251692487170
36.3935,27.4774,6.72478,74,71,78,2288,2800,0.484417,27,8.54766,0,0,251719965222
36.6511,27.2843,6.72478,74,71,78,2288,2800,0.484417,27,8.54766,0,0,251747248780
36.8372,27.1465,6.72478,74,71,78,2288,2800,0.484417,27,8.54766,0,0,251774395230
38.4602,26.0009,6.72478,74,71,78,2288,2800,0.484417,27,8.54766,0,0,251800398236
37.6813,26.5383,6.72478,74,71,78,2288,2800,0.484417,27,8.54766,0,0,251826934531
38.447,26.0098,6.72478,74,71,78,2288,2800,0.484417,27,8.54766,0,0,251852946273
36.7277,27.2274,6.72478,74,71,78,2288,2800,0.484417,27,8.54766,0,0,251880173114
37.7466,26.4924,6.72478,74,71,78,2288,2800,0.484417,27,8.54766,0,0,251906667271
36.6974,27.2499,6.72478,74,71,78,2288,2800,0.484417,27,8.54766,0,0,251933918388
35.6915,28.0179,6.72478,74,71,78,2288,2800,0.484417,27,8.54766,0,0,251961934750
37.745,26.4936,6.72478,74,71,78,2288,2800,0.484417,27,8.54766,0,0,251988432804
37.6959,26.5281,6.78175,74,71,76,2421,2800,0.484417,28,8.54302,0,0,252014956897
37.9946,26.3195,6.78175,74,71,76,2421,2800,0.484417,28,8.54302,0,0,252041275945
39.188,25.518,6.78175,74,71,76,2421,2800,0.484417,28,8.54302,0,0,252066795032
38.6383,25.8811,6.78175,74,71,76,2421,2800,0.484417,28,8.54302,0,0,252092676480
38.3558,26.0717,6.78175,74,71,76,2421,2800,0.484417,28,8.54302,0,0,252118749236
38.3025,26.1079,6.78175,74,71,76,2421,2800,0.484417,28,8.54302,0,0,252144857659
38.1983,26.1792,6.78175,74,71,76,2421,2800,0.484417,28,8.54302,0,0,252171037256
38.4126,26.0332,6.78175,74,71,76,2421,2800,0.484417,28,8.54302,0,0,252197070809
39.8003,25.1255,6.78175,74,71,76,2421,2800,0.484417,28,8.54302,0,0,252222196098
37.2545,26.8424,6.78175,74,71,76,2421,2800,0.484417,28,8.54302,0,0,252249038398
38.2233,26.1621,6.78175,74,71,76,2421,2800,0.484417,28,8.54302,0,0,252275200612
39.1688,25.5305,6.78175,74,71,76,2421,2800,0.484417,28,8.54302,0,0,252300733075
38.0183,26.3031,6.78175,74,71,76,2421,2800,0.484417,28,8.54302,0,0,252327035742
38.4548,26.0046,6.78175,74,71,76,2421,2800,0.484417,28,8.54302,0,0,252353040541
37.0168,27.0148,6.78175,74,71,76,2421,2800,0.484417,28,8.54302,0,0,252380057007
37.1151,26.9432,6.78175,74,71,76,2421,2800,0.484417,28,8.54302,0,0,252407000888
38.8307,25.7528,6.78175,74,71,76,2421,2800,0.484417,28,8.54302,0,0,252432752171
39.2126,25.502,6.78175,74,71,76,2421,2800,0.484417,28,8.54302,0,0,252458255659
37.3712,26.7585,6.78175,74,71,76,2421,2800,0.484417,28,8.54302,0,0,252485013891
38.0326,26.2932,6.78175,74,71,76,2421,2800,0.484417,28,8.54302,0,0,252511311199
39.0816,25.5875,6.18182,74,72,79,2255,2800,0.484417,25,8.54584,0,0,252536894357
39.124,25.5598,6.18182,74,72,79,2255,2800,0.484417,25,8.54584,0,0,252562454632
41.2903,24.2188,6.18182,74,72,79,2255,2800,0.484417,25,8.54584,0,0,252586675374
36.515,27.386,6.18182,74,72,79,2255,2800,0.484417,25,8.54584,0,0,252614061334
38.0979,26.2481,6.18182,74,72,79,2255,2800,0.484417,25,8.54584,0,0,252640308086
38.231,26.1568,6.18182,74,72,79,2255,2800,0.484417,25,8.54584,0,0,252666466664
39.293,25.4498,6.18182,74,72,79,2255,2800,0.484417,25,8.54584,0,0,252691916071
32.3502,30.9117,6.18182,74,72,79,2255,2800,0.484417,25,8.54584,0,0,252722829166
38.055,26.2777,6.18182,74,72,79,2255,2800,0.484417,25,8.54584,0,0,252749107037
38.029,26.2957,6.18182,74,72,79,2255,2800,0.484417,25,8.54584,0,0,252775402201
39.6407,25.2266,6.18182,74,72,79,2255,2800,0.484417,25,8.54584,0,0,252800629241
39.5983,25.2536,6.18182,74,72,79,2255,2800,0.484417,25,8.54584,0,0,252825881939
38.2324,26.1558,6.18182,74,72,79,2255,2800,0.484417,25,8.54584,0,0,252852038382
38.5054,25.9704,6.18182,74,72,79,2255,2800,0.484417,25,8.54584,0,0,252878008295
40.0577,24.964,6.18182,74,72,79,2255,2800,0.484417,25,8.54584,0,0,252902973775
37.686,26.5351,6.18182,74,72,79,2255,2800,0.484417,25,8.54584,0,0,252929509189
35.4863,28.1799,6.18182,74,72,79,2255,2800,0.484417,25,8.54584,0,0,252957691402
36.8318,27.1504,6.18182,74,72,79,2255,2800,0.484417,25,8.54584,0,0,252984839084
39.2293,25.4912,6.18182,74,72,79,2255,2800,0.484417,25,8.54584,0,0,253010331682
40.3198,24.8017,6.18182,74,72,79,2255,2800,0.484417,25,8.54584,0,0,253035139225
37.2583,26.8396,6.50602,74,72,78,2357,2800,0.484417,28,8.53824,0,0,253061974292
39.7586,25.1518,6.50602,74,72,78,2357,2800,0.484417,28,8.53824,0,0,253087126311
39.0101,25.6344,6.50602,74,72,78,2357,2800,0.484417,28,8.53824,0,0,253112760655
37.3195,26.7956,6.50602,74,72,78,2357,2800,0.484417,28,8.53824,0,0,253139555175
39.2513,25.4769,6.50602,74,72,78,2357,2800,0.484417,28,8.53824,0,0,253165032394
41.1794,24.284,6.50602,74,72,78,2357,2800,0.484417,28,8.53824,0,0,253189316826
38.8938,25.711,6.50602,74,72,78,2357,2800,0.484417,28,8.53824,0,0,253215029747
36.32,27.533,6.50602,74,72,78,2357,2800,0.484417,28,8.53824,0,0,253242562943
41.7833,23.933,6.50602,74,72,78,2357,2800,0.484417,28,8.53824,0,0,253266496507
41.9948,23.8125,6.50602,74,72,78,2357,2800,0.484417,28,8.53824,0,0,253290308482
38.5337,25.9513,6.50602,74,72,78,2357,2800,0.484417,28,8.53824,0,0,253316260632
37.4733,26.6857,6.50602,74,72,78,2357,2800,0.484417,28,8.53824,0,0,253342945957
41.1527,24.2997,6.50602,74,72,78,2357,2800,0.484417,28,8.53824,0,0,253367247501
35.7734,27.9537,6.50602,74,72,78,2357,2800,0.484417,28,8.53824,0,0,253395202108
41.3799,24.1663,6.50602,74,72,78,2357,2800,0.484417,28,8.53824,0,0,253419368247
38.2268,26.1597,6.50602,74,72,78,2357,2800,0.484417,28,8.53824,0,0,253445528227
37.3382,26.7822,6.50602,74,72,78,2357,2800,0.484417,28,8.53824,0,0,253472309763
41.1682,24.2906,6.50602,74,72,78,2357,2800,0.484417,28,8.53824,0,0,253496603292
39.3296,25.4261,6.50602,74,72,78,2357,2800,0.484417,28,8.53824,0,0,253522028223
38.9924,25.646,6.50602,74,72,78,2357,2800,0.484417,28,8.53824,0,0,253547679569
39.4776,25.3308,5.81683,73,71,73,2401,2800,0.484417,28,8.53843,0,0,253573006296
40.1319,24.9179,5.81683,73,71,73,2401,2800,0.484417,28,8.53843,0,0,253597924376
37.14,26.9251,5.81683,73,71,73,2401,2800,0.484417,28,8.53843,0,0,253624850052
39.6929,25.1934,5.81683,73,71,73,2401,2800,0.484417,28,8.53843,0,0,253650044401
36.2931,27.5534,5.81683,73,71,73,2401,2800,0.484417,28,8.53843,0,0,253677597995
42.9894,23.2616,5.81683,73,71,73,2401,2800,0.484417,28,8.53843,0,0,253700859077
37.3079,26.804,5.81683,73,71,73,2401,2800,0.484417,28,8.53843,0,0,253727663867
38.7869,25.7819,5.81683,73,71,73,2401,2800,0.484417,28,8.53843,0,0,253753446449
37.4578,26.6967,5.81683,73,71,73,2401,2800,0.484417,28,8.53843,0,0,253780143135
36.4958,27.4004,5.81683,73,71,73,2401,2800,0.484417,28,8.53843,0,0,253807543462
41.7208,23.9688,5.81683,73,71,73,2401,2800,0.484417,28,8.53843,0,0,253831514015
41.1951,24.2748,5.81683,73,71,73,2401,2800,0.484417,28,8.53843,0,0,253855789099
36.2862,27.5587,5.81683,73,71,73,2401,2800,0.484417,28,8.53843,0,0,253883346941
38.4098,26.0351,5.81683,73,71,73,2401,2800,0.484417,28,8.53843,0,0,253909383770
43.9102,22.7737,5.81683,73,71,73,2401,2800,0.484417,28,8.53843,0,0,253932156386
36.7193,27.2337,5.81683,73,71,73,2401,2800,0.484417,28,8.53843,0,0,253959390571
39.0473,25.6099,5.81683,73,71,73,2401,2800,0.484417,28,8.53843,0,0,253985001340
37.8942,26.3893,5.81683,73,71,73,2401,2800,0.484417,28,8.53843,0,0,254011391101
40.845,24.4828,5.81683,73,71,73,2401,2800,0.484417,28,8.53843,0,0,254035875749
38.9256,25.6901,5.81683,73,71,73,2401,2800,0.484417,28,8.53843,0,0,254061565426
37.665,26.5499,5.50796,72,72,76,2519,2800,0.484417,39,8.53849,0,0,254088115157
37.7051,26.5216,5.50796,72,72,76,2519,2800,0.484417,39,8.53849,0,0,254114636745
39.6188,25.2405,5.50796,72,72,76,2519,2800,0.484417,39,8.53849,0,0,254139878373
36.9978,27.0287,5.50796,72,72,76,2519,2800,0.484417,39,8.53849,0,0,254166905890
41.1427,24.3057,5.50796,72,72,76,2519,2800,0.484417,39,8.53849,0,0,254191211341
39.1781,25.5245,5.50796,72,72,76,2519,2800,0.484417,39,8.53849,0,0,254216737232
37.9368,26.3596,5.50796,72,72,76,2519,2800,0.484417,39,8.53849,0,0,254243097587
41.5992,24.0389,5.50796,72,72,76,2519,2800,0.484417,39,8.53849,0,0,254267136429
37.9629,26.3415,5.50796,72,72,76,2519,2800,0.484417,39,8.53849,0,0,254293478570
39.751,25.1566,5.50796,72,72,76,2519,2800,0.484417,39,8.53849,0,0,254318633745
35.7002,28.0111,5.50796,72,72,76,2519,2800,0.484417,39,8.53849,0,0,254346646881
37.8984,26.3863,5.50796,72,72,76,2519,2800,0.484417,39,8.53849,0,0,254373032925
41.7007,23.9804,5.50796,72,72,76,2519,2800,0.484417,39,8.53849,0,0,254397012896
40.6574,24.5958,5.50796,72,72,76,2519,2800,0.484417,39,8.53849,0,0,254421609403
37.4598,26.6953,5.50796,72,72,76,2519,2800,0.484417,39,8.53849,0,0,254448306120
36.8666,27.1248,5.50796,72,72,76,2519,2800,0.484417,39,8.53849,0,0,254475431180
41.9886,23.816,5.50796,72,72,76,2519,2800,0.484417,39,8.53849,0,0,254499247203
36.28,27.5634,5.50796,72,72,76,2519,2800,0.484417,39,8.53849,0,0,254526811547
40.5085,24.6862,5.50796,72,72,76,2519,2800,0.484417,39,8.53849,0,0,254551498023
37.5036,26.6641,5.50796,72,72,76,2519,2800,0.484417,39,8.53849,0,0,254578166687
39.2232,25.4951,4.77941,71,70,76,2492,2800,0.484417,22,8.53814,0,0,254603656530
39.7031,25.1869,4.77941,71,70,76,2492,2800,0.484417,22,8.53814,0,0,254628845869
39.5895,25.2592,4.77941,71,70,76,2492,2800,0.484417,22,8.53814,0,0,254654104989
37.4372,26.7114,4.77941,71,70,76,2492,2800,0.484417,22,8.53814,0,0,254680819590
36.082,27.7147,4.77941,71,70,76,2492,2800,0.484417,22,8.53814,0,0,254708531531
42.334,23.6216,4.77941,71,70,76,2492,2800,0.484417,22,8.53814,0,0,254732154341
37.8337,26.4314,4.77941,71,70,76,2492,2800,0.484417,22,8.53814,0,0,254758585871
40.2938,24.8177,4.77941,71,70,76,2492,2800,0.484417,22,8.53814,0,0,254783404014
36.6967,27.2504,4.77941,71,70,76,2492,2800,0.484417,22,8.53814,0,0,254810654399
43.5912,22.9404,4.77941,71,70,76,2492,2800,0.484417,22,8.53814,0,0,254833595831
36.275,27.5672,4.77941,71,70,76,2492,2800,0.484417,22,8.53814,0,0,254861163041
39.4089,25.375,4.77941,71,70,76,2492,2800,0.484417,22,8.53814,0,0,254886538439
36.9153,27.0891,4.77941,71,70,76,2492,2800,0.484417,22,8.53814,0,0,254913629726
38.1562,26.2081,4.77941,71,70,76,2492,2800,0.484417,22,8.53814,0,0,254939835852
38.8699,25.7268,4.77941,71,70,76,2492,2800,0.484417,22,8.53814,0,0,254965563151
39.4438,25.3525,4.77941,71,70,76,2492,2800,0.484417,22,8.53814,0,0,254990917890
40.6133,24.6224,4.77941,71,70,76,2492,2800,0.484417,22,8.53814,0,0,255015537951
38.1294,26.2265,4.77941,71,70,76,2492,2800,0.484417,22,8.53814,0,0,255041766430
40.1805,24.8877,4.77941,71,70,76,2492,2800,0.484417,22,8.53814,0,0,255066653692
38.0693,26.2679,4.77941,71,70,76,2492,2800,0.484417,22,8.53814,0,0,255092927776
39.3727,25.3983,5.52147,72,72,75,2527,2800,0.484417,36,8.54051,0,0,255118322070
36.5047,27.3937,5.52147,72,72,75,2527,2800,0.484417,36,8.54051,0,0,255145714912
39.2414,25.4833,5.52147,72,72,75,2527,2800,0.484417,36,8.54051,0,0,255171200597
41.7313,23.9628,5.52147,72,72,75,2527,2800,0.484417,36,8.54051,0,0,255195162675
38.1774,26.1935,5.52147,72,72,75,2527,2800,0.484417,36,8.54051,0,0,255221355837
36.3228,27.5309,5.52147,72,72,75,2527,2800,0.484417,36,8.54051,0,0,255248887680
40.0754,24.953,5.52147,72,72,75,2527,2800,0.484417,36,8.54051,0,0,255273841187
39.5708,25.2711,5.52147,72,72,75,2527,2800,0.484417,36,8.54051,0,0,255299112981
39.4516,25.3475,5.52147,72,72,75,2527,2800,0.484417,36,8.54051,0,0,255324460637
38.7917,25.7787,5.52147,72,72,75,2527,2800,0.484417,36,8.54051,0,0,255350239582
36.2931,27.5535,5.52147,72,72,75,2527,2800,0.484417,36,8.54051,0,0,255377792625
39.4075,25.3759,5.52147,72,72,75,2527,2800,0.484417,36,8.54051,0,0,255403169957
39.0658,25.5979,5.52147,72,72,75,2527,2800,0.484417,36,8.54051,0,0,255428768043
39.7388,25.1643,5.52147,72,72,75,2527,2800,0.484417,36,8.54051,0,0,255453933146
37.6246,26.5784,5.52147,72,72,75,2527,2800,0.484417,36,8.54051,0,0,255480511491
38.2672,26.132,5.52147,72,72,75,2527,2800,0.484417,36,8.54051,0,0,255506644150
39.8425,25.0989,5.52147,72,72,75,2527,2800,0.484417,36,8.54051,0,0,255531742759
40.3251,24.7985,5.52147,72,72,75,2527,2800,0.484417,36,8.54051,0,0,255556541345
37.25,26.8457,5.52147,72,72,75,2527,2800,0.484417,36,8.54051,0,0,255583387993
38.8019,25.772,5.52147,72,72,75,2527,2800,0.484417,36,8.54051,0,0,255609166076
38.5913,25.9126,5.39877,72,69,77,2499,2800,0.484417,27,8.53916,0,0,255635073753
39.2288,25.4915,5.39877,72,69,77,2499,2800,0.484417,27,8.53916,0,0,255660565549
40.0066,24.9959,5.39877,72,69,77,2499,2800,0.484417,27,8.53916,0,0,255685560514
37.7066,26.5206,5.39877,72,69,77,2499,2800,0.484417,27,8.53916,0,0,255712083194
37.6891,26.5328,5.39877,72,69,77,2499,2800,0.484417,27,8.53916,0,0,255738615312
41.1897,24.2779,5.39877,72,69,77,2499,2800,0.484417,27,8.53916,0,0,255762893983
39.5152,25.3067,5.39877,72,69,77,2499,2800,0.484417,27,8.53916,0,0,255788199631
36.5834,27.3348,5.39877,72,69,77,2499,2800,0.484417,27,8.53916,0,0,255815535556
39.8614,25.0869,5.39877,72,69,77,2499,2800,0.484417,27,8.53916,0,0,255840622854
40.9974,24.3918,5.39877,72,69,77,2499,2800,0.484417,27,8.53916,0,0,255865015278
39.3579,25.4079,5.39877,72,69,77,2499,2800,0.484417,27,8.53916,0,0,255890422276
37.2639,26.8356,5.39877,72,69,77,2499,2800,0.484417,27,8.53916,0,0,255917259125
37.5429,26.6362,5.39877,72,69,77,2499,2800,0.484417,27,8.53916,0,0,255943894828
41.4628,24.118,5.39877,72,69,77,2499,2800,0.484417,27,8.53916,0,0,255968014270
37.2536,26.843,5.39877,72,69,77,2499,2800,0.484417,27,8.53916,0,0,255994858263
39.1356,25.5522,5.39877,72,69,77,2499,2800,0.484417,27,8.53916,0,0,256020410192
37.471,26.6873,5.39877,72,69,77,2499,2800,0.484417,27,8.53916,0,0,256047098132
38.5085,25.9683,5.39877,72,69,77,2499,2800,0.484417,27,8.53916,0,0,256073065060
37.1899,26.8891,5.39877,72,69,77,2499,2800,0.484417,27,8.53916,0,0,256099955811
40.196,24.8781,5.39877,72,69,77,2499,2800,0.484417,27,8.53916,0,0,256124839517
36.7146,27.2371,5.97561,72,73,76,2458,2800,0.484417,27,8.53777,0,0,256152073261
37.9395,26.3578,5.97561,72,73,76,2458,2800,0.484417,27,8.53777,0,0,256178430370
38.7757,25.7893,5.97561,72,73,76,2458,2800,0.484417,27,8.53777,0,0,256204219304
42.0774,23.7657,5.97561,72,73,76,2458,2800,0.484417,27,8.53777,0,0,256227986396
37.0848,26.9652,5.97561,72,73,76,2458,2800,0.484417,27,8.53777,0,0,256254950534
38.9551,25.6706,5.97561,72,73,76,2458,2800,0.484417,27,8.53777,0,0,256280623300
38.5444,25.9441,5.97561,72,73,76,2458,2800,0.484417,27,8.53777,0,0,256306567575
43.6274,22.9214,5.97561,72,73,76,2458,2800,0.484417,27,8.53777,0,0,256329487768
37.7799,26.4691,5.97561,72,73,76,2458,2800,0.484417,27,8.53777,0,0,256355958601
38.4111,26.0342,5.97561,72,73,76,2458,2800,0.484417,27,8.53777,0,0,256381994188
39.0149,25.6312,5.97561,72,73,76,2458,2800,0.484417,27,8.53777,0,0,256407624203
40.091,24.9432,5.97561,72,73,76,2458,2800,0.484417,27,8.53777,0,0,256432568723
38.9319,25.6859,5.97561,72,73,76,2458,2800,0.484417,27,8.53777,0,0,256458253342
38.6383,25.8811,5.97561,72,73,76,2458,2800,0.484417,27,8.53777,0,0,256484135811
36.5897,27.3301,5.97561,72,73,76,2458,2800,0.484417,27,8.53777,0,0,256511466206
41.3345,24.1929,5.97561,72,73,76,2458,2800,0.484417,27,8.53777,0,0,256535660198
38.4415,26.0136,5.97561,72,73,76,2458,2800,0.484417,27,8.53777,0,0,256561673233
38.6722,25.8584,5.97561,72,73,76,2458,2800,0.484417,27,8.53777,0,0,256587531657
38.0984,26.2479,5.97561,72,73,76,2458,2800,0.484417,27,8.53777,0,0,256613780954
38.9321,25.6857,5.97561,72,73,76,2458,2800,0.484417,27,8.53777,0,0,256639472375
40.19,24.8818,5.85366,73,70,77,2385,2800,0.484417,30,8.5376,0,0,256664349228
38.2988,26.1105,5.85366,73,70,77,2385,2800,0.484417,30,8.5376,0,0,256690458994
34.6039,28.8985,5.85366,73,70,77,2385,2800,0.484417,30,8.5376,0,0,256719356910
40.5184,24.6802,5.85366,73,70,77,2385,2800,0.484417,30,8.5376,0,0,256744037825
41.8385,23.9014,5.85366,73,70,77,2385,2800,0.484417,30,8.5376,0,0,256767940060
39.5696,25.2719,5.85366,73,70,77,2385,2800,0.484417,30,8.5376,0,0,256793211584
38.835,25.75,5.85366,73,70,77,2385,2800,0.484417,30,8.5376,0,0,256818963067
36.7086,27.2416,5.85366,73,70,77,2385,2800,0.484417,30,8.5376,0,0,256846203173
40.8771,24.4636,5.85366,73,70,77,2385,2800,0.484417,30,8.5376,0,0,256870668514
37.1739,26.9006,5.85366,73,70,77,2385,2800,0.484417,30,8.5376,0,0,256897569564
38.9665,25.6631,5.85366,73,70,77,2385,2800,0.484417,30,8.5376,0,0,256923233233
38.6911,25.8458,5.85366,73,70,77,2385,2800,0.484417,30,8.5376,0,0,256949080126
39.7402,25.1634,5.85366,73,70,77,2385,2800,0.484417,30,8.5376,0,0,256974243085
39.4264,25.3637,5.85366,73,70,77,2385,2800,0.484417,30,8.5376,0,0,256999607283
37.5815,26.6089,5.85366,73,70,77,2385,2800,0.484417,30,8.5376,0,0,257026217146
39.2564,25.4735,5.85366,73,70,77,2385,2800,0.484417,30,8.5376,0,0,257051691029
37.0731,26.9737,5.85366,73,70,77,2385,2800,0.484417,30,8.5376,0,0,257078663113
39.8732,25.0795,5.85366,73,70,77,2385,2800,0.484417,30,8.5376,0,0,257103744469
40.4712,24.7089,5.85366,73,70,77,2385,2800,0.484417,30,8.5376,0,0,257128454089
39.04,25.6147,5.85366,73,70,77,2385,2800,0.484417,30,8.5376,0,0,257154073194
36.6111,27.3141,6.09756,73,72,74,2513,2800,0.484417,23,8.54304,0,0,257181381558
40.0356,24.9778,6.09756,73,72,74,2513,2800,0.484417,23,8.54304,0,0,257206360953
39.6322,25.232,6.09756,73,72,74,2513,2800,0.484417,23,8.54304,0,0,257231593764
37.8336,26.4315,6.09756,73,72,74,2513,2800,0.484417,23,8.54304,0,0,257258025353
38.019,26.3026,6.09756,73,72,74,2513,2800,0.484417,23,8.54304,0,0,257284328522
39.1294,25.5562,6.09756,73,72,74,2513,2800,0.484417,23,8.54304,0,0,257309884769
40.1638,24.8981,6.09756,73,72,74,2513,2800,0.484417,23,8.54304,0,0,257334783573
39.0068,25.6365,6.09756,73,72,74,2513,2800,0.484417,23,8.54304,0,0,257360421374
37.9478,26.352,6.09756,73,72,74,2513,2800,0.484417,23,8.54304,0,0,257386773003
35.8404,27.9015,6.09756,73,72,74,2513,2800,0.484417,23,8.54304,0,0,257414675331
38.9051,25.7036,6.09756,73,72,74,2513,2800,0.484417,23,8.54304,0,0,257440377943
40.9792,24.4026,6.09756,73,72,74,2513,2800,0.484417,23,8.54304,0,0,257464782390
39.2414,25.4833,6.09756,73,72,74,2513,2800,0.484417,23,8.54304,0,0,257490266212
39.123,25.5604,6.09756,73,72,74,2513,2800,0.484417,23,8.54304,0,0,257515827128
40.434,24.7316,6.09756,73,72,74,2513,2800,0.484417,23,8.54304,0,0,257540558859
40.1427,24.9111,6.09756,73,72,74,2513,2800,0.484417,23,8.54304,0,0,257565470046
35.299,28.3294,6.09756,73,72,74,2513,2800,0.484417,23,8.54304,0,0,257593800658
38.3664,26.0645,6.09756,73,72,74,2513,2800,0.484417,23,8.54304,0,0,257619864447
38.4365,26.0169,6.09756,73,72,74,2513,2800,0.484417,23,8.54304,0,0,257645883192
38.5365,25.9494,6.09756,73,72,74,2513,2800,0.484417,23,8.54304,0,0,257671837356
40.677,24.5839,5.95383,73,70,77,2516,2800,0.484417,37,8.54341,0,0,257696416330
37.7973,26.4569,5.95383,73,70,77,2516,2800,0.484417,37,8.54341,0,0,257722873307
38.297,26.1117,5.95383,73,70,77,2516,2800,0.484417,37,8.54341,0,0,257748986159
39.372,25.3987,5.95383,73,70,77,2516,2800,0.484417,37,8.54341,0,0,257774384260
39.5346,25.2943,5.95383,73,70,77,2516,2800,0.484417,37,8.54341,0,0,257799679668
37.2311,26.8593,5.95383,73,70,77,2516,2800,0.484417,37,8.54341,0,0,257826539340
39.0986,25.5763,5.95383,73,70,77,2516,2800,0.484417,37,8.54341,0,0,257852115194
38.336,26.0851,5.95383,73,70,77,2516,2800,0.484417,37,8.54341,0,0,257878203189
40.6147,24.6216,5.95383,73,70,77,2516,2800,0.484417,37,8.54341,0,0,257902823531
39.8984,25.0636,5.95383,73,70,77,2516,2800,0.484417,37,8.54341,0,0,257927886283
39.6813,25.2008,5.95383,73,70,77,2516,2800,0.484417,37,8.54341,0,0,257953086853
38.3001,26.1096,5.95383,73,70,77,2516,2800,0.484417,37,8.54341,0,0,257979197130
38.2481,26.1451,5.95383,73,70,77,2516,2800,0.484417,37,8.54341,0,0,258005343865
41.4286,24.1379,5.95383,73,70,77,2516,2800,0.484417,37,8.54341,0,0,258029480319
37.7798,26.4692,5.95383,73,70,77,2516,2800,0.484417,37,8.54341,0,0,258055951543
37.6675,26.5481,5.95383,73,70,77,2516,2800,0.484417,37,8.54341,0,0,258082500001
39.9412,25.0368,5.95383,73,70,77,2516,2800,0.484417,37,8.54341,0,0,258107536073
39.7618,25.1498,5.95383,73,70,77,2516,2800,0.484417,37,8.54341,0,0,258132687191
35.3886,28.2577,5.95383,73,70,77,2516,2800,0.484417,37,8.54341,0,0,258160945577
39.6695,25.2083,5.95383,73,70,77,2516,2800,0.484417,37,8.54341,0,0,258186156977
39.1959,25.5129,5.77396,73,71,78,2397,2800,0.484417,23,8.54341,0,0,258211668280
42.3008,23.6402,5.77396,73,71,78,2397,2800,0.484417,23,8.54341,0,0,258235307201
37.4241,26.7207,5.77396,73,71,78,2397,2800,0.484417,23,8.54341,0,0,258262028795
38.5797,25.9204,5.77396,73,71,78,2397,2800,0.484417,23,8.54341,0,0,258287950558
38.1981,26.1793,5.77396,73,71,78,2397,2800,0.484417,23,8.54341,0,0,258314129643
37.8798,26.3993,5.77396,73,71,78,2397,2800,0.484417,23,8.54341,0,0,258340528932
40.5079,24.6865,5.77396,73,71,78,2397,2800,0.484417,23,8.54341,0,0,258365215208
38.8666,25.729,5.77396,73,71,78,2397,2800,0.484417,23,8.54341,0,0,258390945131
38.2639,26.1343,5.77396,73,71,78,2397,2800,0.484417,23,8.54341,0,0,258417080344
39.2393,25.4846,5.77396,73,71,78,2397,2800,0.484417,23,8.54341,0,0,258442565048
39.684,25.1991,5.77396,73,71,78,2397,2800,0.484417,23,8.54341,0,0,258467764596
37.5114,26.6586,5.77396,73,71,78,2397,2800,0.484417,23,8.54341,0,0,258494423191
40.0312,24.9805,5.77396,73,71,78,2397,2800,0.484417,23,8.54341,0,0,258519404039
36.2855,27.5592,5.77396,73,71,78,2397,2800,0.484417,23,8.54341,0,0,258546962943
39.5096,25.3103,5.77396,73,71,78,2397,2800,0.484417,23,8.54341,0,0,258572274662
40.5941,24.6341,5.77396,73,71,78,2397,2800,0.484417,23,8.54341,0,0,258596909411
39.5175,25.3052,5.77396,73,71,78,2397,2800,0.484417,23,8.54341,0,0,258622214377
38.7532,25.8043,5.77396,73,71,78,2397,2800,0.484417,23,8.54341,0,0,258648019381
38.7411,25.8124,5.77396,73,71,78,2397,2800,0.484417,23,8.54341,0,0,258673832170
36.5473,27.3618,5.77396,73,71,78,2397,2800,0.484417,23,8.54341,0,0,258701199063
36.746,27.2139,5.28905,74,71,76,2464,2800,0.484417,40,8.54429,0,0,258728409303
39.7882,25.1331,5.28905,74,71,76,2464,2800,0.484417,40,8.54429,0,0,258753542337
39.9218,25.049,5.28905,74,71,76,2464,2800,0.484417,40,8.54429,0,0,258778591854
38.8722,25.7253,5.28905,74,71,76,2464,2800,0.484417,40,8.54429,0,0,258804318411
42.4537,23.5551,5.28905,74,71,76,2464,2800,0.484417,40,8.54429,0,0,258827870950
37.3554,26.7699,5.28905,74,71,76,2464,2800,0.484417,40,8.54429,0,0,258854643719
38.3069,26.1049,5.28905,74,71,76,2464,2800,0.484417,40,8.54429,0,0,258880749136
37.7303,26.5039,5.28905,74,71,76,2464,2800,0.484417,40,8.54429,0,0,258907253232
39.0557,25.6045,5.28905,74,71,76,2464,2800,0.484417,40,8.54429,0,0,258932858551
39.2155,25.5001,5.28905,74,71,76,2464,2800,0.484417,40,8.54429,0,0,258958359144
34.447,29.0301,5.28905,74,71,76,2464,2800,0.484417,40,8.54429,0,0,258987389769
40.528,24.6743,5.28905,74,71,76,2464,2800,0.484417,40,8.54429,0,0,259012063541
38.1222,26.2314,5.28905,74,71,76,2464,2800,0.484417,40,8.54429,0,0,259038295426
38.8759,25.7229,5.28905,74,71,76,2464,2800,0.484417,40,8.54429,0,0,259064019067
41.041,24.3659,5.28905,74,71,76,2464,2800,0.484417,40,8.54429,0,0,259088384361
37.9728,26.3346,5.28905,74,71,76,2464,2800,0.484417,40,8.54429,0,0,259114719499
39.366,25.4026,5.28905,74,71,76,2464,2800,0.484417,40,8.54429,0,0,259140123581
41.313,24.2054,5.28905,74,71,76,2464,2800,0.484417,40,8.54429,0,0,259164329065
38.5669,25.929,5.28905,74,71,76,2464,2800,0.484417,40,8.54429,0,0,259190258853
38.5533,25.9381,5.28905,74,71,76,2464,2800,0.484417,40,8.54429,0,0,259216201746
37.5839,26.6072,5.65806,75,70,76,2496,2800,0.484417,25,8.54543,0,0,259242804276
41.0723,24.3473,5.65806,75,70,76,2496,2800,0.484417,25,8.54543,0,0,259267151796
37.9557,26.3465,5.65806,75,70,76,2496,2800,0.484417,25,8.54543,0,0,259293498095
40.2518,24.8436,5.65806,75,70,76,2496,2800,0.484417,25,8.54543,0,0,259318341004
37.4797,26.6811,5.65806,75,70,76,2496,2800,0.484417,25,8.54543,0,0,259345023735
41.1295,24.3134,5.65806,75,70,76,2496,2800,0.484417,25,8.54543,0,0,259369336660
37.1154,26.943,5.65806,75,70,76,2496,2800,0.484417,25,8.54543,0,0,259396280771
38.462,25.9997,5.65806,75,70,76,2496,2800,0.484417,25,8.54543,0,0,259422281051
37.7315,26.503,5.65806,75,70,76,2496,2800,0.484417,25,8.54543,0,0,259448785237
39.958,25.0263,5.65806,75,70,76,2496,2800,0.484417,25,8.54543,0,0,259473811660
39.7546,25.1543,5.65806,75,70,76,2496,2800,0.484417,25,8.54543,0,0,259498964702
36.1872,27.6341,5.65806,75,70,76,2496,2800,0.484417,25,8.54543,0,0,259526600410
40.3519,24.782,5.65806,75,70,76,2496,2800,0.484417,25,8.54543,0,0,259551382685
39.4303,25.3612,5.65806,75,70,76,2496,2800,0.484417,25,8.54543,0,0,259576743937
38.3772,26.0571,5.65806,75,70,76,2496,2800,0.484417,25,8.54543,0,0,259602802537
39.1701,25.5297,5.65806,75,70,76,2496,2800,0.484417,25,8.54543,0,0,259628331573
38.9161,25.6963,5.65806,75,70,76,2496,2800,0.484417,25,8.54543,0,0,259654027302
36.3604,27.5025,5.65806,75,70,76,2496,2800,0.484417,25,8.54543,0,0,259681531353
39.678,25.2029,5.65806,75,70,76,2496,2800,0.484417,25,8.54543,0,0,259706734528
40.3085,24.8086,5.65806,75,70,76,2496,2800,0.484417,25,8.54543,0,0,259731546419
38.8582,25.7346,5.64417,76,73,77,2430,2800,0.484417,42,8.54523,0,0,259757278376
37.8651,26.4096,5.64417,76,73,77,2430,2800,0.484417,42,8.54523,0,0,259783688085
39.9622,25.0236,5.64417,76,73,77,2430,2800,0.484417,42,8.54523,0,0,259808711683
39.8759,25.0778,5.64417,76,73,77,2430,2800,0.484417,42,8.54523,0,0,259833789693
39.2677,25.4662,5.64417,76,73,77,2430,2800,0.484417,42,8.54523,0,0,259859256673
37.8698,26.4062,5.64417,76,73,77,2430,2800,0.484417,42,8.54523,0,0,259885662655
38.2005,26.1777,5.64417,76,73,77,2430,2800,0.484417,42,8.54523,0,0,259911842101
37.7334,26.5017,5.64417,76,73,77,2430,2800,0.484417,42,8.54523,0,0,259938343682
41.361,24.1774,5.64417,76,73,77,2430,2800,0.484417,42,8.54523,0,0,259962520852
39.2223,25.4957,5.64417,76,73,77,2430,2800,0.484417,42,8.54523,0,0,259988017428
37.6219,26.5803,5.64417,76,73,77,2430,2800,0.484417,42,8.54523,0,0,260014597536
39.2366,25.4864,5.64417,76,73,77,2430,2800,0.484417,42,8.54523,0,0,260040084273
34.148,29.2843,5.64417,76,73,77,2430,2800,0.484417,42,8.54523,0,0,260069369004
41.0084,24.3853,5.64417,76,73,77,2430,2800,0.484417,42,8.54523,0,0,260093754936
37.5303,26.6452,5.64417,76,73,77,2430,2800,0.484417,42,8.54523,0,0,260120400908
40.4511,24.7212,5.64417,76,73,77,2430,2800,0.484417,42,8.54523,0,0,260145121538
41.9201,23.8549,5.64417,76,73,77,2430,2800,0.484417,42,8.54523,0,0,260168976935
37.9532,26.3482,5.64417,76,73,77,2430,2800,0.484417,42,8.54523,0,0,260195325368
40.8694,24.4682,5.64417,76,73,77,2430,2800,0.484417,42,8.54523,0,0,260219794306
36.0505,27.7389,5.64417,76,73,77,2430,2800,0.484417,42,8.54523,0,0,260247539469
37.8885,26.3933,5.51471,76,70,78,2423,2800,0.484417,23,8.545,0,0,260273927517
42.7787,23.3761,5.51471,76,70,78,2423,2800,0.484417,23,8.545,0,0,260297303695
39.9416,25.0366,5.51471,76,70,78,2423,2800,0.484417,23,8.545,0,0,260322339597
36.5933,27.3274,5.51471,76,70,78,2423,2800,0.484417,23,8.545,0,0,260349667427
38.1452,26.2156,5.51471,76,70,78,2423,2800,0.484417,23,8.545,0,0,260375884704
37.6474,26.5623,5.51471,76,70,78,2423,2800,0.484417,23,8.545,0,0,260402446358
40.3706,24.7705,5.51471,76,70,78,2423,2800,0.484417,23,8.545,0,0,260427217723
39.0177,25.6294,5.51471,76,70,78,2423,2800,0.484417,23,8.545,0,0,260452848180
39.3819,25.3924,5.51471,76,70,78,2423,2800,0.484417,23,8.545,0,0,260478239638
37.2844,26.8208,5.51471,76,70,78,2423,2800,0.484417,23,8.545,0,0,260505060728
26.7723,37.352,5.51471,76,70,78,2423,2800,0.484417,23,8.545,0,0,260542411970
30.7973,32.4704,5.51471,76,70,78,2423,2800,0.484417,23,8.545,0,0,260574884921
40.7533,24.5379,5.51471,76,70,78,2423,2800,0.484417,23,8.545,0,0,260599422809
39.5616,25.277,5.51471,76,70,78,2423,2800,0.484417,23,8.545,0,0,260624699822
41.75,23.9521,5.51471,76,70,78,2423,2800,0.484417,23,8.545,0,0,260648651891
37.1483,26.9191,5.51471,76,70,78,2423,2800,0.484417,23,8.545,0,0,260675571796
40.0821,24.9488,5.51471,76,70,78,2423,2800,0.484417,23,8.545,0,0,260700520804
38.3358,26.0853,5.51471,76,70,78,2423,2800,0.484417,23,8.545,0,0,260726607106
38.7365,25.8154,5.51471,76,70,78,2423,2800,0.484417,23,8.545,0,0,260752429072
39.2781,25.4595,5.65327,75,74,75,2499,2800,0.484417,29,8.54134,0,0,260777883548
34.7483,28.7784,5.65327,75,74,75,2499,2800,0.484417,29,8.54134,0,0,260806661279
38.7491,25.8071,5.65327,75,74,75,2499,2800,0.484417,29,8.54134,0,0,260832469889
41.8428,23.899,5.65327,75,74,75,2499,2800,0.484417,29,8.54134,0,0,260856367456
37.0766,26.9712,5.65327,75,74,75,2499,2800,0.484417,29,8.54134,0,0,260883339579
41.1377,24.3086,5.65327,75,74,75,2499,2800,0.484417,29,8.54134,0,0,260907648016
39.0306,25.6209,5.65327,75,74,75,2499,2800,0.484417,29,8.54134,0,0,260933270397
39.8598,25.088,5.65327,75,74,75,2499,2800,0.484417,29,8.54134,0,0,260958357895
38.8696,25.7271,5.65327,75,74,75,2499,2800,0.484417,29,8.54134,0,0,260984086165
38.1513,26.2114,5.65327,75,74,75,2499,2800,0.484417,29,8.54134,0,0,261010297341
40.9623,24.4127,5.65327,75,74,75,2499,2800,0.484417,29,8.54134,0,0,261034712388
36.6774,27.2648,5.65327,75,74,75,2499,2800,0.484417,29,8.54134,0,0,261061976679
37.2039,26.8789,5.65327,75,74,75,2499,2800,0.484417,29,8.54134,0,0,261088856149
39.8913,25.0681,5.65327,75,74,75,2499,2800,0.484417,29,8.54134,0,0,261113924411
38.7911,25.7791,5.65327,75,74,75,2499,2800,0.484417,29,8.54134,0,0,261139704208
39.5671,25.2735,5.65327,75,74,75,2499,2800,0.484417,29,8.54134,0,0,261164977424
39.3236,25.43,5.65327,75,74,75,2499,2800,0.484417,29,8.54134,0,0,261190408327
38.7767,25.7887,5.65327,75,74,75,2499,2800,0.484417,29,8.54134,0,0,261216197361
40.9895,24.3965,5.65327,75,74,75,2499,2800,0.484417,29,8.54134,0,0,261240594444
39.8107,25.1189,5.65327,75,74,75,2499,2800,0.484417,29,8.54134,0,0,261265718320
38.2301,26.1574,5.78818,74,69,76,2546,2800,0.484417,23,8.54153,0,0,261291870085
38.539,25.9478,5.78818,74,69,76,2546,2800,0.484417,23,8.54153,0,0,261317818167
38.0746,26.2643,5.78818,74,69,76,2546,2800,0.484417,23,8.54153,0,0,261344083194
37.5162,26.6551,5.78818,74,69,76,2546,2800,0.484417,23,8.54153,0,0,261370738453
39.9874,25.0079,5.78818,74,69,76,2546,2800,0.484417,23,8.54153,0,0,261395747003
39.7415,25.1626,5.78818,74,69,76,2546,2800,0.484417,23,8.54153,0,0,261420910614
36.0125,27.7681,5.78818,74,69,76,2546,2800,0.484417,23,8.54153,0,0,261448677708
41.577,24.0518,5.78818,74,69,76,2546,2800,0.484417,23,8.54153,0,0,261472730706
39.4091,25.3748,5.78818,74,69,76,2546,2800,0.484417,23,8.54153,0,0,261498106275
39.5111,25.3094,5.78818,74,69,76,2546,2800,0.484417,23,8.54153,0,0,261523415038
38.371,26.0614,5.78818,74,69,76,2546,2800,0.484417,23,8.54153,0,0,261549476032
37.6723,26.5447,5.78818,74,69,76,2546,2800,0.484417,23,8.54153,0,0,261576022236
40.9889,24.3968,5.78818,74,69,76,2546,2800,0.484417,23,8.54153,0,0,261600419770
35.7919,27.9393,5.78818,74,69,76,2546,2800,0.484417,23,8.54153,0,0,261628358617
35.3323,28.3027,5.78818,74,69,76,2546,2800,0.484417,23,8.54153,0,0,261656663140
38.3557,26.0718,5.78818,74,69,76,2546,2800,0.484417,23,8.54153,0,0,261682735004
39.3586,25.4074,5.78818,74,69,76,2546,2800,0.484417,23,8.54153,0,0,261708142933
38.3042,26.1068,5.78818,74,69,76,2546,2800,0.484417,23,8.54153,0,0,261734250295
41.3564,24.18,5.78818,74,69,76,2546,2800,0.484417,23,8.54153,0,0,261758429469
37.3297,26.7883,5.78818,74,69,76,2546,2800,0.484417,23,8.54153,0,0,261785225251
36.8052,27.1701,5.23751,74,73,76,2496,2800,0.484417,21,8.54129,0,0,261812389064
38.3543,26.0727,5.23751,74,73,76,2496,2800,0.484417,21,8.54129,0,0,261838461510
43.2696,23.1109,5.23751,74,73,76,2496,2800,0.484417,21,8.54129,0,0,261861573973
37.238,26.8543,5.23751,74,73,76,2496,2800,0.484417,21,8.54129,0,0,261888429167
38.1746,26.1954,5.23751,74,73,76,2496,2800,0.484417,21,8.54129,0,0,261914624283
39.9342,25.0412,5.23751,74,73,76,2496,2800,0.484417,21,8.54129,0,0,261939667268
39.5001,25.3164,5.23751,74,73,76,2496,2800,0.484417,21,8.54129,0,0,261964981451
37.6045,26.5926,5.23751,74,73,76,2496,2800,0.484417,21,8.54129,0,0,261991574854
38.5641,25.9308,5.23751,74,73,76,2496,2800,0.484417,21,8.54129,0,0,262017506696
39.5372,25.2927,5.23751,74,73,76,2496,2800,0.484417,21,8.54129,0,0,262042798678
39.3142,25.4361,5.23751,74,73,76,2496,2800,0.484417,21,8.54129,0,0,262068236423
38.7778,25.788,5.23751,74,73,76,2496,2800,0.484417,21,8.54129,0,0,262094023173
38.1549,26.2089,5.23751,74,73,76,2496,2800,0.484417,21,8.54129,0,0,262120232114
37.9263,26.3669,5.23751,74,73,76,2496,2800,0.484417,21,8.54129,0,0,262146600996
37.7626,26.4812,5.23751,74,73,76,2496,2800,0.484417,21,8.54129,0,0,262173080956
42.7753,23.378,5.23751,74,73,76,2496,2800,0.484417,21,8.54129,0,0,262196459749
39.0843,25.5857,5.23751,74,73,76,2496,2800,0.484417,21,8.54129,0,0,262222047346
36.6808,27.2622,5.23751,74,73,76,2496,2800,0.484417,21,8.54129,0,0,262249307579
41.1246,24.3163,5.23751,74,73,76,2496,2800,0.484417,21,8.54129,0,0,262273626576
37.5529,26.6291,5.23751,74,73,76,2496,2800,0.484417,21,8.54129,0,0,262300261286
40.5227,24.6775,5.39216,73,71,74,2505,2800,0.484417,35,8.54059,0,0,262324932554
36.3459,27.5134,5.39216,73,71,74,2505,2800,0.484417,35,8.54059,0,0,262352446614
39.7829,25.1364,5.39216,73,71,74,2505,2800,0.484417,35,8.54059,0,0,262377584336
35.386,28.2598,5.39216,73,71,74,2505,2800,0.484417,35,8.54059,0,0,262405843513
44.0579,22.6974,5.39216,73,71,74,2505,2800,0.484417,35,8.54059,0,0,262428539977
37.7884,26.4631,5.39216,73,71,74,2505,2800,0.484417,35,8.54059,0,0,262455038201
38.5831,25.9181,5.39216,73,71,74,2505,2800,0.484417,35,8.54059,0,0,262480937672
37.0087,27.0207,5.39216,73,71,74,2505,2800,0.484417,35,8.54059,0,0,262507958026
40.6023,24.6291,5.39216,73,71,74,2505,2800,0.484417,35,8.54059,0,0,262532589268
38.7649,25.7965,5.39216,73,71,74,2505,2800,0.484417,35,8.54059,0,0,262558383963
38.6051,25.9033,5.39216,73,71,74,2505,2800,0.484417,35,8.54059,0,0,262584289335
38.9174,25.6954,5.39216,73,71,74,2505,2800,0.484417,35,8.54059,0,0,262609984623
36.7551,27.2071,5.39216,73,71,74,2505,2800,0.484417,35,8.54059,0,0,262637192960
41.2332,24.2523,5.39216,73,71,74,2505,2800,0.484417,35,8.54059,0,0,262661444480
34.5095,28.9775,5.39216,73,71,74,2505,2800,0.484417,35,8.54059,0,0,262690422746
36.7046,27.2445,5.39216,73,71,74,2505,2800,0.484417,35,8.54059,0,0,262717667391
30.5324,32.7521,5.39216,73,71,74,2505,2800,0.484417,35,8.54059,0,0,262750420167
40.2145,24.8666,5.39216,73,71,74,2505,2800,0.484417,35,8.54059,0,0,262775285809
42.6531,23.4449,5.39216,73,71,74,2505,2800,0.484417,35,8.54059,0,0,262798732570
35.5373,28.1394,5.39216,73,71,74,2505,2800,0.484417,35,8.54059,0,0,262826877282
37.5856,26.6059,5.29483,72,72,75,2367,2800,0.484417,23,8.53621,0,0,262853477137
38.5534,25.938,5.29483,72,72,75,2367,2800,0.484417,23,8.53621,0,0,262879416433
38.8588,25.7342,5.29483,72,72,75,2367,2800,0.484417,23,8.53621,0,0,262905151506
43.1145,23.194,5.29483,72,72,75,2367,2800,0.484417,23,8.53621,0,0,262928344441
40.4009,24.7519,5.29483,72,72,75,2367,2800,0.484417,23,8.53621,0,0,262953096710
38.2977,26.1112,5.29483,72,72,75,2367,2800,0.484417,23,8.53621,0,0,262979209632
30.0607,33.266,5.29483,72,72,75,2367,2800,0.484417,23,8.53621,0,0,263012474949
38.0705,26.2671,5.29483,72,72,75,2367,2800,0.484417,23,8.53621,0,0,263038742281
42.2061,23.6932,5.29483,72,72,75,2367,2800,0.484417,23,8.53621,0,0,263062435924
38.5736,25.9245,5.29483,72,72,75,2367,2800,0.484417,23,8.53621,0,0,263088361334
40.4423,24.7266,5.29483,72,72,75,2367,2800,0.484417,23,8.53621,0,0,263113088717
37.1889,26.8897,5.29483,72,72,75,2367,2800,0.484417,23,8.53621,0,0,263139978165
37.9707,26.3361,5.29483,72,72,75,2367,2800,0.484417,23,8.53621,0,0,263166313674
37.9107,26.3777,5.29483,72,72,75,2367,2800,0.484417,23,8.53621,0,0,263192692745
35.5636,28.1187,5.29483,72,72,75,2367,2800,0.484417,23,8.53621,0,0,263220811199
42.0054,23.8065,5.29483,72,72,75,2367,2800,0.484417,23,8.53621,0,0,263244618505
43.2918,23.0991,5.29483,72,72,75,2367,2800,0.484417,23,8.53621,0,0,263267719387
36.8713,27.1214,5.29483,72,72,75,2367,2800,0.484417,23,8.53621,0,0,263294840049
35.5068,28.1636,5.29483,72,72,75,2367,2800,0.484417,23,8.53621,0,0,263323004308
41.2275,24.2557,5.29483,72,72,75,2367,2800,0.484417,23,8.53621,0,0,263347262050
38.2041,26.1752,5.82524,71,72,78,2489,2800,0.484417,35,8.53443,0,0,263373434273
41.7156,23.9718,5.82524,71,72,78,2489,2800,0.484417,35,8.53443,0,0,263397408834
39.1482,25.5439,5.82524,71,72,78,2489,2800,0.484417,35,8.53443,0,0,263422951616
37.5408,26.6377,5.82524,71,72,78,2489,2800,0.484417,35,8.53443,0,0,263449590304
37.2707,26.8307,5.82524,71,72,78,2489,2800,0.484417,35,8.53443,0,0,263476419910
37.4048,26.7346,5.82524,71,72,78,2489,2800,0.484417,35,8.53443,0,0,263503155249
33.902,29.4968,5.82524,71,72,78,2489,2800,0.484417,35,8.53443,0,0,263532651637
36.3979,27.4741,5.82524,71,72,78,2489,2800,0.484417,35,8.53443,0,0,263560127184
35.297,28.331,5.82524,71,72,78,2489,2800,0.484417,35,8.53443,0,0,263588458347
40.3036,24.8117,5.82524,71,72,78,2489,2800,0.484417,35,8.53443,0,0,263613268685
34.1615,29.2727,5.82524,71,72,78,2489,2800,0.484417,35,8.53443,0,0,263642542897
42.8813,23.3202,5.82524,71,72,78,2489,2800,0.484417,35,8.53443,0,0,263665863330
38.0391,26.2888,5.82524,71,72,78,2489,2800,0.484417,35,8.53443,0,0,263692153003
38.0769,26.2627,5.82524,71,72,78,2489,2800,0.484417,35,8.53443,0,0,263718415295
40.3857,24.7613,5.82524,71,72,78,2489,2800,0.484417,35,8.53443,0,0,263743176451
39.7364,25.1658,5.82524,71,72,78,2489,2800,0.484417,35,8.53443,0,0,263768344420
37.2223,26.8656,5.82524,71,72,78,2489,2800,0.484417,35,8.53443,0,0,263795210575
40.3343,24.7928,5.82524,71,72,78,2489,2800,0.484417,35,8.53443,0,0,263820002579
38.2525,26.1421,5.82524,71,72,78,2489,2800,0.484417,35,8.53443,0,0,263846145927
37.8694,26.4065,5.82524,71,72,78,2489,2800,0.484417,35,8.53443,0,0,263872555996
41.4736,24.1117,5.66948,71,72,77,2439,2800,0.484417,30,8.53525,0,0,263896664328
37.5901,26.6028,5.66948,71,72,77,2439,2800,0.484417,30,8.53525,0,0,263923267689
38.2709,26.1295,5.66948,71,72,77,2439,2800,0.484417,30,8.53525,0,0,263949397453
40.1243,24.9226,5.66948,71,72,77,2439,2800,0.484417,30,8.53525,0,0,263974319521
37.0601,26.9832,5.66948,71,72,77,2439,2800,0.484417,30,8.53525,0,0,264001302765
42.0871,23.7603,5.66948,71,72,77,2439,2800,0.484417,30,8.53525,0,0,264025063745
37.5024,26.6649,5.66948,71,72,77,2439,2800,0.484417,30,8.53525,0,0,264051729603
37.0446,26.9945,5.66948,71,72,77,2439,2800,0.484417,30,8.53525,0,0,264078722636
38.4817,25.9864,5.66948,71,72,77,2439,2800,0.484417,30,8.53525,0,0,264104710343
40.5006,24.691,5.66948,71,72,77,2439,2800,0.484417,30,8.53525,0,0,264129401828
38.2787,26.1242,5.66948,71,72,77,2439,2800,0.484417,30,8.53525,0,0,264155526251
36.0829,27.7139,5.66948,71,72,77,2439,2800,0.484417,30,8.53525,0,0,264183238954
40.956,24.4164,5.66948,71,72,77,2439,2800,0.484417,30,8.53525,0,0,264207655914
40.5788,24.6434,5.66948,71,72,77,2439,2800,0.484417,30,8.53525,0,0,264232300411
38.161,26.2047,5.66948,71,72,77,2439,2800,0.484417,30,8.53525,0,0,264258504163
35.6681,28.0362,5.66948,71,72,77,2439,2800,0.484417,30,8.53525,0,0,264286540493
41.2504,24.2422,5.66948,71,72,77,2439,2800,0.484417,30,8.53525,0,0,264310784769
40.5361,24.6694,5.66948,71,72,77,2439,2800,0.484417,30,8.53525,0,0,264335453211
38.9171,25.6957,5.66948,71,72,77,2439,2800,0.484417,30,8.53525,0,0,264361148590
36.9033,27.0978,5.66948,71,72,77,2439,2800,0.484417,30,8.53525,0,0,264388248773
36.3858,27.4832,6.21951,70,71,73,2313,2800,0.484417,35,8.53597,0,0,264415730242
39.8816,25.0742,6.21951,70,71,73,2313,2800,0.484417,35,8.53597,0,0,264440805247
41.7218,23.9683,6.21951,70,71,73,2313,2800,0.484417,35,8.53597,0,0,264464772794
40.1173,24.9269,6.21951,70,71,73,2313,2800,0.484417,35,8.53597,0,0,264489701234
34.6171,28.8875,6.21951,70,71,73,2313,2800,0.484417,35,8.53597,0,0,264518589221
40.1464,24.9088,6.21951,70,71,73,2313,2800,0.484417,35,8.53597,0,0,264543498785
39.812,25.1181,6.21951,70,71,73,2313,2800,0.484417,35,8.53597,0,0,264568615548
33.0078,30.2958,6.21951,70,71,73,2313,2800,0.484417,35,8.53597,0,0,264598911797
33.8487,29.5432,6.21951,70,71,73,2313,2800,0.484417,35,8.53597,0,0,264628455143
35.6598,28.0428,6.21951,70,71,73,2313,2800,0.484417,35,8.53597,0,0,264656497734
40.6332,24.6104,6.21951,70,71,73,2313,2800,0.484417,35,8.53597,0,0,264681110542
36.9908,27.0337,6.21951,70,71,73,2313,2800,0.484417,35,8.53597,0,0,264708143029
36.0925,27.7066,6.21951,70,71,73,2313,2800,0.484417,35,8.53597,0,0,264735849620
40.1625,24.8988,6.21951,70,71,73,2313,2800,0.484417,35,8.53597,0,0,264760750127
39.9964,25.0022,6.21951,70,71,73,2313,2800,0.484417,35,8.53597,0,0,264785752976
39.404,25.3782,6.21951,70,71,73,2313,2800,0.484417,35,8.53597,0,0,264811130999
38.6797,25.8533,6.21951,70,71,73,2313,2800,0.484417,35,8.53597,0,0,264836983903
36.6533,27.2827,6.21951,70,71,73,2313,2800,0.484417,35,8.53597,0,0,264864267150
38.3644,26.0658,6.21951,70,71,73,2313,2800,0.484417,35,8.53597,0,0,264890339516
36.0011,27.7769,6.75845,70,70,72,2192,2800,0.484417,39,8.53999,0,0,264918111559
41.6805,23.992,6.75845,70,70,72,2192,2800,0.484417,39,8.53999,0,0,264942102200
40.7352,24.5488,6.75845,70,70,72,2192,2800,0.484417,39,8.53999,0,0,264966652701
39.7069,25.1845,6.75845,70,70,72,2192,2800,0.484417,39,8.53999,0,0,264991835548
37.9026,26.3834,6.75845,70,70,72,2192,2800,0.484417,39,8.53999,0,0,265018219719
37.0973,26.9561,6.75845,70,70,72,2192,2800,0.484417,39,8.53999,0,0,265045175742
42.8584,23.3327,6.75845,70,70,72,2192,2800,0.484417,39,8.53999,0,0,265068510141
33.6684,29.7014,6.75845,70,70,72,2192,2800,0.484417,39,8.53999,0,0,265098211454
34.8712,28.6769,6.75845,70,70,72,2192,2800,0.484417,39,8.53999,0,0,265126887784
39.4599,25.3422,6.75845,70,70,72,2192,2800,0.484417,39,8.53999,0,0,265152229779
36.8537,27.1343,6.75845,70,70,72,2192,2800,0.484417,39,8.53999,0,0,265179364808
42.7627,23.3849,6.75845,70,70,72,2192,2800,0.484417,39,8.53999,0,0,265202750174
40.5603,24.6547,6.75845,70,70,72,2192,2800,0.484417,39,8.53999,0,0,265227405070
37.481,26.6802,6.75845,70,70,72,2192,2800,0.484417,39,8.53999,0,0,265254086017
39.7293,25.1704,6.75845,70,70,72,2192,2800,0.484417,39,8.53999,0,0,265279256191
35.6932,28.0165,6.75845,70,70,72,2192,2800,0.484417,39,8.53999,0,0,265307272753
43.8533,22.8033,6.75845,70,70,72,2192,2800,0.484417,39,8.53999,0,0,265330076427
36.1314,27.6768,6.75845,70,70,72,2192,2800,0.484417,39,8.53999,0,0,265357753433
36.4869,27.4071,6.75845,70,70,72,2192,2800,0.484417,39,8.53999,0,0,265385160863
32.2549,31.003,6.75845,70,70,72,2192,2800,0.484417,39,8.53999,0,0,265416166953
38.1623,26.2039,6.33971,69,72,69,1694,2800,0.484417,34,8.53909,0,0,265442367859
37.6109,26.5881,6.33971,69,72,69,1694,2800,0.484417,34,8.53909,0,0,265468956984
43.6026,22.9344,6.33971,69,72,69,1694,2800,0.484417,34,8.53909,0,0,265491891123
33.3276,30.0051,6.33971,69,72,69,1694,2800,0.484417,34,8.53909,0,0,265521895855
39.783,25.1364,6.33971,69,72,69,1694,2800,0.484417,34,8.53909,0,0,265547033878
38.6817,25.852,6.33971,69,72,69,1694,2800,0.484417,34,8.53909,0,0,265572885800
40.7049,24.567,6.33971,69,72,69,1694,2800,0.484417,34,8.53909,0,0,265597453293
39.6104,25.2459,6.33971,69,72,69,1694,2800,0.484417,34,8.53909,0,0,265622699428
26.3137,38.0029,6.33971,69,72,69,1694,2800,0.484417,34,8.53909,0,0,265660702132
38.1808,26.1912,6.33971,69,72,69,1694,2800,0.484417,34,8.53909,0,0,265686893551
39.1793,25.5237,6.33971,69,72,69,1694,2800,0.484417,34,8.53909,0,0,265712417208
34.6956,28.8221,6.33971,69,72,69,1694,2800,0.484417,34,8.53909,0,0,265741239722
42.1335,23.7341,6.33971,69,72,69,1694,2800,0.484417,34,8.53909,0,0,265764973871
38.5601,25.9335,6.33971,69,72,69,1694,2800,0.484417,34,8.53909,0,0,265790908789
35.4785,28.1861,6.33971,69,72,69,1694,2800,0.484417,34,8.53909,0,0,265819095661
35.5349,28.1414,6.33971,69,72,69,1694,2800,0.484417,34,8.53909,0,0,265847238270
35.5357,28.1407,6.33971,69,72,69,1694,2800,0.484417,34,8.53909,0,0,265875378394
35.1466,28.4522,6.33971,69,72,69,1694,2800,0.484417,34,8.53909,0,0,265903829201
35.49,28.1769,6.33971,69,72,69,1694,2800,0.484417,34,8.53909,0,0,265932008719
35.1603,28.4412,6.35697,69,72,76,2461,2800,0.484417,32,8.53792,0,0,265960448155
35.177,28.4277,6.35697,69,72,76,2461,2800,0.484417,32,8.53792,0,0,265988875548
36.3938,27.4772,6.35697,69,72,76,2461,2800,0.484417,32,8.53792,0,0,266016353760
39.0206,25.6275,6.35697,69,72,76,2461,2800,0.484417,32,8.53792,0,0,266041981762
40.7692,24.5283,6.35697,69,72,76,2461,2800,0.484417,32,8.53792,0,0,266066510713
35.2943,28.3332,6.35697,69,72,76,2461,2800,0.484417,32,8.53792,0,0,266094844380
35.0401,28.5387,6.35697,69,72,76,2461,2800,0.484417,32,8.53792,0,0,266123383112
33.7365,29.6415,6.35697,69,72,76,2461,2800,0.484417,32,8.53792,0,0,266153025514
37.4583,26.6964,6.35697,69,72,76,2461,2800,0.484417,32,8.53792,0,0,266179720036
37.2933,26.8145,6.35697,69,72,76,2461,2800,0.484417,32,8.53792,0,0,266206536027
34.8721,28.6763,6.35697,69,72,76,2461,2800,0.484417,32,8.53792,0,0,266235211425
38.6254,25.8897,6.35697,69,72,76,2461,2800,0.484417,32,8.53792,0,0,266261102591
36.7133,27.2381,6.35697,69,72,76,2461,2800,0.484417,32,8.53792,0,0,266288340873
37.2642,26.8354,6.35697,69,72,76,2461,2800,0.484417,32,8.53792,0,0,266315175819
35.0519,28.5291,6.35697,69,72,76,2461,2800,0.484417,32,8.53792,0,0,266343705464
32.0574,31.1941,6.35697,69,72,76,2461,2800,0.484417,32,8.53792,0,0,266374899146
38.8984,25.708,6.35697,69,72,76,2461,2800,0.484417,32,8.53792,0,0,266400608270
36.9115,27.0918,6.35697,69,72,76,2461,2800,0.484417,32,8.53792,0,0,266427700609
34.7237,28.7988,6.35697,69,72,76,2461,2800,0.484417,32,8.53792,0,0,266456502745
35.8922,27.8612,5.91074,70,70,77,2543,2800,0.484417,32,8.53378,0,0,266484362232
37.5008,26.6661,5.91074,70,70,77,2543,2800,0.484417,32,8.53378,0,0,266511027240
32.3852,30.8783,5.91074,70,70,77,2543,2800,0.484417,32,8.53378,0,0,266541907434
32.1789,31.0762,5.91074,70,70,77,2543,2800,0.484417,32,8.53378,0,0,266572982443
36.6796,27.2631,5.91074,70,70,77,2543,2800,0.484417,32,8.53378,0,0,266600246153
37.053,26.9883,5.91074,70,70,77,2543,2800,0.484417,32,8.53378,0,0,266627234948
34.3808,29.086,5.91074,70,70,77,2543,2800,0.484417,32,8.53378,0,0,266656320004
36.9477,27.0653,5.91074,70,70,77,2543,2800,0.484417,32,8.53378,0,0,266683386705
35.218,28.3946,5.91074,70,70,77,2543,2800,0.484417,32,8.53378,0,0,266711782298
30.3922,32.9032,5.91074,70,70,77,2543,2800,0.484417,32,8.53378,0,0,266744685046
34.3047,29.1505,5.91074,70,70,77,2543,2800,0.484417,32,8.53378,0,0,266773836898
38.8096,25.7668,5.91074,70,70,77,2543,2800,0.484417,32,8.53378,0,0,266799604752
37.0834,26.9662,5.91074,70,70,77,2543,2800,0.484417,32,8.53378,0,0,266826569552
37.3109,26.8018,5.91074,70,70,77,2543,2800,0.484417,32,8.53378,0,0,266853373850
37.2308,26.8595,5.91074,70,70,77,2543,2800,0.484417,32,8.53378,0,0,266880231268
34.6492,28.8607,5.91074,70,70,77,2543,2800,0.484417,32,8.53378,0,0,266909092766
34.1125,29.3148,5.91074,70,70,77,2543,2800,0.484417,32,8.53378,0,0,266938408054
34.8777,28.6716,5.91074,70,70,77,2543,2800,0.484417,32,8.53378,0,0,266967084424
33.5563,29.8007,5.59006,72,72,78,2447,2800,0.484417,36,8.53423,0,0,266996879753
32.9631,30.337,5.59006,72,72,78,2447,2800,0.484417,36,8.53423,0,0,267027217249
33.2617,30.0647,5.59006,72,72,78,2447,2800,0.484417,36,8.53423,0,0,267057283606
31.3315,31.9168,5.59006,72,72,78,2447,2800,0.484417,36,8.53423,0,0,267089199333
33.4732,29.8746,5.59006,72,72,78,2447,2800,0.484417,36,8.53423,0,0,267119075654
33.5985,29.7633,5.59006,72,72,78,2447,2800,0.484417,36,8.53423,0,0,267148838822
33.6192,29.7449,5.59006,72,72,78,2447,2800,0.484417,36,8.53423,0,0,267178584157
30.2083,33.1035,5.59006,72,72,78,2447,2800,0.484417,36,8.53423,0,0,267211688473
30.3099,32.9925,5.59006,72,72,78,2447,2800,0.484417,36,8.53423,0,0,267244680528
29.864,33.4851,5.59006,72,72,78,2447,2800,0.484417,36,8.53423,0,0,267278166220
33.6308,29.7347,5.59006,72,72,78,2447,2800,0.484417,36,8.53423,0,0,267307900454
30.8698,32.3941,5.59006,72,72,78,2447,2800,0.484417,36,8.53423,0,0,267340295960
34.8627,28.684,5.59006,72,72,78,2447,2800,0.484417,36,8.53423,0,0,267368980455
31.617,31.6285,5.59006,72,72,78,2447,2800,0.484417,36,8.53423,0,0,267400608602
32.3473,30.9145,5.59006,72,72,78,2447,2800,0.484417,36,8.53423,0,0,267431523461
31.877,31.3706,5.59006,72,72,78,2447,2800,0.484417,36,8.53423,0,0,267462893634
31.4667,31.7797,5.59006,72,72,78,2447,2800,0.484417,36,8.53423,0,0,267494677012
32.5538,30.7184,5.14354,74,73,79,2486,2800,0.484417,33,8.53423,0,0,267525391676
31.351,31.8969,5.14354,74,73,79,2486,2800,0.484417,33,8.53423,0,0,267557290470
33.067,30.2416,5.14354,74,73,79,2486,2800,0.484417,33,8.53423,0,0,267587531926
32.7514,30.533,5.14354,74,73,79,2486,2800,0.484417,33,8.53423,0,0,267618065660
33.1201,30.1932,5.14354,74,73,79,2486,2800,0.484417,33,8.53423,0,0,267648258224
32.2706,30.9879,5.14354,74,73,79,2486,2800,0.484417,33,8.53423,0,0,267679246931
34.1414,29.29,5.14354,74,73,79,2486,2800,0.484417,33,8.53423,0,0,267708537083
32.4904,30.7783,5.14354,74,73,79,2486,2800,0.484417,33,8.53423,0,0,267739315786
34.093,29.3315,5.14354,74,73,79,2486,2800,0.484417,33,8.53423,0,0,267768647846
33.2631,30.0633,5.14354,74,73,79,2486,2800,0.484417,33,8.53423,0,0,267798710747
31.1382,32.1149,5.14354,74,73,79,2486,2800,0.484417,33,8.53423,0,0,267830825276
32.8084,30.48,5.14354,74,73,79,2486,2800,0.484417,33,8.53423,0,0,267861306582
31.4522,31.7942,5.14354,74,73,79,2486,2800,0.484417,33,8.53423,0,0,267893100049
32.9212,30.3756,5.14354,74,73,79,2486,2800,0.484417,33,8.53423,0,0,267923476247
33.1667,30.1507,5.14354,74,73,79,2486,2800,0.484417,33,8.53423,0,0,267953628456
31.741,31.505,5.14354,74,73,79,2486,2800,0.484417,33,8.53423,0,0,267985132229
31.8134,31.4333,5.14354,74,73,79,2486,2800,0.484417,33,8.53423,0,0,268016570219
31.9548,31.2942,5.21845,75,71,76,2488,2800,0.484417,32,8.53474,0,0,268047861194
32.2169,31.0396,5.21845,75,71,76,2488,2800,0.484417,32,8.53474,0,0,268078901408
33.1913,30.1284,5.21845,75,71,76,2488,2800,0.484417,32,8.53474,0,0,268109029601
33.9463,29.4583,5.21845,75,71,76,2488,2800,0.484417,32,8.53474,0,0,268138488319
35.1484,28.4508,5.21845,75,71,76,2488,2800,0.484417,32,8.53474,0,0,268166940508
33.3229,30.0094,5.21845,75,71,76,2488,2800,0.484417,32,8.53474,0,0,268196948807
32.5892,30.685,5.21845,75,71,76,2488,2800,0.484417,32,8.53474,0,0,268227634386
35.0665,28.5172,5.21845,75,71,76,2488,2800,0.484417,32,8.53474,0,0,268256151467
35.3429,28.2942,5.21845,75,71,76,2488,2800,0.484417,32,8.53474,0,0,268284447814
36.4366,27.4449,5.21845,75,71,76,2488,2800,0.484417,32,8.53474,0,0,268311890871
33.8659,29.5282,5.21845,75,71,76,2488,2800,0.484417,32,8.53474,0,0,268341418958
36.5591,27.3529,5.21845,75,71,76,2488,2800,0.484417,32,8.53474,0,0,268368773960
33.78,29.6033,5.21845,75,71,76,2488,2800,0.484417,32,8.53474,0,0,268398376838
34.0523,29.3666,5.21845,75,71,76,2488,2800,0.484417,32,8.53474,0,0,268427743022
34.7826,28.75,5.21845,75,71,76,2488,2800,0.484417,32,8.53474,0,0,268456494252
35.1865,28.42,5.21845,75,71,76,2488,2800,0.484417,32,8.53474,0,0,268484913069
35.857,27.8886,5.21845,75,71,76,2488,2800,0.484417,32,8.53474,0,0,268512801792
35.2489,28.3697,5.21845,75,71,76,2488,2800,0.484417,32,8.53474,0,0,268541173410
37.7459,26.4929,5.52885,76,72,80,2370,2800,0.484417,36,8.53476,0,0,268567665052
34.5904,28.9098,5.52885,76,72,80,2370,2800,0.484417,36,8.53476,0,0,268596575481
33.9901,29.4203,5.52885,76,72,80,2370,2800,0.484417,36,8.53476,0,0,268625996197
30.7145,32.5579,5.52885,76,72,80,2370,2800,0.484417,36,8.53476,0,0,268658553257
32.3661,30.8965,5.52885,76,72,80,2370,2800,0.484417,36,8.53476,0,0,268689452206
33.7361,29.6419,5.52885,76,72,80,2370,2800,0.484417,36,8.53476,0,0,268719093175
33.3097,30.0213,5.52885,76,72,80,2370,2800,0.484417,36,8.53476,0,0,268749114288
34.2548,29.193,5.52885,76,72,80,2370,2800,0.484417,36,8.53476,0,0,268778309060
34.023,29.3919,5.52885,76,72,80,2370,2800,0.484417,36,8.53476,0,0,268807699990
35.8811,27.8698,5.52885,76,72,80,2370,2800,0.484417,36,8.53476,0,0,268835570469
32.1089,31.144,5.52885,76,72,80,2370,2800,0.484417,36,8.53476,0,0,268866713335
32.1051,31.1477,5.52885,76,72,80,2370,2800,0.484417,36,8.53476,0,0,268897863045
34.049,29.3694,5.52885,76,72,80,2370,2800,0.484417,36,8.53476,0,0,268927232054
34.3082,29.1476,5.52885,76,72,80,2370,2800,0.484417,36,8.53476,0,0,268956379929
34.1944,29.2445,5.52885,76,72,80,2370,2800,0.484417,36,8.53476,0,0,268985624935
36.2184,27.6103,5.52885,76,72,80,2370,2800,0.484417,36,8.53476,0,0,269013234274
35.0821,28.5046,5.52885,76,72,80,2370,2800,0.484417,36,8.53476,0,0,269041742478
38.6161,25.8959,5.30303,77,72,80,2359,2800,0.484417,36,8.54172,0,0,269067636409
38.2817,26.1222,5.30303,77,72,80,2359,2800,0.484417,36,8.54172,0,0,269093758989
38.9184,25.6948,5.30303,77,72,80,2359,2800,0.484417,36,8.54172,0,0,269119452323
41.0488,24.3613,5.30303,77,72,80,2359,2800,0.484417,36,8.54172,0,0,269143816044
41.0549,24.3576,5.30303,77,72,80,2359,2800,0.484417,36,8.54172,0,0,269168173042
38.1655,26.2017,5.30303,77,72,80,2359,2800,0.484417,36,8.54172,0,0,269194374630
37.9613,26.3427,5.30303,77,72,80,2359,2800,0.484417,36,8.54172,0,0,269220718034
38.8718,25.7256,5.30303,77,72,80,2359,2800,0.484417,36,8.54172,0,0,269246444460
37.7929,26.46,5.30303,77,72,80,2359,2800,0.484417,36,8.54172,0,0,269272904022
39.6111,25.2454,5.30303,77,72,80,2359,2800,0.484417,36,8.54172,0,0,269298148535
40.1925,24.8803,5.30303,77,72,80,2359,2800,0.484417,36,8.54172,0,0,269323030528
37.9429,26.3554,5.30303,77,72,80,2359,2800,0.484417,36,8.54172,0,0,269349386645
38.6829,25.8512,5.30303,77,72,80,2359,2800,0.484417,36,8.54172,0,0,269375238087
40.714,24.5616,5.30303,77,72,80,2359,2800,0.484417,36,8.54172,0,0,269399801121
38.5673,25.9287,5.30303,77,72,80,2359,2800,0.484417,36,8.54172,0,0,269425730178
38.0031,26.3136,5.30303,77,72,80,2359,2800,0.484417,36,8.54172,0,0,269452043365
37.2082,26.8758,5.30303,77,72,80,2359,2800,0.484417,36,8.54172,0,0,269478917524
40.5312,24.6724,5.30303,77,72,80,2359,2800,0.484417,36,8.54172,0,0,269503589954
25.539,39.1558,5.30303,77,72,80,2359,2800,0.484417,36,8.54172,0,0,269542749739
43.415,23.0335,5.56258,77,72,74,2255,2800,0.484417,39,8.54161,0,0,269565780899
36.9581,27.0577,5.56258,77,72,74,2255,2800,0.484417,39,8.54161,0,0,269592838703
39.031,25.6206,5.56258,77,72,74,2255,2800,0.484417,39,8.54161,0,0,269618459201
39.8007,25.1252,5.56258,77,72,74,2255,2800,0.484417,39,8.54161,0,0,269643585242
38.7326,25.818,5.56258,77,72,74,2255,2800,0.484417,39,8.54161,0,0,269669403631
38.6072,25.9019,5.56258,77,72,74,2255,2800,0.484417,39,8.54161,0,0,269695306659
38.5062,25.9699,5.56258,77,72,74,2255,2800,0.484417,39,8.54161,0,0,269721276342
37.8257,26.4371,5.56258,77,72,74,2255,2800,0.484417,39,8.54161,0,0,269747714073
39.0621,25.6003,5.56258,77,72,74,2255,2800,0.484417,39,8.54161,0,0,269773313030
40.4034,24.7504,5.56258,77,72,74,2255,2800,0.484417,39,8.54161,0,0,269798064378
38.7761,25.7891,5.56258,77,72,74,2255,2800,0.484417,39,8.54161,0,0,269823854504
36.5216,27.3811,5.56258,77,72,74,2255,2800,0.484417,39,8.54161,0,0,269851234522
41.5855,24.0468,5.56258,77,72,74,2255,2800,0.484417,39,8.54161,0,0,269875282451
37.0104,27.0194,5.56258,77,72,74,2255,2800,0.484417,39,8.54161,0,0,269902300921
37.8767,26.4014,5.56258,77,72,74,2255,2800,0.484417,39,8.54161,0,0,269928703987
38.6809,25.8525,5.56258,77,72,74,2255,2800,0.484417,39,8.54161,0,0,269954556680
36.061,27.7308,5.56258,77,72,74,2255,2800,0.484417,39,8.54161,0,0,269982287206
38.7641,25.7971,5.56258,77,72,74,2255,2800,0.484417,39,8.54161,0,0,270008084686
39.8706,25.0811,5.56258,77,72,74,2255,2800,0.484417,39,8.54161,0,0,270033167405
37.7427,26.4952,5.56258,77,72,74,2255,2800,0.484417,39,8.54161,0,0,270059667132
38.9453,25.677,5.75275,75,72,77,2396,2800,0.484417,32,8.54148,0,0,270085338005
38.6257,25.8895,5.75275,75,72,77,2396,2800,0.484417,32,8.54148,0,0,270111228890
41.7682,23.9417,5.75275,75,72,77,2396,2800,0.484417,32,8.54148,0,0,270135171581
37.9276,26.366,5.75275,75,72,77,2396,2800,0.484417,32,8.54148,0,0,270161538318
35.3035,28.3258,5.75275,75,72,77,2396,2800,0.484417,32,8.54148,0,0,270189863390
37.8252,26.4374,5.75275,75,72,77,2396,2800,0.484417,32,8.54148,0,0,270216300098
40.293,24.8182,5.75275,75,72,77,2396,2800,0.484417,32,8.54148,0,0,270241119293
37.9916,26.3216,5.75275,75,72,77,2396,2800,0.484417,32,8.54148,0,0,270267442570
35.884,27.8676,5.75275,75,72,77,2396,2800,0.484417,32,8.54148,0,0,270295308680
35.0525,28.5287,5.75275,75,72,77,2396,2800,0.484417,32,8.54148,0,0,270323839126
39.1179,25.5638,5.75275,75,72,77,2396,2800,0.484417,32,8.54148,0,0,270349403689
38.7875,25.7815,5.75275,75,72,77,2396,2800,0.484417,32,8.54148,0,0,270375183877
40.5978,24.6319,5.75275,75,72,77,2396,2800,0.484417,32,8.54148,0,0,270399815800
37.7882,26.4633,5.75275,75,72,77,2396,2800,0.484417,32,8.54148,0,0,270426280001
40.2546,24.8419,5.75275,75,72,77,2396,2800,0.484417,32,8.54148,0,0,270451121888
38.5026,25.9722,5.75275,75,72,77,2396,2800,0.484417,32,8.54148,0,0,270477093695
39.9553,25.028,5.75275,75,72,77,2396,2800,0.484417,32,8.54148,0,0,270502122794
36.2695,27.5714,5.75275,75,72,77,2396,2800,0.484417,32,8.54148,0,0,270529695113
40.3005,24.8136,5.75275,75,72,77,2396,2800,0.484417,32,8.54148,0,0,270554509008
37.7097,26.5184,5.75275,75,72,77,2396,2800,0.484417,32,8.54148,0,0,270581028502
39.0799,25.5886,5.83942,74,71,78,2457,2800,0.484417,33,8.54129,0,0,270606614936
41.8068,23.9196,5.83942,74,71,78,2457,2800,0.484417,33,8.54129,0,0,270630535395
36.7507,27.2104,5.83942,74,71,78,2457,2800,0.484417,33,8.54129,0,0,270657745264
31.0354,32.2212,5.83942,74,71,78,2457,2800,0.484417,33,8.54129,0,0,270689966454
36.7897,27.1815,5.83942,74,71,78,2457,2800,0.484417,33,8.54129,0,0,270717147970
37.7514,26.4891,5.83942,74,71,78,2457,2800,0.484417,33,8.54129,0,0,270743639371
41.1859,24.2802,5.83942,74,71,78,2457,2800,0.484417,33,8.54129,0,0,270767919435
37.4555,26.6983,5.83942,74,71,78,2457,2800,0.484417,33,8.54129,0,0,270794616913
37.7153,26.5145,5.83942,74,71,78,2457,2800,0.484417,33,8.54129,0,0,270821132029
39.6296,25.2337,5.83942,74,71,78,2457,2800,0.484417,33,8.54129,0,0,270846367094
37.2995,26.81,5.83942,74,71,78,2457,2800,0.484417,33,8.54129,0,0,270873176242
37.5492,26.6317,5.83942,74,71,78,2457,2800,0.484417,33,8.54129,0,0,270899808177
34.1995,29.2402,5.83942,74,71,78,2457,2800,0.484417,33,8.54129,0,0,270929049316
34.811,28.7265,5.83942,74,71,78,2457,2800,0.484417,33,8.54129,0,0,270957776782
35.0105,28.5629,5.83942,74,71,78,2457,2800,0.484417,33,8.54129,0,0,270986338627
35.7271,27.9899,5.83942,74,71,78,2457,2800,0.484417,33,8.54129,0,0,271014330333
36.8001,27.1738,5.83942,74,71,78,2457,2800,0.484417,33,8.54129,0,0,271041504325
39.9206,25.0497,5.83942,74,71,78,2457,2800,0.484417,33,8.54129,0,0,271066552569
38.3457,26.0786,5.83942,74,71,78,2457,2800,0.484417,33,8.54129,0,0,271092633521
36.74,27.2183,5.94059,73,74,76,2407,2800,0.484417,36,8.53945,0,0,271119850604
37.4098,26.731,5.94059,73,74,76,2407,2800,0.484417,36,8.53945,0,0,271146580603
35.7126,28.0013,5.94059,73,74,76,2407,2800,0.484417,36,8.53945,0,0,271174583309
39.7165,25.1784,5.94059,73,74,76,2407,2800,0.484417,36,8.53945,0,0,271199761758
40.1599,24.9005,5.94059,73,74,76,2407,2800,0.484417,36,8.53945,0,0,271224662185
38.6163,25.8958,5.94059,73,74,76,2407,2800,0.484417,36,8.53945,0,0,271250557479
34.0627,29.3576,5.94059,73,74,76,2407,2800,0.484417,36,8.53945,0,0,271279917060
38.7267,25.822,5.94059,73,74,76,2407,2800,0.484417,36,8.53945,0,0,271305740269
38.4314,26.0204,5.94059,73,74,76,2407,2800,0.484417,36,8.53945,0,0,271331760356
40.3038,24.8116,5.94059,73,74,76,2407,2800,0.484417,36,8.53945,0,0,271356571295
36.4084,27.4662,5.94059,73,74,76,2407,2800,0.484417,36,8.53945,0,0,271384037435
38.6002,25.9066,5.94059,73,74,76,2407,2800,0.484417,36,8.53945,0,0,271409944391
40.2078,24.8708,5.94059,73,74,76,2407,2800,0.484417,36,8.53945,0,0,271434815804
39.3654,25.403,5.94059,73,74,76,2407,2800,0.484417,36,8.53945,0,0,271460218894
38.7385,25.8141,5.94059,73,74,76,2407,2800,0.484417,36,8.53945,0,0,271486032764
37.9982,26.317,5.94059,73,74,76,2407,2800,0.484417,36,8.53945,0,0,271512349779
33.8033,29.5829,5.94059,73,74,76,2407,2800,0.484417,36,8.53945,0,0,271541932850
35.5226,28.1511,5.94059,73,74,76,2407,2800,0.484417,36,8.53945,0,0,271570086850
36.9735,27.0464,5.94059,73,74,76,2407,2800,0.484417,36,8.53945,0,0,271597135557
34.4218,29.0513,6.26566,72,72,75,2396,2800,0.484417,26,8.50799,0,0,271626182632
38.0112,26.3081,6.26566,72,72,75,2396,2800,0.484417,26,8.50799,0,0,271652491020
35.8173,27.9195,6.26566,72,72,75,2396,2800,0.484417,26,8.50799,0,0,271680411412
35.1507,28.4489,6.26566,72,72,75,2396,2800,0.484417,26,8.50799,0,0,271708863111
39.3736,25.3977,6.26566,72,72,75,2396,2800,0.484417,26,8.50799,0,0,271734258176
39.7249,25.1731,6.26566,72,72,75,2396,2800,0.484417,26,8.50799,0,0,271759432357
39.1161,25.5649,6.26566,72,72,75,2396,2800,0.484417,26,8.50799,0,0,271784997351
38.6242,25.8905,6.26566,72,72,75,2396,2800,0.484417,26,8.50799,0,0,271810888606
31.4891,31.7571,6.26566,72,72,75,2396,2800,0.484417,26,8.50799,0,0,271842647929
41.777,23.9366,6.26566,72,72,75,2396,2800,0.484417,26,8.50799,0,0,271866584088
38.4182,26.0293,6.26566,72,72,75,2396,2800,0.484417,26,8.50799,0,0,271892611419
37.9235,26.3689,6.26566,72,72,75,2396,2800,0.484417,26,8.50799,0,0,271918982375
37.4962,26.6694,6.26566,72,72,75,2396,2800,0.484417,26,8.50799,0,0,271945650097
41.2147,24.2632,6.26566,72,72,75,2396,2800,0.484417,26,8.50799,0,0,271969914912
34.803,28.7331,6.26566,72,72,75,2396,2800,0.484417,26,8.50799,0,0,271998649070
36.6265,27.3027,6.26566,72,72,75,2396,2800,0.484417,26,8.50799,0,0,272025949670
37.5241,26.6495,6.26566,72,72,75,2396,2800,0.484417,26,8.50799,0,0,272052599749
39.9955,25.0028,6.26566,72,72,75,2396,2800,0.484417,26,8.50799,0,0,272077603961
41.1715,24.2887,6.26566,72,72,75,2396,2800,0.484417,26,8.50799,0,0,272101893693
36.1886,27.633,6.2422,71,73,76,2400,2800,0.484417,35,8.44912,0,0,272129526094
38.7029,25.8378,6.2422,71,73,76,2400,2800,0.484417,35,8.44912,0,0,272155364020
39.8789,25.0759,6.2422,71,73,76,2400,2800,0.484417,35,8.44912,0,0,272180440037
38.7253,25.8229,6.2422,71,73,76,2400,2800,0.484417,35,8.44912,0,0,272206262283
38.2708,26.1296,6.2422,71,73,76,2400,2800,0.484417,35,8.44912,0,0,272232391956
40.3949,24.7556,6.2422,71,73,76,2400,2800,0.484417,35,8.44912,0,0,272257148393
33.2594,30.0667,6.2422,71,73,76,2400,2800,0.484417,35,8.44912,0,0,272287214611
35.7106,28.0029,6.2422,71,73,76,2400,2800,0.484417,35,8.44912,0,0,272315217307
37.9894,26.3231,6.2422,71,73,76,2400,2800,0.484417,35,8.44912,0,0,272341542757
40.6081,24.6257,6.2422,71,73,76,2400,2800,0.484417,35,8.44912,0,0,272366167277
38.661,25.8658,6.2422,71,73,76,2400,2800,0.484417,35,8.44912,0,0,272392034969
38.8643,25.7306,6.2422,71,73,76,2400,2800,0.484417,35,8.44912,0,0,272417765443
39.0455,25.6111,6.2422,71,73,76,2400,2800,0.484417,35,8.44912,0,0,272443377355
40.104,24.9352,6.2422,71,73,76,2400,2800,0.484417,35,8.44912,0,0,272468313429
37.7011,26.5245,6.2422,71,73,76,2400,2800,0.484417,35,8.44912,0,0,272494837702
40.4466,24.7239,6.2422,71,73,76,2400,2800,0.484417,35,8.44912,0,0,272519562339
36.1124,27.6913,6.2422,71,73,76,2400,2800,0.484417,35,8.44912,0,0,272547252570
39.0889,25.5827,6.2422,71,73,76,2400,2800,0.484417,35,8.44912,0,0,272572835928
40.4759,24.7061,6.2422,71,73,76,2400,2800,0.484417,35,8.44912,0,0,272597542422
38.1479,26.2138,6.2422,71,73,76,2400,2800,0.484417,35,8.44912,0,0,272623758286
39.7787,25.1391,5.9322,71,71,78,2420,2800,0.484417,32,8.44819,0,0,272648895177
36.4592,27.4279,5.9322,71,71,78,2420,2800,0.484417,32,8.44819,0,0,272676324768
41.9097,23.8608,5.9322,71,71,78,2420,2800,0.484417,32,8.44819,0,0,272700186147
36.8562,27.1325,5.9322,71,71,78,2420,2800,0.484417,32,8.44819,0,0,272727316326
37.5818,26.6086,5.9322,71,71,78,2420,2800,0.484417,32,8.44819,0,0,272753925379
35.6887,28.0201,5.9322,71,71,78,2420,2800,0.484417,32,8.44819,0,0,272781947031
34.6923,28.8248,5.9322,71,71,78,2420,2800,0.484417,32,8.44819,0,0,272810770767
41.037,24.3682,5.9322,71,71,78,2420,2800,0.484417,32,8.44819,0,0,272835139066
37.0214,27.0114,5.9322,71,71,78,2420,2800,0.484417,32,8.44819,0,0,272862151144
39.259,25.4718,5.9322,71,71,78,2420,2800,0.484417,32,8.44819,0,0,272887623104
36.0916,27.7073,5.9322,71,71,78,2420,2800,0.484417,32,8.44819,0,0,272915332821
35.5642,28.1182,5.9322,71,71,78,2420,2800,0.484417,32,8.44819,0,0,272943449661
38.0095,26.3092,5.9322,71,71,78,2420,2800,0.484417,32,8.44819,0,0,272969758610
39.0336,25.619,5.9322,71,71,78,2420,2800,0.484417,32,8.44819,0,0,272995378557
37.3682,26.7607,5.9322,71,71,78,2420,2800,0.484417,32,8.44819,0,0,273022138984
37.3054,26.8058,5.9322,71,71,78,2420,2800,0.484417,32,8.44819,0,0,273048946618
35.1729,28.431,5.9322,71,71,78,2420,2800,0.484417,32,8.44819,0,0,273077377478
38.731,25.8191,5.9322,71,71,78,2420,2800,0.484417,32,8.44819,0,0,273103197350
39.1245,25.5595,5.9322,71,71,78,2420,2800,0.484417,32,8.44819,0,0,273128762223
37.5229,26.6504,6.375,70,74,76,2375,2800,0.484417,41,8.44547,0,0,273155406722
37.5715,26.6159,6.375,70,74,76,2375,2800,0.484417,41,8.44547,0,0,273182022327
37.8048,26.4517,6.375,70,74,76,2375,2800,0.484417,41,8.44547,0,0,273208475817
39.4134,25.3721,6.375,70,74,76,2375,2800,0.484417,41,8.44547,0,0,273233848129
37.9073,26.3801,6.375,70,74,76,2375,2800,0.484417,41,8.44547,0,0,273260226599
37.7421,26.4956,6.375,70,74,76,2375,2800,0.484417,41,8.44547,0,0,273286722469
38.1843,26.1887,6.375,70,74,76,2375,2800,0.484417,41,8.44547,0,0,273312913327
43.0641,23.2212,6.375,70,74,76,2375,2800,0.484417,41,8.44547,0,0,273336133412
35.714,28.0002,6.375,70,74,76,2375,2800,0.484417,41,8.44547,0,0,273364133504
40.0482,24.9699,6.375,70,74,76,2375,2800,0.484417,41,8.44547,0,0,273389104083
39.6579,25.2156,6.375,70,74,76,2375,2800,0.484417,41,8.44547,0,0,273414321414
36.1674,27.6492,6.375,70,74,76,2375,2800,0.484417,41,8.44547,0,0,273441970437
41.7514,23.9513,6.375,70,74,76,2375,2800,0.484417,41,8.44547,0,0,273465922496
38.3777,26.0568,6.375,70,74,76,2375,2800,0.484417,41,8.44547,0,0,273491978420
38.6075,25.9017,6.375,70,74,76,2375,2800,0.484417,41,8.44547,0,0,273517880486
37.5978,26.5973,6.375,70,74,76,2375,2800,0.484417,41,8.44547,0,0,273544477596
41.5493,24.0678,6.375,70,74,76,2375,2800,0.484417,41,8.44547,0,0,273568547105
37.7938,26.4594,6.375,70,74,76,2375,2800,0.484417,41,8.44547,0,0,273595006697
39.4144,25.3714,6.375,70,74,76,2375,2800,0.484417,41,8.44547,0,0,273620376955
37.7831,26.4669,6.375,70,74,76,2375,2800,0.484417,41,8.44547,0,0,273646847808
33.9723,29.4358,6.43985,70,72,77,2418,2800,0.484417,37,8.44533,0,0,273676279976
37.4878,26.6753,6.43985,70,72,77,2418,2800,0.484417,37,8.44533,0,0,273702955613
40.3121,24.8064,6.43985,70,72,77,2418,2800,0.484417,37,8.44533,0,0,273727762134
39.2583,25.4723,6.43985,70,72,77,2418,2800,0.484417,37,8.44533,0,0,273753237761
34.4807,29.0017,6.43985,70,72,77,2418,2800,0.484417,37,8.44533,0,0,273782237477
37.1777,26.8978,6.43985,70,72,77,2418,2800,0.484417,37,8.44533,0,0,273809136403
41.4742,24.1114,6.43985,70,72,77,2418,2800,0.484417,37,8.44533,0,0,273833247770
37.9122,26.3767,6.43985,70,72,77,2418,2800,0.484417,37,8.44533,0,0,273859625238
38.3596,26.0691,6.43985,70,72,77,2418,2800,0.484417,37,8.44533,0,0,273885694328
39.7011,25.1882,6.43985,70,72,77,2418,2800,0.484417,37,8.44533,0,0,273910882775
38.8934,25.7113,6.43985,70,72,77,2418,2800,0.484417,37,8.44533,0,0,273936594153
36.8917,27.1064,6.43985,70,72,77,2418,2800,0.484417,37,8.44533,0,0,273963699797
40.1555,24.9032,6.43985,70,72,77,2418,2800,0.484417,37,8.44533,0,0,273988604923
38.6957,25.8427,6.43985,70,72,77,2418,2800,0.484417,37,8.44533,0,0,274014448099
36.9003,27.1001,6.43985,70,72,77,2418,2800,0.484417,37,8.44533,0,0,274041548112
39.3796,25.3939,6.43985,70,72,77,2418,2800,0.484417,37,8.44533,0,0,274066940823
37.1953,26.8851,6.43985,70,72,77,2418,2800,0.484417,37,8.44533,0,0,274093827015
37.8821,26.3977,6.43985,70,72,77,2418,2800,0.484417,37,8.44533,0,0,274120224600
33.3672,29.9696,6.43985,70,72,77,2418,2800,0.484417,37,8.44533,0,0,274150199556
37.9033,26.383,5.91195,70,73,76,2371,2800,0.484417,25,8.44575,0,0,274176578547
33.0504,30.2568,5.91195,70,73,76,2371,2800,0.484417,25,8.44575,0,0,274206834189
37.5914,26.6018,5.91195,70,73,76,2371,2800,0.484417,25,8.44575,0,0,274233437341
39.9984,25.001,5.91195,70,73,76,2371,2800,0.484417,25,8.44575,0,0,274258438637
38.5188,25.9613,5.91195,70,73,76,2371,2800,0.484417,25,8.44575,0,0,274284398872
38.8658,25.7296,5.91195,70,73,76,2371,2800,0.484417,25,8.44575,0,0,274310128645
39.1798,25.5233,5.91195,70,73,76,2371,2800,0.484417,25,8.44575,0,0,274335652812
37.9261,26.3671,5.91195,70,73,76,2371,2800,0.484417,25,8.44575,0,0,274362019841
37.3325,26.7863,5.91195,70,73,76,2371,2800,0.484417,25,8.44575,0,0,274388806115
38.2807,26.1228,5.91195,70,73,76,2371,2800,0.484417,25,8.44575,0,0,274414930498
38.9928,25.6457,5.91195,70,73,76,2371,2800,0.484417,25,8.44575,0,0,274440574861
40.2841,24.8237,5.91195,70,73,76,2371,2800,0.484417,25,8.44575,0,0,274465399356
38.1521,26.2109,5.91195,70,73,76,2371,2800,0.484417,25,8.44575,0,0,274491609781
39.004,25.6384,5.91195,70,73,76,2371,2800,0.484417,25,8.44575,0,0,274517249034
39.338,25.4207,5.91195,70,73,76,2371,2800,0.484417,25,8.44575,0,0,274542671380
37.5308,26.6448,5.91195,70,73,76,2371,2800,0.484417,25,8.44575,0,0,274569315788
41.0251,24.3753,5.91195,70,73,76,2371,2800,0.484417,25,8.44575,0,0,274593692614
36.8299,27.1519,5.91195,70,73,76,2371,2800,0.484417,25,8.44575,0,0,274620843562
37.511,26.6588,5.91195,70,73,76,2371,2800,0.484417,25,8.44575,0,0,274647501556
37.8547,26.4168,5.91195,70,73,76,2371,2800,0.484417,25,8.44575,0,0,274673922726
40.0594,24.9629,6.04595,70,73,77,2403,2800,0.484417,28,8.4452,0,0,274698881112
38.0848,26.2572,6.04595,70,73,77,2403,2800,0.484417,28,8.4452,0,0,274725138916
37.1497,26.9181,6.04595,70,73,77,2403,2800,0.484417,28,8.4452,0,0,274752057088
40.3804,24.7645,6.04595,70,73,77,2403,2800,0.484417,28,8.4452,0,0,274776823944
33.9725,29.4355,6.04595,70,73,77,2403,2800,0.484417,28,8.4452,0,0,274806259178
39.1805,25.5229,6.04595,70,73,77,2403,2800,0.484417,28,8.4452,0,0,274831782574
39.0375,25.6164,6.04595,70,73,77,2403,2800,0.484417,28,8.4452,0,0,274857397411
38.4636,25.9986,6.04595,70,73,77,2403,2800,0.484417,28,8.4452,0,0,274883398132
37.9806,26.3292,6.04595,70,73,77,2403,2800,0.484417,28,8.4452,0,0,274909725967
37.6924,26.5305,6.04595,70,73,77,2403,2800,0.484417,28,8.4452,0,0,274936256893
36.8229,27.157,6.04595,70,73,77,2403,2800,0.484417,28,8.4452,0,0,274963413883
38.5748,25.9237,6.04595,70,73,77,2403,2800,0.484417,28,8.4452,0,0,274989339513
36.833,27.1495,6.04595,70,73,77,2403,2800,0.484417,28,8.4452,0,0,275016488728
37.8471,26.4221,6.04595,70,73,77,2403,2800,0.484417,28,8.4452,0,0,275042912643
29.9866,33.3482,6.04595,70,73,77,2403,2800,0.484417,28,8.4452,0,0,275076259795
38.2229,26.1623,6.04595,70,73,77,2403,2800,0.484417,28,8.4452,0,0,275102422840
34.7761,28.7554,6.04595,70,73,77,2403,2800,0.484417,28,8.4452,0,0,275131177166
37.4003,26.7378,6.04595,70,73,77,2403,2800,0.484417,28,8.4452,0,0,275157916553
37.6083,26.5899,6.04595,70,73,77,2403,2800,0.484417,28,8.4452,0,0,275184510677
38.3348,26.086,6.30408,70,72,75,2352,2800,0.484417,33,8.44952,0,0,275210593252
36.1863,27.6348,6.30408,70,72,75,2352,2800,0.484417,33,8.44952,0,0,275238228620
36.3343,27.5222,6.30408,70,72,75,2352,2800,0.484417,33,8.44952,0,0,275265749823
32.6185,30.6575,6.30408,70,72,75,2352,2800,0.484417,33,8.44952,0,0,275296409383
37.8396,26.4274,6.30408,70,72,75,2352,2800,0.484417,33,8.44952,0,0,275322836033
32.8413,30.4494,6.30408,70,72,75,2352,2800,0.484417,33,8.44952,0,0,275353284968
35.826,27.9127,6.30408,70,72,75,2352,2800,0.484417,33,8.44952,0,0,275381197044
35.4326,28.2226,6.30408,70,72,75,2352,2800,0.484417,33,8.44952,0,0,275409420525
38.0392,26.2887,6.30408,70,72,75,2352,2800,0.484417,33,8.44952,0,0,275435709296
37.4835,26.6784,6.30408,70,72,75,2352,2800,0.484417,33,8.44952,0,0,275462389592
37.9219,26.37,6.30408,70,72,75,2352,2800,0.484417,33,8.44952,0,0,275488758103
36.1244,27.6822,6.30408,70,72,75,2352,2800,0.484417,33,8.44952,0,0,275516442522
37.7789,26.4698,6.30408,70,72,75,2352,2800,0.484417,33,8.44952,0,0,275542912965
39.2387,25.4851,6.30408,70,72,75,2352,2800,0.484417,33,8.44952,0,0,275568396075
37.9152,26.3746,6.30408,70,72,75,2352,2800,0.484417,33,8.44952,0,0,275594770828
34.7961,28.7388,6.30408,70,72,75,2352,2800,0.484417,33,8.44952,0,0,275623510567
32.3414,30.9201,6.30408,70,72,75,2352,2800,0.484417,33,8.44952,0,0,275654431908
35.8745,27.875,6.30408,70,72,75,2352,2800,0.484417,33,8.44952,0,0,275682305602
37.5266,26.6478,6.30408,70,72,75,2352,2800,0.484417,33,8.44952,0,0,275708957264
28.0568,35.6419,6.39325,70,74,76,2263,2800,0.484417,32,8.4483,0,0,275744595713
34.918,28.6385,6.39325,70,74,76,2263,2800,0.484417,32,8.4483,0,0,275773234493
37.6836,26.5367,6.39325,70,74,76,2263,2800,0.484417,32,8.4483,0,0,275799772692
37.1178,26.9412,6.39325,70,74,76,2263,2800,0.484417,32,8.4483,0,0,275826712635
36.5155,27.3857,6.39325,70,74,76,2263,2800,0.484417,32,8.4483,0,0,275854101520
35.8186,27.9184,6.39325,70,74,76,2263,2800,0.484417,32,8.4483,0,0,275882018205
37.573,26.6148,6.39325,70,74,76,2263,2800,0.484417,32,8.4483,0,0,275908635443
39.0644,25.5988,6.39325,70,74,76,2263,2800,0.484417,32,8.4483,0,0,275934231856
38.7282,25.821,6.39325,70,74,76,2263,2800,0.484417,32,8.4483,0,0,275960055034
36.126,27.6809,6.39325,70,74,76,2263,2800,0.484417,32,8.4483,0,0,275987735145
35.4569,28.2033,6.39325,70,74,76,2263,2800,0.484417,32,8.4483,0,0,276015939059
31.7973,31.4492,6.39325,70,74,76,2263,2800,0.484417,32,8.4483,0,0,276047387859
36.3607,27.5022,6.39325,70,74,76,2263,2800,0.484417,32,8.4483,0,0,276074890107
36.7216,27.2319,6.39325,70,74,76,2263,2800,0.484417,32,8.4483,0,0,276102124132
38.1876,26.1865,6.39325,70,74,76,2263,2800,0.484417,32,8.4483,0,0,276128310020
31.1172,32.1365,6.39325,70,74,76,2263,2800,0.484417,32,8.4483,0,0,276160447492
32.5828,30.691,6.39325,70,74,76,2263,2800,0.484417,32,8.4483,0,0,276191138071
38.516,25.9632,6.39325,70,74,76,2263,2800,0.484417,32,8.4483,0,0,276217105770
38.4147,26.0317,6.34328,70,73,75,2252,2800,0.484417,32,8.44807,0,0,276243134493
39.2152,25.5003,6.34328,70,73,75,2252,2800,0.484417,32,8.44807,0,0,276268633443
36.3926,27.4781,6.34328,70,73,75,2252,2800,0.484417,32,8.44807,0,0,276296113419
39.0216,25.6268,6.34328,70,73,75,2252,2800,0.484417,32,8.44807,0,0,276321740089
37.0686,26.977,6.34328,70,73,75,2252,2800,0.484417,32,8.44807,0,0,276348715959
38.3883,26.0496,6.34328,70,73,75,2252,2800,0.484417,32,8.44807,0,0,276374767856
39.7501,25.1572,6.34328,70,73,75,2252,2800,0.484417,32,8.44807,0,0,276399924755
38.8079,25.768,6.34328,70,73,75,2252,2800,0.484417,32,8.44807,0,0,276425691427
39.4366,25.3571,6.34328,70,73,75,2252,2800,0.484417,32,8.44807,0,0,276451050685
38.9571,25.6693,6.34328,70,73,75,2252,2800,0.484417,32,8.44807,0,0,276476718241
39.2092,25.5042,6.34328,70,73,75,2252,2800,0.484417,32,8.44807,0,0,276502223513
37.157,26.9128,6.34328,70,73,75,2252,2800,0.484417,32,8.44807,0,0,276529135894
36.3115,27.5395,6.34328,70,73,75,2252,2800,0.484417,32,8.44807,0,0,276556676063
29.3523,34.0689,6.34328,70,73,75,2252,2800,0.484417,32,8.44807,0,0,276590746641
37.7377,26.4987,6.34328,70,73,75,2252,2800,0.484417,32,8.44807,0,0,276617243623
40.728,24.5531,6.34328,70,73,75,2252,2800,0.484417,32,8.44807,0,0,276641797089
39.2636,25.4689,6.34328,70,73,75,2252,2800,0.484417,32,8.44807,0,0,276667267165
36.3116,27.5394,6.34328,70,73,75,2252,2800,0.484417,32,8.44807,0,0,276694806793
35.8634,27.8836,6.34328,70,73,75,2252,2800,0.484417,32,8.44807,0,0,276722696377
36.6458,27.2882,6.61673,70,73,78,2324,2800,0.484417,27,8.45095,0,0,276749980025
34.882,28.6681,6.61673,70,73,78,2324,2800,0.484417,27,8.45095,0,0,276778648009
38.4134,26.0326,6.61673,70,73,78,2324,2800,0.484417,27,8.45095,0,0,276804679728
38.4808,25.987,6.61673,70,73,78,2324,2800,0.484417,27,8.45095,0,0,276830667415
38.9863,25.65,6.61673,70,73,78,2324,2800,0.484417,27,8.45095,0,0,276856319693
39.3247,25.4293,6.61673,70,73,78,2324,2800,0.484417,27,8.45095,0,0,276881749363
36.5453,27.3633,6.61673,70,73,78,2324,2800,0.484417,27,8.45095,0,0,276909111067
39.2183,25.4983,6.61673,70,73,78,2324,2800,0.484417,27,8.45095,0,0,276934610057
39.8944,25.0661,6.61673,70,73,78,2324,2800,0.484417,27,8.45095,0,0,276959677918
38.3514,26.0746,6.61673,70,73,78,2324,2800,0.484417,27,8.45095,0,0,276985754261
39.4393,25.3554,6.61673,70,73,78,2324,2800,0.484417,27,8.45095,0,0,277011107347
38.4272,26.0232,6.61673,70,73,78,2324,2800,0.484417,27,8.45095,0,0,277037132204
39.1491,25.5434,6.61673,70,73,78,2324,2800,0.484417,27,8.45095,0,0,277062676920
39.3394,25.4198,6.61673,70,73,78,2324,2800,0.484417,27,8.45095,0,0,277088094677
36.3171,27.5352,6.61673,70,73,78,2324,2800,0.484417,27,8.45095,0,0,277115631340
35.6859,28.0223,6.61673,70,73,78,2324,2800,0.484417,27,8.45095,0,0,277143653753
38.0368,26.2903,6.61673,70,73,78,2324,2800,0.484417,27,8.45095,0,0,277169943867
39.01,25.6345,6.61673,70,73,78,2324,2800,0.484417,27,8.45095,0,0,277195577500
38.9572,25.6692,6.61673,70,73,78,2324,2800,0.484417,27,8.45095,0,0,277221248001
35.6921,28.0174,6.61673,70,73,78,2324,2800,0.484417,27,8.45095,0,0,277249269533
37.9305,26.364,6.01685,70,72,78,2365,2800,0.484417,31,8.45004,0,0,277275630029
41.2295,24.2545,6.01685,70,72,78,2365,2800,0.484417,31,8.45004,0,0,277299885096
38.7006,25.8394,6.01685,70,72,78,2365,2800,0.484417,31,8.45004,0,0,277325723623
37.5151,26.6559,6.01685,70,72,78,2365,2800,0.484417,31,8.45004,0,0,277352380374
37.4672,26.69,6.01685,70,72,78,2365,2800,0.484417,31,8.45004,0,0,277379071440
35.3684,28.2738,6.01685,70,72,78,2365,2800,0.484417,31,8.45004,0,0,277407345907
33.6658,29.7038,6.01685,70,72,78,2365,2800,0.484417,31,8.45004,0,0,277437048672
32.3313,30.9298,6.01685,70,72,78,2365,2800,0.484417,31,8.45004,0,0,277467978389
37.5018,26.6654,6.01685,70,72,78,2365,2800,0.484417,31,8.45004,0,0,277494645780
35.6424,28.0564,6.01685,70,72,78,2365,2800,0.484417,31,8.45004,0,0,277522702899
37.6009,26.5951,6.01685,70,72,78,2365,2800,0.484417,31,8.45004,0,0,277549296091
37.3269,26.7903,6.01685,70,72,78,2365,2800,0.484417,31,8.45004,0,0,277576086965
36.3597,27.503,6.01685,70,72,78,2365,2800,0.484417,31,8.45004,0,0,277603592749
37.5758,26.6129,6.01685,70,72,78,2365,2800,0.484417,31,8.45004,0,0,277630202653
36.4911,27.4039,6.01685,70,72,78,2365,2800,0.484417,31,8.45004,0,0,277657606796
31.7417,31.5043,6.01685,70,72,78,2365,2800,0.484417,31,8.45004,0,0,277689112293
35.9579,27.8103,6.01685,70,72,78,2365,2800,0.484417,31,8.45004,0,0,277716923230
37.3116,26.8013,6.01685,70,72,78,2365,2800,0.484417,31,8.45004,0,0,277743723491
37.8009,26.4544,6.01685,70,72,78,2365,2800,0.484417,31,8.45004,0,0,277770183584
36.1001,27.7008,6.41646,71,73,76,2468,2800,0.484417,34,8.44685,0,0,277797880817
37.2887,26.8177,6.41646,71,73,76,2468,2800,0.484417,34,8.44685,0,0,277824697489
34.7086,28.8113,6.41646,71,73,76,2468,2800,0.484417,34,8.44685,0,0,277853509323
35.8261,27.9126,6.41646,71,73,76,2468,2800,0.484417,34,8.44685,0,0,277881422601
36.4158,27.4606,6.41646,71,73,76,2468,2800,0.484417,34,8.44685,0,0,277908883812
36.853,27.1348,6.41646,71,73,76,2468,2800,0.484417,34,8.44685,0,0,277936017609
37.6529,26.5584,6.41646,71,73,76,2468,2800,0.484417,34,8.44685,0,0,277962577639
36.2254,27.6049,6.41646,71,73,76,2468,2800,0.484417,34,8.44685,0,0,277990183271
36.6101,27.3149,6.41646,71,73,76,2468,2800,0.484417,34,8.44685,0,0,278017499409
37.4127,26.7289,6.41646,71,73,76,2468,2800,0.484417,34,8.44685,0,0,278044226603
31.5983,31.6472,6.41646,71,73,76,2468,2800,0.484417,34,8.44685,0,0,278075874757
38.6823,25.8516,6.41646,71,73,76,2468,2800,0.484417,34,8.44685,0,0,278101725207
37.5152,26.6558,6.41646,71,73,76,2468,2800,0.484417,34,8.44685,0,0,278128383742
35.8303,27.9093,6.41646,71,73,76,2468,2800,0.484417,34,8.44685,0,0,278156292812
36.7948,27.1778,6.41646,71,73,76,2468,2800,0.484417,34,8.44685,0,0,278183470541
38.567,25.9289,6.41646,71,73,76,2468,2800,0.484417,34,8.44685,0,0,278209399979
39.2131,25.5017,6.41646,71,73,76,2468,2800,0.484417,34,8.44685,0,0,278234900341
37.7335,26.5017,6.41646,71,73,76,2468,2800,0.484417,34,8.44685,0,0,278261404206
37.0549,26.987,6.41646,71,73,76,2468,2800,0.484417,34,8.44685,0,0,278288393261
32.1327,31.121,6.46341,71,74,79,2426,2800,0.484417,29,8.44839,0,0,278319513646
35.8407,27.9013,6.46341,71,74,79,2426,2800,0.484417,29,8.44839,0,0,278347412658
35.2606,28.3603,6.46341,71,74,79,2426,2800,0.484417,29,8.44839,0,0,278375775680
39.3659,25.4027,6.46341,71,74,79,2426,2800,0.484417,29,8.44839,0,0,278401176155
38.0044,26.3127,6.46341,71,74,79,2426,2800,0.484417,29,8.44839,0,0,278427491326
35.712,28.0018,6.46341,71,74,79,2426,2800,0.484417,29,8.44839,0,0,278455491448
37.8028,26.4531,6.46341,71,74,79,2426,2800,0.484417,29,8.44839,0,0,278481947944
38.9347,25.684,6.46341,71,74,79,2426,2800,0.484417,29,8.44839,0,0,278507630989
37.9257,26.3674,6.46341,71,74,79,2426,2800,0.484417,29,8.44839,0,0,278533997026
37.1207,26.9392,6.46341,71,74,79,2426,2800,0.484417,29,8.44839,0,0,278560938932
38.06,26.2743,6.46341,71,74,79,2426,2800,0.484417,29,8.44839,0,0,278587211373
37.6329,26.5725,6.46341,71,74,79,2426,2800,0.484417,29,8.44839,0,0,278613786071
37.5884,26.6039,6.46341,71,74,79,2426,2800,0.484417,29,8.44839,0,0,278640389963
37.6104,26.5884,6.46341,71,74,79,2426,2800,0.484417,29,8.44839,0,0,278666977756
38.2865,26.1189,6.46341,71,74,79,2426,2800,0.484417,29,8.44839,0,0,278693097510
36.5731,27.3425,6.46341,71,74,79,2426,2800,0.484417,29,8.44839,0,0,278720440078
36.5758,27.3405,6.46341,71,74,79,2426,2800,0.484417,29,8.44839,0,0,278747781274
31.7524,31.4936,6.46341,71,74,79,2426,2800,0.484417,29,8.44839,0,0,278779274528
35.7967,27.9355,6.46341,71,74,79,2426,2800,0.484417,29,8.44839,0,0,278807212112
39.1183,25.5635,6.34146,71,74,77,2449,2800,0.484417,33,8.45163,0,0,278832773018
37.232,26.8586,6.34146,71,74,77,2449,2800,0.484417,33,8.45163,0,0,278859632330
36.9657,27.0521,6.34146,71,74,77,2449,2800,0.484417,33,8.45163,0,0,278886683832
35.8458,27.8973,6.34146,71,74,77,2449,2800,0.484417,33,8.45163,0,0,278914581632
37.7482,26.4913,6.34146,71,74,77,2449,2800,0.484417,33,8.45163,0,0,278941074135
38.4234,26.0258,6.34146,71,74,77,2449,2800,0.484417,33,8.45163,0,0,278967100054
39.4118,25.3731,6.34146,71,74,77,2449,2800,0.484417,33,8.45163,0,0,278992473107
36.379,27.4884,6.34146,71,74,77,2449,2800,0.484417,33,8.45163,0,0,279019961850
37.987,26.3248,6.34146,71,74,77,2449,2800,0.484417,33,8.45163,0,0,279046287701
37.3864,26.7477,6.34146,71,74,77,2449,2800,0.484417,33,8.45163,0,0,279073036605
36.2016,27.6231,6.34146,71,74,77,2449,2800,0.484417,33,8.45163,0,0,279100659028
37.342,26.7795,6.34146,71,74,77,2449,2800,0.484417,33,8.45163,0,0,279127437559
37.4666,26.6904,6.34146,71,74,77,2449,2800,0.484417,33,8.45163,0,0,279154129266
38.7325,25.8181,6.34146,71,74,77,2449,2800,0.484417,33,8.45163,0,0,279179946723
40.2873,24.8217,6.34146,71,74,77,2449,2800,0.484417,33,8.45163,0,0,279204769575
37.724,26.5083,6.34146,71,74,77,2449,2800,0.484417,33,8.45163,0,0,279231278349
38.6126,25.8983,6.34146,71,74,77,2449,2800,0.484417,33,8.45163,0,0,279257175787
36.029,27.7554,6.34146,71,74,77,2449,2800,0.484417,33,8.45163,0,0,279284931249
36.5622,27.3506,6.34146,71,74,77,2449,2800,0.484417,33,8.45163,0,0,279312296670
35.5228,28.1509,6.25,71,72,79,2335,2800,0.484417,32,8.44824,0,0,279340434540
37.5233,26.6501,6.25,71,72,79,2335,2800,0.484417,32,8.44824,0,0,279367085120
38.9099,25.7004,6.25,71,72,79,2335,2800,0.484417,32,8.44824,0,0,279392786209
36.3894,27.4805,6.25,71,72,79,2335,2800,0.484417,32,8.44824,0,0,279420268239
36.6924,27.2536,6.25,71,72,79,2335,2800,0.484417,32,8.44824,0,0,279447521149
35.6638,28.0396,6.25,71,72,79,2335,2800,0.484417,32,8.44824,0,0,279475561937
38.995,25.6443,6.25,71,72,79,2335,2800,0.484417,32,8.44824,0,0,279501204707
37.3066,26.8049,6.25,71,72,79,2335,2800,0.484417,32,8.44824,0,0,279528011550
37.2216,26.8661,6.25,71,72,79,2335,2800,0.484417,32,8.44824,0,0,279554876021
32.8446,30.4464,6.25,71,72,79,2335,2800,0.484417,32,8.44824,0,0,279585323864
30.5116,32.7744,6.25,71,72,79,2335,2800,0.484417,32,8.44824,0,0,279618098752
36.3285,27.5266,6.25,71,72,79,2335,2800,0.484417,32,8.44824,0,0,279645624814
36.8176,27.161,6.25,71,72,79,2335,2800,0.484417,32,8.44824,0,0,279672787034
36.5805,27.337,6.25,71,72,79,2335,2800,0.484417,32,8.44824,0,0,279700125034
39.2507,25.4773,6.25,71,72,79,2335,2800,0.484417,32,8.44824,0,0,279725601361
37.3565,26.7691,6.25,71,72,79,2335,2800,0.484417,32,8.44824,0,0,279752369772
37.2859,26.8198,6.25,71,72,79,2335,2800,0.484417,32,8.44824,0,0,279779191263
31.3685,31.8791,6.25,71,72,79,2335,2800,0.484417,32,8.44824,0,0,279811070361
31.7916,31.4549,6.25,71,72,79,2335,2800,0.484417,32,8.44824,0,0,279842530643
32.6164,30.6594,6.21266,72,74,76,2353,2800,0.484417,32,8.44757,0,0,279873184141
34.7195,28.8023,6.21266,72,74,76,2353,2800,0.484417,32,8.44757,0,0,279901986408
37.8722,26.4046,6.21266,72,74,76,2353,2800,0.484417,32,8.44757,0,0,279928392569
38.0807,26.26,6.21266,72,74,76,2353,2800,0.484417,32,8.44757,0,0,279954651555
37.4096,26.7311,6.21266,72,74,76,2353,2800,0.484417,32,8.44757,0,0,279981384800
37.0564,26.9859,6.21266,72,74,76,2353,2800,0.484417,32,8.44757,0,0,280008369026
38.5536,25.9379,6.21266,72,74,76,2353,2800,0.484417,32,8.44757,0,0,280034307921
39.3754,25.3966,6.21266,72,74,76,2353,2800,0.484417,32,8.44757,0,0,280059705441
38.4317,26.0202,6.21266,72,74,76,2353,2800,0.484417,32,8.44757,0,0,280085727332
39.5677,25.2731,6.21266,72,74,76,2353,2800,0.484417,32,8.44757,0,0,280110999577
39.8926,25.0673,6.21266,72,74,76,2353,2800,0.484417,32,8.44757,0,0,280136065915
37.7743,26.473,6.21266,72,74,76,2353,2800,0.484417,32,8.44757,0,0,280162539844
40.1777,24.8894,6.21266,72,74,76,2353,2800,0.484417,32,8.44757,0,0,280187428970
37.1043,26.951,6.21266,72,74,76,2353,2800,0.484417,32,8.44757,0,0,280214379593
38.5909,25.9129,6.21266,72,74,76,2353,2800,0.484417,32,8.44757,0,0,280240293531
39.1991,25.5108,6.21266,72,74,76,2353,2800,0.484417,32,8.44757,0,0,280265804574
40.5067,24.6872,6.21266,72,74,76,2353,2800,0.484417,32,8.44757,0,0,280290492623
37.6389,26.5683,6.21266,72,74,76,2353,2800,0.484417,32,8.44757,0,0,280317061900
39.8076,25.1208,6.21266,72,74,76,2353,2800,0.484417,32,8.44757,0,0,280342183883
38.1461,26.215,6.21266,72,74,76,2353,2800,0.484417,32,8.44757,0,0,280368401581
39.1904,25.5164,6.69856,72,73,77,2406,2800,0.484417,25,8.44686,0,0,280393914267
38.1221,26.2315,6.69856,72,73,77,2406,2800,0.484417,25,8.44686,0,0,280420146172
37.6638,26.5507,6.69856,72,73,77,2406,2800,0.484417,25,8.44686,0,0,280446695853
42.0172,23.7998,6.69856,72,73,77,2406,2800,0.484417,25,8.44686,0,0,280470496838
37.6633,26.5511,6.69856,72,73,77,2406,2800,0.484417,25,8.44686,0,0,280497047060
40.0477,24.9702,6.69856,72,73,77,2406,2800,0.484417,25,8.44686,0,0,280522017478
36.8549,27.1335,6.69856,72,73,77,2406,2800,0.484417,25,8.44686,0,0,280549153298
39.2816,25.4572,6.69856,72,73,77,2406,2800,0.484417,25,8.44686,0,0,280574608597
39.4416,25.3539,6.69856,72,73,77,2406,2800,0.484417,25,8.44686,0,0,280599963877
40.2935,24.8179,6.69856,72,73,77,2406,2800,0.484417,25,8.44686,0,0,280624781940
34.928,28.6304,6.69856,72,73,77,2406,2800,0.484417,25,8.44686,0,0,280653413766
39.6283,25.2345,6.69856,72,73,77,2406,2800,0.484417,25,8.44686,0,0,280678648751
37.8383,26.4283,6.69856,72,73,77,2406,2800,0.484417,25,8.44686,0,0,280705076694
38.7789,25.7872,6.69856,72,73,77,2406,2800,0.484417,25,8.44686,0,0,280730862482
39.5148,25.307,6.69856,72,73,77,2406,2800,0.484417,25,8.44686,0,0,280756170273
39.233,25.4888,6.69856,72,73,77,2406,2800,0.484417,25,8.44686,0,0,280781660537
35.6665,28.0375,6.69856,72,73,77,2406,2800,0.484417,25,8.44686,0,0,280809699641
36.6754,27.2663,6.69856,72,73,77,2406,2800,0.484417,25,8.44686,0,0,280836964934
36.9931,27.0321,6.69856,72,73,77,2406,2800,0.484417,25,8.44686,0,0,280863996509
40.6685,24.589,6.69856,72,73,77,2406,2800,0.484417,25,8.44686,0,0,280888591534
37.1289,26.9332,6.76329,72,72,76,2450,2800,0.484417,35,8.44561,0,0,280915518552
36.462,27.4258,6.76329,72,72,76,2450,2800,0.484417,35,8.44561,0,0,280942945639
36.3124,27.5388,6.76329,72,72,76,2450,2800,0.484417,35,8.44561,0,0,280970483784
38.5583,25.9348,6.76329,72,72,76,2450,2800,0.484417,35,8.44561,0,0,280996420515
39.7664,25.1469,6.76329,72,72,76,2450,2800,0.484417,35,8.44561,0,0,281021567445
37.2837,26.8214,6.76329,72,72,76,2450,2800,0.484417,35,8.44561,0,0,281048390599
37.7105,26.5178,6.76329,72,72,76,2450,2800,0.484417,35,8.44561,0,0,281074908740
38.1177,26.2345,6.76329,72,72,76,2450,2800,0.484417,35,8.44561,0,0,281101143470
38.8769,25.7222,6.76329,72,72,76,2450,2800,0.484417,35,8.44561,0,0,281126864226
35.9969,27.7801,6.76329,72,72,76,2450,2800,0.484417,35,8.44561,0,0,281154645147
34.8787,28.6708,6.76329,72,72,76,2450,2800,0.484417,35,8.44561,0,0,281183315766
39.1432,25.5472,6.76329,72,72,76,2450,2800,0.484417,35,8.44561,0,0,281208863037
39.3273,25.4276,6.76329,72,72,76,2450,2800,0.484417,35,8.44561,0,0,281234292286
40.4212,24.7395,6.76329,72,72,76,2450,2800,0.484417,35,8.44561,0,0,281259030910
25.7455,38.8418,6.76329,72,72,76,2450,2800,0.484417,35,8.44561,0,0,281297874120
35.986,27.7886,6.76329,72,72,76,2450,2800,0.484417,35,8.44561,0,0,281325661032
36.399,27.4733,6.76329,72,72,76,2450,2800,0.484417,35,8.44561,0,0,281353134766
36.7857,27.1845,6.76329,72,72,76,2450,2800,0.484417,35,8.44561,0,0,281380320250
36.2396,27.5941,6.76329,72,72,76,2450,2800,0.484417,35,8.44561,0,0,281407921112
39.293,25.4498,7.64563,71,72,72,1836,2800,0.484417,23,8.44296,0,0,281433365951
40.9544,24.4174,7.64563,71,72,72,1836,2800,0.484417,23,8.44296,0,0,281457782510
38.1785,26.1928,7.64563,71,72,72,1836,2800,0.484417,23,8.44296,0,0,281483975743
39.0059,25.6372,7.64563,71,72,72,1836,2800,0.484417,23,8.44296,0,0,281509613222
37.2073,26.8765,7.64563,71,72,72,1836,2800,0.484417,23,8.44296,0,0,281536490167
37.8157,26.444,7.64563,71,72,72,1836,2800,0.484417,23,8.44296,0,0,281562933108
35.2667,28.3554,7.64563,71,72,72,1836,2800,0.484417,23,8.44296,0,0,281591289277
39.757,25.1528,7.64563,71,72,72,1836,2800,0.484417,23,8.44296,0,0,281616442789
38.6965,25.8421,7.64563,71,72,72,1836,2800,0.484417,23,8.44296,0,0,281642284151
39.1855,25.5197,7.64563,71,72,72,1836,2800,0.484417,23,8.44296,0,0,281667804762
35.0409,28.5381,7.64563,71,72,72,1836,2800,0.484417,23,8.44296,0,0,281696342382
34.77,28.7604,7.64563,71,72,72,1836,2800,0.484417,23,8.44296,0,0,281725104743
37.6317,26.5733,7.64563,71,72,72,1836,2800,0.484417,23,8.44296,0,0,281751678078
37.8136,26.4455,7.64563,71,72,72,1836,2800,0.484417,23,8.44296,0,0,281778122321
34.4859,28.9974,7.64563,71,72,72,1836,2800,0.484417,23,8.44296,0,0,281807122168
41.2309,24.2537,7.64563,71,72,72,1836,2800,0.484417,23,8.44296,0,0,281831374650
38.1115,26.2388,7.64563,71,72,72,1836,2800,0.484417,23,8.44296,0,0,281857615642
37.4215,26.7226,7.64563,71,72,72,1836,2800,0.484417,23,8.44296,0,0,281884338257
41.5041,24.094,7.64563,71,72,72,1836,2800,0.484417,23,8.44296,0,0,281908435849
37.6558,26.5563,6.43127,70,74,72,1936,2800,0.484417,32,8.44284,0,0,281934988525
38.1471,26.2143,6.43127,70,74,72,1936,2800,0.484417,32,8.44284,0,0,281961204500
37.3831,26.7501,6.43127,70,74,72,1936,2800,0.484417,32,8.44284,0,0,281987953405
38.8129,25.7646,6.43127,70,74,72,1936,2800,0.484417,32,8.44284,0,0,282013718163
42.1635,23.7172,6.43127,70,74,72,1936,2800,0.484417,32,8.44284,0,0,282037436162
36.0047,27.7742,6.43127,70,74,72,1936,2800,0.484417,32,8.44284,0,0,282065209759
40.3554,24.7798,6.43127,70,74,72,1936,2800,0.484417,32,8.44284,0,0,282089991143
38.9444,25.6777,6.43127,70,74,72,1936,2800,0.484417,32,8.44284,0,0,282115668488
38.8585,25.7344,6.43127,70,74,72,1936,2800,0.484417,32,8.44284,0,0,282141402949
38.4737,25.9918,6.43127,70,74,72,1936,2800,0.484417,32,8.44284,0,0,282167397369
32.0734,31.1785,6.43127,70,74,72,1936,2800,0.484417,32,8.44284,0,0,282198573518
38.8826,25.7184,6.43127,70,74,72,1936,2800,0.484417,32,8.44284,0,0,282224292480
38.4259,26.0241,6.43127,70,74,72,1936,2800,0.484417,32,8.44284,0,0,282250316615
38.6379,25.8814,6.43127,70,74,72,1936,2800,0.484417,32,8.44284,0,0,282276199556
40.841,24.4852,6.43127,70,74,72,1936,2800,0.484417,32,8.44284,0,0,282300683522
41.4279,24.1383,6.43127,70,74,72,1936,2800,0.484417,32,8.44284,0,0,282324823873
36.781,27.188,6.43127,70,74,72,1936,2800,0.484417,32,8.44284,0,0,282352012282
38.0522,26.2797,6.43127,70,74,72,1936,2800,0.484417,32,8.44284,0,0,282378292868
38.5915,25.9124,6.43127,70,74,72,1936,2800,0.484417,32,8.44284,0,0,282404204472
41.1643,24.2929,6.43127,70,74,72,1936,2800,0.484417,32,8.44284,0,0,282428501929
37.2348,26.8566,5.95383,69,75,72,1989,2800,0.484417,27,8.44319,0,0,282455354908
36.9757,27.0448,5.95383,69,75,72,1989,2800,0.484417,27,8.44319,0,0,282482398045
39.2003,25.51,5.95383,69,75,72,1989,2800,0.484417,27,8.44319,0,0,282507909819
41.2794,24.2252,5.95383,69,75,72,1989,2800,0.484417,27,8.44319,0,0,282532134058
39.6747,25.205,5.95383,69,75,72,1989,2800,0.484417,27,8.44319,0,0,282557340549
25.0438,39.9301,5.95383,69,75,72,1989,2800,0.484417,27,8.44319,0,0,282597271771
39.3608,25.406,5.95383,69,75,72,1989,2800,0.484417,27,8.44319,0,0,282622676864
39.6257,25.2362,5.95383,69,75,72,1989,2800,0.484417,27,8.44319,0,0,282647912551
37.8774,26.4009,5.95383,69,75,72,1989,2800,0.484417,27,8.44319,0,0,282674314434
41.6355,24.018,5.95383,69,75,72,1989,2800,0.484417,27,8.44319,0,0,282698332346
35.4725,28.1908,5.95383,69,75,72,1989,2800,0.484417,27,8.44319,0,0,282726522364
39.5807,25.2648,5.95383,69,75,72,1989,2800,0.484417,27,8.44319,0,0,282751787966
41.3416,24.1887,5.95383,69,75,72,1989,2800,0.484417,27,8.44319,0,0,282775978151
37.3879,26.7466,5.95383,69,75,72,1989,2800,0.484417,27,8.44319,0,0,282802724321
40.7058,24.5665,5.95383,69,75,72,1989,2800,0.484417,27,8.44319,0,0,282827290671
35.615,28.0781,5.95383,69,75,72,1989,2800,0.484417,27,8.44319,0,0,282855369470
35.2532,28.3662,5.95383,69,75,72,1989,2800,0.484417,27,8.44319,0,0,282883734867
35.904,27.8521,5.95383,69,75,72,1989,2800,0.484417,27,8.44319,0,0,282911588464
42.2588,23.6637,5.95383,69,75,72,1989,2800,0.484417,27,8.44319,0,0,282935253995
42.0979,23.7541,6.3591,69,72,71,1739,2800,0.484417,31,8.444,0,0,282959007210
27.4251,36.4629,6.3591,69,72,71,1739,2800,0.484417,31,8.444,0,0,282995470066
38.4646,25.9979,6.3591,69,72,71,1739,2800,0.484417,31,8.444,0,0,283021467921
39.5661,25.2742,6.3591,69,72,71,1739,2800,0.484417,31,8.444,0,0,283046741118
41.7047,23.9781,6.3591,69,72,71,1739,2800,0.484417,31,8.444,0,0,283070720217
38.8023,25.7716,6.3591,69,72,71,1739,2800,0.484417,31,8.444,0,0,283096491808
39.2808,25.4577,6.3591,69,72,71,1739,2800,0.484417,31,8.444,0,0,283121949371
38.353,26.0736,6.3591,69,72,71,1739,2800,0.484417,31,8.444,0,0,283148022959
36.8642,27.1266,6.3591,69,72,71,1739,2800,0.484417,31,8.444,0,0,283175151215
42.023,23.7965,6.3591,69,72,71,1739,2800,0.484417,31,8.444,0,0,283198947912
39.6421,25.2257,6.3591,69,72,71,1739,2800,0.484417,31,8.444,0,0,283224172808
34.5255,28.9641,6.3591,69,72,71,1739,2800,0.484417,31,8.444,0,0,283253137007
39.6564,25.2166,6.3591,69,72,71,1739,2800,0.484417,31,8.444,0,0,283278354960
32.6969,30.584,6.3591,69,72,71,1739,2800,0.484417,31,8.444,0,0,283308939129
37.7692,26.4766,6.3591,69,72,71,1739,2800,0.484417,31,8.444,0,0,283335416544
42.2696,23.6576,6.3591,69,72,71,1739,2800,0.484417,31,8.444,0,0,283359074932
36.9497,27.0638,6.3591,69,72,71,1739,2800,0.484417,31,8.444,0,0,283386139058
41.892,23.8709,6.3591,69,72,71,1739,2800,0.484417,31,8.444,0,0,283410008912
34.1751,29.261,6.3591,69,72,71,1739,2800,0.484417,31,8.444,0,0,283439272794
41.1159,24.3215,5.64617,69,71,70,1811,2800,0.484417,22,8.44381,0,0,283463592311
42.4032,23.5831,5.64617,69,71,70,1811,2800,0.484417,22,8.44381,0,0,283487176931
34.0871,29.3366,5.64617,69,71,70,1811,2800,0.484417,22,8.44381,0,0,283516513439
40.6887,24.5769,5.64617,69,71,70,1811,2800,0.484417,22,8.44381,0,0,283541089448
36.9148,27.0894,5.64617,69,71,70,1811,2800,0.484417,22,8.44381,0,0,283568178761
38.7226,25.8247,5.64617,69,71,70,1811,2800,0.484417,22,8.44381,0,0,283594004203
37.1122,26.9453,5.64617,69,71,70,1811,2800,0.484417,22,8.44381,0,0,283620950237
40.1703,24.894,5.64617,69,71,70,1811,2800,0.484417,22,8.44381,0,0,283645844603
42.5647,23.4936,5.64617,69,71,70,1811,2800,0.484417,22,8.44381,0,0,283669337250
35.0386,28.54,5.64617,69,71,70,1811,2800,0.484417,22,8.44381,0,0,283697877234
39.6009,25.2519,5.64617,69,71,70,1811,2800,0.484417,22,8.44381,0,0,283723130213
39.4173,25.3696,5.64617,69,71,70,1811,2800,0.484417,22,8.44381,0,0,283748500221
38.7535,25.8041,5.64617,69,71,70,1811,2800,0.484417,22,8.44381,0,0,283774305095
39.345,25.4162,5.64617,69,71,70,1811,2800,0.484417,22,8.44381,0,0,283799721620
41.4471,24.1271,5.64617,69,71,70,1811,2800,0.484417,22,8.44381,0,0,283823847544
36.7636,27.2008,5.64617,69,71,70,1811,2800,0.484417,22,8.44381,0,0,283851049389
38.7848,25.7833,5.64617,69,71,70,1811,2800,0.484417,22,8.44381,0,0,283876832011
39.7899,25.132,5.64617,69,71,70,1811,2800,0.484417,22,8.44381,0,0,283901965936
36.6447,27.2891,5.64617,69,71,70,1811,2800,0.484417,22,8.44381,0,0,283929255334
36.7306,27.2252,5.64617,69,71,70,1811,2800,0.484417,22,8.44381,0,0,283956490521
35.7271,27.99,5.52147,69,71,71,1939,2800,0.484417,30,8.44444,0,0,283984472208
39.7804,25.138,5.52147,69,71,71,1939,2800,0.484417,30,8.44444,0,0,284009608848
41.2634,24.2346,5.52147,69,71,71,1939,2800,0.484417,30,8.44444,0,0,284033843807
37.0473,26.9925,5.52147,69,71,71,1939,2800,0.484417,30,8.44444,0,0,284060837631
38.676,25.8559,5.52147,69,71,71,1939,2800,0.484417,30,8.44444,0,0,284086693641
40.8245,24.4951,5.52147,69,71,71,1939,2800,0.484417,30,8.44444,0,0,284111189850
38.5754,25.9233,5.52147,69,71,71,1939,2800,0.484417,30,8.44444,0,0,284137113176
38.3229,26.0941,5.52147,69,71,71,1939,2800,0.484417,30,8.44444,0,0,284163205589
40.053,24.9669,5.52147,69,71,71,1939,2800,0.484417,30,8.44444,0,0,284188172291
35.4884,28.1782,5.52147,69,71,71,1939,2800,0.484417,30,8.44444,0,0,284216350917
36.6829,27.2607,5.52147,69,71,71,1939,2800,0.484417,30,8.44444,0,0,284243611762
39.979,25.0131,5.52147,69,71,71,1939,2800,0.484417,30,8.44444,0,0,284268625913
41.7471,23.9538,5.52147,69,71,71,1939,2800,0.484417,30,8.44444,0,0,284292579995
36.7085,27.2416,5.52147,69,71,71,1939,2800,0.484417,30,8.44444,0,0,284319822425
38.243,26.1486,5.52147,69,71,71,1939,2800,0.484417,30,8.44444,0,0,284345971084
43.1253,23.1882,5.52147,69,71,71,1939,2800,0.484417,30,8.44444,0,0,284369158919
37.1473,26.9198,5.52147,69,71,71,1939,2800,0.484417,30,8.44444,0,0,284396079315
38.6748,25.8567,5.52147,69,71,71,1939,2800,0.484417,30,8.44444,0,0,284421936877
38.9462,25.6764,5.52147,69,71,71,1939,2800,0.484417,30,8.44444,0,0,284447611968
37.3918,26.7439,5.52147,69,71,71,1939,2800,0.484417,30,8.44444,0,0,284474359249
40.4693,24.7101,5.62347,70,74,72,2035,2800,0.484417,32,8.44537,0,0,284499066514
34.8623,28.6843,5.62347,70,74,72,2035,2800,0.484417,32,8.44537,0,0,284527752362
39.8678,25.0829,5.62347,70,74,72,2035,2800,0.484417,32,8.44537,0,0,284552835202
26.6885,37.4694,5.62347,70,74,72,2035,2800,0.484417,32,8.44537,0,0,284590303764
38.1451,26.2157,5.62347,70,74,72,2035,2800,0.484417,32,8.44537,0,0,284616521652
40.3757,24.7673,5.62347,70,74,72,2035,2800,0.484417,32,8.44537,0,0,284641287547
40.6276,24.6138,5.62347,70,74,72,2035,2800,0.484417,32,8.44537,0,0,284665902419
38.9217,25.6926,5.62347,70,74,72,2035,2800,0.484417,32,8.44537,0,0,284691594811
37.3086,26.8034,5.62347,70,74,72,2035,2800,0.484417,32,8.44537,0,0,284718398008
38.9854,25.6506,5.62347,70,74,72,2035,2800,0.484417,32,8.44537,0,0,284744049774
40.6314,24.6115,5.62347,70,74,72,2035,2800,0.484417,32,8.44537,0,0,284768661240
39.9898,25.0064,5.62347,70,74,72,2035,2800,0.484417,32,8.44537,0,0,284793667455
36.5265,27.3774,5.62347,70,74,72,2035,2800,0.484417,32,8.44537,0,0,284821045510
39.1061,25.5715,5.62347,70,74,72,2035,2800,0.484417,32,8.44537,0,0,284846618489
36.9742,27.0459,5.62347,70,74,72,2035,2800,0.484417,32,8.44537,0,0,284873663399
40.0146,24.9908,5.62347,70,74,72,2035,2800,0.484417,32,8.44537,0,0,284898654897
39.7781,25.1395,5.62347,70,74,72,2035,2800,0.484417,32,8.44537,0,0,284923793691
38.4245,26.025,5.62347,70,74,72,2035,2800,0.484417,32,8.44537,0,0,284949818718
39.7166,25.1784,5.62347,70,74,72,2035,2800,0.484417,32,8.44537,0,0,284975001805
39.7885,25.1329,5.81542,69,71,70,1883,2800,0.484417,30,8.44919,0,0,285000131573
43.1664,23.1662,5.81542,69,71,70,1883,2800,0.484417,30,8.44919,0,0,285023299190
36.6026,27.3205,5.81542,69,71,70,1883,2800,0.484417,30,8.44919,0,0,285050620668
38.1343,26.2231,5.81542,69,71,70,1883,2800,0.484417,30,8.44919,0,0,285076843416
42.4053,23.582,5.81542,69,71,70,1883,2800,0.484417,30,8.44919,0,0,285100424348
38.8877,25.7151,5.81542,69,71,70,1883,2800,0.484417,30,8.44919,0,0,285126142369
38.1522,26.2108,5.81542,69,71,70,1883,2800,0.484417,30,8.44919,0,0,285152352393
39.4813,25.3284,5.81542,69,71,70,1883,2800,0.484417,30,8.44919,0,0,285177679701
39.0935,25.5797,5.81542,69,71,70,1883,2800,0.484417,30,8.44919,0,0,285203262418
40.8869,24.4577,5.81542,69,71,70,1883,2800,0.484417,30,8.44919,0,0,285227720205
39.9967,25.0021,5.81542,69,71,70,1883,2800,0.484417,30,8.44919,0,0,285252721672
37.7518,26.4888,5.81542,69,71,70,1883,2800,0.484417,30,8.44919,0,0,285279209937
38.2929,26.1145,5.81542,69,71,70,1883,2800,0.484417,30,8.44919,0,0,285305325764
39.1154,25.5654,5.81542,69,71,70,1883,2800,0.484417,30,8.44919,0,0,285330890959
40.9961,24.3925,5.81542,69,71,70,1883,2800,0.484417,30,8.44919,0,0,285355283603
37.6699,26.5464,5.81542,69,71,70,1883,2800,0.484417,30,8.44919,0,0,285381829237
37.066,26.9789,5.81542,69,71,70,1883,2800,0.484417,30,8.44919,0,0,285408809175
41.2909,24.2184,5.81542,69,71,70,1883,2800,0.484417,30,8.44919,0,0,285433028104
38.1827,26.1899,5.81542,69,71,70,1883,2800,0.484417,30,8.44919,0,0,285459217579
37.6627,26.5515,5.81542,69,71,70,1883,2800,0.484417,30,8.44919,0,0,285485775976
38.8702,25.7266,4.58488,69,71,67,1491,2800,0.484417,38,8.44769,0,0,285511497243
33.9029,29.496,4.58488,69,71,67,1491,2800,0.484417,38,8.44769,0,0,285540993521
43.716,22.8749,4.58488,69,71,67,1491,2800,0.484417,38,8.44769,0,0,285563869040
38.0308,26.2945,4.58488,69,71,67,1491,2800,0.484417,38,8.44769,0,0,285590163943
36.6217,27.3062,4.58488,69,71,67,1491,2800,0.484417,38,8.44769,0,0,285617469983
38.3138,26.1003,4.58488,69,71,67,1491,2800,0.484417,38,8.44769,0,0,285643570962
40.8557,24.4764,4.58488,69,71,67,1491,2800,0.484417,38,8.44769,0,0,285668046793
36.7247,27.2296,4.58488,69,71,67,1491,2800,0.484417,38,8.44769,0,0,285695276379
38.6148,25.8968,4.58488,69,71,67,1491,2800,0.484417,38,8.44769,0,0,285721174838
38.6372,25.8818,4.58488,69,71,67,1491,2800,0.484417,38,8.44769,0,0,285747055284
37.4761,26.6837,4.58488,69,71,67,1491,2800,0.484417,38,8.44769,0,0,285773740469
41.1785,24.2845,4.58488,69,71,67,1491,2800,0.484417,38,8.44769,0,0,285798024440
37.9824,26.328,4.58488,69,71,67,1491,2800,0.484417,38,8.44769,0,0,285824352956
38.4196,26.0284,4.58488,69,71,67,1491,2800,0.484417,38,8.44769,0,0,285850382611
38.5101,25.9672,4.58488,69,71,67,1491,2800,0.484417,38,8.44769,0,0,285876348748
40.3877,24.76,4.58488,69,71,67,1491,2800,0.484417,38,8.44769,0,0,285901110204
40.282,24.825,4.58488,69,71,67,1491,2800,0.484417,38,8.44769,0,0,285925935641
35.7434,27.9772,4.58488,69,71,67,1491,2800,0.484417,38,8.44769,0,0,285953911597
39.3102,25.4387,4.58488,69,71,67,1491,2800,0.484417,38,8.44769,0,0,285979351707
39.6652,25.211,4.58488,69,71,67,1491,2800,0.484417,38,8.44769,0,0,286004565582
37.9661,26.3393,5.35932,69,72,70,1879,2800,0.484417,15,8.44753,0,0,286030903455
39.469,25.3363,5.35932,69,72,70,1879,2800,0.484417,15,8.44753,0,0,286056238608
37.9628,26.3416,5.35932,69,72,70,1879,2800,0.484417,15,8.44753,0,0,286082580489
39.0029,25.6391,5.35932,69,72,70,1879,2800,0.484417,15,8.44753,0,0,286108219792
39.805,25.1225,5.35932,69,72,70,1879,2800,0.484417,15,8.44753,0,0,286133342677
38.9915,25.6466,5.35932,69,72,70,1879,2800,0.484417,15,8.44753,0,0,286158989665
37.3155,26.7985,5.35932,69,72,70,1879,2800,0.484417,15,8.44753,0,0,286185789054
40.1705,24.8939,5.35932,69,72,70,1879,2800,0.484417,15,8.44753,0,0,286210682217
36.7492,27.2115,5.35932,69,72,70,1879,2800,0.484417,15,8.44753,0,0,286237894772
39.1778,25.5247,5.35932,69,72,70,1879,2800,0.484417,15,8.44753,0,0,286263419119
40.4662,24.712,5.35932,69,72,70,1879,2800,0.484417,15,8.44753,0,0,286288132606
38.4728,25.9924,5.35932,69,72,70,1879,2800,0.484417,15,8.44753,0,0,286314123679
37.9641,26.3407,5.35932,69,72,70,1879,2800,0.484417,15,8.44753,0,0,286340466582
38.647,25.8752,5.35932,69,72,70,1879,2800,0.484417,15,8.44753,0,0,286366341758
39.9188,25.0508,5.35932,69,72,70,1879,2800,0.484417,15,8.44753,0,0,286391392627
39.1095,25.5692,5.35932,69,72,70,1879,2800,0.484417,15,8.44753,0,0,286416962240
37.8116,26.4469,5.35932,69,72,70,1879,2800,0.484417,15,8.44753,0,0,286443408837
40.5424,24.6655,5.35932,69,72,70,1879,2800,0.484417,15,8.44753,0,0,286468074544
39.4797,25.3295,5.35932,69,72,70,1879,2800,0.484417,15,8.44753,0,0,286493404297
37.0159,27.0154,5.35932,69,72,70,1879,2800,0.484417,15,8.44753,0,0,286520423318
35.5362,28.1403,5.63725,70,67,73,2217,2800,0.484417,43,8.44705,0,0,286548561458
38.2908,26.1159,5.63725,70,67,73,2217,2800,0.484417,43,8.44705,0,0,286574676895
41.8328,23.9047,5.63725,70,67,73,2217,2800,0.484417,43,8.44705,0,0,286598582386
39.7431,25.1616,5.63725,70,67,73,2217,2800,0.484417,43,8.44705,0,0,286623743903
37.7037,26.5226,5.63725,70,67,73,2217,2800,0.484417,43,8.44705,0,0,286650267455
38.4906,25.9804,5.63725,70,67,73,2217,2800,0.484417,43,8.44705,0,0,286676247417
39.5756,25.2681,5.63725,70,67,73,2217,2800,0.484417,43,8.44705,0,0,286701516666
38.3637,26.0663,5.63725,70,67,73,2217,2800,0.484417,43,8.44705,0,0,286727583020
38.4243,26.0252,5.63725,70,67,73,2217,2800,0.484417,43,8.44705,0,0,286753609329
39.6392,25.2275,5.63725,70,67,73,2217,2800,0.484417,43,8.44705,0,0,286778836720
41.2851,24.2218,5.63725,70,67,73,2217,2800,0.484417,43,8.44705,0,0,286803059927
36.6915,27.2543,5.63725,70,67,73,2217,2800,0.484417,43,8.44705,0,0,286830312847
39.5482,25.2856,5.63725,70,67,73,2217,2800,0.484417,43,8.44705,0,0,286855599038
37.5352,26.6417,5.63725,70,67,73,2217,2800,0.484417,43,8.44705,0,0,286882241022
37.2093,26.875,5.63725,70,67,73,2217,2800,0.484417,43,8.44705,0,0,286909115472
40.1434,24.9107,5.63725,70,67,73,2217,2800,0.484417,43,8.44705,0,0,286934027641
39.8842,25.0726,5.63725,70,67,73,2217,2800,0.484417,43,8.44705,0,0,286959101063
38.9561,25.6699,5.63725,70,67,73,2217,2800,0.484417,43,8.44705,0,0,286984771314
39.6395,25.2273,5.63725,70,67,73,2217,2800,0.484417,43,8.44705,0,0,287009998975
38.417,26.0302,5.63725,70,67,73,2217,2800,0.484417,43,8.44705,0,0,287036031065
38.0127,26.307,6.13497,70,71,75,2310,2800,0.484417,18,8.4501,0,0,287062336087
40.2457,24.8473,6.13497,70,71,75,2310,2800,0.484417,18,8.4501,0,0,287087185008
35.7712,27.9554,6.13497,70,71,75,2310,2800,0.484417,18,8.4501,0,0,287115139824
40.3667,24.7729,6.13497,70,71,75,2310,2800,0.484417,18,8.4501,0,0,287139914365
38.1225,26.2312,6.13497,70,71,75,2310,2800,0.484417,18,8.4501,0,0,287166143615
40.0162,24.9899,6.13497,70,71,75,2310,2800,0.484417,18,8.4501,0,0,287191134061
36.5274,27.3767,6.13497,70,71,75,2310,2800,0.484417,18,8.4501,0,0,287218511084
41.5755,24.0526,6.13497,70,71,75,2310,2800,0.484417,18,8.4501,0,0,287242563340
37.2904,26.8165,6.13497,70,71,75,2310,2800,0.484417,18,8.4501,0,0,287269382637
40.4709,24.7091,6.13497,70,71,75,2310,2800,0.484417,18,8.4501,0,0,287294091926
38.4521,26.0064,6.13497,70,71,75,2310,2800,0.484417,18,8.4501,0,0,287320098308
37.3267,26.7905,6.13497,70,71,75,2310,2800,0.484417,18,8.4501,0,0,287346888019
37.9457,26.3535,6.13497,70,71,75,2310,2800,0.484417,18,8.4501,0,0,287373241902
39.6321,25.2321,6.13497,70,71,75,2310,2800,0.484417,18,8.4501,0,0,287398475314
39.7235,25.174,6.13497,70,71,75,2310,2800,0.484417,18,8.4501,0,0,287423648693
36.4668,27.4222,6.13497,70,71,75,2310,2800,0.484417,18,8.4501,0,0,287451071181
39.5447,25.2878,6.13497,70,71,75,2310,2800,0.484417,18,8.4501,0,0,287476358535
39.063,25.5996,6.13497,70,71,75,2310,2800,0.484417,18,8.4501,0,0,287501957963
35.3292,28.3052,6.13497,70,71,75,2310,2800,0.484417,18,8.4501,0,0,287530264770
39.1939,25.5142,6.13497,70,71,75,2310,2800,0.484417,18,8.4501,0,0,287555780742
38.8751,25.7234,5.37897,70,71,76,2357,2800,0.484417,45,8.4501,0,0,287581503201
39.1766,25.5255,5.37897,70,71,76,2357,2800,0.484417,45,8.4501,0,0,287607027999
40.5511,24.6602,5.37897,70,71,76,2357,2800,0.484417,45,8.4501,0,0,287631688987
39.5956,25.2553,5.37897,70,71,76,2357,2800,0.484417,45,8.4501,0,0,287656944491
37.7502,26.4899,5.37897,70,71,76,2357,2800,0.484417,45,8.4501,0,0,287683434991
39.0598,25.6017,5.37897,70,71,76,2357,2800,0.484417,45,8.4501,0,0,287709038567
39.9043,25.0599,5.37897,70,71,76,2357,2800,0.484417,45,8.4501,0,0,287734097882
40.4794,24.7039,5.37897,70,71,76,2357,2800,0.484417,45,8.4501,0,0,287758803023
36.1508,27.6619,5.37897,70,71,76,2357,2800,0.484417,45,8.4501,0,0,287786465311
39.2459,25.4804,5.37897,70,71,76,2357,2800,0.484417,45,8.4501,0,0,287811943782
40.9733,24.4062,5.37897,70,71,76,2357,2800,0.484417,45,8.4501,0,0,287836351536
38.0984,26.2478,5.37897,70,71,76,2357,2800,0.484417,45,8.4501,0,0,287862599290
36.418,27.4589,5.37897,70,71,76,2357,2800,0.484417,45,8.4501,0,0,287890059379
41.1884,24.2787,5.37897,70,71,76,2357,2800,0.484417,45,8.4501,0,0,287914336958
36.8945,27.1043,5.37897,70,71,76,2357,2800,0.484417,45,8.4501,0,0,287941443002
42.6169,23.4649,5.37897,70,71,76,2357,2800,0.484417,45,8.4501,0,0,287964906795
37.506,26.6624,5.37897,70,71,76,2357,2800,0.484417,45,8.4501,0,0,287991570259
39.4458,25.3512,5.37897,70,71,76,2357,2800,0.484417,45,8.4501,0,0,288016921572
38.885,25.7169,5.37897,70,71,76,2357,2800,0.484417,45,8.4501,0,0,288042637870
39.5525,25.2829,5.37897,70,71,76,2357,2800,0.484417,45,8.4501,0,0,288067926074
38.2743,26.1272,5.80964,70,71,72,2163,2800,0.484417,17,8.45089,0,0,288094049395
40.6185,24.6193,5.80964,70,71,72,2163,2800,0.484417,17,8.45089,0,0,288118669256
36.3468,27.5128,5.80964,70,71,72,2163,2800,0.484417,17,8.45089,0,0,288146182585
35.4556,28.2043,5.80964,70,71,72,2163,2800,0.484417,17,8.45089,0,0,288174386509
44.0119,22.7211,5.80964,70,71,72,2163,2800,0.484417,17,8.45089,0,0,288197107358
35.8873,27.865,5.80964,70,71,72,2163,2800,0.484417,17,8.45089,0,0,288224972887
42.2433,23.6724,5.80964,70,71,72,2163,2800,0.484417,17,8.45089,0,0,288248646723
37.6675,26.5481,5.80964,70,71,72,2163,2800,0.484417,17,8.45089,0,0,288275195292
39.7718,25.1435,5.80964,70,71,72,2163,2800,0.484417,17,8.45089,0,0,288300338475
40.6669,24.59,5.80964,70,71,72,2163,2800,0.484417,17,8.45089,0,0,288324929141
36.8696,27.1226,5.80964,70,71,72,2163,2800,0.484417,17,8.45089,0,0,288352050764
38.5769,25.9222,5.80964,70,71,72,2163,2800,0.484417,17,8.45089,0,0,288377974491
40.5957,24.6332,5.80964,70,71,72,2163,2800,0.484417,17,8.45089,0,0,288402608068
37.8065,26.4505,5.80964,70,71,72,2163,2800,0.484417,17,8.45089,0,0,288429058843
39.6113,25.2453,5.80964,70,71,72,2163,2800,0.484417,17,8.45089,0,0,288454305099
37.7008,26.5246,5.80964,70,71,72,2163,2800,0.484417,17,8.45089,0,0,288480828651
37.0856,26.9646,5.80964,70,71,72,2163,2800,0.484417,17,8.45089,0,0,288507793020
36.8982,27.1016,5.80964,70,71,72,2163,2800,0.484417,17,8.45089,0,0,288534895448
41.5586,24.0624,5.80964,70,71,72,2163,2800,0.484417,17,8.45089,0,0,288558958494
41.6037,24.0363,5.80964,70,71,72,2163,2800,0.484417,17,8.45089,0,0,288583003316
37.405,26.7344,5.99022,69,71,71,1980,2800,0.484417,40,8.44984,0,0,288609732254
38.4536,26.0054,5.99022,69,71,71,1980,2800,0.484417,40,8.44984,0,0,288635735469
39.9255,25.0466,5.99022,69,71,71,1980,2800,0.484417,40,8.44984,0,0,288660782542
38.766,25.7958,5.99022,69,71,71,1980,2800,0.484417,40,8.44984,0,0,288686577878
37.2119,26.8731,5.99022,69,71,71,1980,2800,0.484417,40,8.44984,0,0,288713452358
39.2135,25.5014,5.99022,69,71,71,1980,2800,0.484417,40,8.44984,0,0,288738952881
38.661,25.8659,5.99022,69,71,71,1980,2800,0.484417,40,8.44984,0,0,288764818839
41.2289,24.2548,5.99022,69,71,71,1980,2800,0.484417,40,8.44984,0,0,288789074086
38.5443,25.9442,5.99022,69,71,71,1980,2800,0.484417,40,8.44984,0,0,288815021668
38.4258,26.0242,5.99022,69,71,71,1980,2800,0.484417,40,8.44984,0,0,288841044390
40.4116,24.7454,5.99022,69,71,71,1980,2800,0.484417,40,8.44984,0,0,288865790327
37.4213,26.7227,5.99022,69,71,71,1980,2800,0.484417,40,8.44984,0,0,288892512933
39.4267,25.3635,5.99022,69,71,71,1980,2800,0.484417,40,8.44984,0,0,288917875827
37.1639,26.9078,5.99022,69,71,71,1980,2800,0.484417,40,8.44984,0,0,288944784341
39.3557,25.4093,5.99022,69,71,71,1980,2800,0.484417,40,8.44984,0,0,288970193593
39.1617,25.5352,5.99022,69,71,71,1980,2800,0.484417,40,8.44984,0,0,288995730003
39.9972,25.0018,5.99022,69,71,71,1980,2800,0.484417,40,8.44984,0,0,289020731520
39.1096,25.5692,5.99022,69,71,71,1980,2800,0.484417,40,8.44984,0,0,289046302385
36.1881,27.6334,5.99022,69,71,71,1980,2800,0.484417,40,8.44984,0,0,289073934045
43.3759,23.0543,5.99022,69,71,71,1980,2800,0.484417,40,8.44984,0,0,289096992508
38.6385,25.8809,6.11995,69,69,67,1476,2800,0.484417,20,8.44892,0,0,289122870398
38.1642,26.2026,6.11995,69,69,67,1476,2800,0.484417,20,8.44892,0,0,289149073770
39.6629,25.2125,6.11995,69,69,67,1476,2800,0.484417,20,8.44892,0,0,289174287925
37.8162,26.4437,6.11995,69,69,67,1476,2800,0.484417,20,8.44892,0,0,289200729584
40.4741,24.7071,6.11995,69,69,67,1476,2800,0.484417,20,8.44892,0,0,289225437850
37.2289,26.8608,6.11995,69,69,67,1476,2800,0.484417,20,8.44892,0,0,289252299677
38.8524,25.7384,6.11995,69,69,67,1476,2800,0.484417,20,8.44892,0,0,289278036934
37.0803,26.9685,6.11995,69,69,67,1476,2800,0.484417,20,8.44892,0,0,289305006873
41.7555,23.949,6.11995,69,69,67,1476,2800,0.484417,20,8.44892,0,0,289328956817
38.1971,26.18,6.11995,69,69,67,1476,2800,0.484417,20,8.44892,0,0,289355137767
38.5913,25.9126,6.11995,69,69,67,1476,2800,0.484417,20,8.44892,0,0,289381049220
38.3878,26.05,6.11995,69,69,67,1476,2800,0.484417,20,8.44892,0,0,289407099204
40.2587,24.8393,6.11995,69,69,67,1476,2800,0.484417,20,8.44892,0,0,289431938927
39.09,25.582,6.11995,69,69,67,1476,2800,0.484417,20,8.44892,0,0,289457522286
38.1539,26.2097,6.11995,69,69,67,1476,2800,0.484417,20,8.44892,0,0,289483733051
37.0157,27.0155,6.11995,69,69,67,1476,2800,0.484417,20,8.44892,0,0,289510746772
36.4236,27.4547,6.11995,69,69,67,1476,2800,0.484417,20,8.44892,0,0,289538203154
45.2234,22.1124,6.11995,69,69,67,1476,2800,0.484417,20,8.44892,0,0,289560316112
38.0476,26.2829,6.11995,69,69,67,1476,2800,0.484417,20,8.44892,0,0,289586598331
37.8888,26.393,6.11995,69,69,67,1476,2800,0.484417,20,8.44892,0,0,289612994725
37.1894,26.8894,5.83942,69,72,68,1404,2800,0.484417,16,8.44929,0,0,289639881678
41.8702,23.8833,5.83942,69,72,68,1404,2800,0.484417,16,8.44929,0,0,289663764797
38.4749,25.991,5.83942,69,72,68,1404,2800,0.484417,16,8.44929,0,0,289689755319
39.5175,25.3052,5.83942,69,72,68,1404,2800,0.484417,16,8.44929,0,0,289715060556
37.7881,26.4633,5.83942,69,72,68,1404,2800,0.484417,16,8.44929,0,0,289741525528
39.7073,25.1843,5.83942,69,72,68,1404,2800,0.484417,16,8.44929,0,0,289766708946
37.2141,26.8715,5.83942,69,72,68,1404,2800,0.484417,16,8.44929,0,0,289793581112
39.7583,25.152,5.83942,69,72,68,1404,2800,0.484417,16,8.44929,0,0,289818732891
38.927,25.6891,5.83942,69,72,68,1404,2800,0.484417,16,8.44929,0,0,289844422107
39.9216,25.0491,5.83942,69,72,68,1404,2800,0.484417,16,8.44929,0,0,289869471965
37.0427,26.9959,5.83942,69,72,68,1404,2800,0.484417,16,8.44929,0,0,289896468835
40.803,24.508,5.83942,69,72,68,1404,2800,0.484417,16,8.44929,0,0,289920976205
36.6523,27.2834,5.83942,69,72,68,1404,2800,0.484417,16,8.44929,0,0,289948260744
40.1273,24.9207,5.83942,69,72,68,1404,2800,0.484417,16,8.44929,0,0,289973181139
39.9988,25.0008,5.83942,69,72,68,1404,2800,0.484417,16,8.44929,0,0,289998181854
37.6147,26.5854,5.83942,69,72,68,1404,2800,0.484417,16,8.44929,0,0,290024767312
39.479,25.3299,5.83942,69,72,68,1404,2800,0.484417,16,8.44929,0,0,290050098547
36.6598,27.2779,5.83942,69,72,68,1404,2800,0.484417,16,8.44929,0,0,290077376985
40.6044,24.6279,5.83942,69,72,68,1404,2800,0.484417,16,8.44929,0,0,290102004651
40.3223,24.8002,5.83942,69,72,68,1404,2800,0.484417,16,8.44929,0,0,290126807565
39.391,25.3865,5.04926,69,67,67,1387,2800,0.484417,30,8.44916,0,0,290152191219
36.2176,27.6109,5.04926,69,67,67,1387,2800,0.484417,30,8.44916,0,0,290179802401
37.7119,26.5168,5.04926,69,67,67,1387,2800,0.484417,30,8.44916,0,0,290206319350
42.4071,23.581,5.04926,69,67,67,1387,2800,0.484417,30,8.44916,0,0,290229901946
38.2866,26.1188,5.04926,69,67,67,1387,2800,0.484417,30,8.44916,0,0,290256020949
39.0078,25.6359,5.04926,69,67,67,1387,2800,0.484417,30,8.44916,0,0,290281656385
38.4721,25.9929,5.04926,69,67,67,1387,2800,0.484417,30,8.44916,0,0,290307648610
31.056,32.1999,5.04926,69,67,67,1387,2800,0.484417,30,8.44916,0,0,290339849691
43.2565,23.1179,5.04926,69,67,67,1387,2800,0.484417,30,8.44916,0,0,290362967385
39.4906,25.3225,5.04926,69,67,67,1387,2800,0.484417,30,8.44916,0,0,290388290805
39.5428,25.2891,5.04926,69,67,67,1387,2800,0.484417,30,8.44916,0,0,290413579561
38.0438,26.2855,5.04926,69,67,67,1387,2800,0.484417,30,8.44916,0,0,290439865056
41.4485,24.1263,5.04926,69,67,67,1387,2800,0.484417,30,8.44916,0,0,290463991933
38.5473,25.9422,5.04926,69,67,67,1387,2800,0.484417,30,8.44916,0,0,290489935517
38.8437,25.7442,5.04926,69,67,67,1387,2800,0.484417,30,8.44916,0,0,290515680729
33.7365,29.6415,5.04926,69,67,67,1387,2800,0.484417,30,8.44916,0,0,290545322009
44.2399,22.604,5.04926,69,67,67,1387,2800,0.484417,30,8.44916,0,0,290567926589
38.2912,26.1156,5.04926,69,67,67,1387,2800,0.484417,30,8.44916,0,0,290594042697
39.729,25.1705,5.04926,69,67,67,1387,2800,0.484417,30,8.44916,0,0,290619211428
40.8416,24.4849,5.04926,69,67,67,1387,2800,0.484417,30,8.44916,0,0,290643705603
35.3172,28.3149,5.03067,69,72,68,1468,2800,0.484417,15,8.51066,0,0,290672014333
42.3007,23.6403,5.03067,69,72,68,1468,2800,0.484417,15,8.51066,0,0,290695652553
36.3195,27.5334,5.03067,69,72,68,1468,2800,0.484417,15,8.51066,0,0,290723187672
39.567,25.2736,5.03067,69,72,68,1468,2800,0.484417,15,8.51066,0,0,290748461049
36.457,27.4296,5.03067,69,72,68,1468,2800,0.484417,15,8.51066,0,0,290775890550
42.8588,23.3324,5.03067,69,72,68,1468,2800,0.484417,15,8.51066,0,0,290799222856
35.6324,28.0644,5.03067,69,72,68,1468,2800,0.484417,15,8.51066,0,0,290827287929
39.7556,25.1537,5.03067,69,72,68,1468,2800,0.484417,15,8.51066,0,0,290852442754
38.4719,25.993,5.03067,69,72,68,1468,2800,0.484417,15,8.51066,0,0,290878435350
36.1918,27.6306,5.03067,69,72,68,1468,2800,0.484417,15,8.51066,0,0,290906065978
41.9871,23.8169,5.03067,69,72,68,1468,2800,0.484417,15,8.51066,0,0,290929882462
40.2813,24.8254,5.03067,69,72,68,1468,2800,0.484417,15,8.51066,0,0,290954708350
35.1987,28.4101,5.03067,69,72,68,1468,2800,0.484417,15,8.51066,0,0,290983119833
39.8357,25.1031,5.03067,69,72,68,1468,2800,0.484417,15,8.51066,0,0,291008223882
40.7123,24.5626,5.03067,69,72,68,1468,2800,0.484417,15,8.51066,0,0,291032786045
39.3445,25.4165,5.03067,69,72,68,1468,2800,0.484417,15,8.51066,0,0,291058203101
37.7977,26.4567,5.03067,69,72,68,1468,2800,0.484417,15,8.51066,0,0,291084659126
38.1981,26.1793,5.03067,69,72,68,1468,2800,0.484417,15,8.51066,0,0,291110838773
42.5133,23.5221,5.03067,69,72,68,1468,2800,0.484417,15,8.51066,0,0,291134360545
36.523,27.38,5.03067,69,72,68,1468,2800,0.484417,15,8.51066,0,0,291161745903
39.464,25.3395,5.37241,69,67,67,1355,2800,0.484417,28,8.50959,0,0,291187081516
39.2611,25.4705,5.37241,69,67,67,1355,2800,0.484417,28,8.50959,0,0,291212551352
36.3963,27.4753,5.37241,69,67,67,1355,2800,0.484417,28,8.50959,0,0,291240027951
42.008,23.805,5.37241,69,67,67,1355,2800,0.484417,28,8.50959,0,0,291263834156
39.1119,25.5677,5.37241,69,67,67,1355,2800,0.484417,28,8.50959,0,0,291289401154
37.8912,26.3913,5.37241,69,67,67,1355,2800,0.484417,28,8.50959,0,0,291315792197
38.8563,25.7359,5.37241,69,67,67,1355,2800,0.484417,28,8.50959,0,0,291341530055
40.6734,24.5861,5.37241,69,67,67,1355,2800,0.484417,28,8.50959,0,0,291366115041
37.3011,26.8089,5.37241,69,67,67,1355,2800,0.484417,28,8.50959,0,0,291392923697
38.6444,25.877,5.37241,69,67,67,1355,2800,0.484417,28,8.50959,0,0,291418801598
37.307,26.8046,5.37241,69,67,67,1355,2800,0.484417,28,8.50959,0,0,291445606678
41.7555,23.949,5.37241,69,67,67,1355,2800,0.484417,28,8.50959,0,0,291469556011
38.8186,25.7608,5.37241,69,67,67,1355,2800,0.484417,28,8.50959,0,0,291495317864
33.9383,29.4652,5.37241,69,67,67,1355,2800,0.484417,28,8.50959,0,0,291524782363
37.6159,26.5845,5.37241,69,67,67,1355,2800,0.484417,28,8.50959,0,0,291551367009
42.37,23.6016,5.37241,69,67,67,1355,2800,0.484417,28,8.50959,0,0,291574968480
40.8355,24.4885,5.37241,69,67,67,1355,2800,0.484417,28,8.50959,0,0,291599456644
39.1214,25.5615,5.37241,69,67,67,1355,2800,0.484417,28,8.50959,0,0,291625020105
39.8729,25.0797,5.37241,69,67,67,1355,2800,0.484417,28,8.50959,0,0,291650100229
37.5166,26.6549,5.37241,69,67,67,1355,2800,0.484417,28,8.50959,0,0,291676756640
41.0506,24.3602,5.15337,69,71,67,1317,2800,0.484417,15,8.51051,0,0,291701114750
38.6979,25.8412,5.15337,69,71,67,1317,2800,0.484417,15,8.51051,0,0,291726956503
39.6613,25.2135,5.15337,69,71,67,1317,2800,0.484417,15,8.51051,0,0,291752170358
37.0112,27.0188,5.15337,69,71,67,1317,2800,0.484417,15,8.51051,0,0,291779188829
36.7526,27.2089,5.15337,69,71,67,1317,2800,0.484417,15,8.51051,0,0,291806398397
41.5439,24.0709,5.15337,69,71,67,1317,2800,0.484417,15,8.51051,0,0,291830470902
39.1026,25.5738,5.15337,69,71,67,1317,2800,0.484417,15,8.51051,0,0,291856045754
38.6448,25.8767,5.15337,69,71,67,1317,2800,0.484417,15,8.51051,0,0,291881920870
39.0101,25.6344,5.15337,69,71,67,1317,2800,0.484417,15,8.51051,0,0,291907555233
38.6321,25.8852,5.15337,69,71,67,1317,2800,0.484417,15,8.51051,0,0,291933440678
39.3539,25.4105,5.15337,69,71,67,1317,2800,0.484417,15,8.51051,0,0,291958852335
38.4973,25.9758,5.15337,69,71,67,1317,2800,0.484417,15,8.51051,0,0,291984828830
36.6762,27.2656,5.15337,69,71,67,1317,2800,0.484417,15,8.51051,0,0,292012094404
41.6052,24.0355,5.15337,69,71,67,1317,2800,0.484417,15,8.51051,0,0,292036129658
38.1246,26.2298,5.15337,69,71,67,1317,2800,0.484417,15,8.51051,0,0,292062358828
38.1457,26.2152,5.15337,69,71,67,1317,2800,0.484417,15,8.51051,0,0,292088575895
40.5541,24.6584,5.15337,69,71,67,1317,2800,0.484417,15,8.51051,0,0,292113233537
37.5408,26.6377,5.15337,69,71,67,1317,2800,0.484417,15,8.51051,0,0,292139872205
40.5093,24.6857,5.15337,69,71,67,1317,2800,0.484417,15,8.51051,0,0,292164557258
37.0616,26.9821,5.15337,69,71,67,1317,2800,0.484417,15,8.51051,0,0,292191541594
39.8653,25.0845,4.91401,69,66,67,1305,2800,0.484417,28,8.51074,0,0,292216626017
37.0333,27.0027,4.91401,69,66,67,1305,2800,0.484417,28,8.51074,0,0,292243627154
42.072,23.7688,4.91401,69,66,67,1305,2800,0.484417,28,8.51074,0,0,292267398624
36.1385,27.6713,4.91401,69,66,67,1305,2800,0.484417,28,8.51074,0,0,292295070029
39.4735,25.3335,4.91401,69,66,67,1305,2800,0.484417,28,8.51074,0,0,292320404300
39.0944,25.5791,4.91401,69,66,67,1305,2800,0.484417,28,8.51074,0,0,292345981857
38.4304,26.0211,4.91401,69,66,67,1305,2800,0.484417,28,8.51074,0,0,292372004389
41.3931,24.1586,4.91401,69,66,67,1305,2800,0.484417,28,8.51074,0,0,292396162424
39.0205,25.6276,4.91401,69,66,67,1305,2800,0.484417,28,8.51074,0,0,292421791188
37.8873,26.394,4.91401,69,66,67,1305,2800,0.484417,28,8.51074,0,0,292448184585
38.1364,26.2217,4.91401,69,66,67,1305,2800,0.484417,28,8.51074,0,0,292474408455
38.4198,26.0282,4.91401,69,66,67,1305,2800,0.484417,28,8.51074,0,0,292500436277
41.3009,24.2125,4.91401,69,66,67,1305,2800,0.484417,28,8.51074,0,0,292524648533
33.5304,29.8237,4.91401,69,66,67,1305,2800,0.484417,28,8.51074,0,0,292554472937
41.9844,23.8184,4.91401,69,66,67,1305,2800,0.484417,28,8.51074,0,0,292578291505
41.1493,24.3018,4.91401,69,66,67,1305,2800,0.484417,28,8.51074,0,0,292602592588
38.9754,25.6572,4.91401,69,66,67,1305,2800,0.484417,28,8.51074,0,0,292628250706
38.827,25.7553,4.91401,69,66,67,1305,2800,0.484417,28,8.51074,0,0,292654006879
38.1276,26.2277,4.91401,69,66,67,1305,2800,0.484417,28,8.51074,0,0,292680235588
36.4869,27.4071,4.91401,69,66,67,1305,2800,0.484417,28,8.51074,0,0,292707647095
42.7731,23.3792,4.79115,69,69,67,1309,2800,0.484417,15,8.51163,0,0,292731021790
38.3507,26.0752,4.79115,69,69,67,1309,2800,0.484417,15,8.51163,0,0,292757096220
39.4677,25.3372,4.79115,69,69,67,1309,2800,0.484417,15,8.51163,0,0,292782434168
36.4229,27.4553,4.79115,69,69,67,1309,2800,0.484417,15,8.51163,0,0,292809890620
41.9533,23.836,4.79115,69,69,67,1309,2800,0.484417,15,8.51163,0,0,292833725618
37.0576,26.985,4.79115,69,69,67,1309,2800,0.484417,15,8.51163,0,0,292860710315
39.9853,25.0092,4.79115,69,69,67,1309,2800,0.484417,15,8.51163,0,0,292885721410
38.403,26.0396,4.79115,69,69,67,1309,2800,0.484417,15,8.51163,0,0,292911760303
37.8248,26.4377,4.79115,69,69,67,1309,2800,0.484417,15,8.51163,0,0,292938200007
41.284,24.2224,4.79115,69,69,67,1309,2800,0.484417,15,8.51163,0,0,292962421201
38.428,26.0227,4.79115,69,69,67,1309,2800,0.484417,15,8.51163,0,0,292988444514
37.6246,26.5784,4.79115,69,69,67,1309,2800,0.484417,15,8.51163,0,0,293015023149
39.2454,25.4807,4.79115,69,69,67,1309,2800,0.484417,15,8.51163,0,0,293040503374
40.5483,24.6619,4.79115,69,69,67,1309,2800,0.484417,15,8.51163,0,0,293065165504
38.1602,26.2053,4.79115,69,69,67,1309,2800,0.484417,15,8.51163,0,0,293091371380
38.1555,26.2086,4.79115,69,69,67,1309,2800,0.484417,15,8.51163,0,0,293117580102
38.8837,25.7177,4.79115,69,69,67,1309,2800,0.484417,15,8.51163,0,0,293143297782
40.3717,24.7698,4.79115,69,69,67,1309,2800,0.484417,15,8.51163,0,0,293168070269
40.1036,24.9354,4.79115,69,69,67,1309,2800,0.484417,15,8.51163,0,0,293193005492
38.5213,25.9596,4.79115,69,69,67,1309,2800,0.484417,15,8.51163,0,0,293218966689
37.5844,26.6068,4.46097,69,68,67,1228,2800,0.484417,22,8.51165,0,0,293245570872
37.9954,26.319,4.46097,69,68,67,1228,2800,0.484417,22,8.51165,0,0,293271890361
42.8767,23.3227,4.46097,69,68,67,1228,2800,0.484417,22,8.51165,0,0,293295212838
33.7693,29.6127,4.46097,69,68,67,1228,2800,0.484417,22,8.51165,0,0,293324825785
43.6429,22.9133,4.46097,69,68,67,1228,2800,0.484417,22,8.51165,0,0,293347738524
36.6101,27.3149,4.46097,69,68,67,1228,2800,0.484417,22,8.51165,0,0,293375054172
44.4127,22.5161,4.46097,69,68,67,1228,2800,0.484417,22,8.51165,0,0,293397569866
37.3987,26.7389,4.46097,69,68,67,1228,2800,0.484417,22,8.51165,0,0,293424309373
37.7291,26.5047,4.46097,69,68,67,1228,2800,0.484417,22,8.51165,0,0,293450814650
38.0035,26.3133,4.46097,69,68,67,1228,2800,0.484417,22,8.51165,0,0,293477127597
41.1117,24.324,4.46097,69,68,67,1228,2800,0.484417,22,8.51165,0,0,293501451503
38.1335,26.2237,4.46097,69,68,67,1228,2800,0.484417,22,8.51165,0,0,293527675152
26.9733,37.0737,4.46097,69,68,67,1228,2800,0.484417,22,8.51165,0,0,293564749675
38.0065,26.3113,4.46097,69,68,67,1228,2800,0.484417,22,8.51165,0,0,293591061019
33.5393,29.8158,4.46097,69,68,67,1228,2800,0.484417,22,8.51165,0,0,293620876887
39.3205,25.432,4.46097,69,68,67,1228,2800,0.484417,22,8.51165,0,0,293646308711
38.8811,25.7194,4.46097,69,68,67,1228,2800,0.484417,22,8.51165,0,0,293672028435
40.8205,24.4975,4.46097,69,68,67,1228,2800,0.484417,22,8.51165,0,0,293696527790
38.941,25.6799,4.46097,69,68,67,1228,2800,0.484417,22,8.51165,0,0,293722212157
39.0658,25.5978,4.39147,69,66,65,1120,2800,0.484417,23,8.51094,0,0,293747804422
38.9122,25.6989,4.39147,69,66,65,1120,2800,0.484417,23,8.51094,0,0,293773503428
38.9747,25.6577,4.39147,69,66,65,1120,2800,0.484417,23,8.51094,0,0,293799161426
36.2283,27.6027,4.39147,69,66,65,1120,2800,0.484417,23,8.51094,0,0,293826764412
41.1186,24.3199,4.39147,69,66,65,1120,2800,0.484417,23,8.51094,0,0,293851083890
38.6513,25.8724,4.39147,69,66,65,1120,2800,0.484417,23,8.51094,0,0,293876956260
37.5814,26.6089,4.39147,69,66,65,1120,2800,0.484417,23,8.51094,0,0,293903568909
41.386,24.1627,4.39147,69,66,65,1120,2800,0.484417,23,8.51094,0,0,293927729028
38.6142,25.8972,4.39147,69,66,65,1120,2800,0.484417,23,8.51094,0,0,293953626425
37.166,26.9063,4.39147,69,66,65,1120,2800,0.484417,23,8.51094,0,0,293980532525
39.6008,25.252,4.39147,69,66,65,1120,2800,0.484417,23,8.51094,0,0,294005785884
37.8853,26.3955,4.39147,69,66,65,1120,2800,0.484417,23,8.51094,0,0,294032181897
41.4886,24.103,4.39147,69,66,65,1120,2800,0.484417,23,8.51094,0,0,294056283866
37.4913,26.6729,4.39147,69,66,65,1120,2800,0.484417,23,8.51094,0,0,294082956889
37.364,26.7637,4.39147,69,66,65,1120,2800,0.484417,23,8.51094,0,0,294109722905
41.3308,24.1951,4.39147,69,66,65,1120,2800,0.484417,23,8.51094,0,0,294133916256
36.8765,27.1176,4.39147,69,66,65,1120,2800,0.484417,23,8.51094,0,0,294161034534
39.8478,25.0955,4.39147,69,66,65,1120,2800,0.484417,23,8.51094,0,0,294186130518
38.4636,25.9986,4.39147,69,66,65,1120,2800,0.484417,23,8.51094,0,0,294212130558
37.5703,26.6168,4.39147,69,66,65,1120,2800,0.484417,23,8.51094,0,0,294238748166
40.5267,24.6751,4.16157,68,69,66,1062,2800,0.484417,16,8.51052,0,0,294263421056
38.8528,25.7382,4.16157,68,69,66,1062,2800,0.484417,16,8.51052,0,0,294289159325
38.7963,25.7757,4.16157,68,69,66,1062,2800,0.484417,16,8.51052,0,0,294314935154
37.366,26.7623,4.16157,68,69,66,1062,2800,0.484417,16,8.51052,0,0,294341697695
40.7692,24.5283,4.16157,68,69,66,1062,2800,0.484417,16,8.51052,0,0,294366226875
37.8069,26.4502,4.16157,68,69,66,1062,2800,0.484417,16,8.51052,0,0,294392677801
40.9457,24.4226,4.16157,68,69,66,1062,2800,0.484417,16,8.51052,0,0,294417100031
36.854,27.1341,4.16157,68,69,66,1062,2800,0.484417,16,8.51052,0,0,294444234750
39.745,25.1604,4.16157,68,69,66,1062,2800,0.484417,16,8.51052,0,0,294469396848
37.6251,26.578,4.16157,68,69,66,1062,2800,0.484417,16,8.51052,0,0,294495972918
40.6199,24.6185,4.16157,68,69,66,1062,2800,0.484417,16,8.51052,0,0,294520592008
38.4193,26.0286,4.16157,68,69,66,1062,2800,0.484417,16,8.51052,0,0,294546620441
37.5918,26.6015,4.16157,68,69,66,1062,2800,0.484417,16,8.51052,0,0,294573222881
40.3181,24.8028,4.16157,68,69,66,1062,2800,0.484417,16,8.51052,0,0,294598025024
39.255,25.4744,4.16157,68,69,66,1062,2800,0.484417,16,8.51052,0,0,294623499768
40.0457,24.9715,4.16157,68,69,66,1062,2800,0.484417,16,8.51052,0,0,294648471179
36.2017,27.623,4.16157,68,69,66,1062,2800,0.484417,16,8.51052,0,0,294676096487
40.6934,24.574,4.16157,68,69,66,1062,2800,0.484417,16,8.51052,0,0,294700669410
38.4192,26.0287,4.16157,68,69,66,1062,2800,0.484417,16,8.51052,0,0,294726698033
39.2638,25.4688,4.16157,68,69,66,1062,2800,0.484417,16,8.51052,0,0,294752173209
32.5733,30.7,4.06905,69,68,65,1018,2800,0.484417,14,8.50723,0,0,294782869357
42.8504,23.337,4.06905,69,68,65,1018,2800,0.484417,14,8.50723,0,0,294806204388
39.2182,25.4984,4.06905,69,68,65,1018,2800,0.484417,14,8.50723,0,0,294831704100
41.1247,24.3163,4.06905,69,68,65,1018,2800,0.484417,14,8.50723,0,0,294856019580
39.056,25.6043,4.06905,69,68,65,1018,2800,0.484417,14,8.50723,0,0,294881623857
36.7686,27.1972,4.06905,69,68,65,1018,2800,0.484417,14,8.50723,0,0,294908821303
43.3327,23.0773,4.06905,69,68,65,1018,2800,0.484417,14,8.50723,0,0,294931898441
37.43,26.7166,4.06905,69,68,65,1018,2800,0.484417,14,8.50723,0,0,294958615165
39.2979,25.4467,4.06905,69,68,65,1018,2800,0.484417,14,8.50723,0,0,294984061997
37.8522,26.4185,4.06905,69,68,65,1018,2800,0.484417,14,8.50723,0,0,295010480862
41.4116,24.1478,4.06905,69,68,65,1018,2800,0.484417,14,8.50723,0,0,295034628678
37.9312,26.3635,4.06905,69,68,65,1018,2800,0.484417,14,8.50723,0,0,295060992350
39.6744,25.2052,4.06905,69,68,65,1018,2800,0.484417,14,8.50723,0,0,295086197869
37.4226,26.7218,4.06905,69,68,65,1018,2800,0.484417,14,8.50723,0,0,295112919543
37.9504,26.3502,4.06905,69,68,65,1018,2800,0.484417,14,8.50723,0,0,295139270150
40.8576,24.4753,4.06905,69,68,65,1018,2800,0.484417,14,8.50723,0,0,295163745450
37.2683,26.8325,4.06905,69,68,65,1018,2800,0.484417,14,8.50723,0,0,295190578142
39.0892,25.5825,4.06905,69,68,65,1018,2800,0.484417,14,8.50723,0,0,295216161120
37.8077,26.4496,4.06905,69,68,65,1018,2800,0.484417,14,8.50723,0,0,295242612897
39.0672,25.5969,4.06905,69,68,65,1018,2800,0.484417,14,8.50723,0,0,295268213077
39.9675,25.0203,4.28397,69,64,66,1029,2800,0.484417,22,8.50677,0,0,295293229031
37.2239,26.8644,4.28397,69,64,66,1029,2800,0.484417,22,8.50677,0,0,295320093632
37.336,26.7838,4.28397,69,64,66,1029,2800,0.484417,22,8.50677,0,0,295346878955
38.1898,26.185,4.28397,69,64,66,1029,2800,0.484417,22,8.50677,0,0,295373063160
42.6953,23.4218,4.28397,69,64,66,1029,2800,0.484417,22,8.50677,0,0,295396485685
38.509,25.968,4.28397,69,64,66,1029,2800,0.484417,22,8.50677,0,0,295422453535
37.4928,26.6718,4.28397,69,64,66,1029,2800,0.484417,22,8.50677,0,0,295449124784
37.6471,26.5625,4.28397,69,64,66,1029,2800,0.484417,22,8.50677,0,0,295475689052
42.0899,23.7587,4.28397,69,64,66,1029,2800,0.484417,22,8.50677,0,0,295499446896
35.8341,27.9064,4.28397,69,64,66,1029,2800,0.484417,22,8.50677,0,0,295527353232
39.8698,25.0817,4.28397,69,64,66,1029,2800,0.484417,22,8.50677,0,0,295552435330
38.5287,25.9547,4.28397,69,64,66,1029,2800,0.484417,22,8.50677,0,0,295578391678
36.8114,27.1655,4.28397,69,64,66,1029,2800,0.484417,22,8.50677,0,0,295605556182
42.7642,23.384,4.28397,69,64,66,1029,2800,0.484417,22,8.50677,0,0,295628940435
39.4512,25.3478,4.28397,69,64,66,1029,2800,0.484417,22,8.50677,0,0,295654288442
36.7857,27.1845,4.28397,69,64,66,1029,2800,0.484417,22,8.50677,0,0,295681473164
37.9131,26.3761,4.28397,69,64,66,1029,2800,0.484417,22,8.50677,0,0,295707849881
44.5894,22.4268,4.28397,69,64,66,1029,2800,0.484417,22,8.50677,0,0,295730275977
37.8818,26.3979,4.28397,69,64,66,1029,2800,0.484417,22,8.50677,0,0,295756674915
38.2068,26.1734,4.28397,69,64,66,1029,2800,0.484417,22,8.50677,0,0,295782851145
37.0701,26.9759,4.55105,69,69,66,1198,2800,0.484417,13,8.53766,0,0,295809823940
40.066,24.9588,4.55105,69,69,66,1198,2800,0.484417,13,8.53766,0,0,295834783608
40.1673,24.8959,4.55105,69,69,66,1198,2800,0.484417,13,8.53766,0,0,295859679056
39.9696,25.019,4.55105,69,69,66,1198,2800,0.484417,13,8.53766,0,0,295884698416
37.0265,27.0077,4.55105,69,69,66,1198,2800,0.484417,13,8.53766,0,0,295911706447
37.0607,26.9827,4.55105,69,69,66,1198,2800,0.484417,13,8.53766,0,0,295938690442
42.8307,23.3478,4.55105,69,69,66,1198,2800,0.484417,13,8.53766,0,0,295962037376
37.5214,26.6515,4.55105,69,69,66,1198,2800,0.484417,13,8.53766,0,0,295988691192
38.8623,25.7319,4.55105,69,69,66,1198,2800,0.484417,13,8.53766,0,0,296014421185
38.1064,26.2423,4.55105,69,69,66,1198,2800,0.484417,13,8.53766,0,0,296040664792
41.2968,24.215,4.55105,69,69,66,1198,2800,0.484417,13,8.53766,0,0,296064878872
37.9288,26.3652,4.55105,69,69,66,1198,2800,0.484417,13,8.53766,0,0,296091244107
40.2158,24.8658,4.55105,69,69,66,1198,2800,0.484417,13,8.53766,0,0,296116110210
36.8816,27.1138,4.55105,69,69,66,1198,2800,0.484417,13,8.53766,0,0,296143227215
37.5053,26.6629,4.55105,69,69,66,1198,2800,0.484417,13,8.53766,0,0,296169889457
40.1338,24.9166,4.55105,69,69,66,1198,2800,0.484417,13,8.53766,0,0,296194807136
38.4189,26.0289,4.55105,69,69,66,1198,2800,0.484417,13,8.53766,0,0,296220835810
40.1559,24.9029,4.55105,69,69,66,1198,2800,0.484417,13,8.53766,0,0,296245737199
35.9382,27.8256,4.55105,69,69,66,1198,2800,0.484417,13,8.53766,0,0,296273563905
42.1002,23.7529,4.55105,69,69,66,1198,2800,0.484417,13,8.53766,0,0,296297318764
39.1538,25.5403,4.41718,69,65,66,1232,2800,0.484417,27,8.53723,0,0,296322857288
38.6459,25.876,4.41718,69,65,66,1232,2800,0.484417,27,8.53723,0,0,296348733395
37.0891,26.9621,4.41718,69,65,66,1232,2800,0.484417,27,8.53723,0,0,296375695069
42.4275,23.5696,4.41718,69,65,66,1232,2800,0.484417,27,8.53723,0,0,296399267014
36.1453,27.6661,4.41718,69,65,66,1232,2800,0.484417,27,8.53723,0,0,296426931045
38.9321,25.6858,4.41718,69,65,66,1232,2800,0.484417,27,8.53723,0,0,296452617036
38.1014,26.2458,4.41718,69,65,66,1232,2800,0.484417,27,8.53723,0,0,296478863488
38.4465,26.0102,4.41718,69,65,66,1232,2800,0.484417,27,8.53723,0,0,296504874489
38.9121,25.6989,4.41718,69,65,66,1232,2800,0.484417,27,8.53723,0,0,296530573053
39.4934,25.3207,4.41718,69,65,66,1232,2800,0.484417,27,8.53723,0,0,296555896474
37.5695,26.6173,4.41718,69,65,66,1232,2800,0.484417,27,8.53723,0,0,296582512489
37.842,26.4257,4.41718,69,65,66,1232,2800,0.484417,27,8.53723,0,0,296608937386
36.6787,27.2638,4.41718,69,65,66,1232,2800,0.484417,27,8.53723,0,0,296636202469
41.0471,24.3622,4.41718,69,65,66,1232,2800,0.484417,27,8.53723,0,0,296660565097
37.8757,26.4022,4.41718,69,65,66,1232,2800,0.484417,27,8.53723,0,0,296686966720
35.928,27.8335,4.41718,69,65,66,1232,2800,0.484417,27,8.53723,0,0,296714800730
39.8954,25.0656,4.41718,69,65,66,1232,2800,0.484417,27,8.53723,0,0,296739866267
36.9932,27.032,4.41718,69,65,66,1232,2800,0.484417,27,8.53723,0,0,296766898223
41.7863,23.9313,4.41718,69,65,66,1232,2800,0.484417,27,8.53723,0,0,296790829402
38.6285,25.8876,4.41718,69,65,66,1232,2800,0.484417,27,8.53723,0,0,296816721099
38.8232,25.7578,5.79011,69,67,67,1310,2800,0.484417,17,8.53784,0,0,296842476610
41.4219,24.1418,5.79011,69,67,67,1310,2800,0.484417,17,8.53784,0,0,296866618775
37.9791,26.3303,5.79011,69,67,67,1310,2800,0.484417,17,8.53784,0,0,296892947822
39.0164,25.6303,5.79011,69,67,67,1310,2800,0.484417,17,8.53784,0,0,296918579411
37.2434,26.8504,5.79011,69,67,67,1310,2800,0.484417,17,8.53784,0,0,296945430306
39.8235,25.1108,5.79011,69,67,67,1310,2800,0.484417,17,8.53784,0,0,296970541158
39.8879,25.0703,5.79011,69,67,67,1310,2800,0.484417,17,8.53784,0,0,296995611324
39.8846,25.0723,5.79011,69,67,67,1310,2800,0.484417,17,8.53784,0,0,297020685317
37.4838,26.6782,5.79011,69,67,67,1310,2800,0.484417,17,8.53784,0,0,297047362557
37.6218,26.5803,5.79011,69,67,67,1310,2800,0.484417,17,8.53784,0,0,297073942485
42.0991,23.7535,5.79011,69,67,67,1310,2800,0.484417,17,8.53784,0,0,297097696952
38.4091,26.0355,5.79011,69,67,67,1310,2800,0.484417,17,8.53784,0,0,297123733441
37.5509,26.6305,5.79011,69,67,67,1310,2800,0.484417,17,8.53784,0,0,297150363643
38.6442,25.8771,5.79011,69,67,67,1310,2800,0.484417,17,8.53784,0,0,297176241233
39.84,25.1004,5.79011,69,67,67,1310,2800,0.484417,17,8.53784,0,0,297201342527
38.9673,25.6625,5.79011,69,67,67,1310,2800,0.484417,17,8.53784,0,0,297227003871
38.1721,26.1971,5.79011,69,67,67,1310,2800,0.484417,17,8.53784,0,0,297253202023
37.4971,26.6688,5.79011,69,67,67,1310,2800,0.484417,17,8.53784,0,0,297279870577
41.8712,23.8828,5.79011,69,67,67,1310,2800,0.484417,17,8.53784,0,0,297303753195
38.4987,25.9749,5.79011,69,67,67,1310,2800,0.484417,17,8.53784,0,0,297329734009
38.4089,26.0356,5.40541,70,68,66,1312,2800,0.484417,23,8.53996,0,0,297355764686
37.901,26.3845,5.40541,70,68,66,1312,2800,0.484417,23,8.53996,0,0,297382150590
37.6174,26.5834,5.40541,70,68,66,1312,2800,0.484417,23,8.53996,0,0,297408733733
41.6816,23.9914,5.40541,70,68,66,1312,2800,0.484417,23,8.53996,0,0,297432725506
38.2352,26.1539,5.40541,70,68,66,1312,2800,0.484417,23,8.53996,0,0,297458879445
38.9334,25.6849,5.40541,70,68,66,1312,2800,0.484417,23,8.53996,0,0,297484564945
35.5588,28.1224,5.40541,70,68,66,1312,2800,0.484417,23,8.53996,0,0,297512687826
43.6524,22.9082,5.40541,70,68,66,1312,2800,0.484417,23,8.53996,0,0,297535595766
38.2712,26.1293,5.40541,70,68,66,1312,2800,0.484417,23,8.53996,0,0,297561738945
39.1795,25.5235,5.40541,70,68,66,1312,2800,0.484417,23,8.53996,0,0,297587249837
37.5799,26.61,5.40541,70,68,66,1312,2800,0.484417,23,8.53996,0,0,297613861674
37.0789,26.9695,5.40541,70,68,66,1312,2800,0.484417,23,8.53996,0,0,297640829700
41.72,23.9693,5.40541,70,68,66,1312,2800,0.484417,23,8.53996,0,0,297664799892
38.421,26.0274,5.40541,70,68,66,1312,2800,0.484417,23,8.53996,0,0,297690826732
39.6198,25.2399,5.40541,70,68,66,1312,2800,0.484417,23,8.53996,0,0,297716068139
37.328,26.7896,5.40541,70,68,66,1312,2800,0.484417,23,8.53996,0,0,297742856939
40.6659,24.5906,5.40541,70,68,66,1312,2800,0.484417,23,8.53996,0,0,297767448497
38.1108,26.2393,5.40541,70,68,66,1312,2800,0.484417,23,8.53996,0,0,297793686864
39.6958,25.1916,5.40541,70,68,66,1312,2800,0.484417,23,8.53996,0,0,297818879529
37.4697,26.6883,5.40541,70,68,66,1312,2800,0.484417,23,8.53996,0,0,297845572579
38.3301,26.0891,5.13447,69,68,66,1301,2800,0.484417,26,8.53903,0,0,297871659121
40.2659,24.8349,5.13447,69,68,66,1301,2800,0.484417,26,8.53903,0,0,297896493174
39.0864,25.5844,5.13447,69,68,66,1301,2800,0.484417,26,8.53903,0,0,297922077634
38.1856,26.1879,5.13447,69,68,66,1301,2800,0.484417,26,8.53903,0,0,297948265967
37.7009,26.5245,5.13447,69,68,66,1301,2800,0.484417,26,8.53903,0,0,297974789960
38.224,26.1615,5.13447,69,68,66,1301,2800,0.484417,26,8.53903,0,0,298000952194
40.3432,24.7873,5.13447,69,68,66,1301,2800,0.484417,26,8.53903,0,0,298025739950
36.8661,27.1252,5.13447,69,68,66,1301,2800,0.484417,26,8.53903,0,0,298052864008
39.2201,25.4971,5.13447,69,68,66,1301,2800,0.484417,26,8.53903,0,0,298078362698
41.464,24.1173,5.13447,69,68,66,1301,2800,0.484417,26,8.53903,0,0,298102479926
37.9837,26.3271,5.13447,69,68,66,1301,2800,0.484417,26,8.53903,0,0,298128807620
39.7252,25.1729,5.13447,69,68,66,1301,2800,0.484417,26,8.53903,0,0,298153980388
36.316,27.5361,5.13447,69,68,66,1301,2800,0.484417,26,8.53903,0,0,298181516690
38.251,26.1431,5.13447,69,68,66,1301,2800,0.484417,26,8.53903,0,0,298207659578
42.2671,23.659,5.13447,69,68,66,1301,2800,0.484417,26,8.53903,0,0,298231319979
37.5321,26.6439,5.13447,69,68,66,1301,2800,0.484417,26,8.53903,0,0,298257963957
38.694,25.8438,5.13447,69,68,66,1301,2800,0.484417,26,8.53903,0,0,298283808285
39.2333,25.4886,5.13447,69,68,66,1301,2800,0.484417,26,8.53903,0,0,298309297346
39.8456,25.0969,5.13447,69,68,66,1301,2800,0.484417,26,8.53903,0,0,298334393721
38.8739,25.7242,5.13447,69,68,66,1301,2800,0.484417,26,8.53903,0,0,298360120939
36.8103,27.1663,5.15971,70,70,67,1346,2800,0.484417,14,8.53836,0,0,298387284942
38.9642,25.6646,5.15971,70,70,67,1346,2800,0.484417,14,8.53836,0,0,298412949623
42.354,23.6105,5.15971,70,70,67,1346,2800,0.484417,14,8.53836,0,0,298436560281
36.5208,27.3816,5.15971,70,70,67,1346,2800,0.484417,14,8.53836,0,0,298463942473
38.7547,25.8034,5.15971,70,70,67,1346,2800,0.484417,14,8.53836,0,0,298489746115
38.5494,25.9407,5.15971,70,70,67,1346,2800,0.484417,14,8.53836,0,0,298515686573
38.3117,26.1017,5.15971,70,70,67,1346,2800,0.484417,14,8.53836,0,0,298541787973
39.979,25.0131,5.15971,70,70,67,1346,2800,0.484417,14,8.53836,0,0,298566802394
39.3304,25.4256,5.15971,70,70,67,1346,2800,0.484417,14,8.53836,0,0,298592227626
37.901,26.3845,5.15971,70,70,67,1346,2800,0.484417,14,8.53836,0,0,298618612538
37.4175,26.7255,5.15971,70,70,67,1346,2800,0.484417,14,8.53836,0,0,298645337968
41.1596,24.2957,5.15971,70,70,67,1346,2800,0.484417,14,8.53836,0,0,298669634252
37.6395,26.5678,5.15971,70,70,67,1346,2800,0.484417,14,8.53836,0,0,298696201736
40.0251,24.9843,5.15971,70,70,67,1346,2800,0.484417,14,8.53836,0,0,298721187824
36.8944,27.1044,5.15971,70,70,67,1346,2800,0.484417,14,8.53836,0,0,298748291575
38.4903,25.9806,5.15971,70,70,67,1346,2800,0.484417,14,8.53836,0,0,298774271867
42.3568,23.6089,5.15971,70,70,67,1346,2800,0.484417,14,8.53836,0,0,298797882285
37.4329,26.7145,5.15971,70,70,67,1346,2800,0.484417,14,8.53836,0,0,298824596264
38.0409,26.2875,5.15971,70,70,67,1346,2800,0.484417,14,8.53836,0,0,298850884264
39.9084,25.0574,5.15971,70,70,67,1346,2800,0.484417,14,8.53836,0,0,298875943439
40.4496,24.7221,5.62347,69,64,66,1286,2800,0.484417,31,8.53788,0,0,298900664339
38.7998,25.7734,5.62347,69,64,66,1286,2800,0.484417,31,8.53788,0,0,298926438906
41.478,24.1092,5.62347,69,64,66,1286,2800,0.484417,31,8.53788,0,0,298950546797
35.6424,28.0564,5.62347,69,64,66,1286,2800,0.484417,31,8.53788,0,0,298978603355
42.9474,23.2843,5.62347,69,64,66,1286,2800,0.484417,31,8.53788,0,0,299001888111
38.4004,26.0414,5.62347,69,64,66,1286,2800,0.484417,31,8.53788,0,0,299027929799
39.5712,25.2709,5.62347,69,64,66,1286,2800,0.484417,31,8.53788,0,0,299053200812
37.5556,26.6272,5.62347,69,64,66,1286,2800,0.484417,31,8.53788,0,0,299079827727
37.7076,26.5198,5.62347,69,64,66,1286,2800,0.484417,31,8.53788,0,0,299106348464
41.1824,24.2822,5.62347,69,64,66,1286,2800,0.484417,31,8.53788,0,0,299130630060
37.9669,26.3387,5.62347,69,64,66,1286,2800,0.484417,31,8.53788,0,0,299156969236
40.669,24.5888,5.62347,69,64,66,1286,2800,0.484417,31,8.53788,0,0,299181558189
36.9007,27.0997,5.62347,69,64,66,1286,2800,0.484417,31,8.53788,0,0,299208658223
41.833,23.9045,5.62347,69,64,66,1286,2800,0.484417,31,8.53788,0,0,299232562592
34.2701,29.18,5.62347,69,64,66,1286,2800,0.484417,31,8.53788,0,0,299261742947
43.0701,23.218,5.62347,69,64,66,1286,2800,0.484417,31,8.53788,0,0,299284961099
37.6123,26.587,5.62347,69,64,66,1286,2800,0.484417,31,8.53788,0,0,299311548140
40.7321,24.5506,5.62347,69,64,66,1286,2800,0.484417,31,8.53788,0,0,299336100484
36.873,27.1201,5.62347,69,64,66,1286,2800,0.484417,31,8.53788,0,0,299363220645
36.2128,27.6146,5.62347,69,64,66,1286,2800,0.484417,31,8.53788,0,0,299390837097
43.0003,23.2556,4.77356,69,70,66,1194,2800,0.484417,12,8.53673,0,0,299414090044
37.6812,26.5384,4.77356,69,70,66,1194,2800,0.484417,12,8.53673,0,0,299440629525
39.5683,25.2727,4.77356,69,70,66,1194,2800,0.484417,12,8.53673,0,0,299465903053
39.1964,25.5126,4.77356,69,70,66,1194,2800,0.484417,12,8.53673,0,0,299491416770
40.8191,24.4983,4.77356,69,70,66,1194,2800,0.484417,12,8.53673,0,0,299515914412
35.4281,28.2262,4.77356,69,70,66,1194,2800,0.484417,12,8.53673,0,0,299544141910
43.9898,22.7326,4.77356,69,70,66,1194,2800,0.484417,12,8.53673,0,0,299566873078
35.7939,27.9377,4.77356,69,70,66,1194,2800,0.484417,12,8.53673,0,0,299594810733
40.7009,24.5695,4.77356,69,70,66,1194,2800,0.484417,12,8.53673,0,0,299619380530
36.858,27.1312,4.77356,69,70,66,1194,2800,0.484417,12,8.53673,0,0,299646511812
37.2079,26.876,4.77356,69,70,66,1194,2800,0.484417,12,8.53673,0,0,299673388085
39.9413,25.0367,4.77356,69,70,66,1194,2800,0.484417,12,8.53673,0,0,299698425850
41.4064,24.1508,4.77356,69,70,66,1194,2800,0.484417,12,8.53673,0,0,299722577022
38.0537,26.2787,4.77356,69,70,66,1194,2800,0.484417,12,8.53673,0,0,299748857708
38.1379,26.2206,4.77356,69,70,66,1194,2800,0.484417,12,8.53673,0,0,299775076999
40.0887,24.9447,4.77356,69,70,66,1194,2800,0.484417,12,8.53673,0,0,299800022481
37.6357,26.5705,4.77356,69,70,66,1194,2800,0.484417,12,8.53673,0,0,299826593542
40.533,24.6713,4.77356,69,70,66,1194,2800,0.484417,12,8.53673,0,0,299851264839
36.6615,27.2766,4.77356,69,70,66,1194,2800,0.484417,12,8.53673,0,0,299878541244
41.7436,23.9558,4.77356,69,70,66,1194,2800,0.484417,12,8.53673,0,0,299902499283
39.1268,25.5579,4.57355,69,65,65,1248,2800,0.484417,25,8.53849,0,0,299928055180
39.2363,25.4866,4.57355,69,65,65,1248,2800,0.484417,25,8.53849,0,0,299953541947
36.48,27.4123,4.57355,69,65,65,1248,2800,0.484417,25,8.53849,0,0,299980953945
32.0928,31.1596,4.57355,69,65,65,1248,2800,0.484417,25,8.53849,0,0,300012113513
44.9156,22.264,4.57355,69,65,65,1248,2800,0.484417,25,8.53849,0,0,300034378647
43.2627,23.1146,4.57355,69,65,65,1248,2800,0.484417,25,8.53849,0,0,300057494698
38.6537,25.8708,4.57355,69,65,65,1248,2800,0.484417,25,8.53849,0,0,300083364092
37.1141,26.944,4.57355,69,65,65,1248,2800,0.484417,25,8.53849,0,0,300110308413
44.0911,22.6803,4.57355,69,65,65,1248,2800,0.484417,25,8.53849,0,0,300132988646
34.4422,29.0341,4.57355,69,65,65,1248,2800,0.484417,25,8.53849,0,0,300162024280
43.447,23.0165,4.57355,69,65,65,1248,2800,0.484417,25,8.53849,0,0,300185039661
36.7426,27.2163,4.57355,69,65,65,1248,2800,0.484417,25,8.53849,0,0,300212255782
42.3444,23.6159,4.57355,69,65,65,1248,2800,0.484417,25,8.53849,0,0,300235872652
36.7569,27.2058,4.57355,69,65,65,1248,2800,0.484417,25,8.53849,0,0,300263078995
38.6739,25.8572,4.57355,69,65,65,1248,2800,0.484417,25,8.53849,0,0,300288936467
19.3658,51.6373,4.57355,69,65,65,1248,2800,0.484417,25,8.53849,0,0,300340573316
38.2939,26.1138,4.57355,69,65,65,1248,2800,0.484417,25,8.53849,0,0,300366687459
32.9834,30.3183,4.57355,69,65,65,1248,2800,0.484417,25,8.53849,0,0,300397005709
37.9498,26.3506,4.57355,69,65,65,1248,2800,0.484417,25,8.53849,0,0,300423358942
36.8067,27.169,4.25273,69,66,65,895,2800,0.484417,18,8.53779,0,0,300450525680
43.8504,22.8048,4.25273,69,66,65,895,2800,0.484417,18,8.53779,0,0,300473330386
44.204,22.6224,4.25273,69,66,65,895,2800,0.484417,18,8.53779,0,0,300495953201
38.6735,25.8575,4.25273,69,66,65,895,2800,0.484417,18,8.53779,0,0,300521812487
35.7852,27.9445,4.25273,69,66,65,895,2800,0.484417,18,8.53779,0,0,300549756964
41.5958,24.0409,4.25273,69,66,65,895,2800,0.484417,18,8.53779,0,0,300573798901
39.1846,25.5202,4.25273,69,66,65,895,2800,0.484417,18,8.53779,0,0,300599319842
40.2173,24.8649,4.25273,69,66,65,895,2800,0.484417,18,8.53779,0,0,300624183360
39.432,25.3601,4.25273,69,66,65,895,2800,0.484417,18,8.53779,0,0,300649545273
34.9819,28.5862,4.25273,69,66,65,895,2800,0.484417,18,8.53779,0,0,300678130683
41.5153,24.0875,4.25273,69,66,65,895,2800,0.484417,18,8.53779,0,0,300702218496
36.1028,27.6987,4.25273,69,66,65,895,2800,0.484417,18,8.53779,0,0,300729918264
43.3862,23.0488,4.25273,69,66,65,895,2800,0.484417,18,8.53779,0,0,300752967669
37.8391,26.4277,4.25273,69,66,65,895,2800,0.484417,18,8.53779,0,0,300779395572
36.2848,27.5597,4.25273,69,66,65,895,2800,0.484417,18,8.53779,0,0,300806954255
41.8054,23.9204,4.25273,69,66,65,895,2800,0.484417,18,8.53779,0,0,300830876337
38.6659,25.8626,4.25273,69,66,65,895,2800,0.484417,18,8.53779,0,0,300856738108
38.1517,26.2111,4.25273,69,66,65,895,2800,0.484417,18,8.53779,0,0,300882949514
38.525,25.9572,4.25273,69,66,65,895,2800,0.484417,18,8.53779,0,0,300908907876
40.7603,24.5337,4.25273,69,66,65,895,2800,0.484417,18,8.53779,0,0,300933450422
35.0808,28.5056,4.7088,69,66,65,1194,2800,0.484417,18,8.54139,0,0,300961946684
38.8741,25.724,4.7088,69,66,65,1194,2800,0.484417,18,8.54139,0,0,300987670836
37.8965,26.3877,4.7088,69,66,65,1194,2800,0.484417,18,8.54139,0,0,301014059786
36.1956,27.6277,4.7088,69,66,65,1194,2800,0.484417,18,8.54139,0,0,301041687378
41.4419,24.1302,4.7088,69,66,65,1194,2800,0.484417,18,8.54139,0,0,301065818042
39.207,25.5057,4.7088,69,66,65,1194,2800,0.484417,18,8.54139,0,0,301091322973
38.8293,25.7538,4.7088,69,66,65,1194,2800,0.484417,18,8.54139,0,0,301117078214
37.8871,26.3942,4.7088,69,66,65,1194,2800,0.484417,18,8.54139,0,0,301143472613
41.2163,24.2623,4.7088,69,66,65,1194,2800,0.484417,18,8.54139,0,0,301167734563
39.6372,25.2288,4.7088,69,66,65,1194,2800,0.484417,18,8.54139,0,0,301192963096
37.1792,26.8968,4.7088,69,66,65,1194,2800,0.484417,18,8.54139,0,0,301219861120
38.2812,26.1225,4.7088,69,66,65,1194,2800,0.484417,18,8.54139,0,0,301245983589
40.0667,24.9584,4.7088,69,66,65,1194,2800,0.484417,18,8.54139,0,0,301270944580
39.142,25.548,4.7088,69,66,65,1194,2800,0.484417,18,8.54139,0,0,301296491240
41.058,24.3558,4.7088,69,66,65,1194,2800,0.484417,18,8.54139,0,0,301320846705
36.8329,27.1496,4.7088,69,66,65,1194,2800,0.484417,18,8.54139,0,0,301347997744
37.7427,26.4952,4.7088,69,66,65,1194,2800,0.484417,18,8.54139,0,0,301374492311
40.3588,24.7777,4.7088,69,66,65,1194,2800,0.484417,18,8.54139,0,0,301399269327
40.4618,24.7146,4.7088,69,66,65,1194,2800,0.484417,18,8.54139,0,0,301423985418
37.0152,27.0159,4.7088,69,66,65,1194,2800,0.484417,18,8.54139,0,0,301451007165
40.2566,24.8407,5.71081,69,65,66,1605,2800,0.484417,23,8.54253,0,0,301475841578
37.8494,26.4205,5.71081,69,65,66,1605,2800,0.484417,23,8.54253,0,0,301502263229
37.816,26.4438,5.71081,69,65,66,1605,2800,0.484417,23,8.54253,0,0,301528707382
34.9205,28.6364,5.71081,69,65,66,1605,2800,0.484417,23,8.54253,0,0,301557343336
40.0388,24.9758,5.71081,69,65,66,1605,2800,0.484417,23,8.54253,0,0,301582320938
40.5732,24.6468,5.71081,69,65,66,1605,2800,0.484417,23,8.54253,0,0,301606967840
36.8375,27.1463,5.71081,69,65,66,1605,2800,0.484417,23,8.54253,0,0,301634115242
38.3303,26.089,5.71081,69,65,66,1605,2800,0.484417,23,8.54253,0,0,301660211542
37.2336,26.8575,5.71081,69,65,66,1605,2800,0.484417,23,8.54253,0,0,301687061717
40.226,24.8596,5.71081,69,65,66,1605,2800,0.484417,23,8.54253,0,0,301711921588
41.4564,24.1217,5.71081,69,65,66,1605,2800,0.484417,23,8.54253,0,0,301736043465
37.7803,26.4688,5.71081,69,65,66,1605,2800,0.484417,23,8.54253,0,0,301762513146
39.6363,25.2294,5.71081,69,65,66,1605,2800,0.484417,23,8.54253,0,0,301787744364
37.1555,26.9139,5.71081,69,65,66,1605,2800,0.484417,23,8.54253,0,0,301814656564
38.1592,26.206,5.71081,69,65,66,1605,2800,0.484417,23,8.54253,0,0,301840863292
42.3141,23.6328,5.71081,69,65,66,1605,2800,0.484417,23,8.54253,0,0,301864496532
39.7803,25.138,5.71081,69,65,66,1605,2800,0.484417,23,8.54253,0,0,301889635467
41.7603,23.9462,5.71081,69,65,66,1605,2800,0.484417,23,8.54253,0,0,301913580863
38.3786,26.0562,5.71081,69,65,66,1605,2800,0.484417,23,8.54253,0,0,301939636647
36.5696,27.3451,5.71081,69,65,66,1605,2800,0.484417,23,8.54253,0,0,301966988333
41.4446,24.1286,5.75275,70,68,65,1538,2800,0.484417,16,8.54263,0,0,301991111442
42.6872,23.4262,5.75275,70,68,65,1538,2800,0.484417,16,8.54263,0,0,302014537994
35.9753,27.7968,5.75275,70,68,65,1538,2800,0.484417,16,8.54263,0,0,302042336388
26.6945,37.4609,5.75275,70,68,65,1538,2800,0.484417,16,8.54263,0,0,302079796674
40.9577,24.4154,5.75275,70,68,65,1538,2800,0.484417,16,8.54263,0,0,302104211861
40.7861,24.5182,5.75275,70,68,65,1538,2800,0.484417,16,8.54263,0,0,302128729651
43.1507,23.1746,5.75275,70,68,65,1538,2800,0.484417,16,8.54263,0,0,302151904331
40.6942,24.5735,5.75275,70,68,65,1538,2800,0.484417,16,8.54263,0,0,302176480740
42.5093,23.5243,5.75275,70,68,65,1538,2800,0.484417,16,8.54263,0,0,302200002962
37.5392,26.6388,5.75275,70,68,65,1538,2800,0.484417,16,8.54263,0,0,302226641470
38.3502,26.0755,5.75275,70,68,65,1538,2800,0.484417,16,8.54263,0,0,302252719306
33.5638,29.794,5.75275,70,68,65,1538,2800,0.484417,16,8.54263,0,0,302282512060
37.4966,26.6691,5.75275,70,68,65,1538,2800,0.484417,16,8.54263,0,0,302309181275
39.4,25.3807,5.75275,70,68,65,1538,2800,0.484417,16,8.54263,0,0,302334562113
35.6548,28.0467,5.75275,70,68,65,1538,2800,0.484417,16,8.54263,0,0,302362610535
40.4501,24.7218,5.75275,70,68,65,1538,2800,0.484417,16,8.54263,0,0,302387331135
40.025,24.9844,5.75275,70,68,65,1538,2800,0.484417,16,8.54263,0,0,302412316993
41.951,23.8374,5.75275,70,68,65,1538,2800,0.484417,16,8.54263,0,0,302436153515
35.1436,28.4547,5.75275,70,68,65,1538,2800,0.484417,16,8.54263,0,0,302464607968
39.4854,25.3258,5.75275,70,68,65,1538,2800,0.484417,16,8.54263,0,0,302489936008
39.5274,25.2989,4.95768,69,64,67,1716,2800,0.484417,26,8.54248,0,0,302515235343
41.2601,24.2365,4.95768,69,64,67,1716,2800,0.484417,26,8.54248,0,0,302539472326
40.0139,24.9913,4.95768,69,64,67,1716,2800,0.484417,26,8.54248,0,0,302564462011
39.098,25.5768,4.95768,69,64,67,1716,2800,0.484417,26,8.54248,0,0,302590040169
39.1517,25.5417,4.95768,69,64,67,1716,2800,0.484417,26,8.54248,0,0,302615581639
38.9351,25.6838,4.95768,69,64,67,1716,2800,0.484417,26,8.54248,0,0,302641265656
38.6017,25.9056,4.95768,69,64,67,1716,2800,0.484417,26,8.54248,0,0,302667171619
40.4804,24.7033,4.95768,69,64,67,1716,2800,0.484417,26,8.54248,0,0,302691875518
34.3997,29.07,4.95768,69,64,67,1716,2800,0.484417,26,8.54248,0,0,302720945807
41.736,23.9602,4.95768,69,64,67,1716,2800,0.484417,26,8.54248,0,0,302744906041
41.8005,23.9232,4.95768,69,64,67,1716,2800,0.484417,26,8.54248,0,0,302768828143
37.4599,26.6952,4.95768,69,64,67,1716,2800,0.484417,26,8.54248,0,0,302795524860
40.1407,24.9123,4.95768,69,64,67,1716,2800,0.484417,26,8.54248,0,0,302820436949
37.5247,26.6491,4.95768,69,64,67,1716,2800,0.484417,26,8.54248,0,0,302847087729
37.8427,26.4252,4.95768,69,64,67,1716,2800,0.484417,26,8.54248,0,0,302873511895
41.2895,24.2192,4.95768,69,64,67,1716,2800,0.484417,26,8.54248,0,0,302897732637
38.9379,25.682,4.95768,69,64,67,1716,2800,0.484417,26,8.54248,0,0,302923415231
37.515,26.656,4.95768,69,64,67,1716,2800,0.484417,26,8.54248,0,0,302950071422
35.3311,28.3037,4.95768,69,64,67,1716,2800,0.484417,26,8.54248,0,0,302978373460
44.4969,22.4735,4.95768,69,64,67,1716,2800,0.484417,26,8.54248,0,0,303000851844
38.2102,26.171,4.71464,69,70,65,1226,2800,0.484417,27,8.54311,0,0,303027019428
40.3867,24.7606,4.71464,69,70,65,1226,2800,0.484417,27,8.54311,0,0,303051779973
37.2115,26.8734,4.71464,69,70,65,1226,2800,0.484417,27,8.54311,0,0,303078653131
41.0438,24.3642,4.71464,69,70,65,1226,2800,0.484417,27,8.54311,0,0,303103018524
38.9357,25.6834,4.71464,69,70,65,1226,2800,0.484417,27,8.54311,0,0,303128701720
38.0198,26.3021,4.71464,69,70,65,1226,2800,0.484417,27,8.54311,0,0,303155003907
37.3503,26.7736,4.71464,69,70,65,1226,2800,0.484417,27,8.54311,0,0,303181778109
38.316,26.0988,4.71464,69,70,65,1226,2800,0.484417,27,8.54311,0,0,303207876323
41.1914,24.2769,4.71464,69,70,65,1226,2800,0.484417,27,8.54311,0,0,303232153260
36.6278,27.3017,4.71464,69,70,65,1226,2800,0.484417,27,8.54311,0,0,303259455192
42.5629,23.4946,4.71464,69,70,65,1226,2800,0.484417,27,8.54311,0,0,303282951165
35.485,28.181,4.71464,69,70,65,1226,2800,0.484417,27,8.54311,0,0,303311131364
40.5917,24.6355,4.71464,69,70,65,1226,2800,0.484417,27,8.54311,0,0,303335768147
37.5358,26.6412,4.71464,69,70,65,1226,2800,0.484417,27,8.54311,0,0,303362408588
39.9133,25.0543,4.71464,69,70,65,1226,2800,0.484417,27,8.54311,0,0,303387464597
38.3011,26.1089,4.71464,69,70,65,1226,2800,0.484417,27,8.54311,0,0,303413572009
37.6348,26.5712,4.71464,69,70,65,1226,2800,0.484417,27,8.54311,0,0,303440143831
41.593,24.0425,4.71464,69,70,65,1226,2800,0.484417,27,8.54311,0,0,303464185999
37.3374,26.7828,4.71464,69,70,65,1226,2800,0.484417,27,8.54311,0,0,303490969258
39.1069,25.5709,4.71464,69,70,65,1226,2800,0.484417,27,8.54311,0,0,303516543659
37.9205,26.371,4.65686,69,66,66,1187,2800,0.484417,26,8.54568,0,0,303542911839
42.809,23.3596,4.65686,69,66,66,1187,2800,0.484417,26,8.54568,0,0,303566271246
35.8403,27.9015,4.65686,69,66,66,1187,2800,0.484417,26,8.54568,0,0,303594174666
39.5075,25.3116,4.65686,69,66,66,1187,2800,0.484417,26,8.54568,0,0,303619484872
38.5127,25.9655,4.65686,69,66,66,1187,2800,0.484417,26,8.54568,0,0,303645450367
37.3645,26.7634,4.65686,69,66,66,1187,2800,0.484417,26,8.54568,0,0,303672216825
40.7897,24.516,4.65686,69,66,66,1187,2800,0.484417,26,8.54568,0,0,303696730196
39.7772,25.1401,4.65686,69,66,66,1187,2800,0.484417,26,8.54568,0,0,303721871565
38.0379,26.2896,4.65686,69,66,66,1187,2800,0.484417,26,8.54568,0,0,303748160397
39.7184,25.1773,4.65686,69,66,66,1187,2800,0.484417,26,8.54568,0,0,303773338124
36.2443,27.5906,4.65686,69,66,66,1187,2800,0.484417,26,8.54568,0,0,303800928487
40.6286,24.6132,4.65686,69,66,66,1187,2800,0.484417,26,8.54568,0,0,303825543639
39.9165,25.0523,4.65686,69,66,66,1187,2800,0.484417,26,8.54568,0,0,303850595972
36.3644,27.4995,4.65686,69,66,66,1187,2800,0.484417,26,8.54568,0,0,303878095434
41.7897,23.9293,4.65686,69,66,66,1187,2800,0.484417,26,8.54568,0,0,303902025301
36.1171,27.6877,4.65686,69,66,66,1187,2800,0.484417,26,8.54568,0,0,303929712545
42.2202,23.6854,4.65686,69,66,66,1187,2800,0.484417,26,8.54568,0,0,303953399687
35.884,27.8675,4.65686,69,66,66,1187,2800,0.484417,26,8.54568,0,0,303981266047
39.307,25.4407,4.65686,69,66,66,1187,2800,0.484417,26,8.54568,0,0,304006707940
37.1292,26.9329,4.65686,69,66,66,1187,2800,0.484417,26,8.54568,0,0,304033646421
43.8391,22.8107,4.64548,69,68,65,1308,2800,0.484417,11,8.54453,0,0,304056450706
37.5719,26.6157,4.64548,69,68,65,1308,2800,0.484417,11,8.54453,0,0,304083067012
37.9619,26.3422,4.64548,69,68,65,1308,2800,0.484417,11,8.54453,0,0,304109409284
42.1893,23.7027,4.64548,69,68,65,1308,2800,0.484417,11,8.54453,0,0,304133112475
36.205,27.6205,4.64548,69,68,65,1308,2800,0.484417,11,8.54453,0,0,304160734908
41.6985,23.9817,4.64548,69,68,65,1308,2800,0.484417,11,8.54453,0,0,304184714829
23.1672,43.1644,4.64548,69,68,65,1308,2800,0.484417,11,8.54453,0,0,304227881890
36.7456,27.2141,4.64548,69,68,65,1308,2800,0.484417,11,8.54453,0,0,304255093983
34.5785,28.9197,4.64548,69,68,65,1308,2800,0.484417,11,8.54453,0,0,304284013830
41.1423,24.3059,4.64548,69,68,65,1308,2800,0.484417,11,8.54453,0,0,304308320654
41.9294,23.8496,4.64548,69,68,65,1308,2800,0.484417,11,8.54453,0,0,304332170280
39.9669,25.0207,4.64548,69,68,65,1308,2800,0.484417,11,8.54453,0,0,304357193488
39.2693,25.4652,4.64548,69,68,65,1308,2800,0.484417,11,8.54453,0,0,304382658384
39.7051,25.1857,4.64548,69,68,65,1308,2800,0.484417,11,8.54453,0,0,304407844527
39.4255,25.3643,4.64548,69,68,65,1308,2800,0.484417,11,8.54453,0,0,304433207552
40.6848,24.5792,4.64548,69,68,65,1308,2800,0.484417,11,8.54453,0,0,304457787698
36.966,27.0519,4.64548,69,68,65,1308,2800,0.484417,11,8.54453,0,0,304484840724
38.2851,26.1198,4.64548,69,68,65,1308,2800,0.484417,11,8.54453,0,0,304510960638
41.9287,23.85,4.64548,69,68,65,1308,2800,0.484417,11,8.54453,0,0,304534816897
39.1057,25.5717,5.01253,69,64,65,1603,2800,0.484417,29,8.55199,0,0,304560382913
39.1317,25.5547,5.01253,69,64,65,1603,2800,0.484417,29,8.55199,0,0,304585939090
36.0254,27.7582,5.01253,69,64,65,1603,2800,0.484417,29,8.55199,0,0,304613696917
39.2138,25.5013,5.01253,69,64,65,1603,2800,0.484417,29,8.55199,0,0,304639197991
40.6346,24.6096,5.01253,69,64,65,1603,2800,0.484417,29,8.55199,0,0,304663807883
39.9704,25.0185,5.01253,69,64,65,1603,2800,0.484417,29,8.55199,0,0,304688827364
33.6773,29.6935,5.01253,69,64,65,1603,2800,0.484417,29,8.55199,0,0,304718522615
42.7312,23.4021,5.01253,69,64,65,1603,2800,0.484417,29,8.55199,0,0,304741923039
42.0287,23.7932,5.01253,69,64,65,1603,2800,0.484417,29,8.55199,0,0,304765718123
37.8597,26.4133,5.01253,69,64,65,1603,2800,0.484417,29,8.55199,0,0,304792130125
39.6058,25.2488,5.01253,69,64,65,1603,2800,0.484417,29,8.55199,0,0,304817381361
36.9325,27.0764,5.01253,69,64,65,1603,2800,0.484417,29,8.55199,0,0,304844455866
39.9146,25.0535,5.01253,69,64,65,1603,2800,0.484417,29,8.55199,0,0,304869509330
34.2,29.2398,5.01253,69,64,65,1603,2800,0.484417,29,8.55199,0,0,304898751291
45.0745,22.1855,5.01253,69,64,65,1603,2800,0.484417,29,8.55199,0,0,304920936585
38.0785,26.2615,5.01253,69,64,65,1603,2800,0.484417,29,8.55199,0,0,304947197194
37.8494,26.4205,5.01253,69,64,65,1603,2800,0.484417,29,8.55199,0,0,304973618444
40.9389,24.4266,5.01253,69,64,65,1603,2800,0.484417,29,8.55199,0,0,304998044862
37.8075,26.4498,5.01253,69,64,65,1603,2800,0.484417,29,8.55199,0,0,305024496429
40.0361,24.9774,5.01253,69,64,65,1603,2800,0.484417,29,8.55199,0,0,305049475133
34.1216,29.3069,5.36585,69,67,65,1332,2800,0.484417,23,8.54934,0,0,305078780152
45.4544,22.0001,5.36585,69,67,65,1332,2800,0.484417,23,8.54934,0,0,305100779778
37.2886,26.8178,5.36585,69,67,65,1332,2800,0.484417,23,8.54934,0,0,305127599195
39.901,25.062,5.36585,69,67,65,1332,2800,0.484417,23,8.54934,0,0,305152661636
36.0805,27.7158,5.36585,69,67,65,1332,2800,0.484417,23,8.54934,0,0,305180378507
37.5744,26.6138,5.36585,69,67,65,1332,2800,0.484417,23,8.54934,0,0,305206992188
40.6566,24.5962,5.36585,69,67,65,1332,2800,0.484417,23,8.54934,0,0,305231587593
39.6028,25.2507,5.36585,69,67,65,1332,2800,0.484417,23,8.54934,0,0,305256840361
38.7545,25.8035,5.36585,69,67,65,1332,2800,0.484417,23,8.54934,0,0,305282643562
39.4409,25.3544,5.36585,69,67,65,1332,2800,0.484417,23,8.54934,0,0,305307997289
38.1907,26.1844,5.36585,69,67,65,1332,2800,0.484417,23,8.54934,0,0,305334181414
40.4065,24.7485,5.36585,69,67,65,1332,2800,0.484417,23,8.54934,0,0,305358930087
38.7342,25.817,5.36585,69,67,65,1332,2800,0.484417,23,8.54934,0,0,305384747504
37.7155,26.5143,5.36585,69,67,65,1332,2800,0.484417,23,8.54934,0,0,305411262059
40.644,24.6039,5.36585,69,67,65,1332,2800,0.484417,23,8.54934,0,0,305435866121
35.0973,28.4922,5.36585,69,67,65,1332,2800,0.484417,23,8.54934,0,0,305464362613
40.3656,24.7736,5.36585,69,67,65,1332,2800,0.484417,23,8.54934,0,0,305489132225
38.6387,25.8808,5.36585,69,67,65,1332,2800,0.484417,23,8.54934,0,0,305515013212
39.7256,25.1727,5.36585,69,67,65,1332,2800,0.484417,23,8.54934,0,0,305540187633
39.3143,25.436,5.36585,69,67,65,1332,2800,0.484417,23,8.54934,0,0,305565624647
38.7877,25.7814,4.7561,69,69,65,1296,2800,0.484417,13,8.54876,0,0,305591403672
38.964,25.6647,4.7561,69,69,65,1296,2800,0.484417,13,8.54876,0,0,305617068844
37.9092,26.3788,4.7561,69,69,65,1296,2800,0.484417,13,8.54876,0,0,305643447684
34.722,28.8002,4.7561,69,69,65,1296,2800,0.484417,13,8.54876,0,0,305672249690
44.7295,22.3566,4.7561,69,69,65,1296,2800,0.484417,13,8.54876,0,0,305694604953
39.8667,25.0836,4.7561,69,69,65,1296,2800,0.484417,13,8.54876,0,0,305719688554
37.9095,26.3786,4.7561,69,69,65,1296,2800,0.484417,13,8.54876,0,0,305746067845
37.945,26.3539,4.7561,69,69,65,1296,2800,0.484417,13,8.54876,0,0,305772421929
39.1316,25.5548,4.7561,69,69,65,1296,2800,0.484417,13,8.54876,0,0,305797976664
41.3392,24.1901,4.7561,69,69,65,1296,2800,0.484417,13,8.54876,0,0,305822166839
37.6896,26.5325,4.7561,69,69,65,1296,2800,0.484417,13,8.54876,0,0,305848699558
37.6182,26.5829,4.7561,69,69,65,1296,2800,0.484417,13,8.54876,0,0,305875282932
40.5471,24.6627,4.7561,69,69,65,1296,2800,0.484417,13,8.54876,0,0,305899946374
37.9106,26.3778,4.7561,69,69,65,1296,2800,0.484417,13,8.54876,0,0,305926323522
40.8553,24.4766,4.7561,69,69,65,1296,2800,0.484417,13,8.54876,0,0,305950800415
36.1245,27.6821,4.7561,69,69,65,1296,2800,0.484417,13,8.54876,0,0,305978482299
38.0633,26.272,4.7561,69,69,65,1296,2800,0.484417,13,8.54876,0,0,306004755702
41.035,24.3694,4.7561,69,69,65,1296,2800,0.484417,13,8.54876,0,0,306029124382
40.3319,24.7943,4.7561,69,69,65,1296,2800,0.484417,13,8.54876,0,0,306053919051
38.3574,26.0706,4.7561,69,69,65,1296,2800,0.484417,13,8.54876,0,0,306079992348
37.8399,26.4271,4.65686,69,64,65,1281,2800,0.484417,25,8.54898,0,0,306106416834
40.1387,24.9136,4.65686,69,64,65,1281,2800,0.484417,25,8.54898,0,0,306131330766
38.8903,25.7133,4.65686,69,64,65,1281,2800,0.484417,25,8.54898,0,0,306157044770
38.2299,26.1575,4.65686,69,64,65,1281,2800,0.484417,25,8.54898,0,0,306183201754
37.9886,26.3237,4.65686,69,64,65,1281,2800,0.484417,25,8.54898,0,0,306209526002
42.5038,23.5273,4.65686,69,64,65,1281,2800,0.484417,25,8.54898,0,0,306233053163
34.1747,29.2614,4.65686,69,64,65,1281,2800,0.484417,25,8.54898,0,0,306262314881
42.9604,23.2773,4.65686,69,64,65,1281,2800,0.484417,25,8.54898,0,0,306285592294
36.6933,27.2529,4.65686,69,64,65,1281,2800,0.484417,25,8.54898,0,0,306312845375
38.783,25.7845,4.65686,69,64,65,1281,2800,0.484417,25,8.54898,0,0,306338630361
39.2915,25.4508,4.65686,69,64,65,1281,2800,0.484417,25,8.54898,0,0,306364080790
41.6723,23.9968,4.65686,69,64,65,1281,2800,0.484417,25,8.54898,0,0,306388078254
36.9733,27.0465,4.65686,69,64,65,1281,2800,0.484417,25,8.54898,0,0,306415124816
37.6905,26.5319,4.65686,69,64,65,1281,2800,0.484417,25,8.54898,0,0,306441657065
41.8714,23.8827,4.65686,69,64,65,1281,2800,0.484417,25,8.54898,0,0,306465539683
35.3128,28.3183,4.65686,69,64,65,1281,2800,0.484417,25,8.54898,0,0,306493858432
39.8118,25.1182,4.65686,69,64,65,1281,2800,0.484417,25,8.54898,0,0,306518977119
38.1944,26.1818,4.65686,69,64,65,1281,2800,0.484417,25,8.54898,0,0,306545158659
38.4795,25.9879,4.65686,69,64,65,1281,2800,0.484417,25,8.54898,0,0,306571147167
39.049,25.6089,4.65686,69,64,65,1281,2800,0.484417,25,8.54898,0,0,306596759941
41.7611,23.9457,4.86618,69,66,64,1171,2800,0.484417,17,8.54801,0,0,306620701880
38.7424,25.8115,4.86618,69,66,64,1171,2800,0.484417,17,8.54801,0,0,306646513557
37.919,26.372,4.86618,69,66,64,1171,2800,0.484417,17,8.54801,0,0,306672885634
39.8617,25.0867,4.86618,69,66,64,1171,2800,0.484417,17,8.54801,0,0,306697972832
38.0352,26.2914,4.86618,69,66,64,1171,2800,0.484417,17,8.54801,0,0,306724264399
38.2974,26.1114,4.86618,69,66,64,1171,2800,0.484417,17,8.54801,0,0,306750376058
39.0475,25.6098,4.86618,69,66,64,1171,2800,0.484417,17,8.54801,0,0,306775986236
41.8497,23.895,4.86618,69,66,64,1171,2800,0.484417,17,8.54801,0,0,306799881508
36.9672,27.051,4.86618,69,66,64,1171,2800,0.484417,17,8.54801,0,0,306826932870
39.9144,25.0536,4.86618,69,66,64,1171,2800,0.484417,17,8.54801,0,0,306851986745
37.3168,26.7976,4.86618,69,66,64,1171,2800,0.484417,17,8.54801,0,0,306878784051
37.2994,26.81,4.86618,69,66,64,1171,2800,0.484417,17,8.54801,0,0,306905594190
39.2934,25.4496,4.86618,69,66,64,1171,2800,0.484417,17,8.54801,0,0,306931046152
41.3013,24.2123,4.86618,69,66,64,1171,2800,0.484417,17,8.54801,0,0,306955256665
37.8644,26.41,4.86618,69,66,64,1171,2800,0.484417,17,8.54801,0,0,306981668157
36.8987,27.1012,4.86618,69,66,64,1171,2800,0.484417,17,8.54801,0,0,307008768010
41.8093,23.9181,4.86618,69,66,64,1171,2800,0.484417,17,8.54801,0,0,307032686565
37.5327,26.6435,4.86618,69,66,64,1171,2800,0.484417,17,8.54801,0,0,307059330102
38.1647,26.2022,4.86618,69,66,64,1171,2800,0.484417,17,8.54801,0,0,307085532552
39.033,25.6193,4.86618,69,66,64,1171,2800,0.484417,17,8.54801,0,0,307111155404
38.528,25.9551,4.4226,69,66,65,1009,2800,0.484417,18,8.54913,0,0,307137107233
36.7303,27.2255,4.4226,69,66,65,1009,2800,0.484417,18,8.54913,0,0,307164333353
41.4402,24.1312,4.4226,69,66,65,1009,2800,0.484417,18,8.54913,0,0,307188464397
38.5533,25.9381,4.4226,69,66,65,1009,2800,0.484417,18,8.54913,0,0,307214402721
38.9791,25.6548,4.4226,69,66,65,1009,2800,0.484417,18,8.54913,0,0,307240057423
39.5066,25.3122,4.4226,69,66,65,1009,2800,0.484417,18,8.54913,0,0,307265370074
40.7683,24.5289,4.4226,69,66,65,1009,2800,0.484417,18,8.54913,0,0,307289898854
37.0724,26.9743,4.4226,69,66,65,1009,2800,0.484417,18,8.54913,0,0,307316873662
38.8376,25.7482,4.4226,69,66,65,1009,2800,0.484417,18,8.54913,0,0,307342622050
41.1825,24.2821,4.4226,69,66,65,1009,2800,0.484417,18,8.54913,0,0,307366904278
37.0436,26.9952,4.4226,69,66,65,1009,2800,0.484417,18,8.54913,0,0,307393899705
39.6162,25.2422,4.4226,69,66,65,1009,2800,0.484417,18,8.54913,0,0,307419143596
37.1063,26.9496,4.4226,69,66,65,1009,2800,0.484417,18,8.54913,0,0,307446091685
39.3666,25.4022,4.4226,69,66,65,1009,2800,0.484417,18,8.54913,0,0,307471494214
39.2119,25.5025,4.4226,69,66,65,1009,2800,0.484417,18,8.54913,0,0,307496997161
40.5854,24.6394,4.4226,69,66,65,1009,2800,0.484417,18,8.54913,0,0,307521636459
37.0362,27.0006,4.4226,69,66,65,1009,2800,0.484417,18,8.54913,0,0,307548637556
39.8662,25.0839,4.4226,69,66,65,1009,2800,0.484417,18,8.54913,0,0,307573721478
38.5099,25.9674,4.4226,69,66,65,1009,2800,0.484417,18,8.54913,0,0,307599689017
37.8018,26.4538,4.4226,69,66,65,1009,2800,0.484417,18,8.54913,0,0,307626145242
38.0371,26.2901,4.30504,69,64,63,1019,2800,0.484417,24,8.54877,0,0,307652434054
36.2879,27.5574,4.30504,69,64,63,1019,2800,0.484417,24,8.54877,0,0,307679992547
37.1774,26.898,4.30504,69,64,63,1019,2800,0.484417,24,8.54877,0,0,307706889920
39.7324,25.1684,4.30504,69,64,63,1019,2800,0.484417,24,8.54877,0,0,307732058059
38.5831,25.9181,4.30504,69,64,63,1019,2800,0.484417,24,8.54877,0,0,307757976035
38.1768,26.1939,4.30504,69,64,63,1019,2800,0.484417,24,8.54877,0,0,307784170370
38.2877,26.1181,4.30504,69,64,63,1019,2800,0.484417,24,8.54877,0,0,307810289152
39.4898,25.323,4.30504,69,64,63,1019,2800,0.484417,24,8.54877,0,0,307835612082
40.8803,24.4616,4.30504,69,64,63,1019,2800,0.484417,24,8.54877,0,0,307860074057
36.4781,27.4137,4.30504,69,64,63,1019,2800,0.484417,24,8.54877,0,0,307887502817
38.3056,26.1059,4.30504,69,64,63,1019,2800,0.484417,24,8.54877,0,0,307913593647
36.7238,27.2303,4.30504,69,64,63,1019,2800,0.484417,24,8.54877,0,0,307940824245
41.0008,24.3898,4.30504,69,64,63,1019,2800,0.484417,24,8.54877,0,0,307965215417
42.3371,23.62,4.30504,69,64,63,1019,2800,0.484417,24,8.54877,0,0,307988835653
38.5407,25.9466,4.30504,69,64,63,1019,2800,0.484417,24,8.54877,0,0,308014781451
37.481,26.6802,4.30504,69,64,63,1019,2800,0.484417,24,8.54877,0,0,308041461747
40.2326,24.8555,4.30504,69,64,63,1019,2800,0.484417,24,8.54877,0,0,308066318041
39.9692,25.0193,4.30504,69,64,63,1019,2800,0.484417,24,8.54877,0,0,308091336741
39.3355,25.4223,4.30504,69,64,63,1019,2800,0.484417,24,8.54877,0,0,308116759467
38.2564,26.1394,4.30504,69,64,63,1019,2800,0.484417,24,8.54877,0,0,308142902135
38.7244,25.8235,5.26316,69,67,65,1248,2800,0.484417,27,8.54866,0,0,308168722047
38.4668,25.9965,5.26316,69,67,65,1248,2800,0.484417,27,8.54866,0,0,308194719151
39.3529,25.4111,5.26316,69,67,65,1248,2800,0.484417,27,8.54866,0,0,308220130567
37.3456,26.7769,5.26316,69,67,65,1248,2800,0.484417,27,8.54866,0,0,308246908206
37.8579,26.4145,5.26316,69,67,65,1248,2800,0.484417,27,8.54866,0,0,308273322352
39.666,25.2105,5.26316,69,67,65,1248,2800,0.484417,27,8.54866,0,0,308298533071
41.9706,23.8262,5.26316,69,67,65,1248,2800,0.484417,27,8.54866,0,0,308322359554
38.6697,25.8601,5.26316,69,67,65,1248,2800,0.484417,27,8.54866,0,0,308348220864
40.3977,24.7539,5.26316,69,67,65,1248,2800,0.484417,27,8.54866,0,0,308372974315
40.8483,24.4808,5.26316,69,67,65,1248,2800,0.484417,27,8.54866,0,0,308397454945
40.7407,24.5455,5.26316,69,67,65,1248,2800,0.484417,27,8.54866,0,0,308422000156
37.3159,26.7982,5.26316,69,67,65,1248,2800,0.484417,27,8.54866,0,0,308448798794
37.1062,26.9496,5.26316,69,67,65,1248,2800,0.484417,27,8.54866,0,0,308475748756
42.1188,23.7424,5.26316,69,67,65,1248,2800,0.484417,27,8.54866,0,0,308499491181
38.0355,26.2912,5.26316,69,67,65,1248,2800,0.484417,27,8.54866,0,0,308525782427
40.384,24.7623,5.26316,69,67,65,1248,2800,0.484417,27,8.54866,0,0,308550545006
36.5719,27.3434,5.26316,69,67,65,1248,2800,0.484417,27,8.54866,0,0,308577888676
41.5607,24.0612,5.26316,69,67,65,1248,2800,0.484417,27,8.54866,0,0,308601951582
38.181,26.1911,5.26316,69,67,65,1248,2800,0.484417,27,8.54866,0,0,308628141128
38.8551,25.7367,5.26316,69,67,65,1248,2800,0.484417,27,8.54866,0,0,308653880358
39.0946,25.579,4.33168,69,70,63,1013,2800,0.484417,11,8.5486,0,0,308679457254
35.4289,28.2256,4.33168,69,70,63,1013,2800,0.484417,11,8.5486,0,0,308707683089
39.1974,25.5119,4.33168,69,70,63,1013,2800,0.484417,11,8.5486,0,0,308733196446
42.2323,23.6785,4.33168,69,70,63,1013,2800,0.484417,11,8.5486,0,0,308756873369
38.2598,26.1371,4.33168,69,70,63,1013,2800,0.484417,11,8.5486,0,0,308783011488
38.0327,26.2931,4.33168,69,70,63,1013,2800,0.484417,11,8.5486,0,0,308809305489
39.7668,25.1466,4.33168,69,70,63,1013,2800,0.484417,11,8.5486,0,0,308834451306
38.3401,26.0823,4.33168,69,70,63,1013,2800,0.484417,11,8.5486,0,0,308860533781
39.1015,25.5745,4.33168,69,70,63,1013,2800,0.484417,11,8.5486,0,0,308886109304
38.768,25.7945,4.33168,69,70,63,1013,2800,0.484417,11,8.5486,0,0,308911903719
36.2472,27.5884,4.33168,69,70,63,1013,2800,0.484417,11,8.5486,0,0,308939492188
41.7986,23.9243,4.33168,69,70,63,1013,2800,0.484417,11,8.5486,0,0,308963416104
38.2326,26.1557,4.33168,69,70,63,1013,2800,0.484417,11,8.5486,0,0,308989572437
38.1776,26.1934,4.33168,69,70,63,1013,2800,0.484417,11,8.5486,0,0,309015765418
39.1296,25.5561,4.33168,69,70,63,1013,2800,0.484417,11,8.5486,0,0,309041323159
38.9555,25.6703,4.33168,69,70,63,1013,2800,0.484417,11,8.5486,0,0,309066992618
38.8649,25.7302,4.33168,69,70,63,1013,2800,0.484417,11,8.5486,0,0,309092722612
39.9658,25.0214,4.33168,69,70,63,1013,2800,0.484417,11,8.5486,0,0,309117744777
37.4448,26.7059,4.33168,69,70,63,1013,2800,0.484417,11,8.5486,0,0,309144450160
35.3584,28.2819,4.33168,69,70,63,1013,2800,0.484417,11,8.5486,0,0,309172736368
40.9794,24.4025,3.91198,69,64,64,1144,2800,0.484417,21,8.54561,0,0,309197136938
41.4363,24.1334,3.91198,69,64,64,1144,2800,0.484417,21,8.54561,0,0,309221268824
36.4593,27.4278,3.91198,69,64,64,1144,2800,0.484417,21,8.54561,0,0,309248698465
39.8075,25.1209,3.91198,69,64,64,1144,2800,0.484417,21,8.54561,0,0,309273819396
37.5456,26.6343,3.91198,69,64,64,1144,2800,0.484417,21,8.54561,0,0,309300453686
39.958,25.0263,3.91198,69,64,64,1144,2800,0.484417,21,8.54561,0,0,309325479759
40.2208,24.8627,3.91198,69,64,64,1144,2800,0.484417,21,8.54561,0,0,309350342495
36.7535,27.2083,3.91198,69,64,64,1144,2800,0.484417,21,8.54561,0,0,309377550782
41.6505,24.0093,3.91198,69,64,64,1144,2800,0.484417,21,8.54561,0,0,309401562331
36.6992,27.2485,3.91198,69,64,64,1144,2800,0.484417,21,8.54561,0,0,309428810292
40.571,24.6482,3.91198,69,64,64,1144,2800,0.484417,21,8.54561,0,0,309453457865
37.3244,26.7922,3.91198,69,64,64,1144,2800,0.484417,21,8.54561,0,0,309480249871
37.8076,26.4497,3.91198,69,64,64,1144,2800,0.484417,21,8.54561,0,0,309506699904
40.2698,24.8325,3.91198,69,64,64,1144,2800,0.484417,21,8.54561,0,0,309531532785
39.9333,25.0418,3.91198,69,64,64,1144,2800,0.484417,21,8.54561,0,0,309556575048
38.0696,26.2677,3.91198,69,64,64,1144,2800,0.484417,21,8.54561,0,0,309582842670
35.7529,27.9697,3.91198,69,64,64,1144,2800,0.484417,21,8.54561,0,0,309610812415
43.355,23.0654,3.91198,69,64,64,1144,2800,0.484417,21,8.54561,0,0,309633880234
38.2002,26.1778,3.91198,69,64,64,1144,2800,0.484417,21,8.54561,0,0,309660056264
38.4784,25.9886,3.91198,69,64,64,1144,2800,0.484417,21,8.54561,0,0,309686048239
38.62,25.8933,4.55105,69,64,64,1295,2800,0.484417,14,8.54592,0,0,309711938333
37.4973,26.6686,4.55105,69,64,64,1295,2800,0.484417,14,8.54592,0,0,309738607839
41.524,24.0825,4.55105,69,64,64,1295,2800,0.484417,14,8.54592,0,0,309762689801
38.9772,25.656,4.55105,69,64,64,1295,2800,0.484417,14,8.54592,0,0,309788346837
36.9454,27.0669,4.55105,69,64,64,1295,2800,0.484417,14,8.54592,0,0,309815412977
38.162,26.2041,4.55105,69,64,64,1295,2800,0.484417,14,8.54592,0,0,309841617600
40.6433,24.6043,4.55105,69,64,64,1295,2800,0.484417,14,8.54592,0,0,309866222533
38.9444,25.6776,4.55105,69,64,64,1295,2800,0.484417,14,8.54592,0,0,309891900639
37.803,26.4529,4.55105,69,64,64,1295,2800,0.484417,14,8.54592,0,0,309918353519
38.7701,25.7931,4.55105,69,64,64,1295,2800,0.484417,14,8.54592,0,0,309944147522
40.7968,24.5117,4.55105,69,64,64,1295,2800,0.484417,14,8.54592,0,0,309968660112
37.2499,26.8457,4.55105,69,64,64,1295,2800,0.484417,14,8.54592,0,0,309995505107
39.6755,25.2045,4.55105,69,64,64,1295,2800,0.484417,14,8.54592,0,0,310020709915
38.5882,25.9147,4.55105,69,64,64,1295,2800,0.484417,14,8.54592,0,0,310046624715
38.3182,26.0973,4.55105,69,64,64,1295,2800,0.484417,14,8.54592,0,0,310072721666
39.9558,25.0276,4.55105,69,64,64,1295,2800,0.484417,14,8.54592,0,0,310097749523
36.2547,27.5826,4.55105,69,64,64,1295,2800,0.484417,14,8.54592,0,0,310125332372
38.5755,25.9232,4.55105,69,64,64,1295,2800,0.484417,14,8.54592,0,0,310151255838
39.2636,25.4689,4.55105,69,64,64,1295,2800,0.484417,14,8.54592,0,0,310176724741
41.3131,24.2054,4.55105,69,64,64,1295,2800,0.484417,14,8.54592,0,0,310200933742
39.2604,25.471,4.30504,69,66,65,1132,2800,0.484417,18,8.54522,0,0,310226401613
37.6329,26.5725,4.30504,69,66,65,1132,2800,0.484417,18,8.54522,0,0,310252974257
38.8312,25.7525,4.30504,69,66,65,1132,2800,0.484417,18,8.54522,0,0,310278727414
33.4586,29.8877,4.30504,69,66,65,1132,2800,0.484417,18,8.54522,0,0,310308615056
36.843,27.1422,4.30504,69,66,65,1132,2800,0.484417,18,8.54522,0,0,310335757779
38.2985,26.1107,4.30504,69,66,65,1132,2800,0.484417,18,8.54522,0,0,310361869078
37.7986,26.456,4.30504,69,66,65,1132,2800,0.484417,18,8.54522,0,0,310388326776
40.8175,24.4993,4.30504,69,66,65,1132,2800,0.484417,18,8.54522,0,0,310412824699
39.634,25.2309,4.30504,69,66,65,1132,2800,0.484417,18,8.54522,0,0,310438056538
38.3241,26.0932,4.30504,69,66,65,1132,2800,0.484417,18,8.54522,0,0,310464151215
39.6967,25.191,4.30504,69,66,65,1132,2800,0.484417,18,8.54522,0,0,310489341947
38.6004,25.9065,4.30504,69,66,65,1132,2800,0.484417,18,8.54522,0,0,310515249523
37.0911,26.9607,4.30504,69,66,65,1132,2800,0.484417,18,8.54522,0,0,310542208382
44.2361,22.606,4.30504,69,66,65,1132,2800,0.484417,18,8.54522,0,0,310564814996
40.5852,24.6395,4.30504,69,66,65,1132,2800,0.484417,18,8.54522,0,0,310589455847
39.17,25.5297,4.30504,69,66,65,1132,2800,0.484417,18,8.54522,0,0,310614985695
37.0074,27.0216,4.30504,69,66,65,1132,2800,0.484417,18,8.54522,0,0,310642008353
40.4508,24.7214,4.30504,69,66,65,1132,2800,0.484417,18,8.54522,0,0,310666729253
38.8123,25.765,4.30504,69,66,65,1132,2800,0.484417,18,8.54522,0,0,310692494583
37.6124,26.587,4.30504,69,66,65,1132,2800,0.484417,18,8.54522,0,0,310719084569
38.859,25.7341,5.97561,69,64,66,1403,2800,0.484417,23,8.55127,0,0,310744815665
34.3466,29.115,5.97561,69,64,66,1403,2800,0.484417,23,8.55127,0,0,310773931519
47.1048,21.2293,5.97561,69,64,66,1403,2800,0.484417,23,8.55127,0,0,310795160219
37.6381,26.5688,5.97561,69,64,66,1403,2800,0.484417,23,8.55127,0,0,310821729687
39.0496,25.6084,5.97561,69,64,66,1403,2800,0.484417,23,8.55127,0,0,310847338313
37.7829,26.467,5.97561,69,64,66,1403,2800,0.484417,23,8.55127,0,0,310873805228
42.6509,23.4461,5.97561,69,64,66,1403,2800,0.484417,23,8.55127,0,0,310897251538
36.8908,27.107,5.97561,69,64,66,1403,2800,0.484417,23,8.55127,0,0,310924359336
39.6676,25.2095,5.97561,69,64,66,1403,2800,0.484417,23,8.55127,0,0,310949569404
37.4322,26.715,5.97561,69,64,66,1403,2800,0.484417,23,8.55127,0,0,310976284605
41.835,23.9034,5.97561,69,64,66,1403,2800,0.484417,23,8.55127,0,0,311000187752
37.5688,26.6178,5.97561,69,64,66,1403,2800,0.484417,23,8.55127,0,0,311026805470
38.3839,26.0526,5.97561,69,64,66,1403,2800,0.484417,23,8.55127,0,0,311052858860
40.0937,24.9416,5.97561,69,64,66,1403,2800,0.484417,23,8.55127,0,0,311077800715
39.3427,25.4177,5.97561,69,64,66,1403,2800,0.484417,23,8.55127,0,0,311103220276
37.8432,26.4249,5.97561,69,64,66,1403,2800,0.484417,23,8.55127,0,0,311129643320
39.2064,25.506,5.97561,69,64,66,1403,2800,0.484417,23,8.55127,0,0,311155149894
38.2645,26.1339,5.97561,69,64,66,1403,2800,0.484417,23,8.55127,0,0,311181283404
38.3656,26.065,5.97561,69,64,66,1403,2800,0.484417,23,8.55127,0,0,311207348736
39.5053,25.3131,5.97561,69,64,66,1403,2800,0.484417,23,8.55127,0,0,311232668049
37.4834,26.6785,4.80296,69,67,64,1242,2800,0.484417,15,8.5503,0,0,311259341653
38.7883,25.781,4.80296,69,67,64,1242,2800,0.484417,15,8.5503,0,0,311285122582
38.5848,25.9169,4.80296,69,67,64,1242,2800,0.484417,15,8.5503,0,0,311311039936
37.6401,26.5674,4.80296,69,67,64,1242,2800,0.484417,15,8.5503,0,0,311337611498
37.7082,26.5194,4.80296,69,67,64,1242,2800,0.484417,15,8.5503,0,0,311364126995
37.4538,26.6996,4.80296,69,67,64,1242,2800,0.484417,15,8.5503,0,0,311390827088
40.122,24.924,4.80296,69,67,64,1242,2800,0.484417,15,8.5503,0,0,311415753554
37.5958,26.5987,4.80296,69,67,64,1242,2800,0.484417,15,8.5503,0,0,311442350464
40.8001,24.5098,4.80296,69,67,64,1242,2800,0.484417,15,8.5503,0,0,311466860609
38.1518,26.2111,4.80296,69,67,64,1242,2800,0.484417,15,8.5503,0,0,311493072546
38.7031,25.8378,4.80296,69,67,64,1242,2800,0.484417,15,8.5503,0,0,311518910412
35.6952,28.0149,4.80296,69,67,64,1242,2800,0.484417,15,8.5503,0,0,311546925151
42.2434,23.6724,4.80296,69,67,64,1242,2800,0.484417,15,8.5503,0,0,311570597354
38.1276,26.2277,4.80296,69,67,64,1242,2800,0.484417,15,8.5503,0,0,311596826203
38.6381,25.8812,4.80296,69,67,64,1242,2800,0.484417,15,8.5503,0,0,311622706859
39.9184,25.0511,4.80296,69,67,64,1242,2800,0.484417,15,8.5503,0,0,311647758941
36.0687,27.7249,4.80296,69,67,64,1242,2800,0.484417,15,8.5503,0,0,311675482995
42.3804,23.5958,4.80296,69,67,64,1242,2800,0.484417,15,8.5503,0,0,311699079656
37.8752,26.4025,4.80296,69,67,64,1242,2800,0.484417,15,8.5503,0,0,311725483554
39.8409,25.0998,4.80296,69,67,64,1242,2800,0.484417,15,8.5503,0,0,311750587463
32.6541,30.624,5.14706,69,63,65,1359,2800,0.484417,24,8.54976,0,0,311781206647
39.2485,25.4787,5.14706,69,63,65,1359,2800,0.484417,24,8.54976,0,0,311806687263
40.9991,24.3908,5.14706,69,63,65,1359,2800,0.484417,24,8.54976,0,0,311831077353
38.2732,26.1279,5.14706,69,63,65,1359,2800,0.484417,24,8.54976,0,0,311857204651
39.5337,25.2949,5.14706,69,63,65,1359,2800,0.484417,24,8.54976,0,0,311882500310
37.7557,26.4861,5.14706,69,63,65,1359,2800,0.484417,24,8.54976,0,0,311908985730
39.2003,25.51,5.14706,69,63,65,1359,2800,0.484417,24,8.54976,0,0,311934498296
38.7787,25.7873,5.14706,69,63,65,1359,2800,0.484417,24,8.54976,0,0,311960284174
38.3436,26.08,5.14706,69,63,65,1359,2800,0.484417,24,8.54976,0,0,311986364484
41.1155,24.3217,5.14706,69,63,65,1359,2800,0.484417,24,8.54976,0,0,312010687308
38.2915,26.1155,5.14706,69,63,65,1359,2800,0.484417,24,8.54976,0,0,312036803255
40.1558,24.903,5.14706,69,63,65,1359,2800,0.484417,24,8.54976,0,0,312061706648
34.8922,28.6597,5.14706,69,63,65,1359,2800,0.484417,24,8.54976,0,0,312090366738
40.0411,24.9743,5.14706,69,63,65,1359,2800,0.484417,24,8.54976,0,0,312115339911
40.9854,24.3989,5.14706,69,63,65,1359,2800,0.484417,24,8.54976,0,0,312139741884
38.0013,26.3149,5.14706,69,63,65,1359,2800,0.484417,24,8.54976,0,0,312166055111
39.7004,25.1886,5.14706,69,63,65,1359,2800,0.484417,24,8.54976,0,0,312191242877
37.4854,26.6771,5.14706,69,63,65,1359,2800,0.484417,24,8.54976,0,0,312217920869
39.3647,25.4035,5.14706,69,63,65,1359,2800,0.484417,24,8.54976,0,0,312243324650
40.4615,24.7149,5.14706,69,63,65,1359,2800,0.484417,24,8.54976,0,0,312268046082
38.8555,25.7364,5.75275,70,69,65,1495,2800,0.484417,18,8.5461,0,0,312293775895
36.3022,27.5465,5.75275,70,69,65,1495,2800,0.484417,18,8.5461,0,0,312321324209
39.9637,25.0227,5.75275,70,69,65,1495,2800,0.484417,18,8.5461,0,0,312346346845
40.0832,24.9481,5.75275,70,69,65,1495,2800,0.484417,18,8.5461,0,0,312371295032
39.2576,25.4728,5.75275,70,69,65,1495,2800,0.484417,18,8.5461,0,0,312396768244
36.4809,27.4116,5.75275,70,69,65,1495,2800,0.484417,18,8.5461,0,0,312424179060
40.0368,24.977,5.75275,70,69,65,1495,2800,0.484417,18,8.5461,0,0,312449156362
35.5861,28.1009,5.75275,70,69,65,1495,2800,0.484417,18,8.5461,0,0,312477258414
39.7014,25.188,5.75275,70,69,65,1495,2800,0.484417,18,8.5461,0,0,312502446671
40.1633,24.8983,5.75275,70,69,65,1495,2800,0.484417,18,8.5461,0,0,312527346197
38.5436,25.9446,5.75275,70,69,65,1495,2800,0.484417,18,8.5461,0,0,312553290883
39.9701,25.0187,5.75275,70,69,65,1495,2800,0.484417,18,8.5461,0,0,312578309672
39.0051,25.6376,5.75275,70,69,65,1495,2800,0.484417,18,8.5461,0,0,312603948174
37.2658,26.8342,5.75275,70,69,65,1495,2800,0.484417,18,8.5461,0,0,312630780655
39.2344,25.4878,5.75275,70,69,65,1495,2800,0.484417,18,8.5461,0,0,312656269316
38.6759,25.8559,5.75275,70,69,65,1495,2800,0.484417,18,8.5461,0,0,312682125155
32.9651,30.3351,5.75275,70,69,65,1495,2800,0.484417,18,8.5461,0,0,312712461108
39.063,25.5997,5.75275,70,69,65,1495,2800,0.484417,18,8.5461,0,0,312738060457
40.1948,24.8788,5.75275,70,69,65,1495,2800,0.484417,18,8.5461,0,0,312762941367
33.2349,30.0888,5.75275,70,69,65,1495,2800,0.484417,18,8.5461,0,0,312793032641
40.2181,24.8644,6.13718,70,65,66,1731,2800,0.484417,31,8.55291,0,0,312817896630
36.9952,27.0306,6.13718,70,65,66,1731,2800,0.484417,31,8.55291,0,0,312844926642
38.2286,26.1584,6.13718,70,65,66,1731,2800,0.484417,31,8.55291,0,0,312871085109
39.2187,25.4981,6.13718,70,65,66,1731,2800,0.484417,31,8.55291,0,0,312896582356
39.3571,25.4084,6.13718,70,65,66,1731,2800,0.484417,31,8.55291,0,0,312921991858
36.7289,27.2265,6.13718,70,65,66,1731,2800,0.484417,31,8.55291,0,0,312949219741
37.9536,26.3479,6.13718,70,65,66,1731,2800,0.484417,31,8.55291,0,0,312975567894
40.7748,24.525,6.13718,70,65,66,1731,2800,0.484417,31,8.55291,0,0,313000091705
38.6017,25.9056,6.13718,70,65,66,1731,2800,0.484417,31,8.55291,0,0,313025999732
39.0994,25.5758,6.13718,70,65,66,1731,2800,0.484417,31,8.55291,0,0,313051574985
38.2538,26.1412,6.13718,70,65,66,1731,2800,0.484417,31,8.55291,0,0,313077717222
39.3853,25.3902,6.13718,70,65,66,1731,2800,0.484417,31,8.55291,0,0,313103107698
40.099,24.9383,6.13718,70,65,66,1731,2800,0.484417,31,8.55291,0,0,313128045907
37.2185,26.8684,6.13718,70,65,66,1731,2800,0.484417,31,8.55291,0,0,313154914706
37.9468,26.3527,6.13718,70,65,66,1731,2800,0.484417,31,8.55291,0,0,313181266436
41.3391,24.1902,6.13718,70,65,66,1731,2800,0.484417,31,8.55291,0,0,313205457352
39.6982,25.19,6.13718,70,65,66,1731,2800,0.484417,31,8.55291,0,0,313230646781
36.0064,27.7729,6.13718,70,65,66,1731,2800,0.484417,31,8.55291,0,0,313258420328
40.9404,24.4257,6.13718,70,65,66,1731,2800,0.484417,31,8.55291,0,0,313282845924
37.8209,26.4404,6.13718,70,65,66,1731,2800,0.484417,31,8.55291,0,0,313309289236
40.5012,24.6906,6.47922,70,71,69,2028,2800,0.484417,36,8.55154,0,0,313333977505
37.434,26.7137,6.47922,70,71,69,2028,2800,0.484417,36,8.55154,0,0,313360691414
40.2346,24.8542,6.47922,70,71,69,2028,2800,0.484417,36,8.55154,0,0,313385547127
38.7184,25.8275,6.47922,70,71,69,2028,2800,0.484417,36,8.55154,0,0,313411373241
37.627,26.5767,6.47922,70,71,69,2028,2800,0.484417,36,8.55154,0,0,313437951225
39.2711,25.464,6.47922,70,71,69,2028,2800,0.484417,36,8.55154,0,0,313463414949
39.3494,25.4133,6.47922,70,71,69,2028,2800,0.484417,36,8.55154,0,0,313488829290
34.4281,29.0461,6.47922,70,71,69,2028,2800,0.484417,36,8.55154,0,0,313517876165
38.9632,25.6652,6.47922,70,71,69,2028,2800,0.484417,36,8.55154,0,0,313543540355
39.0086,25.6354,6.47922,70,71,69,2028,2800,0.484417,36,8.55154,0,0,313569176302
38.0115,26.3079,6.47922,70,71,69,2028,2800,0.484417,36,8.55154,0,0,313595484750
37.1903,26.8887,6.47922,70,71,69,2028,2800,0.484417,36,8.55154,0,0,313622373567
36.8514,27.136,6.47922,70,71,69,2028,2800,0.484417,36,8.55154,0,0,313649510820
38.2211,26.1636,6.47922,70,71,69,2028,2800,0.484417,36,8.55154,0,0,313675672904
40.9234,24.4359,6.47922,70,71,69,2028,2800,0.484417,36,8.55154,0,0,313700109812
38.6874,25.8482,6.47922,70,71,69,2028,2800,0.484417,36,8.55154,0,0,313725959029
39.7717,25.1435,6.47922,70,71,69,2028,2800,0.484417,36,8.55154,0,0,313751102071
35.2934,28.3339,6.47922,70,71,69,2028,2800,0.484417,36,8.55154,0,0,313779436730
41.3675,24.1736,6.47922,70,71,69,2028,2800,0.484417,36,8.55154,0,0,313803611216
38.966,25.6634,6.47922,70,71,69,2028,2800,0.484417,36,8.55154,0,0,313829277350
39.785,25.1351,6.91748,70,67,66,1626,2800,0.484417,21,8.55189,0,0,313854411315
38.2406,26.1502,6.91748,70,67,66,1626,2800,0.484417,21,8.55189,0,0,313880561026
38.5437,25.9446,6.91748,70,67,66,1626,2800,0.484417,21,8.55189,0,0,313906506643
41.0889,24.3375,6.91748,70,67,66,1626,2800,0.484417,21,8.55189,0,0,313930846429
38.3184,26.0971,6.91748,70,67,66,1626,2800,0.484417,21,8.55189,0,0,313956940836
38.9945,25.6447,6.91748,70,67,66,1626,2800,0.484417,21,8.55189,0,0,313982586591
37.4575,26.6969,6.91748,70,67,66,1626,2800,0.484417,21,8.55189,0,0,314009282897
35.0348,28.543,6.91748,70,67,66,1626,2800,0.484417,21,8.55189,0,0,314037825867
42.9532,23.2812,6.91748,70,67,66,1626,2800,0.484417,21,8.55189,0,0,314061107187
39.587,25.2608,6.91748,70,67,66,1626,2800,0.484417,21,8.55189,0,0,314086368852
34.5411,28.951,6.91748,70,67,66,1626,2800,0.484417,21,8.55189,0,0,314115321110
40.6068,24.6264,6.91748,70,67,66,1626,2800,0.484417,21,8.55189,0,0,314139947974
40.0512,24.968,6.91748,70,67,66,1626,2800,0.484417,21,8.55189,0,0,314164916459
40.1952,24.8786,6.91748,70,67,66,1626,2800,0.484417,21,8.55189,0,0,314189795696
39.227,25.4927,6.91748,70,67,66,1626,2800,0.484417,21,8.55189,0,0,314215288595
36.7318,27.2244,6.91748,70,67,66,1626,2800,0.484417,21,8.55189,0,0,314242512981
41.0969,24.3327,6.91748,70,67,66,1626,2800,0.484417,21,8.55189,0,0,314266844441
36.7593,27.204,6.91748,70,67,66,1626,2800,0.484417,21,8.55189,0,0,314294050864
36.7416,27.2171,6.91748,70,67,66,1626,2800,0.484417,21,8.55189,0,0,314321266945
40.5834,24.6406,6.91748,70,67,66,1626,2800,0.484417,21,8.55189,0,0,314345910550
39.4442,25.3523,5.99022,69,69,65,1424,2800,0.484417,30,8.55602,0,0,314371260250
40.0252,24.9843,5.99022,69,69,65,1424,2800,0.484417,30,8.55602,0,0,314396244966
39.0107,25.634,5.99022,69,69,65,1424,2800,0.484417,30,8.55602,0,0,314421878558
39.6648,25.2113,5.99022,69,69,65,1424,2800,0.484417,30,8.55602,0,0,314447090670
41.0022,24.3889,5.99022,69,69,65,1424,2800,0.484417,30,8.55602,0,0,314471479478
37.2904,26.8166,5.99022,69,69,65,1424,2800,0.484417,30,8.55602,0,0,314498297652
38.2987,26.1105,5.99022,69,69,65,1424,2800,0.484417,30,8.55602,0,0,314524409332
35.0551,28.5265,5.99022,69,69,65,1424,2800,0.484417,30,8.55602,0,0,314552934708
42.1316,23.7352,5.99022,69,69,65,1424,2800,0.484417,30,8.55602,0,0,314576669689
40.0486,24.9696,5.99022,69,69,65,1424,2800,0.484417,30,8.55602,0,0,314601639297
41.9272,23.8509,5.99022,69,69,65,1424,2800,0.484417,30,8.55602,0,0,314625490245
36.7133,27.2381,5.99022,69,69,65,1424,2800,0.484417,30,8.55602,0,0,314652729880
37.774,26.4732,5.99022,69,69,65,1424,2800,0.484417,30,8.55602,0,0,314679203899
38.6795,25.8535,5.99022,69,69,65,1424,2800,0.484417,30,8.55602,0,0,314705057114
38.2486,26.1448,5.99022,69,69,65,1424,2800,0.484417,30,8.55602,0,0,314731201885
39.3257,25.4286,5.99022,69,69,65,1424,2800,0.484417,30,8.55602,0,0,314756630533
40.534,24.6707,5.99022,69,69,65,1424,2800,0.484417,30,8.55602,0,0,314781301640
36.4902,27.4046,5.99022,69,69,65,1424,2800,0.484417,30,8.55602,0,0,314808707317
43.1895,23.1538,5.99022,69,69,65,1424,2800,0.484417,30,8.55602,0,0,314831861068
37.6326,26.5727,5.99022,69,69,65,1424,2800,0.484417,30,8.55602,0,0,314858435976
39.24,25.4842,5.4321,69,69,65,1431,2800,0.484417,14,8.54922,0,0,314883917794
38.5509,25.9398,5.4321,69,69,65,1431,2800,0.484417,14,8.54922,0,0,314909859354
39.463,25.3402,5.4321,69,69,65,1431,2800,0.484417,14,8.54922,0,0,314935198514
37.9748,26.3333,5.4321,69,69,65,1431,2800,0.484417,14,8.54922,0,0,314961532210
38.4436,26.0122,5.4321,69,69,65,1431,2800,0.484417,14,8.54922,0,0,314987544352
37.5427,26.6363,5.4321,69,69,65,1431,2800,0.484417,14,8.54922,0,0,315014180796
34.5617,28.9338,5.4321,69,69,65,1431,2800,0.484417,14,8.54922,0,0,315043114990
42.083,23.7626,5.4321,69,69,65,1431,2800,0.484417,14,8.54922,0,0,315066877803
37.9854,26.3259,5.4321,69,69,65,1431,2800,0.484417,14,8.54922,0,0,315093202983
42.05,23.7812,5.4321,69,69,65,1431,2800,0.484417,14,8.54922,0,0,315116987256
37.6367,26.5698,5.4321,69,69,65,1431,2800,0.484417,14,8.54922,0,0,315143555192
38.219,26.165,5.4321,69,69,65,1431,2800,0.484417,14,8.54922,0,0,315169720231
38.9466,25.6762,5.4321,69,69,65,1431,2800,0.484417,14,8.54922,0,0,315195397125
40.2513,24.8439,5.4321,69,69,65,1431,2800,0.484417,14,8.54922,0,0,315220241357
37.1325,26.9306,5.4321,69,69,65,1431,2800,0.484417,14,8.54922,0,0,315247173355
36.7509,27.2102,5.4321,69,69,65,1431,2800,0.484417,14,8.54922,0,0,315274383094
42.4285,23.569,5.4321,69,69,65,1431,2800,0.484417,14,8.54922,0,0,315297951953
40.636,24.6087,5.4321,69,69,65,1431,2800,0.484417,14,8.54922,0,0,315322562376
37.729,26.5048,5.4321,69,69,65,1431,2800,0.484417,14,8.54922,0,0,315349065490
37.2335,26.8575,5.4321,69,69,65,1431,2800,0.484417,14,8.54922,0,0,315375926385
42.1465,23.7268,5.49451,69,67,65,1390,2800,0.484417,24,8.54922,0,0,315399650766
38.3123,26.1012,5.49451,69,67,65,1390,2800,0.484417,24,8.54922,0,0,315425752456
38.1472,26.2142,5.49451,69,67,65,1390,2800,0.484417,24,8.54922,0,0,315451967900
38.2425,26.1489,5.49451,69,67,65,1390,2800,0.484417,24,8.54922,0,0,315478116008
41.596,24.0408,5.49451,69,67,65,1390,2800,0.484417,24,8.54922,0,0,315502157835
37.191,26.8882,5.49451,69,67,65,1390,2800,0.484417,24,8.54922,0,0,315529045910
34.2702,29.1799,5.49451,69,67,65,1390,2800,0.484417,24,8.54922,0,0,315558225244
41.7517,23.9511,5.49451,69,67,65,1390,2800,0.484417,24,8.54922,0,0,315582176210
41.1263,24.3153,5.49451,69,67,65,1390,2800,0.484417,24,8.54922,0,0,315606492081
38.5608,25.9331,5.49451,69,67,65,1390,2800,0.484417,24,8.54922,0,0,315632427429
37.7616,26.4819,5.49451,69,67,65,1390,2800,0.484417,24,8.54922,0,0,315658908101
40.5217,24.6782,5.49451,69,67,65,1390,2800,0.484417,24,8.54922,0,0,315683587063
37.8264,26.4366,5.49451,69,67,65,1390,2800,0.484417,24,8.54922,0,0,315710023651
38.3486,26.0766,5.49451,69,67,65,1390,2800,0.484417,24,8.54922,0,0,315736100786
37.7275,26.5059,5.49451,69,67,65,1390,2800,0.484417,24,8.54922,0,0,315762608378
39.3845,25.3907,5.49451,69,67,65,1390,2800,0.484417,24,8.54922,0,0,315787999546
37.902,26.3838,5.49451,69,67,65,1390,2800,0.484417,24,8.54922,0,0,315814381462
42.3802,23.5959,5.49451,69,67,65,1390,2800,0.484417,24,8.54922,0,0,315837978554
40.1692,24.8947,5.49451,69,67,65,1390,2800,0.484417,24,8.54922,0,0,315862872730
38.8175,25.7616,5.49451,69,67,65,1390,2800,0.484417,24,8.54922,0,0,315888640775
38.3868,26.0506,5.54187,69,66,65,1477,2800,0.484417,17,8.5505,0,0,315914687843
36.1444,27.6668,5.54187,69,66,65,1477,2800,0.484417,17,8.5505,0,0,315942354559
40.6507,24.5998,5.54187,69,66,65,1477,2800,0.484417,17,8.5505,0,0,315966954072
39.1952,25.5133,5.54187,69,66,65,1477,2800,0.484417,17,8.5505,0,0,315992466246
39.4515,25.3476,5.54187,69,66,65,1477,2800,0.484417,17,8.5505,0,0,316017815536
36.8621,27.1282,5.54187,69,66,65,1477,2800,0.484417,17,8.5505,0,0,316044944353
41.9821,23.8197,5.54187,69,66,65,1477,2800,0.484417,17,8.5505,0,0,316068763352
38.598,25.9081,5.54187,69,66,65,1477,2800,0.484417,17,8.5505,0,0,316094673924
38.697,25.8418,5.54187,69,66,65,1477,2800,0.484417,17,8.5505,0,0,316120513102
37.9287,26.3653,5.54187,69,66,65,1477,2800,0.484417,17,8.5505,0,0,316146879178
40.18,24.888,5.54187,69,66,65,1477,2800,0.484417,17,8.5505,0,0,316171769116
38.1686,26.1996,5.54187,69,66,65,1477,2800,0.484417,17,8.5505,0,0,316197968800
38.8228,25.758,5.54187,69,66,65,1477,2800,0.484417,17,8.5505,0,0,316223726586
37.8254,26.4373,5.54187,69,66,65,1477,2800,0.484417,17,8.5505,0,0,316250166741
37.7801,26.469,5.54187,69,66,65,1477,2800,0.484417,17,8.5505,0,0,316276636422
42.8039,23.3623,5.54187,69,66,65,1477,2800,0.484417,17,8.5505,0,0,316299998584
37.1093,26.9474,5.54187,69,66,65,1477,2800,0.484417,17,8.5505,0,0,316326946462
39.9409,25.037,5.54187,69,66,65,1477,2800,0.484417,17,8.5505,0,0,316351982133
36.7619,27.2021,5.54187,69,66,65,1477,2800,0.484417,17,8.5505,0,0,316379185279
40.2123,24.868,5.54187,69,66,65,1477,2800,0.484417,17,8.5505,0,0,316404057864
38.2276,26.1591,5.26316,69,67,64,1385,2800,0.484417,14,8.55001,0,0,316430212294
38.9455,25.6769,5.26316,69,67,64,1385,2800,0.484417,14,8.55001,0,0,316455889388
39.799,25.1263,5.26316,69,67,64,1385,2800,0.484417,14,8.55001,0,0,316481015809
36.7881,27.1827,5.26316,69,67,64,1385,2800,0.484417,14,8.55001,0,0,316508199830
41.4097,24.1489,5.26316,69,67,64,1385,2800,0.484417,14,8.55001,0,0,316532350451
38.0339,26.2924,5.26316,69,67,64,1385,2800,0.484417,14,8.55001,0,0,316558641296
40.2103,24.8692,5.26316,69,67,64,1385,2800,0.484417,14,8.55001,0,0,316583512418
37.0616,26.9821,5.26316,69,67,64,1385,2800,0.484417,14,8.55001,0,0,316610494039
39.4961,25.319,5.26316,69,67,64,1385,2800,0.484417,14,8.55001,0,0,316635816829
38.8118,25.7654,5.26316,69,67,64,1385,2800,0.484417,14,8.55001,0,0,316661579473
38.3493,26.0761,5.26316,69,67,64,1385,2800,0.484417,14,8.55001,0,0,316687656488
37.9672,26.3385,5.26316,69,67,64,1385,2800,0.484417,14,8.55001,0,0,316713995123
36.8553,27.1331,5.26316,69,67,64,1385,2800,0.484417,14,8.55001,0,0,316741127086
44.2813,22.5829,5.26316,69,67,64,1385,2800,0.484417,14,8.55001,0,0,316763711298
38.8411,25.746,5.26316,69,67,64,1385,2800,0.484417,14,8.55001,0,0,316789456711
37.333,26.786,5.26316,69,67,64,1385,2800,0.484417,14,8.55001,0,0,316816243847
37.9971,26.3178,5.26316,69,67,64,1385,2800,0.484417,14,8.55001,0,0,316842561573
38.9302,25.687,5.26316,69,67,64,1385,2800,0.484417,14,8.55001,0,0,316868248104
39.025,25.6246,5.26316,69,67,64,1385,2800,0.484417,14,8.55001,0,0,316893875055
38.9693,25.6612,5.26316,69,67,64,1385,2800,0.484417,14,8.55001,0,0,316919538633
37.1914,26.8879,5.26961,69,64,65,1422,2800,0.484417,28,8.542,0,0,316946423363
40.9944,24.3936,5.26961,69,64,65,1422,2800,0.484417,28,8.542,0,0,316970818071
38.5933,25.9113,5.26961,69,64,65,1422,2800,0.484417,28,8.542,0,0,316996728914
38.7943,25.777,5.26961,69,64,65,1422,2800,0.484417,28,8.542,0,0,317022507629
37.3312,26.7872,5.26961,69,64,65,1422,2800,0.484417,28,8.542,0,0,317049293312
38.1531,26.2102,5.26961,69,64,65,1422,2800,0.484417,28,8.542,0,0,317075503757
41.4924,24.1008,5.26961,69,64,65,1422,2800,0.484417,28,8.542,0,0,317099604664
38.6536,25.8708,5.26961,69,64,65,1422,2800,0.484417,28,8.542,0,0,317125476093
39.0334,25.6191,5.26961,69,64,65,1422,2800,0.484417,28,8.542,0,0,317151096400
36.6055,27.3183,5.26961,69,64,65,1422,2800,0.484417,28,8.542,0,0,317178415224
33.9904,29.4201,5.26961,69,64,65,1422,2800,0.484417,28,8.542,0,0,317207842062
41.843,23.8989,5.26961,69,64,65,1422,2800,0.484417,28,8.542,0,0,317231735410
38.8553,25.7365,5.26961,69,64,65,1422,2800,0.484417,28,8.542,0,0,317257471635
40.5759,24.6452,5.26961,69,64,65,1422,2800,0.484417,28,8.542,0,0,317282116463
37.0708,26.9754,5.26961,69,64,65,1422,2800,0.484417,28,8.542,0,0,317309094337
43.5112,22.9826,5.26961,69,64,65,1422,2800,0.484417,28,8.542,0,0,317332076065
38.4617,25.9999,5.26961,69,64,65,1422,2800,0.484417,28,8.542,0,0,317358077738
37.4034,26.7355,5.26961,69,64,65,1422,2800,0.484417,28,8.542,0,0,317384813598
38.7866,25.7821,5.26961,69,64,65,1422,2800,0.484417,28,8.542,0,0,317410595238
38.9411,25.6798,5.26961,69,64,65,1422,2800,0.484417,28,8.542,0,0,317436279426
39.1431,25.5473,5.15971,69,68,65,1307,2800,0.484417,15,8.54106,0,0,317461822358
38.5435,25.9447,5.15971,69,68,65,1307,2800,0.484417,15,8.54106,0,0,317487767966
39.2179,25.4986,5.15971,69,68,65,1307,2800,0.484417,15,8.54106,0,0,317513265704
39.8135,25.1171,5.15971,69,68,65,1307,2800,0.484417,15,8.54106,0,0,317538383228
38.1204,26.2327,5.15971,69,68,65,1307,2800,0.484417,15,8.54106,0,0,317564616786
39.0778,25.59,5.15971,69,68,65,1307,2800,0.484417,15,8.54106,0,0,317590207027
38.3328,26.0873,5.15971,69,68,65,1307,2800,0.484417,15,8.54106,0,0,317616295673
38.4311,26.0206,5.15971,69,68,65,1307,2800,0.484417,15,8.54106,0,0,317642316382
34.7574,28.7709,5.15971,69,68,65,1307,2800,0.484417,15,8.54106,0,0,317671087410
40.942,24.4248,5.15971,69,68,65,1307,2800,0.484417,15,8.54106,0,0,317695510922
39.8623,25.0863,5.15971,69,68,65,1307,2800,0.484417,15,8.54106,0,0,317720598380
39.6438,25.2246,5.15971,69,68,65,1307,2800,0.484417,15,8.54106,0,0,317745823607
42.5369,23.509,5.15971,69,68,65,1307,2800,0.484417,15,8.54106,0,0,317769333857
37.0041,27.0241,5.15971,69,68,65,1307,2800,0.484417,15,8.54106,0,0,317796356374
38.8741,25.7241,5.15971,69,68,65,1307,2800,0.484417,15,8.54106,0,0,317822081318
38.9635,25.6651,5.15971,69,68,65,1307,2800,0.484417,15,8.54106,0,0,317847747191
36.9624,27.0545,5.15971,69,68,65,1307,2800,0.484417,15,8.54106,0,0,317874802010
40.6359,24.6088,5.15971,69,68,65,1307,2800,0.484417,15,8.54106,0,0,317899410469
39.4471,25.3504,5.15971,69,68,65,1307,2800,0.484417,15,8.54106,0,0,317924760780
38.1274,26.2278,5.15971,69,68,65,1307,2800,0.484417,15,8.54106,0,0,317950995380
38.7144,25.8302,5.27607,69,65,64,1228,2800,0.484417,32,8.54089,0,0,317976820652
40.1588,24.9012,5.27607,69,65,64,1228,2800,0.484417,32,8.54089,0,0,318001722562
38.4467,26.0101,5.27607,69,65,64,1228,2800,0.484417,32,8.54089,0,0,318027731489
37.493,26.6717,5.27607,69,65,64,1228,2800,0.484417,32,8.54089,0,0,318054404110
39.4749,25.3325,5.27607,69,65,64,1228,2800,0.484417,32,8.54089,0,0,318079737630
39.3499,25.413,5.27607,69,65,64,1228,2800,0.484417,32,8.54089,0,0,318105150078
37.9962,26.3184,5.27607,69,65,64,1228,2800,0.484417,32,8.54089,0,0,318131470228
38.7737,25.7907,5.27607,69,65,64,1228,2800,0.484417,32,8.54089,0,0,318157260555
39.1265,25.5581,5.27607,69,65,64,1228,2800,0.484417,32,8.54089,0,0,318182819938
38.1106,26.2394,5.27607,69,65,64,1228,2800,0.484417,32,8.54089,0,0,318209058756
39.2554,25.4742,5.27607,69,65,64,1228,2800,0.484417,32,8.54089,0,0,318234533400
38.8582,25.7346,5.27607,69,65,64,1228,2800,0.484417,32,8.54089,0,0,318260269144
39.1224,25.5608,5.27607,69,65,64,1228,2800,0.484417,32,8.54089,0,0,318285828758
37.8887,26.3931,5.27607,69,65,64,1228,2800,0.484417,32,8.54089,0,0,318312222967
42.0154,23.8008,5.27607,69,65,64,1228,2800,0.484417,32,8.54089,0,0,318336022930
37.0607,26.9828,5.27607,69,65,64,1228,2800,0.484417,32,8.54089,0,0,318363006585
38.2403,26.1504,5.27607,69,65,64,1228,2800,0.484417,32,8.54089,0,0,318389156616
39.2529,25.4758,5.27607,69,65,64,1228,2800,0.484417,32,8.54089,0,0,318414634106
37.1099,26.947,5.27607,69,65,64,1228,2800,0.484417,32,8.54089,0,0,318441580401
40.5672,24.6505,5.27607,69,65,64,1228,2800,0.484417,32,8.54089,0,0,318466235859
38.5803,25.92,5.03067,69,67,64,1228,2800,0.484417,15,8.5402,0,0,318492150508
39.0144,25.6315,5.03067,69,67,64,1228,2800,0.484417,15,8.5402,0,0,318517783339
37.2438,26.8501,5.03067,69,67,64,1228,2800,0.484417,15,8.5402,0,0,318544632793
40.8447,24.483,5.03067,69,67,64,1228,2800,0.484417,15,8.5402,0,0,318569116618
37.7692,26.4766,5.03067,69,67,64,1228,2800,0.484417,15,8.5402,0,0,318595594274
37.7963,26.4576,5.03067,69,67,64,1228,2800,0.484417,15,8.5402,0,0,318622051632
36.8715,27.1212,5.03067,69,67,64,1228,2800,0.484417,15,8.5402,0,0,318649173286
37.8343,26.4311,5.03067,69,67,64,1228,2800,0.484417,15,8.5402,0,0,318675604474
41.359,24.1785,5.03067,69,67,64,1228,2800,0.484417,15,8.5402,0,0,318699783118
38.8779,25.7215,5.03067,69,67,64,1228,2800,0.484417,15,8.5402,0,0,318725505847
40.5186,24.68,5.03067,69,67,64,1228,2800,0.484417,15,8.5402,0,0,318750186312
28.4069,35.2028,5.03067,69,67,64,1228,2800,0.484417,15,8.5402,0,0,318785388483
34.6698,28.8435,5.03067,69,67,64,1228,2800,0.484417,15,8.5402,0,0,318814232537
39.07,25.5951,5.03067,69,67,64,1228,2800,0.484417,15,8.5402,0,0,318839827337
36.048,27.7408,5.03067,69,67,64,1228,2800,0.484417,15,8.5402,0,0,318867568082
38.4169,26.0302,5.03067,69,67,64,1228,2800,0.484417,15,8.5402,0,0,318893598910
39.161,25.5356,5.03067,69,67,64,1228,2800,0.484417,15,8.5402,0,0,318919135130
36.9024,27.0985,5.03067,69,67,64,1228,2800,0.484417,15,8.5402,0,0,318946233650
42.1008,23.7525,5.03067,69,67,64,1228,2800,0.484417,15,8.5402,0,0,318969989510
38.5043,25.9711,5.78616,69,65,64,1209,2800,0.484417,24,8.54057,0,0,318995957771
39.7506,25.1568,5.78616,69,65,64,1209,2800,0.484417,24,8.54057,0,0,319021114759
35.3381,28.298,5.78616,69,65,64,1209,2800,0.484417,24,8.54057,0,0,319049413561
37.9119,26.377,5.78616,69,65,64,1209,2800,0.484417,24,8.54057,0,0,319075790087
41.1725,24.2881,5.78616,69,65,64,1209,2800,0.484417,24,8.54057,0,0,319100078787
38.5768,25.9223,5.78616,69,65,64,1209,2800,0.484417,24,8.54057,0,0,319126001402
38.2651,26.1335,5.78616,69,65,64,1209,2800,0.484417,24,8.54057,0,0,319152134711
39.2509,25.4771,5.78616,69,65,64,1209,2800,0.484417,24,8.54057,0,0,319177612802
39.8362,25.1028,5.78616,69,65,64,1209,2800,0.484417,24,8.54057,0,0,319202715810
40.3639,24.7746,5.78616,69,65,64,1209,2800,0.484417,24,8.54057,0,0,319227489098
37.1103,26.9467,5.78616,69,65,64,1209,2800,0.484417,24,8.54057,0,0,319254437287
38.5835,25.9178,5.78616,69,65,64,1209,2800,0.484417,24,8.54057,0,0,319280353920
41.7748,23.9379,5.78616,69,65,64,1209,2800,0.484417,24,8.54057,0,0,319304292804
36.6053,27.3184,5.78616,69,65,64,1209,2800,0.484417,24,8.54057,0,0,319331612068
39.9254,25.0467,5.78616,69,65,64,1209,2800,0.484417,24,8.54057,0,0,319356657628
38.2649,26.1336,5.78616,69,65,64,1209,2800,0.484417,24,8.54057,0,0,319382791769
36.9485,27.0647,5.78616,69,65,64,1209,2800,0.484417,24,8.54057,0,0,319409856847
40.2899,24.8201,5.78616,69,65,64,1209,2800,0.484417,24,8.54057,0,0,319434676713
40.9991,24.3908,5.78616,69,65,64,1209,2800,0.484417,24,8.54057,0,0,319459067925
36.6857,27.2586,5.78616,69,65,64,1209,2800,0.484417,24,8.54057,0,0,319486330633
38.3469,26.0777,5.63725,69,66,65,1424,2800,0.484417,26,8.54105,0,0,319512406556
40.4538,24.7196,5.63725,69,66,65,1424,2800,0.484417,26,8.54105,0,0,319537126665
38.1486,26.2133,5.63725,69,66,65,1424,2800,0.484417,26,8.54105,0,0,319563339764
38.7303,25.8196,5.63725,69,66,65,1424,2800,0.484417,26,8.54105,0,0,319589160267
37.7431,26.4949,5.63725,69,66,65,1424,2800,0.484417,26,8.54105,0,0,319615655736
36.3917,27.4788,5.63725,69,66,65,1424,2800,0.484417,26,8.54105,0,0,319643132747
41.2198,24.2602,5.63725,69,66,65,1424,2800,0.484417,26,8.54105,0,0,319667393694
38.7654,25.7962,5.63725,69,66,65,1424,2800,0.484417,26,8.54105,0,0,319693190513
38.8216,25.7589,5.63725,69,66,65,1424,2800,0.484417,26,8.54105,0,0,319718948629
37.939,26.3581,5.63725,69,66,65,1424,2800,0.484417,26,8.54105,0,0,319745307683
42.3848,23.5934,5.63725,69,66,65,1424,2800,0.484417,26,8.54105,0,0,319768901910
36.7249,27.2294,5.63725,69,66,65,1424,2800,0.484417,26,8.54105,0,0,319796131586
39.9332,25.0418,5.63725,69,66,65,1424,2800,0.484417,26,8.54105,0,0,319821173759
36.7692,27.1967,5.63725,69,66,65,1424,2800,0.484417,26,8.54105,0,0,319848370213
44.4637,22.4903,5.63725,69,66,65,1424,2800,0.484417,26,8.54105,0,0,319870859748
37.2594,26.8389,5.63725,69,66,65,1424,2800,0.484417,26,8.54105,0,0,319897700345
39.5331,25.2953,5.63725,69,66,65,1424,2800,0.484417,26,8.54105,0,0,319922996474
38.1739,26.1959,5.63725,69,66,65,1424,2800,0.484417,26,8.54105,0,0,319949192792
36.8818,27.1136,5.63725,69,66,65,1424,2800,0.484417,26,8.54105,0,0,319976306080
41.9668,23.8283,5.63725,69,66,65,1424,2800,0.484417,26,8.54105,0,0,320000138855
38.5197,25.9607,5.4254,69,69,65,1472,2800,0.484417,21,8.53986,0,0,320026096606
38.0063,26.3114,5.4254,69,69,65,1472,2800,0.484417,21,8.53986,0,0,320052407679
38.0767,26.2628,5.4254,69,69,65,1472,2800,0.484417,21,8.53986,0,0,320078671093
40.4237,24.738,5.4254,69,69,65,1472,2800,0.484417,21,8.53986,0,0,320103408184
37.7629,26.481,5.4254,69,69,65,1472,2800,0.484417,21,8.53986,0,0,320129890498
39.5638,25.2757,5.4254,69,69,65,1472,2800,0.484417,21,8.53986,0,0,320155164957
36.7879,27.1829,5.4254,69,69,65,1472,2800,0.484417,21,8.53986,0,0,320182350220
37.2454,26.8489,5.4254,69,69,65,1472,2800,0.484417,21,8.53986,0,0,320209198692
43.1437,23.1783,5.4254,69,69,65,1472,2800,0.484417,21,8.53986,0,0,320232377580
39.1959,25.5129,5.4254,69,69,65,1472,2800,0.484417,21,8.53986,0,0,320257890045
37.027,27.0073,5.4254,69,69,65,1472,2800,0.484417,21,8.53986,0,0,320284897074
39.038,25.616,5.4254,69,69,65,1472,2800,0.484417,21,8.53986,0,0,320310513815
39.0079,25.6358,5.4254,69,69,65,1472,2800,0.484417,21,8.53986,0,0,320336150463
39.2602,25.4711,5.4254,69,69,65,1472,2800,0.484417,21,8.53986,0,0,320361622102
38.947,25.6759,5.4254,69,69,65,1472,2800,0.484417,21,8.53986,0,0,320387297362
38.5305,25.9535,5.4254,69,69,65,1472,2800,0.484417,21,8.53986,0,0,320413252658
40.4002,24.7523,5.4254,69,69,65,1472,2800,0.484417,21,8.53986,0,0,320438004777
38.1992,26.1786,5.4254,69,69,65,1472,2800,0.484417,21,8.53986,0,0,320464184224
38.8312,25.7525,5.4254,69,69,65,1472,2800,0.484417,21,8.53986,0,0,320489936960
37.9428,26.3555,5.4254,69,69,65,1472,2800,0.484417,21,8.53986,0,0,320516293919
37.6074,26.5905,5.04926,70,68,65,1459,2800,0.484417,17,8.53955,0,0,320542881481
41.7249,23.9665,5.04926,70,68,65,1459,2800,0.484417,17,8.53955,0,0,320566849549
37.4814,26.6799,5.04926,70,68,65,1459,2800,0.484417,17,8.53955,0,0,320593528443
39.2325,25.489,5.04926,70,68,65,1459,2800,0.484417,17,8.53955,0,0,320619018406
38.2081,26.1725,5.04926,70,68,65,1459,2800,0.484417,17,8.53955,0,0,320645190959
39.9155,25.0529,5.04926,70,68,65,1459,2800,0.484417,17,8.53955,0,0,320670245175
39.5656,25.2745,5.04926,70,68,65,1459,2800,0.484417,17,8.53955,0,0,320695520305
37.9326,26.3626,5.04926,70,68,65,1459,2800,0.484417,17,8.53955,0,0,320721883817
34.6522,28.8582,5.04926,70,68,65,1459,2800,0.484417,17,8.53955,0,0,320750740625
35.5272,28.1474,5.04926,70,68,65,1459,2800,0.484417,17,8.53955,0,0,320778887532
36.7216,27.2319,5.04926,70,68,65,1459,2800,0.484417,17,8.53955,0,0,320806119923
39.1871,25.5186,5.04926,70,68,65,1459,2800,0.484417,17,8.53955,0,0,320831640865
36.0081,27.7715,5.04926,70,68,65,1459,2800,0.484417,17,8.53955,0,0,320859411987
35.306,28.3238,5.04926,70,68,65,1459,2800,0.484417,17,8.53955,0,0,320887736477
36.7383,27.2195,5.04926,70,68,65,1459,2800,0.484417,17,8.53955,0,0,320914954621
40.476,24.706,5.04926,70,68,65,1459,2800,0.484417,17,8.53955,0,0,320939663499
37.8936,26.3897,5.04926,70,68,65,1459,2800,0.484417,17,8.53955,0,0,320966053841
36.3705,27.4948,5.04926,70,68,65,1459,2800,0.484417,17,8.53955,0,0,320993547002
40.4323,24.7327,5.04926,70,68,65,1459,2800,0.484417,17,8.53955,0,0,321018284784
35.7069,28.0058,7.18789,69,64,71,2384,2800,0.484421,31,8.5533,0,0,321046285567
40.1204,24.925,7.18789,69,64,71,2384,2800,0.484421,31,8.5533,0,0,321071211182
36.3781,27.4891,7.18789,69,64,71,2384,2800,0.484421,31,8.5533,0,0,321098701617
38.4584,26.0022,7.18789,69,64,71,2384,2800,0.484421,31,8.5533,0,0,321124705644
37.4988,26.6675,7.18789,69,64,71,2384,2800,0.484421,31,8.5533,0,0,321151371724
37.2023,26.8801,7.18789,69,64,71,2384,2800,0.484421,31,8.5533,0,0,321178251223
41.6289,24.0218,7.18789,69,64,71,2384,2800,0.484421,31,8.5533,0,0,321202274385
38.4913,25.9799,7.18789,69,64,71,2384,2800,0.484421,31,8.5533,0,0,321228254838
38.1319,26.2247,7.18789,69,64,71,2384,2800,0.484421,31,8.5533,0,0,321254477866
37.052,26.9891,7.18789,69,64,71,2384,2800,0.484421,31,8.5533,0,0,321281467492
41.3422,24.1884,7.18789,69,64,71,2384,2800,0.484421,31,8.5533,0,0,321305659881
37.249,26.8463,7.18789,69,64,71,2384,2800,0.484421,31,8.5533,0,0,321332504666
41.7565,23.9483,7.18789,69,64,71,2384,2800,0.484421,31,8.5533,0,0,321356453127
33.9547,29.451,7.18789,69,64,71,2384,2800,0.484421,31,8.5533,0,0,321385902668
35.3805,28.2642,7.18789,69,64,71,2384,2800,0.484421,31,8.5533,0,0,321414168548
40.6673,24.5898,7.18789,69,64,71,2384,2800,0.484421,31,8.5533,0,0,321438756499
34.7558,28.7722,7.18789,69,64,71,2384,2800,0.484421,31,8.5533,0,0,321467529120
38.1587,26.2063,7.18789,69,64,71,2384,2800,0.484421,31,8.5533,0,0,321493735797
37.9096,26.3786,7.18789,69,64,71,2384,2800,0.484421,31,8.5533,0,0,321520120278
38.2743,26.1272,7.2956,70,68,72,2339,2800,0.484425,30,8.5542,0,0,321546241966
40.3903,24.7584,7.2956,70,68,72,2339,2800,0.484425,30,8.5542,0,0,321571000547
37.711,26.5175,7.2956,70,68,72,2339,2800,0.484425,30,8.5542,0,0,321597520072
41.451,24.1249,7.2956,70,68,72,2339,2800,0.484425,30,8.5542,0,0,321621644453
35.5095,28.1615,7.2956,70,68,72,2339,2800,0.484425,30,8.5542,0,0,321649805336
41.6691,23.9986,7.2956,70,68,72,2339,2800,0.484425,30,8.5542,0,0,321673805475
35.7958,27.9362,7.2956,70,68,72,2339,2800,0.484425,30,8.5542,0,0,321701740845
39.9002,25.0625,7.2956,70,68,72,2339,2800,0.484425,30,8.5542,0,0,321726804689
37.916,26.3741,7.2956,70,68,72,2339,2800,0.484425,30,8.5542,0,0,321753179331
38.8677,25.7283,7.2956,70,68,72,2339,2800,0.484425,30,8.5542,0,0,321778908784
38.1449,26.2158,7.2956,70,68,72,2339,2800,0.484425,30,8.5542,0,0,321805123486
39.4403,25.3548,7.2956,70,68,72,2339,2800,0.484425,30,8.5542,0,0,321830477875
38.9058,25.7031,7.2956,70,68,72,2339,2800,0.484425,30,8.5542,0,0,321856182721
37.2603,26.8382,7.2956,70,68,72,2339,2800,0.484425,30,8.5542,0,0,321883020202
40.9043,24.4473,7.2956,70,68,72,2339,2800,0.484425,30,8.5542,0,0,321907468571
37.914,26.3755,7.2956,70,68,72,2339,2800,0.484425,30,8.5542,0,0,321933844666
41.1046,24.3282,7.2956,70,68,72,2339,2800,0.484425,30,8.5542,0,0,321958173962
37.3244,26.7921,7.2956,70,68,72,2339,2800,0.484425,30,8.5542,0,0,321984966950
36.4521,27.4333,7.2956,70,68,72,2339,2800,0.484425,30,8.5542,0,0,322012398114
41.8885,23.8729,7.2956,70,68,72,2339,2800,0.484425,30,8.5542,0,0,322036276173
34.7306,28.793,6.94275,71,71,71,2450,2800,0.484425,29,8.55347,0,0,322065066838
41.6272,24.0228,6.94275,71,71,71,2450,2800,0.484425,29,8.55347,0,0,322089088747
35.4132,28.2381,6.94275,71,71,71,2450,2800,0.484425,29,8.55347,0,0,322117328208
42.8787,23.3216,6.94275,71,71,71,2450,2800,0.484425,29,8.55347,0,0,322140648882
36.2035,27.6217,6.94275,71,71,71,2450,2800,0.484425,29,8.55347,0,0,322168271485
40.7374,24.5474,6.94275,71,71,71,2450,2800,0.484425,29,8.55347,0,0,322192818049
39.6158,25.2424,6.94275,71,71,71,2450,2800,0.484425,29,8.55347,0,0,322218061559
34.6137,28.8903,6.94275,71,71,71,2450,2800,0.484425,29,8.55347,0,0,322246952763
42.0426,23.7854,6.94275,71,71,71,2450,2800,0.484425,29,8.55347,0,0,322270740633
34.0856,29.3379,6.94275,71,71,71,2450,2800,0.484425,29,8.55347,0,0,322300076079
40.2498,24.8448,6.94275,71,71,71,2450,2800,0.484425,29,8.55347,0,0,322324923116
34.1828,29.2545,6.94275,71,71,71,2450,2800,0.484425,29,8.55347,0,0,322354175707
36.9458,27.0667,6.94275,71,71,71,2450,2800,0.484425,29,8.55347,0,0,322381244822
40.503,24.6896,6.94275,71,71,71,2450,2800,0.484425,29,8.55347,0,0,322405932901
34.1905,29.2479,6.94275,71,71,71,2450,2800,0.484425,29,8.55347,0,0,322435181334
35.4723,28.191,6.94275,71,71,71,2450,2800,0.484425,29,8.55347,0,0,322463373116
37.3986,26.739,6.94275,71,71,71,2450,2800,0.484425,29,8.55347,0,0,322490111781
34.6379,28.8701,6.94275,71,71,71,2450,2800,0.484425,29,8.55347,0,0,322518983177
35.4352,28.2206,6.94275,71,71,71,2450,2800,0.484425,29,8.55347,0,0,322547209523
40.2572,24.8403,9.65347,72,69,74,2285,2800,0.484444,21,8.57916,0,0,322572044758
35.3708,28.2719,9.65347,72,69,74,2285,2800,0.484444,21,8.57916,0,0,322600315777
38.5092,25.9678,9.65347,72,69,74,2285,2800,0.484444,21,8.57916,0,0,322626283847
37.193,26.8868,9.65347,72,69,74,2285,2800,0.484444,21,8.57916,0,0,322653173275
33.9119,29.4881,9.65347,72,69,74,2285,2800,0.484444,21,8.57916,0,0,322682660146
35.7009,28.0105,9.65347,72,69,74,2285,2800,0.484444,21,8.57916,0,0,322710671799
38.456,26.0037,9.65347,72,69,74,2285,2800,0.484444,21,8.57916,0,0,322736675446
41.8924,23.8707,9.65347,72,69,74,2285,2800,0.484444,21,8.57916,0,0,322760545961
38.4532,26.0056,9.65347,72,69,74,2285,2800,0.484444,21,8.57916,0,0,322786551421
38.0766,26.2628,9.65347,72,69,74,2285,2800,0.484444,21,8.57916,0,0,322812816538
40.006,24.9963,9.65347,72,69,74,2285,2800,0.484444,21,8.57916,0,0,322837813076
38.8727,25.725,9.65347,72,69,74,2285,2800,0.484444,21,8.57916,0,0,322863538651
39.8482,25.0952,9.65347,72,69,74,2285,2800,0.484444,21,8.57916,0,0,322888633222
38.265,26.1335,9.65347,72,69,74,2285,2800,0.484444,21,8.57916,0,0,322914767003
40.1757,24.8907,9.65347,72,69,74,2285,2800,0.484444,21,8.57916,0,0,322939656219
38.7865,25.7822,9.65347,72,69,74,2285,2800,0.484444,21,8.57916,0,0,322965440775
39.8411,25.0997,9.65347,72,69,74,2285,2800,0.484444,21,8.57916,0,0,322990539314
38.5156,25.9635,9.65347,72,69,74,2285,2800,0.484444,21,8.57916,0,0,323016503116
38.4976,25.9757,9.65347,72,69,74,2285,2800,0.484444,21,8.57916,0,0,323042480303
38.2668,26.1323,9.65347,72,69,74,2285,2800,0.484444,21,8.57916,0,0,323068615797
40.4338,24.7318,10.5583,72,69,65,1242,2800,0.482704,31,8.49443,0,0,323093345183
37.3439,26.7781,10.5583,72,69,65,1242,2800,0.482704,31,8.49443,0,0,323120122351
39.3217,25.4312,10.5583,72,69,65,1242,2800,0.482704,31,8.49443,0,0,323145553664
34.7573,28.7709,10.5583,72,69,65,1242,2800,0.482704,31,8.49443,0,0,323174325052
40.317,24.8034,10.5583,72,69,65,1242,2800,0.482704,31,8.49443,0,0,323199129379
42.9788,23.2673,10.5583,72,69,65,1242,2800,0.482704,31,8.49443,0,0,323222396913
38.313,26.1008,10.5583,72,69,65,1242,2800,0.482704,31,8.49443,0,0,323248496600
37.8235,26.4386,10.5583,72,69,65,1242,2800,0.482704,31,8.49443,0,0,323274936104
38.8029,25.7713,10.5583,72,69,65,1242,2800,0.482704,31,8.49443,0,0,323300708257
40.2063,24.8718,10.5583,72,69,65,1242,2800,0.482704,31,8.49443,0,0,323325580431
37.8831,26.397,10.5583,72,69,65,1242,2800,0.482704,31,8.49443,0,0,323351977746
39.0135,25.6322,10.5583,72,69,65,1242,2800,0.482704,31,8.49443,0,0,323377609325
39.5047,25.3134,10.5583,72,69,65,1242,2800,0.482704,31,8.49443,0,0,323402923989
37.284,26.8211,10.5583,72,69,65,1242,2800,0.482704,31,8.49443,0,0,323429744277
39.2716,25.4637,10.5583,72,69,65,1242,2800,0.482704,31,8.49443,0,0,323455208242
38.4527,26.006,10.5583,72,69,65,1242,2800,0.482704,31,8.49443,0,0,323481214413
40.6652,24.5911,10.5583,72,69,65,1242,2800,0.482704,31,8.49443,0,0,323505806332
38.1112,26.239,10.5583,72,69,65,1242,2800,0.482704,31,8.49443,0,0,323532045490
39.3787,25.3944,10.5583,72,69,65,1242,2800,0.482704,31,8.49443,0,0,323557440275
37.9927,26.3208,10.5583,72,69,65,1242,2800,0.482704,31,8.49443,0,0,323583765284
39.0399,25.6148,4.54545,70,74,64,1324,2800,0.482704,16,8.49463,0,0,323609375603
38.7614,25.7988,4.54545,70,74,64,1324,2800,0.482704,16,8.49463,0,0,323635175247
40.5038,24.689,4.54545,70,74,64,1324,2800,0.482704,16,8.49463,0,0,323659864358
34.4851,28.998,4.54545,70,74,64,1324,2800,0.482704,16,8.49463,0,0,323688862912
40.2869,24.822,4.54545,70,74,64,1324,2800,0.482704,16,8.49463,0,0,323713685664
43.0868,23.209,4.54545,70,74,64,1324,2800,0.482704,16,8.49463,0,0,323736894749
34.8638,28.6831,4.54545,70,74,64,1324,2800,0.482704,16,8.49463,0,0,323765577340
42.7987,23.3652,4.54545,70,74,64,1324,2800,0.482704,16,8.49463,0,0,323788942217
36.0106,27.7696,4.54545,70,74,64,1324,2800,0.482704,16,8.49463,0,0,323816712488
41.1404,24.307,4.54545,70,74,64,1324,2800,0.482704,16,8.49463,0,0,323841019802
38.3809,26.0547,4.54545,70,74,64,1324,2800,0.482704,16,8.49463,0,0,323867075677
30.0143,33.3175,4.54545,70,74,64,1324,2800,0.482704,16,8.49463,0,0,323900391680
41.8422,23.8993,4.54545,70,74,64,1324,2800,0.482704,16,8.49463,0,0,323924291280
39.7388,25.1643,4.54545,70,74,64,1324,2800,0.482704,16,8.49463,0,0,323949457425
41.6525,24.0082,4.54545,70,74,64,1324,2800,0.482704,16,8.49463,0,0,323973464647
25.5605,39.1229,4.54545,70,74,64,1324,2800,0.482704,16,8.49463,0,0,324012587302
37.3004,26.8093,4.54545,70,74,64,1324,2800,0.482704,16,8.49463,0,0,324039397522
37.6915,26.5311,4.54545,70,74,64,1324,2800,0.482704,16,8.49463,0,0,324065929079
41.4361,24.1336,4.54545,70,74,64,1324,2800,0.482704,16,8.49463,0,0,324090066084
36.1745,27.6438,5.22388,69,67,62,1268,2800,0.482704,23,8.47777,0,0,324117705980
42.3265,23.6258,5.22388,69,67,62,1268,2800,0.482704,23,8.47777,0,0,324141333529
39.5997,25.2527,5.22388,69,67,62,1268,2800,0.482704,23,8.47777,0,0,324166586237
36.5369,27.3696,5.22388,69,67,62,1268,2800,0.482704,23,8.47777,0,0,324193956057
41.7955,23.926,5.22388,69,67,62,1268,2800,0.482704,23,8.47777,0,0,324217881846
41.0037,24.388,5.22388,69,67,62,1268,2800,0.482704,23,8.47777,0,0,324242269782
36.5226,27.3803,5.22388,69,67,62,1268,2800,0.482704,23,8.47777,0,0,324269649680
41.731,23.963,5.22388,69,67,62,1268,2800,0.482704,23,8.47777,0,0,324293615193
36.7023,27.2463,5.22388,69,67,62,1268,2800,0.482704,23,8.47777,0,0,324320860810
39.49,25.3229,5.22388,69,67,62,1268,2800,0.482704,23,8.47777,0,0,324346183980
38.9322,25.6857,5.22388,69,67,62,1268,2800,0.482704,23,8.47777,0,0,324371869059
38.7239,25.8239,5.22388,69,67,62,1268,2800,0.482704,23,8.47777,0,0,324397692918
40.1348,24.916,5.22388,69,67,62,1268,2800,0.482704,23,8.47777,0,0,324422609686
37.6408,26.5669,5.22388,69,67,62,1268,2800,0.482704,23,8.47777,0,0,324449176910
40.8662,24.4701,5.22388,69,67,62,1268,2800,0.482704,23,8.47777,0,0,324473647882
37.786,26.4648,5.22388,69,67,62,1268,2800,0.482704,23,8.47777,0,0,324500112553
40.0162,24.9899,5.22388,69,67,62,1268,2800,0.482704,23,8.47777,0,0,324525103490
34.3724,29.0931,5.22388,69,67,62,1268,2800,0.482704,23,8.47777,0,0,324554196001
27.9927,35.7236,5.22388,69,67,62,1268,2800,0.482704,23,8.47777,0,0,324589919580
31.8976,31.3503,5.22388,69,67,62,1268,2800,0.482704,23,8.47777,0,0,324621272300
36.0021,27.7762,5.33808,69,64,62,1019,2800,0.482704,33,8.4779,0,0,324649046438
35.0041,28.5681,5.33808,69,64,62,1019,2800,0.482704,33,8.4779,0,0,324677614895
36.8189,27.16,5.33808,69,64,62,1019,2800,0.482704,33,8.4779,0,0,324704774801
24.5965,40.6561,5.33808,69,64,62,1019,2800,0.482704,33,8.4779,0,0,324745431273
35.5269,28.1477,5.33808,69,64,62,1019,2800,0.482704,33,8.4779,0,0,324773579873
35.2715,28.3515,5.33808,69,64,62,1019,2800,0.482704,33,8.4779,0,0,324801931494
38.2341,26.1547,5.33808,69,64,62,1019,2800,0.482704,33,8.4779,0,0,324828085853
36.4429,27.4402,5.33808,69,64,62,1019,2800,0.482704,33,8.4779,0,0,324855527166
39.3264,25.4282,5.33808,69,64,62,1019,2800,0.482704,33,8.4779,0,0,324880955444
40.6173,24.6201,5.33808,69,64,62,1019,2800,0.482704,33,8.4779,0,0,324905575285
38.5827,25.9183,5.33808,69,64,62,1019,2800,0.482704,33,8.4779,0,0,324931494753
39.9932,25.0043,5.33808,69,64,62,1019,2800,0.482704,33,8.4779,0,0,324956499106
37.0813,26.9677,5.33808,69,64,62,1019,2800,0.482704,33,8.4779,0,0,324983467051
40.2891,24.8206,5.33808,69,64,62,1019,2800,0.482704,33,8.4779,0,0,325008287238
39.6425,25.2254,5.33808,69,64,62,1019,2800,0.482704,33,8.4779,0,0,325033513667
38.8185,25.7609,5.33808,69,64,62,1019,2800,0.482704,33,8.4779,0,0,325059274167
33.9218,29.4796,5.33808,69,64,62,1019,2800,0.482704,33,8.4779,0,0,325088753684
35.0129,28.5609,5.33808,69,64,62,1019,2800,0.482704,33,8.4779,0,0,325117316170
34.8509,28.6937,5.33808,69,64,62,1019,2800,0.482704,33,8.4779,0,0,325146012668
27.79,35.9841,5.52221,69,67,62,1107,2800,0.482704,25,8.47659,0,0,325181993289
34.4603,29.0189,5.52221,69,67,62,1107,2800,0.482704,25,8.47659,0,0,325211012913
37.1794,26.8966,5.52221,69,67,62,1107,2800,0.482704,25,8.47659,0,0,325237910216
37.518,26.6539,5.52221,69,67,62,1107,2800,0.482704,25,8.47659,0,0,325264564974
40.8457,24.4824,5.52221,69,67,62,1107,2800,0.482704,25,8.47659,0,0,325289047497
39.1343,25.5531,5.52221,69,67,62,1107,2800,0.482704,25,8.47659,0,0,325314600208
41.6486,24.0104,5.52221,69,67,62,1107,2800,0.482704,25,8.47659,0,0,325338611327
37.4894,26.6742,5.52221,69,67,62,1107,2800,0.482704,25,8.47659,0,0,325365285331
39.9134,25.0543,5.52221,69,67,62,1107,2800,0.482704,25,8.47659,0,0,325390340709
36.8255,27.1551,5.52221,69,67,62,1107,2800,0.482704,25,8.47659,0,0,325417494663
40.416,24.7427,5.52221,69,67,62,1107,2800,0.482704,25,8.47659,0,0,325442239749
39.2977,25.4468,5.52221,69,67,62,1107,2800,0.482704,25,8.47659,0,0,325467686351
38.3282,26.0904,5.52221,69,67,62,1107,2800,0.482704,25,8.47659,0,0,325493776440
38.5535,25.938,5.52221,69,67,62,1107,2800,0.482704,25,8.47659,0,0,325519714133
38.7552,25.803,5.52221,69,67,62,1107,2800,0.482704,25,8.47659,0,0,325545517474
39.0289,25.6221,5.52221,69,67,62,1107,2800,0.482704,25,8.47659,0,0,325571140216
38.4546,26.0047,5.52221,69,67,62,1107,2800,0.482704,25,8.47659,0,0,325597144734
38.5589,25.9344,5.52221,69,67,62,1107,2800,0.482704,25,8.47659,0,0,325623079361
39.8293,25.1072,5.52221,69,67,62,1107,2800,0.482704,25,8.47659,0,0,325648206895
39.3501,25.4129,5.03145,69,68,62,1261,2800,0.482704,16,8.47579,0,0,325673600778
38.0463,26.2838,5.03145,69,68,62,1261,2800,0.482704,16,8.47579,0,0,325699884890
35.4576,28.2027,5.03145,69,68,62,1261,2800,0.482704,16,8.47579,0,0,325728088193
40.0161,24.99,5.03145,69,68,62,1261,2800,0.482704,16,8.47579,0,0,325753076936
41.1746,24.2868,5.03145,69,68,62,1261,2800,0.482704,16,8.47579,0,0,325777365155
38.2789,26.1241,5.03145,69,68,62,1261,2800,0.482704,16,8.47579,0,0,325803488566
38.0062,26.3115,5.03145,69,68,62,1261,2800,0.482704,16,8.47579,0,0,325829800892
40.9028,24.4482,5.03145,69,68,62,1261,2800,0.482704,16,8.47579,0,0,325854249251
35.2793,28.3452,5.03145,69,68,62,1261,2800,0.482704,16,8.47579,0,0,325882596233
40.2629,24.8368,5.03145,69,68,62,1261,2800,0.482704,16,8.47579,0,0,325907432490
38.2357,26.1536,5.03145,69,68,62,1261,2800,0.482704,16,8.47579,0,0,325933585226
39.6858,25.198,5.03145,69,68,62,1261,2800,0.482704,16,8.47579,0,0,325958783051
37.6075,26.5904,5.03145,69,68,62,1261,2800,0.482704,16,8.47579,0,0,325985376595
39.0607,25.6012,5.03145,69,68,62,1261,2800,0.482704,16,8.47579,0,0,326010977676
38.4032,26.0395,5.03145,69,68,62,1261,2800,0.482704,16,8.47579,0,0,326037016439
39.3115,25.4378,5.03145,69,68,62,1261,2800,0.482704,16,8.47579,0,0,326062453763
38.7572,25.8016,5.03145,69,68,62,1261,2800,0.482704,16,8.47579,0,0,326088256743
38.7816,25.7854,5.03145,69,68,62,1261,2800,0.482704,16,8.47579,0,0,326114042872
39.613,25.2442,5.03145,69,68,62,1261,2800,0.482704,16,8.47579,0,0,326139286273
37.8299,26.4341,5.03145,69,68,62,1261,2800,0.482704,16,8.47579,0,0,326165723052
41.4773,24.1096,5.23114,69,68,62,1280,2800,0.482704,15,8.47555,0,0,326189831042
36.7838,27.1859,5.23114,69,68,62,1280,2800,0.482704,15,8.47555,0,0,326217017257
35.2204,28.3926,5.23114,69,68,62,1280,2800,0.482704,15,8.47555,0,0,326245409885
42.4668,23.5478,5.23114,69,68,62,1280,2800,0.482704,15,8.47555,0,0,326268958577
41.5249,24.0819,5.23114,69,68,62,1280,2800,0.482704,15,8.47555,0,0,326293039958
37.7197,26.5114,5.23114,69,68,62,1280,2800,0.482704,15,8.47555,0,0,326319551878
38.6616,25.8655,5.23114,69,68,62,1280,2800,0.482704,15,8.47555,0,0,326345417395
39.2291,25.4913,5.23114,69,68,62,1280,2800,0.482704,15,8.47555,0,0,326370909022
39.4353,25.358,5.23114,69,68,62,1280,2800,0.482704,15,8.47555,0,0,326396267197
38.375,26.0586,5.23114,69,68,62,1280,2800,0.482704,15,8.47555,0,0,326422326008
39.2781,25.4595,5.23114,69,68,62,1280,2800,0.482704,15,8.47555,0,0,326447785183
38.393,26.0464,5.23114,69,68,62,1280,2800,0.482704,15,8.47555,0,0,326473832702
39.4383,25.356,5.23114,69,68,62,1280,2800,0.482704,15,8.47555,0,0,326499188954
37.7556,26.4861,5.23114,69,68,62,1280,2800,0.482704,15,8.47555,0,0,326525675406
39.7022,25.1875,5.23114,69,68,62,1280,2800,0.482704,15,8.47555,0,0,326550862732
38.4532,26.0057,5.23114,69,68,62,1280,2800,0.482704,15,8.47555,0,0,326576868082
39.0534,25.6059,5.23114,69,68,62,1280,2800,0.482704,15,8.47555,0,0,326602475475
39.3473,25.4147,5.23114,69,68,62,1280,2800,0.482704,15,8.47555,0,0,326627889365
38.7274,25.8215,5.23114,69,68,62,1280,2800,0.482704,15,8.47555,0,0,326653712413
37.4387,26.7104,5.23114,69,68,62,1280,2800,0.482704,15,8.47555,0,0,326680426853
38.4408,26.014,4.65686,69,63,62,1263,2800,0.482704,25,8.47533,0,0,326706435770
35.7889,27.9416,4.65686,69,63,62,1263,2800,0.482704,25,8.47533,0,0,326734377873
41.0948,24.334,4.65686,69,63,62,1263,2800,0.482704,25,8.47533,0,0,326758711917
40.296,24.8164,4.65686,69,63,62,1263,2800,0.482704,25,8.47533,0,0,326783528137
39.287,25.4537,4.65686,69,63,62,1263,2800,0.482704,25,8.47533,0,0,326808982864
38.405,26.0383,4.65686,69,63,62,1263,2800,0.482704,25,8.47533,0,0,326835020765
39.3891,25.3877,4.65686,69,63,62,1263,2800,0.482704,25,8.47533,0,0,326860408847
38.6298,25.8867,4.65686,69,63,62,1263,2800,0.482704,25,8.47533,0,0,326886296375
37.8083,26.4493,4.65686,69,63,62,1263,2800,0.482704,25,8.47533,0,0,326912744856
41.3546,24.1811,4.65686,69,63,62,1263,2800,0.482704,25,8.47533,0,0,326936927437
37.2809,26.8234,4.65686,69,63,62,1263,2800,0.482704,25,8.47533,0,0,326963750771
39.1223,25.5609,4.65686,69,63,62,1263,2800,0.482704,25,8.47533,0,0,326989311056
39.607,25.2481,4.65686,69,63,62,1263,2800,0.482704,25,8.47533,0,0,327014559797
39.0761,25.5911,4.65686,69,63,62,1263,2800,0.482704,25,8.47533,0,0,327040150980
37.958,26.3449,4.65686,69,63,62,1263,2800,0.482704,25,8.47533,0,0,327066496237
39.1985,25.5112,4.65686,69,63,62,1263,2800,0.482704,25,8.47533,0,0,327092009154
38.1234,26.2306,4.65686,69,63,62,1263,2800,0.482704,25,8.47533,0,0,327118242231
39.2381,25.4854,4.65686,69,63,62,1263,2800,0.482704,25,8.47533,0,0,327143724309
39.1531,25.5408,4.65686,69,63,62,1263,2800,0.482704,25,8.47533,0,0,327169264837
39.4391,25.3555,4.65686,69,63,62,1263,2800,0.482704,25,8.47533,0,0,327194623233
32.2806,30.9784,4.66258,69,67,62,1288,2800,0.482704,12,8.47533,0,0,327225598866
37.9694,26.337,4.66258,69,67,62,1288,2800,0.482704,12,8.47533,0,0,327251936960
40.8822,24.4605,4.66258,69,67,62,1288,2800,0.482704,12,8.47533,0,0,327276398103
41.47,24.1138,4.66258,69,67,62,1288,2800,0.482704,12,8.47533,0,0,327300510553
41.3623,24.1766,4.66258,69,67,62,1288,2800,0.482704,12,8.47533,0,0,327324688865
36.9335,27.0757,4.66258,69,67,62,1288,2800,0.482704,12,8.47533,0,0,327351765084
40.7111,24.5633,4.66258,69,67,62,1288,2800,0.482704,12,8.47533,0,0,327376326535
37.1767,26.8986,4.66258,69,67,62,1288,2800,0.482704,12,8.47533,0,0,327403226313
39.6282,25.2346,4.66258,69,67,62,1288,2800,0.482704,12,8.47533,0,0,327428461658
39.5113,25.3092,4.66258,69,67,62,1288,2800,0.482704,12,8.47533,0,0,327453770031
