os,cpu,gpu,ram,kernel,driver,cpuscheduler
Ubuntu 25.10,AMD Ryzen 7 255 w/ Radeon 780M Graphics,AMD Radeon 780M Graphics (RADV PHOENIX),32127192,6.17.0-23-generic,,performance
fps,frametime,cpu_load,gpu_load,cpu_temp,gpu_temp,gpu_core_clock,gpu_mem_clock,gpu_vram_used,gpu_power,ram_used,swap_used,process_rss,elapsed
38.5882,25.9147,1.96319,54,52,51,800,2710,0.476501,15,8.16456,0,0,283661239
38.2283,26.1586,1.96319,54,52,51,800,2710,0.476501,15,8.16456,0,0,309819327
40.3584,24.778,1.96319,54,52,51,800,2710,0.476501,15,8.16456,0,0,334599069
38.7644,25.7969,1.96319,54,52,51,800,2710,0.476501,15,8.16456,0,0,360394817
39.1028,25.5736,1.96319,54,52,51,800,2710,0.476501,15,8.16456,0,0,385969190
38.4291,26.022,1.96319,54,52,51,800,2710,0.476501,15,8.16456,0,0,411990903
37.756,26.4858,1.96319,54,52,51,800,2710,0.476501,15,8.16456,0,0,438476455
40.0744,24.9536,1.96319,54,52,51,800,2710,0.476501,15,8.16456,0,0,463431176
37.7346,26.5009,1.96319,54,52,51,800,2710,0.476501,15,8.16456,0,0,489932157
40.6777,24.5835,1.96319,54,52,51,800,2710,0.476501,15,8.16456,0,0,514514699
37.4308,26.7159,1.96319,54,52,51,800,2710,0.476501,15,8.16456,0,0,541232026
38.7013,25.8389,1.96319,54,52,51,800,2710,0.476501,15,8.16456,0,0,567070265
38.6211,25.8926,1.96319,54,52,51,800,2710,0.476501,15,8.16456,0,0,592964117
39.6163,25.2421,1.96319,54,52,51,800,2710,0.476501,15,8.16456,0,0,618207559
39.1388,25.5501,1.96319,54,52,51,800,2710,0.476501,15,8.16456,0,0,643758227
38.6642,25.8637,1.96319,54,52,51,800,2710,0.476501,15,8.16456,0,0,669621312
38.863,25.7314,1.96319,54,52,51,800,2710,0.476501,15,8.16456,0,0,695353501
38.2429,26.1487,1.96319,54,52,51,800,2710,0.476501,15,8.16456,0,0,721501821
36.0506,27.7388,1.96319,54,52,51,800,2710,0.476501,15,8.16456,0,0,749260943
39.1574,25.538,1.71359,55,54,51,800,2800,0.476501,4,8.16429,0,0,774778690
41.2309,24.2537,1.71359,55,54,51,800,2800,0.476501,4,8.16429,0,0,799033587
38.8368,25.7488,1.71359,55,54,51,800,2800,0.476501,4,8.16429,0,0,824781025
39.9311,25.0431,1.71359,55,54,51,800,2800,0.476501,4,8.16429,0,0,849824391
38.6699,25.8599,1.71359,55,54,51,800,2800,0.476501,4,8.16429,0,0,875684370
38.1383,26.2203,1.71359,55,54,51,800,2800,0.476501,4,8.16429,0,0,901905787
37.2562,26.8411,1.71359,55,54,51,800,2800,0.476501,4,8.16429,0,0,928746236
41.0805,24.3425,1.71359,55,54,51,800,2800,0.476501,4,8.16429,0,0,953089579
38.2619,26.1357,1.71359,55,54,51,800,2800,0.476501,4,8.16429,0,0,979226588
37.6723,26.5447,1.71359,55,54,51,800,2800,0.476501,4,8.16429,0,0,1005770840
37.8792,26.3997,1.71359,55,54,51,800,2800,0.476501,4,8.16429,0,0,1032169720
41.2469,24.2442,1.71359,55,54,51,800,2800,0.476501,4,8.16429,0,0,1056413757
37.1337,26.9297,1.71359,55,54,51,800,2800,0.476501,4,8.16429,0,0,1083343713
38.9656,25.6637,1.71359,55,54,51,800,2800,0.476501,4,8.16429,0,0,1109009288
40.2251,24.8601,1.71359,55,54,51,800,2800,0.476501,4,8.16429,0,0,1133869340
40.2868,24.822,1.71359,55,54,51,800,2800,0.476501,4,8.16429,0,0,1158690189
38.7178,25.8279,1.71359,55,54,51,800,2800,0.476501,4,8.16429,0,0,1184520152
38.2047,26.1748,1.71359,55,54,51,800,2800,0.476501,4,8.16429,0,0,1210693679
38.1116,26.2387,1.71359,55,54,51,800,2800,0.476501,4,8.16429,0,0,1236933931
40.1237,24.9229,1.71359,55,54,51,800,2800,0.476501,4,8.16429,0,0,1261858315
38.3656,26.065,2.21948,55,52,51,800,2800,0.476501,15,8.16429,0,0,1287922467
38.6758,25.856,2.21948,55,52,51,800,2800,0.476501,15,8.16429,0,0,1313778218
37.9895,26.3231,2.21948,55,52,51,800,2800,0.476501,15,8.16429,0,0,1340101786
40.3002,24.8138,2.21948,55,52,51,800,2800,0.476501,15,8.16429,0,0,1364914861
37.2551,26.842,2.21948,55,52,51,800,2800,0.476501,15,8.16429,0,0,1391757513
39.6856,25.1981,2.21948,55,52,51,800,2800,0.476501,15,8.16429,0,0,1416956823
38.1217,26.2318,2.21948,55,52,51,800,2800,0.476501,15,8.16429,0,0,1443190022
40.3163,24.8039,2.21948,55,52,51,800,2800,0.476501,15,8.16429,0,0,1467992967
37.9475,26.3522,2.21948,55,52,51,800,2800,0.476501,15,8.16429,0,0,1494345100
40.0283,24.9823,2.21948,55,52,51,800,2800,0.476501,15,8.16429,0,0,1519326891
38.3943,26.0456,2.21948,55,52,51,800,2800,0.476501,15,8.16429,0,0,1545373480
37.7662,26.4787,2.21948,55,52,51,800,2800,0.476501,15,8.16429,0,0,1571851658
39.9782,25.0136,2.21948,55,52,51,800,2800,0.476501,15,8.16429,0,0,1596867554
38.5873,25.9153,2.21948,55,52,51,800,2800,0.476501,15,8.16429,0,0,1622782506
38.4636,25.9986,2.21948,55,52,51,800,2800,0.476501,15,8.16429,0,0,1648780694
39.1017,25.5743,2.21948,55,52,51,800,2800,0.476501,15,8.16429,0,0,1674354536
38.97,25.6608,2.21948,55,52,51,800,2800,0.476501,15,8.16429,0,0,1700015661
39.759,25.1516,2.21948,55,52,51,800,2800,0.476501,15,8.16429,0,0,1725168023
38.8743,25.724,2.21948,55,52,51,800,2800,0.476501,15,8.16429,0,0,1750891686
38.5861,25.9161,2.21948,55,52,51,800,2800,0.476501,15,8.16429,0,0,1776809874
38.8684,25.7278,2.08589,55,53,51,800,2800,0.476501,6,8.16476,0,0,1802534989
38.5986,25.9077,2.08589,55,53,51,800,2800,0.476501,6,8.16476,0,0,1828443680
38.4562,26.0036,2.08589,55,53,51,800,2800,0.476501,6,8.16476,0,0,1854447068
38.0767,26.2628,2.08589,55,53,51,800,2800,0.476501,6,8.16476,0,0,1880709522
39.9846,25.0096,2.08589,55,53,51,800,2800,0.476501,6,8.16476,0,0,1905719285
38.4602,26.0009,2.08589,55,53,51,800,2800,0.476501,6,8.16476,0,0,1931720309
38.7521,25.8051,2.08589,55,53,51,800,2800,0.476501,6,8.16476,0,0,1957525665
38.7075,25.8348,2.08589,55,53,51,800,2800,0.476501,6,8.16476,0,0,1983360457
38.6939,25.8439,2.08589,55,53,51,800,2800,0.476501,6,8.16476,0,0,2009204355
38.7812,25.7857,2.08589,55,53,51,800,2800,0.476501,6,8.16476,0,0,2034990225
38.1686,26.1996,2.08589,55,53,51,800,2800,0.476501,6,8.16476,0,0,2061190492
40.2541,24.8422,2.08589,55,53,51,800,2800,0.476501,6,8.16476,0,0,2086033463
38.3829,26.0532,2.08589,55,53,51,800,2800,0.476501,6,8.16476,0,0,2112086173
37.8611,26.4123,2.08589,55,53,51,800,2800,0.476501,6,8.16476,0,0,2138498549
38.1321,26.2246,2.08589,55,53,51,800,2800,0.476501,6,8.16476,0,0,2164723272
40.4144,24.7437,2.08589,55,53,51,800,2800,0.476501,6,8.16476,0,0,2189468199
38.731,25.8191,2.08589,55,53,51,800,2800,0.476501,6,8.16476,0,0,2215286249
38.853,25.738,2.08589,55,53,51,800,2800,0.476501,6,8.16476,0,0,2241023978
38.7633,25.7976,2.08589,55,53,51,800,2800,0.476501,6,8.16476,0,0,2266823924
40.3415,24.7884,2.08589,55,53,51,800,2800,0.476501,6,8.16476,0,0,2291613826
38.7121,25.8317,1.96319,55,52,51,800,2800,0.476501,10,8.165,0,0,2317445231
38.6178,25.8948,1.96319,55,52,51,800,2800,0.476501,10,8.165,0,0,2343338101
38.369,26.0627,1.96319,55,52,51,800,2800,0.476501,10,8.165,0,0,2369403305
38.7371,25.815,1.96319,55,52,51,800,2800,0.476501,10,8.165,0,0,2395217829
38.3163,26.0986,1.96319,55,52,51,800,2800,0.476501,10,8.165,0,0,2421316395
39.8803,25.0751,1.96319,55,52,51,800,2800,0.476501,10,8.165,0,0,2446390229
37.2897,26.8171,1.96319,55,52,51,800,2800,0.476501,10,8.165,0,0,2473207434
40.0335,24.9791,1.96319,55,52,51,800,2800,0.476501,10,8.165,0,0,2498187802
37.5925,26.6011,1.96319,55,52,51,800,2800,0.476501,10,8.165,0,0,2524788711
40.1788,24.8887,1.96319,55,52,51,800,2800,0.476501,10,8.165,0,0,2549677217
38.8178,25.7613,1.96319,55,52,51,800,2800,0.476501,10,8.165,0,0,2575439753
38.6397,25.8801,1.96319,55,52,51,800,2800,0.476501,10,8.165,0,0,2601319179
37.5983,26.597,1.96319,55,52,51,800,2800,0.476501,10,8.165,0,0,2627916281
39.5435,25.2886,1.96319,55,52,51,800,2800,0.476501,10,8.165,0,0,2653206180
39.8189,25.1137,1.96319,55,52,51,800,2800,0.476501,10,8.165,0,0,2678319969
38.2769,26.1254,1.96319,55,52,51,800,2800,0.476501,10,8.165,0,0,2704445676
38.5972,25.9086,1.96319,55,52,51,800,2800,0.476501,10,8.165,0,0,2730353555
40.2887,24.8209,1.96319,55,52,51,800,2800,0.476501,10,8.165,0,0,2755174434
38.0296,26.2953,1.96319,55,52,51,800,2800,0.476501,10,8.165,0,0,2781469860
37.7595,26.4834,1.96319,55,52,51,800,2800,0.476501,10,8.165,0,0,2807956043
39.6125,25.2446,1.7199,55,52,52,800,2710,0.476501,12,8.16548,0,0,2833199556
40.0316,24.9803,1.7199,55,52,52,800,2710,0.476501,12,8.16548,0,0,2858180405
38.2678,26.1316,1.7199,55,52,52,800,2710,0.476501,12,8.16548,0,0,2884310290
38.2512,26.143,1.7199,55,52,52,800,2710,0.476501,12,8.16548,0,0,2910454843
38.7974,25.7749,1.7199,55,52,52,800,2710,0.476501,12,8.16548,0,0,2936229251
38.5539,25.9377,1.7199,55,52,52,800,2710,0.476501,12,8.16548,0,0,2962166435
40.0057,24.9965,1.7199,55,52,52,800,2710,0.476501,12,8.16548,0,0,2987163845
38.1707,26.1981,1.7199,55,52,52,800,2710,0.476501,12,8.16548,0,0,3013362380
38.4715,25.9933,1.7199,55,52,52,800,2710,0.476501,12,8.16548,0,0,3039355498
40.2031,24.8737,1.7199,55,52,52,800,2710,0.476501,12,8.16548,0,0,3064229497
38.5877,25.915,1.7199,55,52,52,800,2710,0.476501,12,8.16548,0,0,3090144128
38.5689,25.9276,1.7199,55,52,52,800,2710,0.476501,12,8.16548,0,0,3116073467
38.2807,26.1228,1.7199,55,52,52,800,2710,0.476501,12,8.16548,0,0,3142194927
38.8266,25.7555,1.7199,55,52,52,800,2710,0.476501,12,8.16548,0,0,3167950710
38.6604,25.8662,1.7199,55,52,52,800,2710,0.476501,12,8.16548,0,0,3193817001
37.5681,26.6183,1.7199,55,52,52,800,2710,0.476501,12,8.16548,0,0,3220436725
34.111,29.3161,1.7199,55,52,52,800,2710,0.476501,12,8.16548,0,0,3249752898
48.1843,20.7536,1.7199,55,52,52,800,2710,0.476501,12,8.16548,0,0,3270506807
37.9758,26.3326,1.7199,55,52,52,800,2710,0.476501,12,8.16548,0,0,3296838742
39.6808,25.2011,1.7199,55,52,52,800,2710,0.476501,12,8.16548,0,0,3322048951
38.3458,26.0785,1.72626,56,53,51,800,2800,0.476501,7,8.16548,0,0,3348118543
37.4681,26.6894,1.72626,56,53,51,800,2800,0.476501,7,8.16548,0,0,3374809792
40.111,24.9308,1.72626,56,53,51,800,2800,0.476501,7,8.16548,0,0,3399739605
38.0346,26.2918,1.72626,56,53,51,800,2800,0.476501,7,8.16548,0,0,3426031324
40.315,24.8046,1.72626,56,53,51,800,2800,0.476501,7,8.16548,0,0,3450836765
37.8102,26.4479,1.72626,56,53,51,800,2800,0.476501,7,8.16548,0,0,3477283715
39.8699,25.0816,1.72626,56,53,51,800,2800,0.476501,7,8.16548,0,0,3502365734
38.984,25.6516,1.72626,56,53,51,800,2800,0.476501,7,8.16548,0,0,3528018284
38.5297,25.954,1.72626,56,53,51,800,2800,0.476501,7,8.16548,0,0,3553971517
38.8304,25.753,1.72626,56,53,51,800,2800,0.476501,7,8.16548,0,0,3579725147
38.2283,26.1587,1.72626,56,53,51,800,2800,0.476501,7,8.16548,0,0,3605883505
40.382,24.7635,1.72626,56,53,51,800,2800,0.476501,7,8.16548,0,0,3630648199
38.7478,25.8079,1.72626,56,53,51,800,2800,0.476501,7,8.16548,0,0,3656455269
38.8385,25.7476,1.72626,56,53,51,800,2800,0.476501,7,8.16548,0,0,3682203147
38.4748,25.991,1.72626,56,53,51,800,2800,0.476501,7,8.16548,0,0,3708193941
38.9667,25.6629,1.72626,56,53,51,800,2800,0.476501,7,8.16548,0,0,3733857472
37.9602,26.3434,1.72626,56,53,51,800,2800,0.476501,7,8.16548,0,0,3760200407
37.3641,26.7637,1.72626,56,53,51,800,2800,0.476501,7,8.16548,0,0,3786964712
39.7618,25.1498,1.72626,56,53,51,800,2800,0.476501,7,8.16548,0,0,3812114789
39.596,25.2551,1.72626,56,53,51,800,2800,0.476501,7,8.16548,0,0,3837374281
38.6883,25.8476,2.32558,55,52,52,800,2800,0.476501,15,8.16213,0,0,3863217028
39.0402,25.6146,2.32558,55,52,52,800,2800,0.476501,15,8.16213,0,0,3888832728
38.7076,25.8347,2.32558,55,52,52,800,2800,0.476501,15,8.16213,0,0,3914667390
37.8164,26.4436,2.32558,55,52,52,800,2800,0.476501,15,8.16213,0,0,3941110753
40.7099,24.5641,2.32558,55,52,52,800,2800,0.476501,15,8.16213,0,0,3965674851
38.6193,25.8938,2.32558,55,52,52,800,2800,0.476501,15,8.16213,0,0,3991571147
38.7826,25.7848,2.32558,55,52,52,800,2800,0.476501,15,8.16213,0,0,4017353831
38.9749,25.6575,2.32558,55,52,52,800,2800,0.476501,15,8.16213,0,0,4043011801
38.0955,26.2498,2.32558,55,52,52,800,2800,0.476501,15,8.16213,0,0,4069261912
39.0756,25.5914,2.32558,55,52,52,800,2800,0.476501,15,8.16213,0,0,4094853688
37.6146,26.5854,2.32558,55,52,52,800,2800,0.476501,15,8.16213,0,0,4121438907
40.7073,24.5656,2.32558,55,52,52,800,2800,0.476501,15,8.16213,0,0,4146004337
39.0253,25.6244,2.32558,55,52,52,800,2800,0.476501,15,8.16213,0,0,4171628874
38.9377,25.682,2.32558,55,52,52,800,2800,0.476501,15,8.16213,0,0,4197311119
37.6172,26.5836,2.32558,55,52,52,800,2800,0.476501,15,8.16213,0,0,4223896940
40.1909,24.8813,2.32558,55,52,52,800,2800,0.476501,15,8.16213,0,0,4248777181
39.088,25.5833,2.32558,55,52,52,800,2800,0.476501,15,8.16213,0,0,4274361753
37.9399,26.3575,2.32558,55,52,52,800,2800,0.476501,15,8.16213,0,0,4300718253
37.816,26.4438,2.32558,55,52,52,800,2800,0.476501,15,8.16213,0,0,4327162659
39.8668,25.0835,2.32558,55,52,52,800,2800,0.476501,15,8.16213,0,0,4352252202
38.0209,26.3013,1.72414,56,54,51,800,2800,0.476501,5,8.16048,0,0,4378547397
40.209,24.87,1.72414,56,54,51,800,2800,0.476501,5,8.16048,0,0,4403418831
38.7679,25.7945,1.72414,56,54,51,800,2800,0.476501,5,8.16048,0,0,4429212937
38.7296,25.8201,1.72414,56,54,51,800,2800,0.476501,5,8.16048,0,0,4455035054
38.9091,25.7009,1.72414,56,54,51,800,2800,0.476501,5,8.16048,0,0,4480735474
38.941,25.6799,1.72414,56,54,51,800,2800,0.476501,5,8.16048,0,0,4506414052
38.524,25.9578,1.72414,56,54,51,800,2800,0.476501,5,8.16048,0,0,4532374269
37.9526,26.3487,1.72414,56,54,51,800,2800,0.476501,5,8.16048,0,0,4558721342
40.5404,24.6667,1.72414,56,54,51,800,2800,0.476501,5,8.16048,0,0,4583392170
38.9184,25.6948,1.72414,56,54,51,800,2800,0.476501,5,8.16048,0,0,4609084664
36.6387,27.2935,1.72414,56,54,51,800,2800,0.476501,5,8.16048,0,0,4636376630
39.855,25.091,1.72414,56,54,51,800,2800,0.476501,5,8.16048,0,0,4661467486
38.0537,26.2786,1.72414,56,54,51,800,2800,0.476501,5,8.16048,0,0,4687746220
40.1903,24.8816,1.72414,56,54,51,800,2800,0.476501,5,8.16048,0,0,4712628595
38.4399,26.0146,1.72414,56,54,51,800,2800,0.476501,5,8.16048,0,0,4738643003
37.9281,26.3657,1.72414,56,54,51,800,2800,0.476501,5,8.16048,0,0,4765009152
40.1637,24.8981,1.72414,56,54,51,800,2800,0.476501,5,8.16048,0,0,4789907947
38.9202,25.6936,1.72414,56,54,51,800,2800,0.476501,5,8.16048,0,0,4815601734
38.7249,25.8232,1.72414,56,54,51,800,2800,0.476501,5,8.16048,0,0,4841426297
38.3817,26.0541,1.72414,56,54,51,800,2800,0.476501,5,8.16048,0,0,4867483616
38.4666,25.9966,2.08078,55,51,51,800,2800,0.476501,12,8.16008,0,0,4893477035
39.6569,25.2163,2.08078,55,51,51,800,2800,0.476501,12,8.16008,0,0,4918692955
38.5339,25.9512,2.08078,55,51,51,800,2800,0.476501,12,8.16008,0,0,4944644626
38.7861,25.7825,2.08078,55,51,51,800,2800,0.476501,12,8.16008,0,0,4970426448
38.7679,25.7945,2.08078,55,51,51,800,2800,0.476501,12,8.16008,0,0,4996221125
38.664,25.8638,2.08078,55,51,51,800,2800,0.476501,12,8.16008,0,0,5022085101
38.6802,25.853,2.08078,55,51,51,800,2800,0.476501,12,8.16008,0,0,5047939860
40.1606,24.9,2.08078,55,51,51,800,2800,0.476501,12,8.16008,0,0,5072838916
38.8882,25.7147,2.08078,55,51,51,800,2800,0.476501,12,8.16008,0,0,5098553422
38.5456,25.9433,2.08078,55,51,51,800,2800,0.476501,12,8.16008,0,0,5124498180
38.6516,25.8722,2.08078,55,51,51,800,2800,0.476501,12,8.16008,0,0,5150370081
38.8359,25.7494,2.08078,55,51,51,800,2800,0.476501,12,8.16008,0,0,5176120605
38.9615,25.6664,2.08078,55,51,51,800,2800,0.476501,12,8.16008,0,0,5201785738
38.7613,25.7989,2.08078,55,51,51,800,2800,0.476501,12,8.16008,0,0,5227585554
38.6973,25.8416,2.08078,55,51,51,800,2800,0.476501,12,8.16008,0,0,5253426777
38.7368,25.8152,2.08078,55,51,51,800,2800,0.476501,12,8.16008,0,0,5279243385
38.3983,26.0428,2.08078,55,51,51,800,2800,0.476501,12,8.16008,0,0,5305285285
39.0199,25.628,2.08078,55,51,51,800,2800,0.476501,12,8.16008,0,0,5330913379
38.1682,26.1998,2.08078,55,51,51,800,2800,0.476501,12,8.16008,0,0,5357114618
39.8312,25.106,2.08078,55,51,51,800,2800,0.476501,12,8.16008,0,0,5382224289
38.194,26.1821,2.20588,55,52,51,800,2800,0.476501,6,8.16008,0,0,5408401904
38.2745,26.127,2.20588,55,52,51,800,2800,0.476501,6,8.16008,0,0,5434529054
40.3049,24.8109,2.20588,55,52,51,800,2800,0.476501,6,8.16008,0,0,5459341327
38.9676,25.6623,2.20588,55,52,51,800,2800,0.476501,6,8.16008,0,0,5485002693
38.9329,25.6852,2.20588,55,52,51,800,2800,0.476501,6,8.16008,0,0,5510688094
37.5462,26.6339,2.20588,55,52,51,800,2800,0.476501,6,8.16008,0,0,5537321955
40.0491,24.9693,2.20588,55,52,51,800,2800,0.476501,6,8.16008,0,0,5562291604
37.82,26.4411,2.20588,55,52,51,800,2800,0.476501,6,8.16008,0,0,5588732763
40.564,24.6524,2.20588,55,52,51,800,2800,0.476501,6,8.16008,0,0,5613385236
36.5671,27.347,2.20588,55,52,51,800,2800,0.476501,6,8.16008,0,0,5640733597
40.5236,24.677,2.20588,55,52,51,800,2800,0.476501,6,8.16008,0,0,5665411078
38.8484,25.7411,2.20588,55,52,51,800,2800,0.476501,6,8.16008,0,0,5691152574
38.7473,25.8082,2.20588,55,52,51,800,2800,0.476501,6,8.16008,0,0,5716960586
38.7034,25.8375,2.20588,55,52,51,800,2800,0.476501,6,8.16008,0,0,5742798533
38.4442,26.0117,2.20588,55,52,51,800,2800,0.476501,6,8.16008,0,0,5768809285
38.9002,25.7068,2.20588,55,52,51,800,2800,0.476501,6,8.16008,0,0,5794516377
38.7327,25.818,2.20588,55,52,51,800,2800,0.476501,6,8.16008,0,0,5820334096
39.0955,25.5784,2.20588,55,52,51,800,2800,0.476501,6,8.16008,0,0,5845913008
38.2957,26.1126,2.20588,55,52,51,800,2800,0.476501,6,8.16008,0,0,5872025310
40.373,24.769,2.20588,55,52,51,800,2800,0.476501,6,8.16008,0,0,5896797137
38.5755,25.9232,2.5641,55,53,51,800,2800,0.476501,9,8.15899,0,0,5922719854
38.9181,25.695,2.5641,55,53,51,800,2800,0.476501,9,8.15899,0,0,5948415865
38.5082,25.9685,2.5641,55,53,51,800,2800,0.476501,9,8.15899,0,0,5974383836
38.9541,25.6712,2.5641,55,53,51,800,2800,0.476501,9,8.15899,0,0,6000055352
38.7782,25.7877,2.5641,55,53,51,800,2800,0.476501,9,8.15899,0,0,6025841762
38.4043,26.0388,2.5641,55,53,51,800,2800,0.476501,9,8.15899,0,0,6051880356
38.9283,25.6882,2.5641,55,53,51,800,2800,0.476501,9,8.15899,0,0,6077568773
39.1854,25.5197,2.5641,55,53,51,800,2800,0.476501,9,8.15899,0,0,6103088514
38.7919,25.7786,2.5641,55,53,51,800,2800,0.476501,9,8.15899,0,0,6128867250
39.0201,25.6278,2.5641,55,53,51,800,2800,0.476501,9,8.15899,0,0,6154496757
37.142,26.9237,2.5641,55,53,51,800,2800,0.476501,9,8.15899,0,0,6181419359
40.3529,24.7814,2.5641,55,53,51,800,2800,0.476501,9,8.15899,0,0,6206200895
38.5102,25.9672,2.5641,55,53,51,800,2800,0.476501,9,8.15899,0,0,6232167994
37.935,26.3609,2.5641,55,53,51,800,2800,0.476501,9,8.15899,0,0,6258529143
39.9493,25.0317,2.5641,55,53,51,800,2800,0.476501,9,8.15899,0,0,6283561409
38.7884,25.7809,2.5641,55,53,51,800,2800,0.476501,9,8.15899,0,0,6309341989
38.9526,25.6722,2.5641,55,53,51,800,2800,0.476501,9,8.15899,0,0,6335014566
38.5709,25.9263,2.5641,55,53,51,800,2800,0.476501,9,8.15899,0,0,6360941020
38.5299,25.9539,2.5641,55,53,51,800,2800,0.476501,9,8.15899,0,0,6386894614
38.8725,25.7251,2.5641,55,53,51,800,2800,0.476501,9,8.15899,0,0,6412621964
38.6135,25.8977,2.1978,55,52,52,800,2800,0.476501,12,8.15829,0,0,6438518011
39.1832,25.5212,2.1978,55,52,52,800,2800,0.476501,12,8.15829,0,0,6464040607
37.9156,26.3744,2.1978,55,52,52,800,2800,0.476501,12,8.15829,0,0,6490413658
40.1154,24.9281,2.1978,55,52,52,800,2800,0.476501,12,8.15829,0,0,6515343312
38.8788,25.721,2.1978,55,52,52,800,2800,0.476501,12,8.15829,0,0,6541063799
38.7754,25.7895,2.1978,55,52,52,800,2800,0.476501,12,8.15829,0,0,6566854317
37.7106,26.5178,2.1978,55,52,52,800,2800,0.476501,12,8.15829,0,0,6593371930
39.9141,25.0538,2.1978,55,52,52,800,2800,0.476501,12,8.15829,0,0,6618425185
38.9178,25.6952,2.1978,55,52,52,800,2800,0.476501,12,8.15829,0,0,6644121357
38.8037,25.7707,2.1978,55,52,52,800,2800,0.476501,12,8.15829,0,0,6669893711
38.8179,25.7613,2.1978,55,52,52,800,2800,0.476501,12,8.15829,0,0,6695654724
38.9205,25.6934,2.1978,55,52,52,800,2800,0.476501,12,8.15829,0,0,6721346507
38.5368,25.9492,2.1978,55,52,52,800,2800,0.476501,12,8.15829,0,0,6747295974
37.3819,26.7509,2.1978,55,52,52,800,2800,0.476501,12,8.15829,0,0,6774046804
39.8667,25.0836,2.1978,55,52,52,800,2800,0.476501,12,8.15829,0,0,6799131368
40.7852,24.5187,2.1978,55,52,52,800,2800,0.476501,12,8.15829,0,0,6823651012
36.8984,27.1014,2.1978,55,52,52,800,2800,0.476501,12,8.15829,0,0,6850753573
40.6515,24.5994,2.1978,55,52,52,800,2800,0.476501,12,8.15829,0,0,6875351093
38.7134,25.8309,2.1978,55,52,52,800,2800,0.476501,12,8.15829,0,0,6901183570
38.7964,25.7756,2.1978,55,52,52,800,2800,0.476501,12,8.15829,0,0,6926963469
38.8078,25.768,2.08333,56,53,52,800,2800,0.476501,7,8.15869,0,0,6952726165
39.0518,25.607,2.08333,56,53,52,800,2800,0.476501,7,8.15869,0,0,6978333299
37.3894,26.7455,2.08333,56,53,52,800,2800,0.476501,7,8.15869,0,0,7005079942
40.5725,24.6473,2.08333,56,53,52,800,2800,0.476501,7,8.15869,0,0,7029726344
39.0216,25.6268,2.08333,56,53,52,800,2800,0.476501,7,8.15869,0,0,7055353005
36.4853,27.4083,2.08333,56,53,52,800,2800,0.476501,7,8.15869,0,0,7082763022
39.8871,25.0708,2.08333,56,53,52,800,2800,0.476501,7,8.15869,0,0,7107832748
38.8153,25.763,2.08333,56,53,52,800,2800,0.476501,7,8.15869,0,0,7133595845
39.1808,25.5227,2.08333,56,53,52,800,2800,0.476501,7,8.15869,0,0,7159118972
37.9891,26.3234,2.08333,56,53,52,800,2800,0.476501,7,8.15869,0,0,7185444674
39.5957,25.2553,2.08333,56,53,52,800,2800,0.476501,7,8.15869,0,0,7210698937
38.6321,25.8852,2.08333,56,53,52,800,2800,0.476501,7,8.15869,0,0,7236584774
38.2146,26.168,2.08333,56,53,52,800,2800,0.476501,7,8.15869,0,0,7262752781
40.3967,24.7545,2.08333,56,53,52,800,2800,0.476501,7,8.15869,0,0,7287506634
38.6489,25.8739,2.08333,56,53,52,800,2800,0.476501,7,8.15869,0,0,7313381090
38.657,25.8685,2.08333,56,53,52,800,2800,0.476501,7,8.15869,0,0,7339249335
38.6888,25.8473,2.08333,56,53,52,800,2800,0.476501,7,8.15869,0,0,7365098313
38.6006,25.9063,2.08333,56,53,52,800,2800,0.476501,7,8.15869,0,0,7391003386
38.3129,26.1009,2.08333,56,53,52,800,2800,0.476501,7,8.15869,0,0,7417104948
40.4604,24.7155,2.08333,56,53,52,800,2800,0.476501,7,8.15869,0,0,7441825429
38.7485,25.8075,1.84502,55,51,52,800,2800,0.476501,13,8.15869,0,0,7467629593
38.919,25.6944,1.84502,55,51,52,800,2800,0.476501,13,8.15869,0,0,7493324633
38.6369,25.882,1.84502,55,51,52,800,2800,0.476501,13,8.15869,0,0,7519206593
39.0258,25.6241,1.84502,55,51,52,800,2800,0.476501,13,8.15869,0,0,7544830148
38.9237,25.6913,1.84502,55,51,52,800,2800,0.476501,13,8.15869,0,0,7570522001
37.5537,26.6285,1.84502,55,51,52,800,2800,0.476501,13,8.15869,0,0,7597151444
38.2961,26.1123,1.84502,55,51,52,800,2800,0.476501,13,8.15869,0,0,7623264808
40.3804,24.7645,1.84502,55,51,52,800,2800,0.476501,13,8.15869,0,0,7648027729
38.8127,25.7647,1.84502,55,51,52,800,2800,0.476501,13,8.15869,0,0,7673793932
39.0817,25.5874,1.84502,55,51,52,800,2800,0.476501,13,8.15869,0,0,7699380888
38.1889,26.1856,1.84502,55,51,52,800,2800,0.476501,13,8.15869,0,0,7725567881
37.83,26.4341,1.84502,55,51,52,800,2800,0.476501,13,8.15869,0,0,7752002978
38.0125,26.3071,1.84502,55,51,52,800,2800,0.476501,13,8.15869,0,0,7778308874
39.4445,25.3521,1.84502,55,51,52,800,2800,0.476501,13,8.15869,0,0,7803661100
39.6182,25.241,1.84502,55,51,52,800,2800,0.476501,13,8.15869,0,0,7828903300
37.9654,26.3397,1.84502,55,51,52,800,2800,0.476501,13,8.15869,0,0,7855242337
40.1904,24.8816,1.84502,55,51,52,800,2800,0.476501,13,8.15869,0,0,7880123660
38.4058,26.0377,1.84502,55,51,52,800,2800,0.476501,13,8.15869,0,0,7906163577
38.7382,25.8143,1.84502,55,51,52,800,2800,0.476501,13,8.15869,0,0,7931976086
37.9844,26.3266,1.84502,55,51,52,800,2800,0.476501,13,8.15869,0,0,7958307319
40.4294,24.7345,1.95838,55,53,52,800,2800,0.476501,4,8.14235,0,0,7983038901
38.4947,25.9776,1.95838,55,53,52,800,2800,0.476501,4,8.14235,0,0,8009016280
38.1752,26.195,1.95838,55,53,52,800,2800,0.476501,4,8.14235,0,0,8035210236
40.4631,24.7138,1.95838,55,53,52,800,2800,0.476501,4,8.14235,0,0,8059924735
39.0589,25.6023,1.95838,55,53,52,800,2800,0.476501,4,8.14235,0,0,8085527351
38.8535,25.7377,1.95838,55,53,52,800,2800,0.476501,4,8.14235,0,0,8111265722
37.109,26.9476,1.95838,55,53,52,800,2800,0.476501,4,8.14235,0,0,8138212480
39.8487,25.0949,1.95838,55,53,52,800,2800,0.476501,4,8.14235,0,0,8163307303
39.0356,25.6176,1.95838,55,53,52,800,2800,0.476501,4,8.14235,0,0,8188925117
38.6218,25.8921,1.95838,55,53,52,800,2800,0.476501,4,8.14235,0,0,8214817387
38.524,25.9579,1.95838,55,53,52,800,2800,0.476501,4,8.14235,0,0,8240777073
38.8155,25.7629,1.95838,55,53,52,800,2800,0.476501,4,8.14235,0,0,8266540330
37.7536,26.4876,1.95838,55,53,52,800,2800,0.476501,4,8.14235,0,0,8293028017
40.3656,24.7736,1.95838,55,53,52,800,2800,0.476501,4,8.14235,0,0,8317800235
38.7562,25.8023,1.95838,55,53,52,800,2800,0.476501,4,8.14235,0,0,8343602465
37.8287,26.435,1.95838,55,53,52,800,2800,0.476501,4,8.14235,0,0,8370039326
40.2855,24.8228,1.95838,55,53,52,800,2800,0.476501,4,8.14235,0,0,8394861829
37.753,26.4879,1.95838,55,53,52,800,2800,0.476501,4,8.14235,0,0,8421349124
40.2787,24.827,1.95838,55,53,52,800,2800,0.476501,4,8.14235,0,0,8446177327
38.4378,26.016,1.95838,55,53,52,800,2800,0.476501,4,8.14235,0,0,8472198819
38.2573,26.1388,1.72414,55,52,51,800,2800,0.476501,12,8.14317,0,0,8498332612
38.8617,25.7323,1.72414,55,52,51,800,2800,0.476501,12,8.14317,0,0,8524064530
38.3009,26.109,1.72414,55,52,51,800,2800,0.476501,12,8.14317,0,0,8550176241
40.5131,24.6834,1.72414,55,52,51,800,2800,0.476501,12,8.14317,0,0,8574857429
38.9754,25.6572,1.72414,55,52,51,800,2800,0.476501,12,8.14317,0,0,8600516330
37.2661,26.834,1.72414,55,52,51,800,2800,0.476501,12,8.14317,0,0,8627350547
39.8392,25.1009,1.72414,55,52,51,800,2800,0.476501,12,8.14317,0,0,8652450199
38.5732,25.9247,1.72414,55,52,51,800,2800,0.476501,12,8.14317,0,0,8678375310
37.5219,26.6511,1.72414,55,52,51,800,2800,0.476501,12,8.14317,0,0,8705026894
39.8696,25.0818,1.72414,55,52,51,800,2800,0.476501,12,8.14317,0,0,8730111318
38.2096,26.1714,1.72414,55,52,51,800,2800,0.476501,12,8.14317,0,0,8756280988
40.3092,24.8083,1.72414,55,52,51,800,2800,0.476501,12,8.14317,0,0,8781089975
38.4942,25.9779,1.72414,55,52,51,800,2800,0.476501,12,8.14317,0,0,8807069157
38.6582,25.8677,1.72414,55,52,51,800,2800,0.476501,12,8.14317,0,0,8832935258
38.534,25.9511,1.72414,55,52,51,800,2800,0.476501,12,8.14317,0,0,8858886438
38.4416,26.0135,1.72414,55,52,51,800,2800,0.476501,12,8.14317,0,0,8884901497
40.5978,24.6319,1.72414,55,52,51,800,2800,0.476501,12,8.14317,0,0,8909532520
37.4548,26.6988,1.72414,55,52,51,800,2800,0.476501,12,8.14317,0,0,8936232165
39.2058,25.5064,1.72414,55,52,51,800,2800,0.476501,12,8.14317,0,0,8961738440
38.8443,25.7438,1.72414,55,52,51,800,2800,0.476501,12,8.14317,0,0,8987484234
38.8955,25.7099,2.08078,55,52,52,800,2710,0.476501,7,8.14331,0,0,9013193581
38.5352,25.9503,2.08078,55,52,52,800,2710,0.476501,7,8.14331,0,0,9039143188
38.7025,25.8381,2.08078,55,52,52,800,2710,0.476501,7,8.14331,0,0,9064981075
37.9381,26.3587,2.08078,55,52,52,800,2710,0.476501,7,8.14331,0,0,9091340010
40.7409,24.5453,2.08078,55,52,52,800,2710,0.476501,7,8.14331,0,0,9115885252
39.0114,25.6336,2.08078,55,52,52,800,2710,0.476501,7,8.14331,0,0,9141518946
37.4797,26.6811,2.08078,55,52,52,800,2710,0.476501,7,8.14331,0,0,9168200266
40.3115,24.8068,2.08078,55,52,52,800,2710,0.476501,7,8.14331,0,0,9193008412
39.1465,25.5451,2.08078,55,52,52,800,2710,0.476501,7,8.14331,0,0,9218552397
36.6548,27.2815,2.08078,55,52,52,800,2710,0.476501,7,8.14331,0,0,9245834214
40.2565,24.8407,2.08078,55,52,52,800,2710,0.476501,7,8.14331,0,0,9270675271
38.921,25.6931,2.08078,55,52,52,800,2710,0.476501,7,8.14331,0,0,9296368367
39.2034,25.508,2.08078,55,52,52,800,2710,0.476501,7,8.14331,0,0,9321876145
38.7421,25.8117,2.08078,55,52,52,800,2710,0.476501,7,8.14331,0,0,9347688384
38.6945,25.8435,2.08078,55,52,52,800,2710,0.476501,7,8.14331,0,0,9373532143
38.6782,25.8543,2.08078,55,52,52,800,2710,0.476501,7,8.14331,0,0,9399388815
38.5363,25.9496,2.08078,55,52,52,800,2710,0.476501,7,8.14331,0,0,9425337781
38.9545,25.671,2.08078,55,52,52,800,2710,0.476501,7,8.14331,0,0,9451008064
38.5954,25.9098,2.08078,55,52,52,800,2710,0.476501,7,8.14331,0,0,9476917836
37.79,26.462,2.08078,55,52,52,800,2710,0.476501,7,8.14331,0,0,9503383301
40.0331,24.9793,1.95838,55,53,51,800,2800,0.476501,9,8.14331,0,0,9528359662
38.8522,25.7385,1.95838,55,53,51,800,2800,0.476501,9,8.14331,0,0,9554098393
39.0511,25.6075,1.95838,55,53,51,800,2800,0.476501,9,8.14331,0,0,9579706680
39.1968,25.5123,1.95838,55,53,51,800,2800,0.476501,9,8.14331,0,0,9605218916
38.8792,25.7207,1.95838,55,53,51,800,2800,0.476501,9,8.14331,0,0,9630939043
39.0049,25.6378,1.95838,55,53,51,800,2800,0.476501,9,8.14331,0,0,9656577145
38.5402,25.9469,1.95838,55,53,51,800,2800,0.476501,9,8.14331,0,0,9682524408
37.6801,26.5392,1.95838,55,53,51,800,2800,0.476501,9,8.14331,0,0,9709063731
40.3837,24.7625,1.95838,55,53,51,800,2800,0.476501,9,8.14331,0,0,9733827012
38.5487,25.9412,1.95838,55,53,51,800,2800,0.476501,9,8.14331,0,0,9759767773
37.5479,26.6326,1.95838,55,53,51,800,2800,0.476501,9,8.14331,0,0,9786400361
40.1456,24.9093,1.95838,55,53,51,800,2800,0.476501,9,8.14331,0,0,9811310788
37.3036,26.8071,1.95838,55,53,51,800,2800,0.476501,9,8.14331,0,0,9838118055
40.0806,24.9497,1.95838,55,53,51,800,2800,0.476501,9,8.14331,0,0,9863066724
37.2101,26.8745,1.95838,55,53,51,800,2800,0.476501,9,8.14331,0,0,9889941997
36.4203,27.4572,1.95838,55,53,51,800,2800,0.476501,9,8.14331,0,0,9917399343
43.2683,23.1116,1.95838,55,53,51,800,2800,0.476501,9,8.14331,0,0,9940511316
38.9079,25.7017,1.95838,55,53,51,800,2800,0.476501,9,8.14331,0,0,9966214711
38.4146,26.0318,1.95838,55,53,51,800,2800,0.476501,9,8.14331,0,0,9992244619
40.2886,24.8209,1.95838,55,53,51,800,2800,0.476501,9,8.14331,0,0,10017070848
38.2897,26.1167,1.9656,55,52,52,800,2800,0.476501,12,8.14572,0,0,10043182740
37.8623,26.4115,1.9656,55,52,52,800,2800,0.476501,12,8.14572,0,0,10069594353
39.3721,25.3987,1.9656,55,52,52,800,2800,0.476501,12,8.14572,0,0,10094993347
38.5629,25.9317,1.9656,55,52,52,800,2800,0.476501,12,8.14572,0,0,10120926213
39.9907,25.0058,1.9656,55,52,52,800,2800,0.476501,12,8.14572,0,0,10145932540
38.6685,25.8609,1.9656,55,52,52,800,2800,0.476501,12,8.14572,0,0,10171792198
38.8817,25.7191,1.9656,55,52,52,800,2800,0.476501,12,8.14572,0,0,10197511323
38.0922,26.2521,1.9656,55,52,52,800,2800,0.476501,12,8.14572,0,0,10223765582
38.9671,25.6627,1.9656,55,52,52,800,2800,0.476501,12,8.14572,0,0,10249427158
38.109,26.2405,1.9656,55,52,52,800,2800,0.476501,12,8.14572,0,0,10275667330
40.1856,24.8845,1.9656,55,52,52,800,2800,0.476501,12,8.14572,0,0,10300552811
39.1457,25.5456,1.9656,55,52,52,800,2800,0.476501,12,8.14572,0,0,10326097638
37.9741,26.3337,1.9656,55,52,52,800,2800,0.476501,12,8.14572,0,0,10352433039
38.6015,25.9057,1.9656,55,52,52,800,2800,0.476501,12,8.14572,0,0,10378337531
38.9408,25.68,1.9656,55,52,52,800,2800,0.476501,12,8.14572,0,0,10404017733
38.7863,25.7823,1.9656,55,52,52,800,2800,0.476501,12,8.14572,0,0,10429801809
37.5143,26.6565,1.9656,55,52,52,800,2800,0.476501,12,8.14572,0,0,10456456860
39.9543,25.0286,1.9656,55,52,52,800,2800,0.476501,12,8.14572,0,0,10481487543
39.8571,25.0897,1.9656,55,52,52,800,2800,0.476501,12,8.14572,0,0,10506576635
38.7323,25.8182,1.9656,55,52,52,800,2800,0.476501,12,8.14572,0,0,10532395767
38.8517,25.7389,1.96319,55,54,52,800,2800,0.476501,7,8.14523,0,0,10558133848
38.6601,25.8665,1.96319,55,54,52,800,2800,0.476501,7,8.14523,0,0,10583999677
38.8069,25.7686,1.96319,55,54,52,800,2800,0.476501,7,8.14523,0,0,10609769347
38.9289,25.6879,1.96319,55,54,52,800,2800,0.476501,7,8.14523,0,0,10635457433
38.7897,25.78,1.96319,55,54,52,800,2800,0.476501,7,8.14523,0,0,10661237061
38.8972,25.7088,1.96319,55,54,52,800,2800,0.476501,7,8.14523,0,0,10686946357
38.3308,26.0887,1.96319,55,54,52,800,2800,0.476501,7,8.14523,0,0,10713034695
38.7196,25.8267,1.96319,55,54,52,800,2800,0.476501,7,8.14523,0,0,10738861481
39.0516,25.6072,1.96319,55,54,52,800,2800,0.476501,7,8.14523,0,0,10764468085
39.1139,25.5664,1.96319,55,54,52,800,2800,0.476501,7,8.14523,0,0,10790035835
39.0646,25.5986,1.96319,55,54,52,800,2800,0.476501,7,8.14523,0,0,10815633472
38.7441,25.8104,1.96319,55,54,52,800,2800,0.476501,7,8.14523,0,0,10841444298
39.1208,25.5619,1.96319,55,54,52,800,2800,0.476501,7,8.14523,0,0,10867005497
38.3682,26.0633,1.96319,55,54,52,800,2800,0.476501,7,8.14523,0,0,10893069348
38.517,25.9626,1.96319,55,54,52,800,2800,0.476501,7,8.14523,0,0,10919033703
38.7042,25.837,1.96319,55,54,52,800,2800,0.476501,7,8.14523,0,0,10944870117
38.4563,26.0035,1.96319,55,54,52,800,2800,0.476501,7,8.14523,0,0,10970873335
40.1275,24.9206,1.96319,55,54,52,800,2800,0.476501,7,8.14523,0,0,10995795224
38.4791,25.9881,1.96319,55,54,52,800,2800,0.476501,7,8.14523,0,0,11021783824
39.2838,25.4558,1.96319,55,54,52,800,2800,0.476501,7,8.14523,0,0,11047242229
38.7801,25.7864,1.84275,55,52,52,800,2800,0.476501,15,8.14541,0,0,11073024562
38.8186,25.7608,1.84275,55,52,52,800,2800,0.476501,15,8.14541,0,0,11098786076
38.5961,25.9093,1.84275,55,52,52,800,2800,0.476501,15,8.14541,0,0,11124695438
38.2108,26.1706,1.84275,55,52,52,800,2800,0.476501,15,8.14541,0,0,11150865709
38.8876,25.7152,1.84275,55,52,52,800,2800,0.476501,15,8.14541,0,0,11176582168
38.9464,25.6763,1.84275,55,52,52,800,2800,0.476501,15,8.14541,0,0,11202257160
38.7333,25.8176,1.84275,55,52,52,800,2800,0.476501,15,8.14541,0,0,11228074890
38.7133,25.8309,1.84275,55,52,52,800,2800,0.476501,15,8.14541,0,0,11253905874
38.9164,25.6961,1.84275,55,52,52,800,2800,0.476501,15,8.14541,0,0,11279602577
38.9645,25.6644,1.84275,55,52,52,800,2800,0.476501,15,8.14541,0,0,11305266818
37.7677,26.4777,1.84275,55,52,52,800,2800,0.476501,15,8.14541,0,0,11331745087
40.1238,24.9229,1.84275,55,52,52,800,2800,0.476501,15,8.14541,0,0,11356667837
38.2204,26.164,1.84275,55,52,52,800,2800,0.476501,15,8.14541,0,0,11382834111
40.4929,24.6957,1.84275,55,52,52,800,2800,0.476501,15,8.14541,0,0,11407527761
38.5842,25.9173,1.84275,55,52,52,800,2800,0.476501,15,8.14541,0,0,11433445268
38.7426,25.8113,1.84275,55,52,52,800,2800,0.476501,15,8.14541,0,0,11459258519
38.9404,25.6803,1.84275,55,52,52,800,2800,0.476501,15,8.14541,0,0,11484938661
39.0139,25.6319,1.84275,55,52,52,800,2800,0.476501,15,8.14541,0,0,11510570642
37.5352,26.6416,1.84275,55,52,52,800,2800,0.476501,15,8.14541,0,0,11537211335
38.9735,25.6584,1.84275,55,52,52,800,2800,0.476501,15,8.14541,0,0,11562871970
38.6293,25.8871,1.71569,55,53,52,800,2800,0.476501,4,8.14859,0,0,11588757938
40.5039,24.689,1.71569,55,53,52,800,2800,0.476501,4,8.14859,0,0,11613448332
37.5426,26.6364,1.71569,55,53,52,800,2800,0.476501,4,8.14859,0,0,11640083325
38.9943,25.6447,1.71569,55,53,52,800,2800,0.476501,4,8.14859,0,0,11665728070
38.2358,26.1535,1.71569,55,53,52,800,2800,0.476501,4,8.14859,0,0,11691883744
40.7598,24.534,1.71569,55,53,52,800,2800,0.476501,4,8.14859,0,0,11716415701
36.2739,27.568,1.71569,55,53,52,800,2800,0.476501,4,8.14859,0,0,11743983905
40.4225,24.7387,1.71569,55,53,52,800,2800,0.476501,4,8.14859,0,0,11768722790
38.8375,25.7483,1.71569,55,53,52,800,2800,0.476501,4,8.14859,0,0,11794472332
38.5507,25.9399,1.71569,55,53,52,800,2800,0.476501,4,8.14859,0,0,11820411790
39.0565,25.6039,1.71569,55,53,52,800,2800,0.476501,4,8.14859,0,0,11846017111
38.9426,25.6788,1.71569,55,53,52,800,2800,0.476501,4,8.14859,0,0,11871694838
38.9672,25.6626,1.71569,55,53,52,800,2800,0.476501,4,8.14859,0,0,11897357727
37.6463,26.563,1.71569,55,53,52,800,2800,0.476501,4,8.14859,0,0,11923920705
40.0533,24.9667,1.71569,55,53,52,800,2800,0.476501,4,8.14859,0,0,11948888720
38.8794,25.7205,1.71569,55,53,52,800,2800,0.476501,4,8.14859,0,0,11974609247
39.1442,25.5466,1.71569,55,53,52,800,2800,0.476501,4,8.14859,0,0,12000155587
38.4132,26.0327,1.71569,55,53,52,800,2800,0.476501,4,8.14859,0,0,12026187920
38.9519,25.6727,1.71569,55,53,52,800,2800,0.476501,4,8.14859,0,0,12051861338
39.0616,25.6006,1.71569,55,53,52,800,2800,0.476501,4,8.14859,0,0,12077465077
37.6512,26.5596,1.47783,54,52,52,800,2800,0.476501,13,8.1484,0,0,12104020771
40.4168,24.7422,1.47783,54,52,52,800,2800,0.476501,13,8.1484,0,0,12128762852
38.6521,25.8718,1.47783,54,52,52,800,2800,0.476501,13,8.1484,0,0,12154635014
39.1898,25.5169,1.47783,54,52,52,800,2800,0.476501,13,8.1484,0,0,12180151789
39.0275,25.623,1.47783,54,52,52,800,2800,0.476501,13,8.1484,0,0,12205775013
38.7519,25.8052,1.47783,54,52,52,800,2800,0.476501,13,8.1484,0,0,12231580129
37.895,26.3887,1.47783,54,52,52,800,2800,0.476501,13,8.1484,0,0,12257969491
38.8499,25.7401,1.47783,54,52,52,800,2800,0.476501,13,8.1484,0,0,12283710387
38.9065,25.7027,1.47783,54,52,52,800,2800,0.476501,13,8.1484,0,0,12309412299
39.1184,25.5634,1.47783,54,52,52,800,2800,0.476501,13,8.1484,0,0,12334975581
38.4588,26.0019,1.47783,54,52,52,800,2800,0.476501,13,8.1484,0,0,12360977576
39.0965,25.5778,1.47783,54,52,52,800,2800,0.476501,13,8.1484,0,0,12386556538
38.9982,25.6422,1.47783,54,52,52,800,2800,0.476501,13,8.1484,0,0,12412197546
37.6947,26.5289,1.47783,54,52,52,800,2800,0.476501,13,8.1484,0,0,12438727141
39.9898,25.0064,1.47783,54,52,52,800,2800,0.476501,13,8.1484,0,0,12463734009
37.8964,26.3878,1.47783,54,52,52,800,2800,0.476501,13,8.1484,0,0,12490121869
40.1653,24.8971,1.47783,54,52,52,800,2800,0.476501,13,8.1484,0,0,12515018851
38.7361,25.8157,1.47783,54,52,52,800,2800,0.476501,13,8.1484,0,0,12540835759
38.6552,25.8698,1.47783,54,52,52,800,2800,0.476501,13,8.1484,0,0,12566705476
37.6694,26.5467,1.47783,54,52,52,800,2800,0.476501,13,8.1484,0,0,12593256291
40.1192,24.9257,1.95599,55,54,52,800,2800,0.476501,7,8.14786,0,0,12618177458
38.2271,26.1595,1.95599,55,54,52,800,2800,0.476501,7,8.14786,0,0,12644336959
37.3385,26.782,1.95599,55,54,52,800,2800,0.476501,7,8.14786,0,0,12671119679
39.8544,25.0914,1.95599,55,54,52,800,2800,0.476501,7,8.14786,0,0,12696212228
39.649,25.2213,1.95599,55,54,52,800,2800,0.476501,7,8.14786,0,0,12721433679
38.7216,25.8254,1.95599,55,54,52,800,2800,0.476501,7,8.14786,0,0,12747257921
37.9115,26.3772,1.95599,55,54,52,800,2800,0.476501,7,8.14786,0,0,12773635010
39.8624,25.0863,1.95599,55,54,52,800,2800,0.476501,7,8.14786,0,0,12798721457
38.579,25.9209,1.95599,55,54,52,800,2800,0.476501,7,8.14786,0,0,12824642340
38.4867,25.983,1.95599,55,54,52,800,2800,0.476501,7,8.14786,0,0,12850626372
40.214,24.867,1.95599,55,54,52,800,2800,0.476501,7,8.14786,0,0,12875494610
38.4753,25.9907,1.95599,55,54,52,800,2800,0.476501,7,8.14786,0,0,12901484252
38.6747,25.8567,1.95599,55,54,52,800,2800,0.476501,7,8.14786,0,0,12927340754
37.7192,26.5117,1.95599,55,54,52,800,2800,0.476501,7,8.14786,0,0,12953852756
39.5749,25.2685,1.95599,55,54,52,800,2800,0.476501,7,8.14786,0,0,12979122778
37.9838,26.327,1.95599,55,54,52,800,2800,0.476501,7,8.14786,0,0,13005449533
40.009,24.9944,1.95599,55,54,52,800,2800,0.476501,7,8.14786,0,0,13030443196
38.8301,25.7532,1.95599,55,54,52,800,2800,0.476501,7,8.14786,0,0,13056197587
38.5697,25.9271,1.95599,55,54,52,800,2800,0.476501,7,8.14786,0,0,13082124361
38.4798,25.9876,1.95599,55,54,52,800,2800,0.476501,7,8.14786,0,0,13108113853
40.1134,24.9293,2.44499,55,53,52,800,2800,0.476501,9,8.14786,0,0,13133041403
38.6553,25.8696,2.44499,55,53,52,800,2800,0.476501,9,8.14786,0,0,13158910669
38.0794,26.2609,2.44499,55,53,52,800,2800,0.476501,9,8.14786,0,0,13185171680
38.6421,25.8785,2.44499,55,53,52,800,2800,0.476501,9,8.14786,0,0,13211050324
40.2727,24.8307,2.44499,55,53,52,800,2800,0.476501,9,8.14786,0,0,13235882334
38.9092,25.7009,2.44499,55,53,52,800,2800,0.476501,9,8.14786,0,0,13261583234
38.5163,25.963,2.44499,55,53,52,800,2800,0.476501,9,8.14786,0,0,13287545365
39.0262,25.6238,2.44499,55,53,52,800,2800,0.476501,9,8.14786,0,0,13313169732
38.8397,25.7468,2.44499,55,53,52,800,2800,0.476501,9,8.14786,0,0,13338918432
38.7999,25.7733,2.44499,55,53,52,800,2800,0.476501,9,8.14786,0,0,13364690305
38.1836,26.1893,2.44499,55,53,52,800,2800,0.476501,9,8.14786,0,0,13390881455
38.5618,25.9324,2.44499,55,53,52,800,2800,0.476501,9,8.14786,0,0,13416813019
38.8199,25.76,2.44499,55,53,52,800,2800,0.476501,9,8.14786,0,0,13442574072
38.584,25.9175,2.44499,55,53,52,800,2800,0.476501,9,8.14786,0,0,13468491528
38.5836,25.9178,2.44499,55,53,52,800,2800,0.476501,9,8.14786,0,0,13494408103
40.4148,24.7434,2.44499,55,53,52,800,2800,0.476501,9,8.14786,0,0,13519152900
38.7345,25.8168,2.44499,55,53,52,800,2800,0.476501,9,8.14786,0,0,13544968956
37.8575,26.4148,2.44499,55,53,52,800,2800,0.476501,9,8.14786,0,0,13571385820
38.5417,25.9459,2.44499,55,53,52,800,2800,0.476501,9,8.14786,0,0,13597330788
39.6905,25.195,2.44499,55,53,52,800,2800,0.476501,9,8.14786,0,0,13622527984
38.4595,26.0013,2.55786,54,53,52,800,2800,0.476501,13,8.14659,0,0,13648528396
38.7005,25.8394,2.55786,54,53,52,800,2800,0.476501,13,8.14659,0,0,13674366864
38.301,26.109,2.55786,54,53,52,800,2800,0.476501,13,8.14659,0,0,13700475951
40.2014,24.8748,2.55786,54,53,52,800,2800,0.476501,13,8.14659,0,0,13725350140
38.2664,26.1326,2.55786,54,53,52,800,2800,0.476501,13,8.14659,0,0,13751482800
38.8537,25.7376,2.55786,54,53,52,800,2800,0.476501,13,8.14659,0,0,13777220730
37.5405,26.6379,2.55786,54,53,52,800,2800,0.476501,13,8.14659,0,0,13803858639
40.4887,24.6982,2.55786,54,53,52,800,2800,0.476501,13,8.14659,0,0,13828559453
39.0049,25.6378,2.55786,54,53,52,800,2800,0.476501,13,8.14659,0,0,13854196683
38.4852,25.984,2.55786,54,53,52,800,2800,0.476501,13,8.14659,0,0,13880180865
38.3122,26.1014,2.55786,54,53,52,800,2800,0.476501,13,8.14659,0,0,13906283870
38.6869,25.8486,2.55786,54,53,52,800,2800,0.476501,13,8.14659,0,0,13932130344
39.8243,25.1103,2.55786,54,53,52,800,2800,0.476501,13,8.14659,0,0,13957240706
30.088,33.2358,2.55786,54,53,52,800,2800,0.476501,13,8.14659,0,0,13990480010
49.1339,20.3526,2.55786,54,53,52,800,2800,0.476501,13,8.14659,0,0,14010829760
36.0618,27.7301,2.55786,54,53,52,800,2800,0.476501,13,8.14659,0,0,14038560670
42.8152,23.3562,2.55786,54,53,52,800,2800,0.476501,13,8.14659,0,0,14061916710
39.5299,25.2973,2.55786,54,53,52,800,2800,0.476501,13,8.14659,0,0,14087214144
37.149,26.9186,2.55786,54,53,52,800,2800,0.476501,13,8.14659,0,0,14114133450
35.7245,27.992,2.55786,54,53,52,800,2800,0.476501,13,8.14659,0,0,14142127222
47.0431,21.2571,4.86027,55,54,55,800,2800,0.480209,6,8.22963,0,0,14163382201
34.6157,28.8886,4.86027,55,54,55,800,2800,0.480209,6,8.22963,0,0,14192271043
42.4054,23.5819,4.86027,55,54,55,800,2800,0.480209,6,8.22963,0,0,14215853418
35.4331,28.2222,4.86027,55,54,55,800,2800,0.480209,6,8.22963,0,0,14244077783
42.6668,23.4374,4.86027,55,54,55,800,2800,0.480209,6,8.22963,0,0,14267512993
37.5088,26.6604,4.86027,55,54,55,800,2800,0.480209,6,8.22963,0,0,14294173965
38.3694,26.0625,4.86027,55,54,55,800,2800,0.480209,6,8.22963,0,0,14320237175
39.7195,25.1766,4.86027,55,54,55,800,2800,0.480209,6,8.22963,0,0,14345414142
39.4621,25.3408,4.86027,55,54,55,800,2800,0.480209,6,8.22963,0,0,14370753734
38.1761,26.1944,4.86027,55,54,55,800,2800,0.480209,6,8.22963,0,0,14396950505
40.9608,24.4136,4.86027,55,54,55,800,2800,0.480209,6,8.22963,0,0,14421362708
39.003,25.639,4.86027,55,54,55,800,2800,0.480209,6,8.22963,0,0,14447004227
38.7335,25.8174,4.86027,55,54,55,800,2800,0.480209,6,8.22963,0,0,14472819722
40.0885,24.9448,4.86027,55,54,55,800,2800,0.480209,6,8.22963,0,0,14497765836
37.8043,26.452,4.86027,55,54,55,800,2800,0.480209,6,8.22963,0,0,14524217325
37.6342,26.5715,4.86027,55,54,55,800,2800,0.480209,6,8.22963,0,0,14550790963
39.575,25.2685,4.86027,55,54,55,800,2800,0.480209,6,8.22963,0,0,14576058821
39.9347,25.0409,4.86027,55,54,55,800,2800,0.480209,6,8.22963,0,0,14601098731
38.0316,26.2939,4.86027,55,54,55,800,2800,0.480209,6,8.22963,0,0,14627394607
39.1498,25.5429,4.86027,55,54,55,800,2800,0.480209,6,8.22963,0,0,14652938092
38.1391,26.2198,3.09789,55,53,53,800,2800,0.480217,16,8.24158,0,0,14679157195
39.3912,25.3864,3.09789,55,53,53,800,2800,0.480217,16,8.24158,0,0,14704542874
38.0895,26.254,3.09789,55,53,53,800,2800,0.480217,16,8.24158,0,0,14730796602
39.5628,25.2763,3.09789,55,53,53,800,2800,0.480217,16,8.24158,0,0,14756073046
38.2027,26.1761,3.09789,55,53,53,800,2800,0.480217,16,8.24158,0,0,14782248987
39.7501,25.1572,3.09789,55,53,53,800,2800,0.480217,16,8.24158,0,0,14807406358
37.7507,26.4896,3.09789,55,53,53,800,2800,0.480217,16,8.24158,0,0,14833896218
39.6447,25.2241,3.09789,55,53,53,800,2800,0.480217,16,8.24158,0,0,14859120444
40.2277,24.8585,3.09789,55,53,53,800,2800,0.480217,16,8.24158,0,0,14883979095
38.4379,26.016,3.09789,55,53,53,800,2800,0.480217,16,8.24158,0,0,14909994866
38.2376,26.1523,3.09789,55,53,53,800,2800,0.480217,16,8.24158,0,0,14936149036
38.3558,26.0717,3.09789,55,53,53,800,2800,0.480217,16,8.24158,0,0,14962219200
40.5001,24.6913,3.09789,55,53,53,800,2800,0.480217,16,8.24158,0,0,14986912479
38.016,26.3047,3.09789,55,53,53,800,2800,0.480217,16,8.24158,0,0,15013215429
38.2061,26.1739,3.09789,55,53,53,800,2800,0.480217,16,8.24158,0,0,15039389568
40.3059,24.8103,3.09789,55,53,53,800,2800,0.480217,16,8.24158,0,0,15064199607
38.56,25.9336,3.09789,55,53,53,800,2800,0.480217,16,8.24158,0,0,15090134356
38.8505,25.7397,3.09789,55,53,53,800,2800,0.480217,16,8.24158,0,0,15115873127
37.9351,26.3608,3.09789,55,53,53,800,2800,0.480217,16,8.24158,0,0,15142234266
38.2994,26.11,3.09789,55,53,53,800,2800,0.480217,16,8.24158,0,0,15168347190
39.4026,25.379,2.08845,59,61,52,800,2800,0.480217,8,8.24136,0,0,15193723501
38.5392,25.9476,2.08845,59,61,52,800,2800,0.480217,8,8.24136,0,0,15219671285
39.5971,25.2544,2.08845,59,61,52,800,2800,0.480217,8,8.24136,0,0,15244926439
37.9119,26.3769,2.08845,59,61,52,800,2800,0.480217,8,8.24136,0,0,15271303458
39.741,25.1629,2.08845,59,61,52,800,2800,0.480217,8,8.24136,0,0,15296466379
38.325,26.0927,2.08845,59,61,52,800,2800,0.480217,8,8.24136,0,0,15322561188
38.314,26.1001,2.08845,59,61,52,800,2800,0.480217,8,8.24136,0,0,15348659754
39.7018,25.1878,2.08845,59,61,52,800,2800,0.480217,8,8.24136,0,0,15373848113
38.5333,25.9516,2.08845,59,61,52,800,2800,0.480217,8,8.24136,0,0,15399799483
36.0194,27.7628,2.08845,59,61,52,800,2800,0.480217,8,8.24136,0,0,15427563895
41.2471,24.2442,2.08845,59,61,52,800,2800,0.480217,8,8.24136,0,0,15451807231
38.5465,25.9427,2.08845,59,61,52,800,2800,0.480217,8,8.24136,0,0,15477750015
39.3031,25.4433,2.08845,59,61,52,800,2800,0.480217,8,8.24136,0,0,15503194084
38.5656,25.9299,2.08845,59,61,52,800,2800,0.480217,8,8.24136,0,0,15529123343
39.5638,25.2756,2.08845,59,61,52,800,2800,0.480217,8,8.24136,0,0,15554400849
38.5826,25.9184,2.08845,59,61,52,800,2800,0.480217,8,8.24136,0,0,15580317804
40.0801,24.95,2.08845,59,61,52,800,2800,0.480217,8,8.24136,0,0,15605270070
38.6536,25.8708,2.08845,59,61,52,800,2800,0.480217,8,8.24136,0,0,15631138966
38.1095,26.2402,2.08845,59,61,52,800,2800,0.480217,8,8.24136,0,0,15657380540
38.4821,25.9861,2.08845,59,61,52,800,2800,0.480217,8,8.24136,0,0,15683368149
39.8348,25.1037,2.21675,60,55,53,800,2800,0.480217,13,8.24081,0,0,15708469254
38.5381,25.9483,2.21675,60,55,53,800,2800,0.480217,13,8.24081,0,0,15734419903
38.3298,26.0894,2.21675,60,55,53,800,2800,0.480217,13,8.24081,0,0,15760509091
39.5995,25.2528,2.21675,60,55,53,800,2800,0.480217,13,8.24081,0,0,15785763194
38.5678,25.9284,2.21675,60,55,53,800,2800,0.480217,13,8.24081,0,0,15811690930
38.6476,25.8748,2.21675,60,55,53,800,2800,0.480217,13,8.24081,0,0,15837565656
38.4595,26.0014,2.21675,60,55,53,800,2800,0.480217,13,8.24081,0,0,15863568172
40.2982,24.815,2.21675,60,55,53,800,2800,0.480217,13,8.24081,0,0,15888383621
38.6207,25.8928,2.21675,60,55,53,800,2800,0.480217,13,8.24081,0,0,15914277454
38.5862,25.916,2.21675,60,55,53,800,2800,0.480217,13,8.24081,0,0,15940191083
38.5142,25.9644,2.21675,60,55,53,800,2800,0.480217,13,8.24081,0,0,15966155909
37.9495,26.3508,2.21675,60,55,53,800,2800,0.480217,13,8.24081,0,0,15992507470
40.5056,24.688,2.21675,60,55,53,800,2800,0.480217,13,8.24081,0,0,16017194969
38.5429,25.9451,2.21675,60,55,53,800,2800,0.480217,13,8.24081,0,0,16043141129
38.5215,25.9596,2.21675,60,55,53,800,2800,0.480217,13,8.24081,0,0,16069101216
38.4955,25.9771,2.21675,60,55,53,800,2800,0.480217,13,8.24081,0,0,16095077643
38.5641,25.9309,2.21675,60,55,53,800,2800,0.480217,13,8.24081,0,0,16121008395
40.1533,24.9045,2.21675,60,55,53,800,2800,0.480217,13,8.24081,0,0,16145913552
38.5957,25.9096,2.21675,60,55,53,800,2800,0.480217,13,8.24081,0,0,16171824206
35.9029,27.8529,2.21675,60,55,53,800,2800,0.480217,13,8.24081,0,0,16199682795
36.7971,27.176,2.32843,61,54,53,800,2800,0.480217,10,8.23886,0,0,16226852501
42.3034,23.6388,2.32843,61,54,53,800,2800,0.480217,10,8.23886,0,0,16250491393
37.5636,26.6215,2.32843,61,54,53,800,2800,0.480217,10,8.23886,0,0,16277114804
40.555,24.6579,2.32843,61,54,53,800,2800,0.480217,10,8.23886,0,0,16301771074
38.6179,25.8947,2.32843,61,54,53,800,2800,0.480217,10,8.23886,0,0,16327666219
39.3387,25.4203,2.32843,61,54,53,800,2800,0.480217,10,8.23886,0,0,16353086373
39.834,25.1042,2.32843,61,54,53,800,2800,0.480217,10,8.23886,0,0,16378190604
36.4245,27.4541,2.32843,61,54,53,800,2800,0.480217,10,8.23886,0,0,16405646246
40.541,24.6664,2.32843,61,54,53,800,2800,0.480217,10,8.23886,0,0,16430312585
38.3176,26.0977,2.32843,61,54,53,800,2800,0.480217,10,8.23886,0,0,16456410711
35.5852,28.1016,2.32843,61,54,53,800,2800,0.480217,10,8.23886,0,0,16484511304
44.1322,22.6592,2.32843,61,54,53,800,2800,0.480217,10,8.23886,0,0,16507170748
35.8303,27.9093,2.32843,61,54,53,800,2800,0.480217,10,8.23886,0,0,16535080142
40.9862,24.3984,2.32843,61,54,53,800,2800,0.480217,10,8.23886,0,0,16559482496
36.8571,27.1318,2.32843,61,54,53,800,2800,0.480217,10,8.23886,0,0,16586611085
42.2368,23.6761,2.32843,61,54,53,800,2800,0.480217,10,8.23886,0,0,16610287958
36.8841,27.1119,2.32843,61,54,53,800,2800,0.480217,10,8.23886,0,0,16637399735
40.5891,24.6371,2.32843,61,54,53,800,2800,0.480217,10,8.23886,0,0,16662036579
37.2008,26.8811,2.32843,61,54,53,800,2800,0.480217,10,8.23886,0,0,16688918145
40.6477,24.6016,2.32843,61,54,53,800,2800,0.480217,10,8.23886,0,0,16713523389
39.1837,25.5208,8.933,62,55,58,800,2800,0.480217,13,8.26753,0,0,16739040956
38.8481,25.7413,8.933,62,55,58,800,2800,0.480217,13,8.26753,0,0,16764783725
39.616,25.2423,8.933,62,55,58,800,2800,0.480217,13,8.26753,0,0,16790025283
36.0409,27.7462,8.933,62,55,58,800,2800,0.480217,13,8.26753,0,0,16817771200
40.7799,24.5219,8.933,62,55,58,800,2800,0.480217,13,8.26753,0,0,16842293720
37.066,26.9789,8.933,62,55,58,800,2800,0.480217,13,8.26753,0,0,16869274982
40.9532,24.4181,8.933,62,55,58,800,2800,0.480217,13,8.26753,0,0,16893691323
36.8596,27.13,8.933,62,55,58,800,2800,0.480217,13,8.26753,0,0,16920820894
41.5006,24.096,8.933,62,55,58,800,2800,0.480217,13,8.26753,0,0,16944917173
39.3903,25.3869,8.933,62,55,58,800,2800,0.480217,13,8.26753,0,0,16970304505
39.2062,25.5062,8.933,62,55,58,800,2800,0.480217,13,8.26753,0,0,16995812353
37.0258,27.0082,8.933,62,55,58,800,2800,0.480217,13,8.26753,0,0,17022819094
39.5177,25.3051,8.933,62,55,58,800,2800,0.480217,13,8.26753,0,0,17048126185
39.3958,25.3834,8.933,62,55,58,800,2800,0.480217,13,8.26753,0,0,17073508999
38.2211,26.1636,8.933,62,55,58,800,2800,0.480217,13,8.26753,0,0,17099671986
39.3556,25.4093,8.933,62,55,58,800,2800,0.480217,13,8.26753,0,0,17125082852
39.0117,25.6334,8.933,62,55,58,800,2800,0.480217,13,8.26753,0,0,17150715966
38.8335,25.751,8.933,62,55,58,800,2800,0.480217,13,8.26753,0,0,17176466429
38.6711,25.8591,8.933,62,55,58,800,2800,0.480217,13,8.26753,0,0,17202326748
38.0416,26.287,8.933,62,55,58,800,2800,0.480217,13,8.26753,0,0,17228619259
38.6162,25.8959,5.78106,64,56,55,800,2800,0.480217,24,8.29718,0,0,17254509865
40.119,24.9258,5.78106,64,56,55,800,2800,0.480217,24,8.29718,0,0,17279436423
38.068,26.2688,5.78106,64,56,55,800,2800,0.480217,24,8.29718,0,0,17305704086
39.4845,25.3264,5.78106,64,56,55,800,2800,0.480217,24,8.29718,0,0,17331032097
37.013,27.0176,5.78106,64,56,55,800,2800,0.480217,24,8.29718,0,0,17358048566
40.798,24.511,5.78106,64,56,55,800,2800,0.480217,24,8.29718,0,0,17382560455
38.2291,26.1581,5.78106,64,56,55,800,2800,0.480217,24,8.29718,0,0,17408719776
39.2914,25.4508,5.78106,64,56,55,800,2800,0.480217,24,8.29718,0,0,17434169455
39.3669,25.402,5.78106,64,56,55,800,2800,0.480217,24,8.29718,0,0,17459571815
37.749,26.4908,5.78106,64,56,55,800,2800,0.480217,24,8.29718,0,0,17486064862
39.5719,25.2705,5.78106,64,56,55,800,2800,0.480217,24,8.29718,0,0,17511333401
36.9395,27.0713,5.78106,64,56,55,800,2800,0.480217,24,8.29718,0,0,17538405013
41.2356,24.2509,5.78106,64,56,55,800,2800,0.480217,24,8.29718,0,0,17562656053
37.1536,26.9153,5.78106,64,56,55,800,2800,0.480217,24,8.29718,0,0,17589572694
39.5944,25.2561,5.78106,64,56,55,800,2800,0.480217,24,8.29718,0,0,17614830253
37.6512,26.5596,5.78106,64,56,55,800,2800,0.480217,24,8.29718,0,0,17641387821
40.8736,24.4656,5.78106,64,56,55,800,2800,0.480217,24,8.29718,0,0,17665855938
37.2475,26.8474,5.78106,64,56,55,800,2800,0.480217,24,8.29718,0,0,17692702538
39.2673,25.4665,5.78106,64,56,55,800,2800,0.480217,24,8.29718,0,0,17718167676
38.8755,25.7232,5.78106,64,56,55,800,2800,0.480217,24,8.29718,0,0,17743898032
39.5086,25.3109,3.54957,65,67,54,800,2800,0.480217,11,8.30786,0,0,17769204582
38.5196,25.9608,3.54957,65,67,54,800,2800,0.480217,11,8.30786,0,0,17795163356
37.8551,26.4165,3.54957,65,67,54,800,2800,0.480217,11,8.30786,0,0,17821580881
41.1499,24.3014,3.54957,65,67,54,800,2800,0.480217,11,8.30786,0,0,17845883037
37.0509,26.9899,3.54957,65,67,54,800,2800,0.480217,11,8.30786,0,0,17872873417
39.8703,25.0813,3.54957,65,67,54,800,2800,0.480217,11,8.30786,0,0,17897955566
37.8538,26.4174,3.54957,65,67,54,800,2800,0.480217,11,8.30786,0,0,17924371488
38.9034,25.7047,3.54957,65,67,54,800,2800,0.480217,11,8.30786,0,0,17950076236
39.6629,25.2125,3.54957,65,67,54,800,2800,0.480217,11,8.30786,0,0,17975288920
39.6446,25.2241,3.54957,65,67,54,800,2800,0.480217,11,8.30786,0,0,18000513036
38.6627,25.8647,3.54957,65,67,54,800,2800,0.480217,11,8.30786,0,0,18026378215
38.3743,26.0591,3.54957,65,67,54,800,2800,0.480217,11,8.30786,0,0,18052438068
39.6986,25.1898,3.54957,65,67,54,800,2800,0.480217,11,8.30786,0,0,18077629192
38.119,26.2336,3.54957,65,67,54,800,2800,0.480217,11,8.30786,0,0,18103861019
39.0426,25.613,3.54957,65,67,54,800,2800,0.480217,11,8.30786,0,0,18129474205
36.9607,27.0558,3.54957,65,67,54,800,2800,0.480217,11,8.30786,0,0,18156530318
41.7212,23.9686,3.54957,65,67,54,800,2800,0.480217,11,8.30786,0,0,18180498778
36.6395,27.293,3.54957,65,67,54,800,2800,0.480217,11,8.30786,0,0,18207792146
40.8339,24.4895,3.54957,65,67,54,800,2800,0.480217,11,8.30786,0,0,18232281443
36.4634,27.4248,3.54957,65,67,54,800,2800,0.480217,11,8.30786,0,0,18259708802
41.4693,24.1142,4.1514,65,58,54,800,2800,0.480209,16,8.30873,0,0,18283822134
37.616,26.5844,4.1514,65,58,54,800,2800,0.480209,16,8.30873,0,0,18310405640
39.8009,25.125,4.1514,65,58,54,800,2800,0.480209,16,8.30873,0,0,18335532975
39.0727,25.5933,4.1514,65,58,54,800,2800,0.480209,16,8.30873,0,0,18361124309
38.5002,25.9739,4.1514,65,58,54,800,2800,0.480209,16,8.30873,0,0,18387098503
40.3126,24.8061,4.1514,65,58,54,800,2800,0.480209,16,8.30873,0,0,18411904905
38.6078,25.9015,4.1514,65,58,54,800,2800,0.480209,16,8.30873,0,0,18437806031
38.1467,26.2146,4.1514,65,58,54,800,2800,0.480209,16,8.30873,0,0,18464020845
38.7373,25.8149,4.1514,65,58,54,800,2800,0.480209,16,8.30873,0,0,18489838364
39.9614,25.0241,4.1514,65,58,54,800,2800,0.480209,16,8.30873,0,0,18514862225
38.4869,25.9828,4.1514,65,58,54,800,2800,0.480209,16,8.30873,0,0,18540843922
37.7904,26.4618,4.1514,65,58,54,800,2800,0.480209,16,8.30873,0,0,18567305489
39.6549,25.2176,4.1514,65,58,54,800,2800,0.480209,16,8.30873,0,0,18592524045
38.5137,25.9648,4.1514,65,58,54,800,2800,0.480209,16,8.30873,0,0,18618488219
37.8837,26.3966,4.1514,65,58,54,800,2800,0.480209,16,8.30873,0,0,18644884945
40.0883,24.9449,4.1514,65,58,54,800,2800,0.480209,16,8.30873,0,0,18669831370
38.3033,26.1074,4.1514,65,58,54,800,2800,0.480209,16,8.30873,0,0,18695937791
38.5332,25.9517,4.1514,65,58,54,800,2800,0.480209,16,8.30873,0,0,18721889562
39.8991,25.0632,4.1514,65,58,54,800,2800,0.480209,16,8.30873,0,0,18746953978
38.3116,26.1018,4.1514,65,58,54,800,2800,0.480209,16,8.30873,0,0,18773058886
38.3143,26.0999,2.94479,65,57,53,800,2800,0.480209,10,8.30733,0,0,18799155329
40.1353,24.9157,2.94479,65,57,53,800,2800,0.480209,10,8.30733,0,0,18824071247
38.2365,26.153,2.94479,65,57,53,800,2800,0.480209,10,8.30733,0,0,18850224476
38.2432,26.1485,2.94479,65,57,53,800,2800,0.480209,10,8.30733,0,0,18876373677
38.6857,25.8494,2.94479,65,57,53,800,2800,0.480209,10,8.30733,0,0,18902224198
40.3115,24.8068,2.94479,65,57,53,800,2800,0.480209,10,8.30733,0,0,18927030851
38.1719,26.1973,2.94479,65,57,53,800,2800,0.480209,10,8.30733,0,0,18953229084
37.6097,26.5889,2.94479,65,57,53,800,2800,0.480209,10,8.30733,0,0,18979817600
40.2522,24.8434,2.94479,65,57,53,800,2800,0.480209,10,8.30733,0,0,19004660360
38.3225,26.0943,2.94479,65,57,53,800,2800,0.480209,10,8.30733,0,0,19030754839
38.6152,25.8965,2.94479,65,57,53,800,2800,0.480209,10,8.30733,0,0,19056651447
40.4409,24.7275,2.94479,65,57,53,800,2800,0.480209,10,8.30733,0,0,19081378951
38.5196,25.9608,2.94479,65,57,53,800,2800,0.480209,10,8.30733,0,0,19107339949
38.4214,26.0271,2.94479,65,57,53,800,2800,0.480209,10,8.30733,0,0,19133367312
37.6033,26.5934,2.94479,65,57,53,800,2800,0.480209,10,8.30733,0,0,19159961879
39.9853,25.0092,2.94479,65,57,53,800,2800,0.480209,10,8.30733,0,0,19184969979
38.5198,25.9607,2.94479,65,57,53,800,2800,0.480209,10,8.30733,0,0,19210930767
38.4118,26.0336,2.94479,65,57,53,800,2800,0.480209,10,8.30733,0,0,19236965354
39.887,25.0708,2.94479,65,57,53,800,2800,0.480209,10,8.30733,0,0,19262047634
38.2746,26.127,2.94479,65,57,53,800,2800,0.480209,10,8.30733,0,0,19288165236
38.3184,26.0971,2.57038,64,55,53,800,2800,0.480209,12,8.2975,0,0,19314261057
39.9804,25.0122,2.57038,64,55,53,800,2800,0.480209,12,8.2975,0,0,19339274077
38.3837,26.0528,2.57038,64,55,53,800,2800,0.480209,12,8.2975,0,0,19365326166
36.3619,27.5013,2.57038,64,55,53,800,2800,0.480209,12,8.2975,0,0,19392827284
41.3642,24.1755,2.57038,64,55,53,800,2800,0.480209,12,8.2975,0,0,19417003864
36.2435,27.5912,2.57038,64,55,53,800,2800,0.480209,12,8.2975,0,0,19444595863
41.4447,24.1285,2.57038,64,55,53,800,2800,0.480209,12,8.2975,0,0,19468724533
39.3273,25.4276,2.57038,64,55,53,800,2800,0.480209,12,8.2975,0,0,19494151961
38.5568,25.9358,2.57038,64,55,53,800,2800,0.480209,12,8.2975,0,0,19520087060
39.6325,25.2318,2.57038,64,55,53,800,2800,0.480209,12,8.2975,0,0,19545319021
37.2643,26.8353,2.57038,64,55,53,800,2800,0.480209,12,8.2975,0,0,19572154540
39.205,25.5069,2.57038,64,55,53,800,2800,0.480209,12,8.2975,0,0,19597662188
38.3315,26.0882,2.57038,64,55,53,800,2800,0.480209,12,8.2975,0,0,19623751387
39.2747,25.4617,2.57038,64,55,53,800,2800,0.480209,12,8.2975,0,0,19649213509
38.1673,26.2004,2.57038,64,55,53,800,2800,0.480209,12,8.2975,0,0,19675414237
38.931,25.6865,2.57038,64,55,53,800,2800,0.480209,12,8.2975,0,0,19701101412
39.2303,25.4905,2.57038,64,55,53,800,2800,0.480209,12,8.2975,0,0,19726589954
39.1083,25.57,2.57038,64,55,53,800,2800,0.480209,12,8.2975,0,0,19752161451
38.2991,26.1103,2.57038,64,55,53,800,2800,0.480209,12,8.2975,0,0,19778270748
39.9812,25.0117,2.57038,64,55,53,800,2800,0.480209,12,8.2975,0,0,19803288447
38.3122,26.1013,3.43558,63,55,54,800,2800,0.480209,13,8.2927,0,0,19829384128
38.2304,26.1572,3.43558,63,55,54,800,2800,0.480209,13,8.2927,0,0,19855541555
39.4934,25.3207,3.43558,63,55,54,800,2800,0.480209,13,8.2927,0,0,19880862963
38.8381,25.7479,3.43558,63,55,54,800,2800,0.480209,13,8.2927,0,0,19906610441
39.3563,25.4089,3.43558,63,55,54,800,2800,0.480209,13,8.2927,0,0,19932019664
37.4204,26.7234,3.43558,63,55,54,800,2800,0.480209,13,8.2927,0,0,19958743113
39.6719,25.2067,3.43558,63,55,54,800,2800,0.480209,13,8.2927,0,0,19983952431
40.3964,24.7547,3.43558,63,55,54,800,2800,0.480209,13,8.2927,0,0,20008705683
38.9048,25.7038,3.43558,63,55,54,800,2800,0.480209,13,8.2927,0,0,20034409659
38.7608,25.7992,3.43558,63,55,54,800,2800,0.480209,13,8.2927,0,0,20060208253
37.819,26.4417,3.43558,63,55,54,800,2800,0.480209,13,8.2927,0,0,20086652117
38.8042,25.7704,3.43558,63,55,54,800,2800,0.480209,13,8.2927,0,0,20112421215
39.7446,25.1607,3.43558,63,55,54,800,2800,0.480209,13,8.2927,0,0,20137582644
38.0622,26.2728,3.43558,63,55,54,800,2800,0.480209,13,8.2927,0,0,20163856820
39.6335,25.2312,3.43558,63,55,54,800,2800,0.480209,13,8.2927,0,0,20189086255
37.5443,26.6352,3.43558,63,55,54,800,2800,0.480209,13,8.2927,0,0,20215721539
39.7567,25.153,3.43558,63,55,54,800,2800,0.480209,13,8.2927,0,0,20240875072
38.1807,26.1912,3.43558,63,55,54,800,2800,0.480209,13,8.2927,0,0,20267067284
38.5198,25.9607,3.43558,63,55,54,800,2800,0.480209,13,8.2927,0,0,20293027071
39.486,25.3255,3.43558,63,55,54,800,2800,0.480209,13,8.2927,0,0,20318358548
37.5958,26.5987,3.05998,63,55,54,800,2800,0.481316,10,8.29862,0,0,20344952564
39.1783,25.5243,3.05998,63,55,54,800,2800,0.481316,10,8.29862,0,0,20370477033
39.1852,25.5198,3.05998,63,55,54,800,2800,0.481316,10,8.29862,0,0,20395998276
39.9622,25.0237,3.05998,63,55,54,800,2800,0.481316,10,8.29862,0,0,20421020143
38.5008,25.9735,3.05998,63,55,54,800,2800,0.481316,10,8.29862,0,0,20446995328
38.4319,26.0201,3.05998,63,55,54,800,2800,0.481316,10,8.29862,0,0,20473014455
39.7734,25.1424,3.05998,63,55,54,800,2800,0.481316,10,8.29862,0,0,20498157238
38.4114,26.034,3.05998,63,55,54,800,2800,0.481316,10,8.29862,0,0,20524194360
38.444,26.0119,3.05998,63,55,54,800,2800,0.481316,10,8.29862,0,0,20550203158
39.7225,25.1746,3.05998,63,55,54,800,2800,0.481316,10,8.29862,0,0,20575379714
38.1752,26.195,3.05998,63,55,54,800,2800,0.481316,10,8.29862,0,0,20601573229
38.2506,26.1434,3.05998,63,55,54,800,2800,0.481316,10,8.29862,0,0,20627716810
39.951,25.0307,3.05998,63,55,54,800,2800,0.481316,10,8.29862,0,0,20652748535
33.2736,30.0539,3.05998,63,55,54,800,2800,0.481316,10,8.29862,0,0,20682801631
44.8855,22.2789,3.05998,63,55,54,800,2800,0.481316,10,8.29862,0,0,20705080661
39.4768,25.3313,3.05998,63,55,54,800,2800,0.481316,10,8.29862,0,0,20730412118
39.0357,25.6176,3.05998,63,55,54,800,2800,0.481316,10,8.29862,0,0,20756031385
38.4785,25.9885,3.05998,63,55,54,800,2800,0.481316,10,8.29862,0,0,20782018883
39.6057,25.2489,3.05998,63,55,54,800,2800,0.481316,10,8.29862,0,0,20807268186
38.3357,26.0854,3.05998,63,55,54,800,2800,0.481316,10,8.29862,0,0,20833356003
38.6118,25.8988,3.39806,62,55,53,800,2800,0.481316,17,8.28395,0,0,20859252600
39.7646,25.148,3.39806,62,55,53,800,2800,0.481316,17,8.28395,0,0,20884401635
38.236,26.1534,3.39806,62,55,53,800,2800,0.481316,17,8.28395,0,0,20910556086
38.5582,25.9348,3.39806,62,55,53,800,2800,0.481316,17,8.28395,0,0,20936490264
40.235,24.854,3.39806,62,55,53,800,2800,0.481316,17,8.28395,0,0,20961343645
38.5592,25.9341,3.39806,62,55,53,800,2800,0.481316,17,8.28395,0,0,20987279436
36.3095,27.541,3.39806,62,55,53,800,2800,0.481316,17,8.28395,0,0,21014818785
41.2185,24.2609,3.39806,62,55,53,800,2800,0.481316,17,8.28395,0,0,21039081207
37.9063,26.3808,3.39806,62,55,53,800,2800,0.481316,17,8.28395,0,0,21065461131
39.2029,25.5083,3.39806,62,55,53,800,2800,0.481316,17,8.28395,0,0,21090970122
39.9451,25.0344,3.39806,62,55,53,800,2800,0.481316,17,8.28395,0,0,21116004732
37.3493,26.7743,3.39806,62,55,53,800,2800,0.481316,17,8.28395,0,0,21142779056
40.0914,24.943,3.39806,62,55,53,800,2800,0.481316,17,8.28395,0,0,21167721223
38.3867,26.0507,3.39806,62,55,53,800,2800,0.481316,17,8.28395,0,0,21193774124
37.8392,26.4276,3.39806,62,55,53,800,2800,0.481316,17,8.28395,0,0,21220201728
38.6382,25.8811,3.39806,62,55,53,800,2800,0.481316,17,8.28395,0,0,21246081123
39.4469,25.3505,3.39806,62,55,53,800,2800,0.481316,17,8.28395,0,0,21271433600
38.9188,25.6945,3.39806,62,55,53,800,2800,0.481316,17,8.28395,0,0,21297135632
40.0537,24.9665,3.39806,62,55,53,800,2800,0.481316,17,8.28395,0,0,21322102175
37.4514,26.7013,3.39806,62,55,53,800,2800,0.481316,17,8.28395,0,0,21348804584
40.1082,24.9326,2.44499,62,57,53,800,2800,0.481316,6,8.28394,0,0,21373735029
37.4778,26.6825,2.44499,62,57,53,800,2800,0.481316,6,8.28394,0,0,21400418613
39.6191,25.2403,2.44499,62,57,53,800,2800,0.481316,6,8.28394,0,0,21425658959
39.5939,25.2564,2.44499,62,57,53,800,2800,0.481316,6,8.28394,0,0,21450917449
38.4784,25.9886,2.44499,62,57,53,800,2800,0.481316,6,8.28394,0,0,21476903956
38.1709,26.1979,2.44499,62,57,53,800,2800,0.481316,6,8.28394,0,0,21503101939
38.4199,26.0282,2.44499,62,57,53,800,2800,0.481316,6,8.28394,0,0,21529131957
39.6535,25.2185,2.44499,62,57,53,800,2800,0.481316,6,8.28394,0,0,21554349149
37.1094,26.9474,2.44499,62,57,53,800,2800,0.481316,6,8.28394,0,0,21581298452
41.8296,23.9065,2.44499,62,57,53,800,2800,0.481316,6,8.28394,0,0,21605203804
37.6077,26.5903,2.44499,62,57,53,800,2800,0.481316,6,8.28394,0,0,21631794173
39.9986,25.0009,2.44499,62,57,53,800,2800,0.481316,6,8.28394,0,0,21656796282
38.1048,26.2434,2.44499,62,57,53,800,2800,0.481316,6,8.28394,0,0,21683039109
37.1709,26.9027,2.44499,62,57,53,800,2800,0.481316,6,8.28394,0,0,21709941554
41.3181,24.2024,2.44499,62,57,53,800,2800,0.481316,6,8.28394,0,0,21734152338
37.8407,26.4265,2.44499,62,57,53,800,2800,0.481316,6,8.28394,0,0,21760570875
39.173,25.5278,2.44499,62,57,53,800,2800,0.481316,6,8.28394,0,0,21786098891
36.3498,27.5105,2.44499,62,57,53,800,2800,0.481316,6,8.28394,0,0,21813611811
41.253,24.2407,2.44499,62,57,53,800,2800,0.481316,6,8.28394,0,0,21837850578
39.2831,25.4562,2.44499,62,57,53,800,2800,0.481316,6,8.28394,0,0,21863309064
38.3636,26.0664,3.30073,61,54,54,800,2800,0.481316,12,8.28221,0,0,21889373426
39.0021,25.6396,3.30073,61,54,54,800,2800,0.481316,12,8.28221,0,0,21915013232
39.9932,25.0042,3.30073,61,54,54,800,2800,0.481316,12,8.28221,0,0,21940017626
37.9443,26.3544,3.30073,61,54,54,800,2800,0.481316,12,8.28221,0,0,21966372072
38.3915,26.0474,3.30073,61,54,54,800,2800,0.481316,12,8.28221,0,0,21992420144
40.0332,24.9793,3.30073,61,54,54,800,2800,0.481316,12,8.28221,0,0,22017399571
37.4162,26.7264,3.30073,61,54,54,800,2800,0.481316,12,8.28221,0,0,22044126576
39.6197,25.2399,3.30073,61,54,54,800,2800,0.481316,12,8.28221,0,0,22069365650
38.7886,25.7807,3.30073,61,54,54,800,2800,0.481316,12,8.28221,0,0,22095146430
38.4489,26.0085,3.30073,61,54,54,800,2800,0.481316,12,8.28221,0,0,22121156681
39.1452,25.5459,3.30073,61,54,54,800,2800,0.481316,12,8.28221,0,0,22146701549
39.7188,25.177,3.30073,61,54,54,800,2800,0.481316,12,8.28221,0,0,22171879919
38.262,26.1356,3.30073,61,54,54,800,2800,0.481316,12,8.28221,0,0,22198014312
37.2109,26.8739,3.30073,61,54,54,800,2800,0.481316,12,8.28221,0,0,22224888444
39.6737,25.2056,3.30073,61,54,54,800,2800,0.481316,12,8.28221,0,0,22250094496
38.4773,25.9893,3.30073,61,54,54,800,2800,0.481316,12,8.28221,0,0,22276083807
39.4878,25.3243,3.30073,61,54,54,800,2800,0.481316,12,8.28221,0,0,22301408582
37.9075,26.38,3.30073,61,54,54,800,2800,0.481316,12,8.28221,0,0,22327789939
39.2952,25.4484,3.30073,61,54,54,800,2800,0.481316,12,8.28221,0,0,22353238686
38.4813,25.9867,3.30073,61,54,54,800,2800,0.481316,12,8.28221,0,0,22379226535
39.649,25.2213,3.17073,62,56,54,800,2800,0.481316,10,8.28245,0,0,22404446874
39.1625,25.5346,3.17073,62,56,54,800,2800,0.481316,10,8.28245,0,0,22429980220
39.8998,25.0628,3.17073,62,56,54,800,2800,0.481316,10,8.28245,0,0,22455044656
38.4176,26.0297,3.17073,62,56,54,800,2800,0.481316,10,8.28245,0,0,22481074964
38.4278,26.0229,3.17073,62,56,54,800,2800,0.481316,10,8.28245,0,0,22507097538
39.1001,25.5754,3.17073,62,56,54,800,2800,0.481316,10,8.28245,0,0,22532672482
38.481,25.9868,3.17073,62,56,54,800,2800,0.481316,10,8.28245,0,0,22558660982
38.359,26.0695,3.17073,62,56,54,800,2800,0.481316,10,8.28245,0,0,22584730103
38.7287,25.8207,3.17073,62,56,54,800,2800,0.481316,10,8.28245,0,0,22610549837
39.9167,25.0521,3.17073,62,56,54,800,2800,0.481316,10,8.28245,0,0,22635603523
36.4499,27.4349,3.17073,62,56,54,800,2800,0.481316,10,8.28245,0,0,22663037254
40.3431,24.7874,3.17073,62,56,54,800,2800,0.481316,10,8.28245,0,0,22687825923
39.0342,25.6185,3.17073,62,56,54,800,2800,0.481316,10,8.28245,0,0,22713446152
39.4385,25.3559,3.17073,62,56,54,800,2800,0.481316,10,8.28245,0,0,22738800242
38.2811,26.1226,3.17073,62,56,54,800,2800,0.481316,10,8.28245,0,0,22764924186
39.6995,25.1892,3.17073,62,56,54,800,2800,0.481316,10,8.28245,0,0,22790113677
38.5951,25.91,3.17073,62,56,54,800,2800,0.481316,10,8.28245,0,0,22816022437
38.1717,26.1974,3.17073,62,56,54,800,2800,0.481316,10,8.28245,0,0,22842219969
39.1855,25.5197,3.17073,62,56,54,800,2800,0.481316,10,8.28245,0,0,22867739409
39.2419,25.483,3.17073,62,56,54,800,2800,0.481316,10,8.28245,0,0,22893229895
37.607,26.5908,2.57985,62,54,53,800,2800,0.481316,14,8.2706,0,0,22919815615
38.094,26.2509,2.57985,62,54,53,800,2800,0.481316,14,8.2706,0,0,22946066457
40.0528,24.967,2.57985,62,54,53,800,2800,0.481316,14,8.2706,0,0,22971032589
38.3286,26.0902,2.57985,62,54,53,800,2800,0.481316,14,8.2706,0,0,22997122820
39.3851,25.3903,2.57985,62,54,53,800,2800,0.481316,14,8.2706,0,0,23022513298
39.3506,25.4125,2.57985,62,54,53,800,2800,0.481316,14,8.2706,0,0,23047926729
38.2703,26.13,2.57985,62,54,53,800,2800,0.481316,14,8.2706,0,0,23074056544
39.8685,25.0824,2.57985,62,54,53,800,2800,0.481316,14,8.2706,0,0,23099139936
38.4275,26.023,2.57985,62,54,53,800,2800,0.481316,14,8.2706,0,0,23125162750
37.9013,26.3843,2.57985,62,54,53,800,2800,0.481316,14,8.2706,0,0,23151549738
39.5838,25.2628,2.57985,62,54,53,800,2800,0.481316,14,8.2706,0,0,23176810302
39.3104,25.4386,2.57985,62,54,53,800,2800,0.481316,14,8.2706,0,0,23202248710
38.7517,25.8053,2.57985,62,54,53,800,2800,0.481316,14,8.2706,0,0,23228055389
38.2613,26.136,2.57985,62,54,53,800,2800,0.481316,14,8.2706,0,0,23254191115
39.699,25.1896,2.57985,62,54,53,800,2800,0.481316,14,8.2706,0,0,23279381798
38.6868,25.8486,2.57985,62,54,53,800,2800,0.481316,14,8.2706,0,0,23305230896
37.4587,26.6961,2.57985,62,54,53,800,2800,0.481316,14,8.2706,0,0,23331925802
40.15,24.9066,2.57985,62,54,53,800,2800,0.481316,14,8.2706,0,0,23356834856
38.3477,26.0772,2.57985,62,54,53,800,2800,0.481316,14,8.2706,0,0,23382911271
40.4063,24.7486,2.57985,62,54,53,800,2800,0.481316,14,8.2706,0,0,23407663782
38.5888,25.9142,2.2113,63,57,53,800,2800,0.481316,5,8.26937,0,0,23433573925
38.3433,26.0802,2.2113,63,57,53,800,2800,0.481316,5,8.26937,0,0,23459653656
38.1665,26.201,2.2113,63,57,53,800,2800,0.481316,5,8.26937,0,0,23485855066
39.9052,25.0594,2.2113,63,57,53,800,2800,0.481316,5,8.26937,0,0,23510914332
38.303,26.1076,2.2113,63,57,53,800,2800,0.481316,5,8.26937,0,0,23537022246
37.6957,26.5283,2.2113,63,57,53,800,2800,0.481316,5,8.26937,0,0,23563552152
39.8661,25.0839,2.2113,63,57,53,800,2800,0.481316,5,8.26937,0,0,23588634772
36.6552,27.2813,2.2113,63,57,53,800,2800,0.481316,5,8.26937,0,0,23615917300
41.5731,24.054,2.2113,63,57,53,800,2800,0.481316,5,8.26937,0,0,23639970730
38.7767,25.7887,2.2113,63,57,53,800,2800,0.481316,5,8.26937,0,0,23665759645
37.9679,26.338,2.2113,63,57,53,800,2800,0.481316,5,8.26937,0,0,23692099144
39.5656,25.2745,2.2113,63,57,53,800,2800,0.481316,5,8.26937,0,0,23717372191
38.0725,26.2657,2.2113,63,57,53,800,2800,0.481316,5,8.26937,0,0,23743639404
39.6204,25.2395,2.2113,63,57,53,800,2800,0.481316,5,8.26937,0,0,23768877937
38.0327,26.2932,2.2113,63,57,53,800,2800,0.481316,5,8.26937,0,0,23795172151
38.2282,26.1587,2.2113,63,57,53,800,2800,0.481316,5,8.26937,0,0,23821330679
37.1357,26.9282,2.2113,63,57,53,800,2800,0.481316,5,8.26937,0,0,23848258662
43.3884,23.0476,2.2113,63,57,53,800,2800,0.481316,5,8.26937,0,0,23871307396
38.259,26.1376,2.2113,63,57,53,800,2800,0.481316,5,8.26937,0,0,23897444786
38.8223,25.7584,2.2113,63,57,53,800,2800,0.481316,5,8.26937,0,0,23923205749
37.9206,26.3709,2.56724,62,54,54,800,2800,0.481316,15,8.26165,0,0,23949575564
40.3788,24.7655,2.56724,62,54,54,800,2800,0.481316,15,8.26165,0,0,23974340128
37.9458,26.3534,2.56724,62,54,54,800,2800,0.481316,15,8.26165,0,0,24000693673
38.7249,25.8231,2.56724,62,54,54,800,2800,0.481316,15,8.26165,0,0,24026517604
39.4589,25.3428,2.56724,62,54,54,800,2800,0.481316,15,8.26165,0,0,24051859691
38.4656,25.9972,2.56724,62,54,54,800,2800,0.481316,15,8.26165,0,0,24077858831
38.3221,26.0946,2.56724,62,54,54,800,2800,0.481316,15,8.26165,0,0,24103953069
38.4132,26.0327,2.56724,62,54,54,800,2800,0.481316,15,8.26165,0,0,24129985151
38.5653,25.9301,2.56724,62,54,54,800,2800,0.481316,15,8.26165,0,0,24155915051
38.8787,25.721,2.56724,62,54,54,800,2800,0.481316,15,8.26165,0,0,24181638714
40.921,24.4373,2.56724,62,54,54,800,2800,0.481316,15,8.26165,0,0,24206075623
37.754,26.4873,2.56724,62,54,54,800,2800,0.481316,15,8.26165,0,0,24232563951
38.7184,25.8275,2.56724,62,54,54,800,2800,0.481316,15,8.26165,0,0,24258389535
37.1545,26.9147,2.56724,62,54,54,800,2800,0.481316,15,8.26165,0,0,24285306367
41.3401,24.1896,2.56724,62,54,54,800,2800,0.481316,15,8.26165,0,0,24309496212
36.5373,27.3693,2.56724,62,54,54,800,2800,0.481316,15,8.26165,0,0,24336863399
40.0973,24.9393,2.56724,62,54,54,800,2800,0.481316,15,8.26165,0,0,24361803411
38.9007,25.7065,2.56724,62,54,54,800,2800,0.481316,15,8.26165,0,0,24387511395
39.7919,25.1308,2.56724,62,54,54,800,2800,0.481316,15,8.26165,0,0,24412641434
38.5454,25.9434,2.56724,62,54,54,800,2800,0.481316,15,8.26165,0,0,24438589749
40.2056,24.8722,2.09102,62,54,53,800,2800,0.481316,9,8.26165,0,0,24463458177
38.9445,25.6776,2.09102,62,54,53,800,2800,0.481316,9,8.26165,0,0,24489136686
38.3559,26.0716,2.09102,62,54,53,800,2800,0.481316,9,8.26165,0,0,24515207650
38.7907,25.7793,2.09102,62,54,53,800,2800,0.481316,9,8.26165,0,0,24540986106
37.8141,26.4451,2.09102,62,54,53,800,2800,0.481316,9,8.26165,0,0,24567431233
40.1561,24.9028,2.09102,62,54,53,800,2800,0.481316,9,8.26165,0,0,24592335208
37.2637,26.8358,2.09102,62,54,53,800,2800,0.481316,9,8.26165,0,0,24619170417
40.105,24.9345,2.09102,62,54,53,800,2800,0.481316,9,8.26165,0,0,24644104959
37.0288,27.006,2.09102,62,54,53,800,2800,0.481316,9,8.26165,0,0,24671111740
39.0132,25.6323,2.09102,62,54,53,800,2800,0.481316,9,8.26165,0,0,24696745955
37.8843,26.3962,2.09102,62,54,53,800,2800,0.481316,9,8.26165,0,0,24723142310
40.3956,24.7552,2.09102,62,54,53,800,2800,0.481316,9,8.26165,0,0,24747896003
38.1419,26.2179,2.09102,62,54,53,800,2800,0.481316,9,8.26165,0,0,24774116078
38.5649,25.9303,2.09102,62,54,53,800,2800,0.481316,9,8.26165,0,0,24800044355
42.0774,23.7657,2.09102,62,54,53,800,2800,0.481316,9,8.26165,0,0,24823811357
36.4492,27.4355,2.09102,62,54,53,800,2800,0.481316,9,8.26165,0,0,24851245890
40.1571,24.9022,2.09102,62,54,53,800,2800,0.481316,9,8.26165,0,0,24876148883
38.704,25.8371,2.09102,62,54,53,800,2800,0.481316,9,8.26165,0,0,24901987462
38.2375,26.1523,2.09102,62,54,53,800,2800,0.481316,9,8.26165,0,0,24928140530
39.3286,25.4268,2.09102,62,54,53,800,2800,0.481316,9,8.26165,0,0,24953567988
40.2289,24.8578,2.0936,61,55,53,800,2800,0.481316,9,8.25862,0,0,24978424153
38.7461,25.8091,2.0936,61,55,53,800,2800,0.481316,9,8.25862,0,0,25004232545
38.3595,26.0692,2.0936,61,55,53,800,2800,0.481316,9,8.25862,0,0,25030310774
38.4506,26.0074,2.0936,61,55,53,800,2800,0.481316,9,8.25862,0,0,25056317889
38.5692,25.9274,2.0936,61,55,53,800,2800,0.481316,9,8.25862,0,0,25082244082
38.6976,25.8414,2.0936,61,55,53,800,2800,0.481316,9,8.25862,0,0,25108085365
38.3598,26.069,2.0936,61,55,53,800,2800,0.481316,9,8.25862,0,0,25134154436
39.892,25.0677,2.0936,61,55,53,800,2800,0.481316,9,8.25862,0,0,25159222660
38.0134,26.3065,2.0936,61,55,53,800,2800,0.481316,9,8.25862,0,0,25185529717
40.1494,24.907,2.0936,61,55,53,800,2800,0.481316,9,8.25862,0,0,25210437129
38.5235,25.9582,2.0936,61,55,53,800,2800,0.481316,9,8.25862,0,0,25236395222
38.7272,25.8217,2.0936,61,55,53,800,2800,0.481316,9,8.25862,0,0,25262218302
38.7361,25.8157,2.0936,61,55,53,800,2800,0.481316,9,8.25862,0,0,25288032364
38.8291,25.7539,2.0936,61,55,53,800,2800,0.481316,9,8.25862,0,0,25313787657
38.4823,25.986,2.0936,61,55,53,800,2800,0.481316,9,8.25862,0,0,25339773562
38.7331,25.8177,2.0936,61,55,53,800,2800,0.481316,9,8.25862,0,0,25365591802
40.3986,24.7533,2.0936,61,55,53,800,2800,0.481316,9,8.25862,0,0,25390343812
37.6168,26.5839,2.0936,61,55,53,800,2800,0.481316,9,8.25862,0,0,25416929002
38.8117,25.7654,2.0936,61,55,53,800,2800,0.481316,9,8.25862,0,0,25442694704
37.9987,26.3167,2.0936,61,55,53,800,2800,0.481316,9,8.25862,0,0,25469016419
40.2673,24.8341,2.08333,61,54,53,800,2800,0.481316,14,8.25886,0,0,25493846245
37.8696,26.4064,2.08333,61,54,53,800,2800,0.481316,14,8.25886,0,0,25520252378
40.3225,24.8001,2.08333,61,54,53,800,2800,0.481316,14,8.25886,0,0,25545053330
38.3807,26.0547,2.08333,61,54,53,800,2800,0.481316,14,8.25886,0,0,25571106892
38.841,25.746,2.08333,61,54,53,800,2800,0.481316,14,8.25886,0,0,25596853488
39.0958,25.5782,2.08333,61,54,53,800,2800,0.481316,14,8.25886,0,0,25622432710
38.7748,25.7899,2.08333,61,54,53,800,2800,0.481316,14,8.25886,0,0,25648224030
38.5391,25.9477,2.08333,61,54,53,800,2800,0.481316,14,8.25886,0,0,25674169329
38.9247,25.6907,2.08333,61,54,53,800,2800,0.481316,14,8.25886,0,0,25699860982
38.5329,25.9519,2.08333,61,54,53,800,2800,0.481316,14,8.25886,0,0,25725814507
38.1239,26.2303,2.08333,61,54,53,800,2800,0.481316,14,8.25886,0,0,25752042837
40.2968,24.8159,2.08333,61,54,53,800,2800,0.481316,14,8.25886,0,0,25776858897
38.7504,25.8062,2.08333,61,54,53,800,2800,0.481316,14,8.25886,0,0,25802665315
38.7441,25.8104,2.08333,61,54,53,800,2800,0.481316,14,8.25886,0,0,25828475831
38.8304,25.753,2.08333,61,54,53,800,2800,0.481316,14,8.25886,0,0,25854230202
39.0084,25.6355,2.08333,61,54,53,800,2800,0.481316,14,8.25886,0,0,25879865599
38.9902,25.6475,2.08333,61,54,53,800,2800,0.481316,14,8.25886,0,0,25905513230
37.4328,26.7145,2.08333,61,54,53,800,2800,0.481316,14,8.25886,0,0,25932228323
39.6133,25.244,2.08333,61,54,53,800,2800,0.481316,14,8.25886,0,0,25957472086
38.7901,25.7798,2.08333,61,54,53,800,2800,0.481316,14,8.25886,0,0,25983256463
38.4256,26.0243,2.21402,61,55,53,800,2800,0.481316,6,8.25391,0,0,26009275971
38.592,25.9121,2.21402,61,55,53,800,2800,0.481316,6,8.25391,0,0,26035189360
40.034,24.9788,2.21402,61,55,53,800,2800,0.481316,6,8.25391,0,0,26060168536
38.6849,25.8498,2.21402,61,55,53,800,2800,0.481316,6,8.25391,0,0,26086018356
38.9219,25.6925,2.21402,61,55,53,800,2800,0.481316,6,8.25391,0,0,26111712133
38.5015,25.973,2.21402,61,55,53,800,2800,0.481316,6,8.25391,0,0,26137684332
37.2321,26.8586,2.21402,61,55,53,800,2800,0.481316,6,8.25391,0,0,26164543686
39.9457,25.034,2.21402,61,55,53,800,2800,0.481316,6,8.25391,0,0,26189578387
38.3737,26.0595,2.21402,61,55,53,800,2800,0.481316,6,8.25391,0,0,26215637549
39.9716,25.0178,2.21402,61,55,53,800,2800,0.481316,6,8.25391,0,0,26240654356
38.0807,26.26,2.21402,61,55,53,800,2800,0.481316,6,8.25391,0,0,26266914796
40.2697,24.8325,2.21402,61,55,53,800,2800,0.481316,6,8.25391,0,0,26291749111
38.3497,26.0758,2.21402,61,55,53,800,2800,0.481316,6,8.25391,0,0,26317823482
36.8351,27.148,2.21402,61,55,53,800,2800,0.481316,6,8.25391,0,0,26344973020
39.8537,25.0918,2.21402,61,55,53,800,2800,0.481316,6,8.25391,0,0,26370064667
39.7002,25.1888,2.21402,61,55,53,800,2800,0.481316,6,8.25391,0,0,26395254068
38.8641,25.7307,2.21402,61,55,53,800,2800,0.481316,6,8.25391,0,0,26420984734
38.7023,25.8383,2.21402,61,55,53,800,2800,0.481316,6,8.25391,0,0,26446821940
36.4686,27.4209,2.21402,61,55,53,800,2800,0.481316,6,8.25391,0,0,26474242938
40.4909,24.6969,2.21402,61,55,53,800,2800,0.481316,6,8.25391,0,0,26498946227
39.8675,25.0831,2.20588,60,54,54,800,2800,0.481316,14,8.25322,0,0,26524024038
35.8326,27.9075,2.20588,60,54,54,800,2800,0.481316,14,8.25322,0,0,26551931037
41.304,24.2107,2.20588,60,54,54,800,2800,0.481316,14,8.25322,0,0,26576142944
40.0925,24.9423,2.20588,60,54,54,800,2800,0.481316,14,8.25322,0,0,26601086023
38.131,26.2254,2.20588,60,54,54,800,2800,0.481316,14,8.25322,0,0,26627312198
38.4877,25.9823,2.20588,60,54,54,800,2800,0.481316,14,8.25322,0,0,26653293064
40.1004,24.9374,2.20588,60,54,54,800,2800,0.481316,14,8.25322,0,0,26678230853
38.7482,25.8076,2.20588,60,54,54,800,2800,0.481316,14,8.25322,0,0,26704038644
38.8272,25.7551,2.20588,60,54,54,800,2800,0.481316,14,8.25322,0,0,26729795439
38.7314,25.8188,2.20588,60,54,54,800,2800,0.481316,14,8.25322,0,0,26755612728
37.5398,26.6384,2.20588,60,54,54,800,2800,0.481316,14,8.25322,0,0,26782250696
39.9334,25.0417,2.20588,60,54,54,800,2800,0.481316,14,8.25322,0,0,26807293963
37.9678,26.3381,2.20588,60,54,54,800,2800,0.481316,14,8.25322,0,0,26833632609
39.787,25.1339,2.20588,60,54,54,800,2800,0.481316,14,8.25322,0,0,26858766316
38.1817,26.1905,2.20588,60,54,54,800,2800,0.481316,14,8.25322,0,0,26884957295
40.4534,24.7198,2.20588,60,54,54,800,2800,0.481316,14,8.25322,0,0,26909677205
38.9386,25.6815,2.20588,60,54,54,800,2800,0.481316,14,8.25322,0,0,26935359250
37.2205,26.8669,2.20588,60,54,54,800,2800,0.481316,14,8.25322,0,0,26962227310
39.6797,25.2018,2.20588,60,54,54,800,2800,0.481316,14,8.25322,0,0,26987427231
38.7309,25.8192,2.20588,60,54,54,800,2800,0.481316,14,8.25322,0,0,27013248788
38.5651,25.9302,1.84957,61,55,53,800,2800,0.481316,8,8.25056,0,0,27039176644
38.4766,25.9898,1.84957,61,55,53,800,2800,0.481316,8,8.25056,0,0,27065166607
40.1808,24.8875,1.84957,61,55,53,800,2800,0.481316,8,8.25056,0,0,27090054431
38.4659,25.9971,1.84957,61,55,53,800,2800,0.481316,8,8.25056,0,0,27116051688
35.978,27.7948,1.84957,61,55,53,800,2800,0.481316,8,8.25056,0,0,27143848060
40.7149,24.561,1.84957,61,55,53,800,2800,0.481316,8,8.25056,0,0,27168407809
37.7692,26.4766,1.84957,61,55,53,800,2800,0.481316,8,8.25056,0,0,27194884455
39.771,25.1439,1.84957,61,55,53,800,2800,0.481316,8,8.25056,0,0,27220029282
33.8854,29.5112,1.84957,61,55,53,800,2800,0.481316,8,8.25056,0,0,27249540191
46.6421,21.4398,1.84957,61,55,53,800,2800,0.481316,8,8.25056,0,0,27270980637
22.1343,45.1787,1.84957,61,55,53,800,2800,0.481316,8,8.25056,0,0,27316164352
50.2593,19.8968,1.84957,61,55,53,800,2800,0.481316,8,8.25056,0,0,27336058187
39.4823,25.3278,1.84957,61,55,53,800,2800,0.481316,8,8.25056,0,0,27361386418
47.9982,20.8341,1.84957,61,55,53,800,2800,0.481316,8,8.25056,0,0,27382220026
37.9638,26.3409,1.84957,61,55,53,800,2800,0.481316,8,8.25056,0,0,27408561228
41.7965,23.9254,1.84957,61,55,53,800,2800,0.481316,8,8.25056,0,0,27432487529
35.6072,28.0842,1.84957,61,55,53,800,2800,0.481316,8,8.25056,0,0,27460571090
43.0699,23.2181,1.84957,61,55,53,800,2800,0.481316,8,8.25056,0,0,27483789382
34.2342,29.2106,1.84957,61,55,53,800,2800,0.481316,8,8.25056,0,0,27512999506
43.5288,22.9733,1.84957,61,55,53,800,2800,0.481316,8,8.25056,0,0,27535977268
36.5944,27.3266,3.26481,60,54,53,800,2800,0.481316,12,8.25031,0,0,27563299821
40.7889,24.5165,3.26481,60,54,53,800,2800,0.481316,12,8.25031,0,0,27587816369
37.01,27.0197,3.26481,60,54,53,800,2800,0.481316,12,8.25031,0,0,27614836184
40.5947,24.6337,3.26481,60,54,53,800,2800,0.481316,12,8.25031,0,0,27639471765
38.4938,25.9782,3.26481,60,54,53,800,2800,0.481316,12,8.25031,0,0,27665448924
39.3873,25.3889,3.26481,60,54,53,800,2800,0.481316,12,8.25031,0,0,27690838330
37.7937,26.4594,3.26481,60,54,53,800,2800,0.481316,12,8.25031,0,0,27717297743
41.3849,24.1634,3.26481,60,54,53,800,2800,0.481316,12,8.25031,0,0,27741462562
37.2356,26.856,3.26481,60,54,53,800,2800,0.481316,12,8.25031,0,0,27768317658
39.8957,25.0654,3.26481,60,54,53,800,2800,0.481316,12,8.25031,0,0,27793384949
39.2441,25.4816,3.26481,60,54,53,800,2800,0.481316,12,8.25031,0,0,27818865176
38.3529,26.0736,3.26481,60,54,53,800,2800,0.481316,12,8.25031,0,0,27844938495
39.3652,25.4032,3.26481,60,54,53,800,2800,0.481316,12,8.25031,0,0,27870342598
38.1554,26.2086,3.26481,60,54,53,800,2800,0.481316,12,8.25031,0,0,27896550740
39.7889,25.1327,3.26481,60,54,53,800,2800,0.481316,12,8.25031,0,0,27921683615
36.9927,27.0324,3.26481,60,54,53,800,2800,0.481316,12,8.25031,0,0,27948716264
39.6324,25.2319,3.26481,60,54,53,800,2800,0.481316,12,8.25031,0,0,27973948545
37.9822,26.3281,3.26481,60,54,53,800,2800,0.481316,12,8.25031,0,0,28000278526
39.1543,25.54,3.26481,60,54,53,800,2800,0.481316,12,8.25031,0,0,28025817252
39.6554,25.2173,3.26481,60,54,53,800,2800,0.481316,12,8.25031,0,0,28051036609
38.9364,25.6829,2.09102,58,56,54,800,2800,0.481316,5,8.24956,0,0,28076717181
39.0484,25.6092,2.09102,58,56,54,800,2800,0.481316,5,8.24956,0,0,28102328593
38.9563,25.6698,2.09102,58,56,54,800,2800,0.481316,5,8.24956,0,0,28127997594
38.1251,26.2294,2.09102,58,56,54,800,2800,0.481316,5,8.24956,0,0,28154226485
40.1106,24.931,2.09102,58,56,54,800,2800,0.481316,5,8.24956,0,0,28179157831
38.2254,26.1606,2.09102,58,56,54,800,2800,0.481316,5,8.24956,0,0,28205320208
39.5664,25.274,2.09102,58,56,54,800,2800,0.481316,5,8.24956,0,0,28230592243
37.9424,26.3558,2.09102,58,56,54,800,2800,0.481316,5,8.24956,0,0,28256950277
38.9773,25.656,2.09102,58,56,54,800,2800,0.481316,5,8.24956,0,0,28282605922
37.2074,26.8764,2.09102,58,56,54,800,2800,0.481316,5,8.24956,0,0,28309483179
40.0082,24.9949,2.09102,58,56,54,800,2800,0.481316,5,8.24956,0,0,28334477885
38.6606,25.8661,2.09102,58,56,54,800,2800,0.481316,5,8.24956,0,0,28360344456
38.6245,25.8903,2.09102,58,56,54,800,2800,0.481316,5,8.24956,0,0,28386236285
40.6942,24.5735,2.09102,58,56,54,800,2800,0.481316,5,8.24956,0,0,28410807626
37.3377,26.7826,2.09102,58,56,54,800,2800,0.481316,5,8.24956,0,0,28437591768
39.8135,25.1171,2.09102,58,56,54,800,2800,0.481316,5,8.24956,0,0,28462707631
38.476,25.9902,2.09102,58,56,54,800,2800,0.481316,5,8.24956,0,0,28488698115
40.1737,24.8919,2.09102,58,56,54,800,2800,0.481316,5,8.24956,0,0,28513591580
39.1543,25.54,2.09102,58,56,54,800,2800,0.481316,5,8.24956,0,0,28539131188
38.8589,25.7341,2.09102,58,56,54,800,2800,0.481316,5,8.24956,0,0,28564869428
35.9025,27.8532,2.8083,57,55,53,800,2800,0.481316,14,8.24921,0,0,28592718048
41.6758,23.9948,2.8083,57,55,53,800,2800,0.481316,14,8.24921,0,0,28616713158
35.8507,27.8935,2.8083,57,55,53,800,2800,0.481316,14,8.24921,0,0,28644609588
41.9907,23.8148,2.8083,57,55,53,800,2800,0.481316,14,8.24921,0,0,28668421805
38.7311,25.819,2.8083,57,55,53,800,2800,0.481316,14,8.24921,0,0,28694241758
38.9947,25.6445,2.8083,57,55,53,800,2800,0.481316,14,8.24921,0,0,28719885862
39.5462,25.2869,2.8083,57,55,53,800,2800,0.481316,14,8.24921,0,0,28745173427
38.9189,25.6945,2.8083,57,55,53,800,2800,0.481316,14,8.24921,0,0,28770868907
36.7007,27.2474,2.8083,57,55,53,800,2800,0.481316,14,8.24921,0,0,28798116249
40.0527,24.9671,2.8083,57,55,53,800,2800,0.481316,14,8.24921,0,0,28823082732
38.3366,26.0848,2.8083,57,55,53,800,2800,0.481316,14,8.24921,0,0,28849167532
40.6198,24.6186,2.8083,57,55,53,800,2800,0.481316,14,8.24921,0,0,28873786753
37.336,26.7838,2.8083,57,55,53,800,2800,0.481316,14,8.24921,0,0,28900570195
37.0333,27.0027,2.8083,57,55,53,800,2800,0.481316,14,8.24921,0,0,28927572988
40.4707,24.7092,2.8083,57,55,53,800,2800,0.481316,14,8.24921,0,0,28952282267
38.9869,25.6497,2.8083,57,55,53,800,2800,0.481316,14,8.24921,0,0,28977934086
39.9617,25.024,2.8083,57,55,53,800,2800,0.481316,14,8.24921,0,0,29002956403
38.5786,25.9211,2.8083,57,55,53,800,2800,0.481316,14,8.24921,0,0,29028877907
38.2136,26.1687,2.8083,57,55,53,800,2800,0.481316,14,8.24921,0,0,29055046665
39.9285,25.0447,2.8083,57,55,53,800,2800,0.481316,14,8.24921,0,0,29080095612
38.4509,26.0072,2.44798,57,57,53,800,2800,0.481316,5,8.24744,0,0,29106098499
38.0162,26.3045,2.44798,57,57,53,800,2800,0.481316,5,8.24744,0,0,29132404235
40.1238,24.9228,2.44798,57,57,53,800,2800,0.481316,5,8.24744,0,0,29157326805
37.6793,26.5398,2.44798,57,57,53,800,2800,0.481316,5,8.24744,0,0,29183866148
40.437,24.7298,2.44798,57,57,53,800,2800,0.481316,5,8.24744,0,0,29208596047
37.66,26.5534,2.44798,57,57,53,800,2800,0.481316,5,8.24744,0,0,29235150008
38.5312,25.953,2.44798,57,57,53,800,2800,0.481316,5,8.24744,0,0,29261102730
37.9606,26.3431,2.44798,57,57,53,800,2800,0.481316,5,8.24744,0,0,29287448030
40.6924,24.5746,2.44798,57,57,53,800,2800,0.481316,5,8.24744,0,0,29312021535
38.5753,25.9233,2.44798,57,57,53,800,2800,0.481316,5,8.24744,0,0,29337946165
38.3264,26.0917,2.44798,57,57,53,800,2800,0.481316,5,8.24744,0,0,29364037708
37.4659,26.691,2.44798,57,57,53,800,2800,0.481316,5,8.24744,0,0,29390727995
40.9834,24.4002,2.44798,57,57,53,800,2800,0.481316,5,8.24744,0,0,29415129347
38.4883,25.9819,2.44798,57,57,53,800,2800,0.481316,5,8.24744,0,0,29441112697
38.3335,26.0868,2.44798,57,57,53,800,2800,0.481316,5,8.24744,0,0,29467198049
40.5404,24.6667,2.44798,57,57,53,800,2800,0.481316,5,8.24744,0,0,29491864168
38.6818,25.852,2.44798,57,57,53,800,2800,0.481316,5,8.24744,0,0,29517716482
38.485,25.9842,2.44798,57,57,53,800,2800,0.481316,5,8.24744,0,0,29543701085
37.6153,26.5849,2.44798,57,57,53,800,2800,0.481316,5,8.24744,0,0,29570288008
38.8813,25.7193,2.44798,57,57,53,800,2800,0.481316,5,8.24744,0,0,29596010519
40.1029,24.9359,2.08078,56,54,53,800,2800,0.481316,11,8.24528,0,0,29620941935
37.8111,26.4473,2.08078,56,54,53,800,2800,0.481316,11,8.24528,0,0,29647389266
38.2142,26.1683,2.08078,56,54,53,800,2800,0.481316,11,8.24528,0,0,29673557584
38.5907,25.913,2.08078,56,54,53,800,2800,0.481316,11,8.24528,0,0,29699470682
39.627,25.2353,2.08078,56,54,53,800,2800,0.481316,11,8.24528,0,0,29724707782
39.9039,25.0602,2.08078,56,54,53,800,2800,0.481316,11,8.24528,0,0,29749766578
38.2582,26.1382,2.08078,56,54,53,800,2800,0.481316,11,8.24528,0,0,29775905149
38.5507,25.9398,2.08078,56,54,53,800,2800,0.481316,11,8.24528,0,0,29801845469
37.694,26.5295,2.08078,56,54,53,800,2800,0.481316,11,8.24528,0,0,29828374623
40.4285,24.735,2.08078,56,54,53,800,2800,0.481316,11,8.24528,0,0,29853109792
38.5406,25.9467,2.08078,56,54,53,800,2800,0.481316,11,8.24528,0,0,29879057245
37.9832,26.3274,2.08078,56,54,53,800,2800,0.481316,11,8.24528,0,0,29905385011
40.6548,24.5974,2.08078,56,54,53,800,2800,0.481316,11,8.24528,0,0,29929982111
38.5987,25.9076,2.08078,56,54,53,800,2800,0.481316,11,8.24528,0,0,29955891893
38.3028,26.1077,2.08078,56,54,53,800,2800,0.481316,11,8.24528,0,0,29981998294
38.5744,25.9239,2.08078,56,54,53,800,2800,0.481316,11,8.24528,0,0,30007924036
39.7184,25.1772,2.08078,56,54,53,800,2800,0.481316,11,8.24528,0,0,30033100583
37.9121,26.3768,2.08078,56,54,53,800,2800,0.481316,11,8.24528,0,0,30059477481
39.8573,25.0895,2.08078,56,54,53,800,2800,0.481316,11,8.24528,0,0,30084567395
38.7262,25.8223,2.08078,56,54,53,800,2800,0.481316,11,8.24528,0,0,30110393230
37.4741,26.6851,1.96802,55,54,53,800,2800,0.481316,11,8.24551,0,0,30137075722
40.2998,24.814,1.96802,55,54,53,800,2800,0.481316,11,8.24551,0,0,30161888617
38.5452,25.9435,1.96802,55,54,53,800,2800,0.481316,11,8.24551,0,0,30187832763
38.7764,25.7889,1.96802,55,54,53,800,2800,0.481316,11,8.24551,0,0,30213623642
38.6278,25.8881,1.96802,55,54,53,800,2800,0.481316,11,8.24551,0,0,30239511884
38.6414,25.879,1.96802,55,54,53,800,2800,0.481316,11,8.24551,0,0,30265390678
38.1545,26.2092,1.96802,55,54,53,800,2800,0.481316,11,8.24551,0,0,30291598480
40.0988,24.9384,1.96802,55,54,53,800,2800,0.481316,11,8.24551,0,0,30316538974
38.0786,26.2615,1.96802,55,54,53,800,2800,0.481316,11,8.24551,0,0,30342800185
33.9725,29.4356,1.96802,55,54,53,800,2800,0.481316,11,8.24551,0,0,30372236264
45.4365,22.0088,1.96802,55,54,53,800,2800,0.481316,11,8.24551,0,0,30394245698
39.9122,25.055,1.96802,55,54,53,800,2800,0.481316,11,8.24551,0,0,30419298833
38.5037,25.9715,1.96802,55,54,53,800,2800,0.481316,11,8.24551,0,0,30445270732
36.0791,27.7168,1.96802,55,54,53,800,2800,0.481316,11,8.24551,0,0,30472989628
41.1773,24.2852,1.96802,55,54,53,800,2800,0.481316,11,8.24551,0,0,30497273650
40.3278,24.7968,1.96802,55,54,53,800,2800,0.481316,11,8.24551,0,0,30522069713
38.4939,25.9781,1.96802,55,54,53,800,2800,0.481316,11,8.24551,0,0,30548048124
38.5729,25.9249,1.96802,55,54,53,800,2800,0.481316,11,8.24551,0,0,30573973425
38.9311,25.6864,1.96802,55,54,53,800,2800,0.481316,11,8.24551,0,0,30599660029
38.4419,26.0133,1.96802,55,54,53,800,2800,0.481316,11,8.24551,0,0,30625675479
38.0206,26.3015,1.96802,55,55,53,800,2800,0.481316,7,8.24298,0,0,30651974622
40.5377,24.6684,1.96802,55,55,53,800,2800,0.481316,7,8.24298,0,0,30676643286
38.6221,25.8919,1.96802,55,55,53,800,2800,0.481316,7,8.24298,0,0,30702535345
38.6721,25.8584,1.96802,55,55,53,800,2800,0.481316,7,8.24298,0,0,30728393981
37.8082,26.4493,1.96802,55,55,53,800,2800,0.481316,7,8.24298,0,0,30754844067
39.4675,25.3373,1.96802,55,55,53,800,2800,0.481316,7,8.24298,0,0,30780181035
37.5104,26.6593,1.96802,55,55,53,800,2800,0.481316,7,8.24298,0,0,30806840824
40.0678,24.9577,1.96802,55,55,53,800,2800,0.481316,7,8.24298,0,0,30831800163
37.1584,26.9118,1.96802,55,55,53,800,2800,0.481316,7,8.24298,0,0,30858712006
40.3602,24.7769,1.96802,55,55,53,800,2800,0.481316,7,8.24298,0,0,30883489994
38.1587,26.2063,1.96802,55,55,53,800,2800,0.481316,7,8.24298,0,0,30909696273
38.7047,25.8367,1.96802,55,55,53,800,2800,0.481316,7,8.24298,0,0,30935532988
38.3065,26.1052,1.96802,55,55,53,800,2800,0.481316,7,8.24298,0,0,30961638999
39.9683,25.0199,1.96802,55,55,53,800,2800,0.481316,7,8.24298,0,0,30986657138
40.2726,24.8308,1.96802,55,55,53,800,2800,0.481316,7,8.24298,0,0,31011488066
37.3031,26.8074,1.96802,55,55,53,800,2800,0.481316,7,8.24298,0,0,31038295703
40.016,24.99,1.96802,55,55,53,800,2800,0.481316,7,8.24298,0,0,31063287643
37.5389,26.639,1.96802,55,55,53,800,2800,0.481316,7,8.24298,0,0,31089926173
39.7046,25.186,1.96802,55,55,53,800,2800,0.481316,7,8.24298,0,0,31115112968
38.4499,26.0079,1.96802,55,55,53,800,2800,0.481316,7,8.24298,0,0,31141124722
39.8512,25.0934,1.84502,55,54,53,800,2800,0.481316,15,8.24298,0,0,31166213584
37.0742,26.973,1.84502,55,54,53,800,2800,0.481316,15,8.24298,0,0,31193187603
39.8594,25.0882,1.84502,55,54,53,800,2800,0.481316,15,8.24298,0,0,31218275664
40.296,24.8164,1.84502,55,54,53,800,2800,0.481316,15,8.24298,0,0,31243093677
38.6073,25.9018,1.84502,55,54,53,800,2800,0.481316,15,8.24298,0,0,31268994252
39.0439,25.6122,1.84502,55,54,53,800,2800,0.481316,15,8.24298,0,0,31294606567
38.6536,25.8708,1.84502,55,54,53,800,2800,0.481316,15,8.24298,0,0,31320477566
39.1833,25.5211,1.84502,55,54,53,800,2800,0.481316,15,8.24298,0,0,31345998419
38.3457,26.0786,1.84502,55,54,53,800,2800,0.481316,15,8.24298,0,0,31372077719
38.7774,25.7882,1.84502,55,54,53,800,2800,0.481316,15,8.24298,0,0,31397865292
38.0756,26.2635,1.84502,55,54,53,800,2800,0.481316,15,8.24298,0,0,31424130722
39.0013,25.6402,1.84502,55,54,53,800,2800,0.481316,15,8.24298,0,0,31449771639
38.6168,25.8954,1.84502,55,54,53,800,2800,0.481316,15,8.24298,0,0,31475667415
38.6689,25.8606,1.84502,55,54,53,800,2800,0.481316,15,8.24298,0,0,31501528146
39.7883,25.133,1.84502,55,54,53,800,2800,0.481316,15,8.24298,0,0,31526660078
38.1872,26.1868,1.84502,55,54,53,800,2800,0.481316,15,8.24298,0,0,31552846560
37.5071,26.6616,1.84502,55,54,53,800,2800,0.481316,15,8.24298,0,0,31579508403
40.6789,24.5828,1.84502,55,54,53,800,2800,0.481316,15,8.24298,0,0,31604091446
38.8203,25.7597,1.84502,55,54,53,800,2800,0.481316,15,8.24298,0,0,31629851628
36.8432,27.142,1.84502,55,54,53,800,2800,0.481316,15,8.24298,0,0,31656998301
42.2708,23.657,1.84049,55,56,53,800,2800,0.481316,5,8.24154,0,0,31680650888
24.7039,40.4794,1.84049,55,56,53,800,2800,0.481316,5,8.24154,0,0,31721130476
56.3877,17.7344,1.84049,55,56,53,800,2800,0.481316,5,8.24154,0,0,31738865751
45.7724,21.8472,1.84049,55,56,53,800,2800,0.481316,5,8.24154,0,0,31760712050
40.3711,24.7702,1.84049,55,56,53,800,2800,0.481316,5,8.24154,0,0,31785482605
38.8686,25.7277,1.84049,55,56,53,800,2800,0.481316,5,8.24154,0,0,31811211297
38.7562,25.8023,1.84049,55,56,53,800,2800,0.481316,5,8.24154,0,0,31837012776
37.9091,26.3789,1.84049,55,56,53,800,2800,0.481316,5,8.24154,0,0,31863392961
38.2914,26.1155,1.84049,55,56,53,800,2800,0.481316,5,8.24154,0,0,31889509151
40.341,24.7887,1.84049,55,56,53,800,2800,0.481316,5,8.24154,0,0,31914298110
35.4545,28.2052,1.84049,55,56,53,800,2800,0.481316,5,8.24154,0,0,31942503640
41.8161,23.9142,1.84049,55,56,53,800,2800,0.481316,5,8.24154,0,0,31966416415
38.4599,26.0011,1.84049,55,56,53,800,2800,0.481316,5,8.24154,0,0,31992418010
40.0674,24.9579,1.84049,55,56,53,800,2800,0.481316,5,8.24154,0,0,32017375836
37.4674,26.6899,1.84049,55,56,53,800,2800,0.481316,5,8.24154,0,0,32044065832
39.7139,25.1801,1.84049,55,56,53,800,2800,0.481316,5,8.24154,0,0,32069245875
38.2165,26.1667,1.84049,55,56,53,800,2800,0.481316,5,8.24154,0,0,32095412960
39.6119,25.2449,1.84049,55,56,53,800,2800,0.481316,5,8.24154,0,0,32120661141
36.3091,27.5413,1.84049,55,56,53,800,2800,0.481316,5,8.24154,0,0,32148200972
41.7032,23.979,1.84049,55,56,53,800,2800,0.481316,5,8.24154,0,0,32172182947
38.4598,26.0012,2.20859,55,54,53,800,2800,0.481316,14,8.24262,0,0,32198180103
38.8814,25.7193,2.20859,55,54,53,800,2800,0.481316,14,8.24262,0,0,32223901171
38.8116,25.7655,2.20859,55,54,53,800,2800,0.481316,14,8.24262,0,0,32249666062
38.8418,25.7454,2.20859,55,54,53,800,2800,0.481316,14,8.24262,0,0,32275412297
38.7858,25.7826,2.20859,55,54,53,800,2800,0.481316,14,8.24262,0,0,32301193648
38.4675,25.996,2.20859,55,54,53,800,2800,0.481316,14,8.24262,0,0,32327189612
37.2817,26.8228,2.20859,55,54,53,800,2800,0.481316,14,8.24262,0,0,32354012778
39.1672,25.5315,2.20859,55,54,53,800,2800,0.481316,14,8.24262,0,0,32379544501
40.3006,24.8136,2.20859,55,54,53,800,2800,0.481316,14,8.24262,0,0,32404359399
36.6548,27.2815,2.20859,55,54,53,800,2800,0.481316,14,8.24262,0,0,32431640685
41.7548,23.9494,2.20859,55,54,53,800,2800,0.481316,14,8.24262,0,0,32455590770
38.788,25.7812,2.20859,55,54,53,800,2800,0.481316,14,8.24262,0,0,32481370569
37.8677,26.4077,2.20859,55,54,53,800,2800,0.481316,14,8.24262,0,0,32507778435
39.9947,25.0033,2.20859,55,54,53,800,2800,0.481316,14,8.24262,0,0,32532783480
37.8958,26.3881,2.20859,55,54,53,800,2800,0.481316,14,8.24262,0,0,32559171099
39.8099,25.1194,2.20859,55,54,53,800,2800,0.481316,14,8.24262,0,0,32584291340
38.8977,25.7085,2.20859,55,54,53,800,2800,0.481316,14,8.24262,0,0,32609999304
38.8117,25.7654,2.20859,55,54,53,800,2800,0.481316,14,8.24262,0,0,32635764254
38.6873,25.8483,2.20859,55,54,53,800,2800,0.481316,14,8.24262,0,0,32661613663
37.8705,26.4058,2.20859,55,54,53,800,2800,0.481316,14,8.24262,0,0,32688024525
39.9243,25.0474,1.84049,55,56,54,800,2710,0.481316,5,8.2412,0,0,32713067031
38.6899,25.8466,1.84049,55,56,54,800,2710,0.481316,5,8.2412,0,0,32738914386
37.4382,26.7107,1.84049,55,56,54,800,2710,0.481316,5,8.2412,0,0,32765625872
40.4519,24.7207,1.84049,55,56,54,800,2710,0.481316,5,8.2412,0,0,32790346133
38.9021,25.7056,1.84049,55,56,54,800,2710,0.481316,5,8.2412,0,0,32816050870
38.7618,25.7986,1.84049,55,56,54,800,2710,0.481316,5,8.2412,0,0,32841850085
38.9231,25.6917,1.84049,55,56,54,800,2710,0.481316,5,8.2412,0,0,32867542770
38.834,25.7507,1.84049,55,56,54,800,2710,0.481316,5,8.2412,0,0,32893292622
38.2133,26.1689,1.84049,55,56,54,800,2710,0.481316,5,8.2412,0,0,32919462332
40.4068,24.7483,1.84049,55,56,54,800,2710,0.481316,5,8.2412,0,0,32944210325
34.3635,29.1007,1.84049,55,56,54,800,2710,0.481316,5,8.2412,0,0,32973312276
44.03,22.7118,1.84049,55,56,54,800,2710,0.481316,5,8.2412,0,0,32996024148
37.2386,26.8539,1.84049,55,56,54,800,2710,0.481316,5,8.2412,0,0,33022879805
40.4295,24.7344,1.84049,55,56,54,800,2710,0.481316,5,8.2412,0,0,33047611918
38.1487,26.2132,1.84049,55,56,54,800,2710,0.481316,5,8.2412,0,0,33073825150
36.5469,27.3621,1.84049,55,56,54,800,2710,0.481316,5,8.2412,0,0,33101187838
42.0126,23.8024,1.84049,55,56,54,800,2710,0.481316,5,8.2412,0,0,33124989866
22.543,44.3597,1.84049,55,56,54,800,2710,0.481316,5,8.2412,0,0,33169354794
58.8653,16.9879,1.84049,55,56,54,800,2710,0.481316,5,8.2412,0,0,33186338809
29.3381,34.0854,1.84049,55,56,54,800,2710,0.481316,5,8.2412,0,0,33220429000
86.6766,11.5371,2.02381,55,54,53,800,2800,0.481316,11,8.24015,0,0,33231960916
39.4531,25.3466,2.02381,55,54,53,800,2800,0.481316,11,8.24015,0,0,33257307431
37.4266,26.719,2.02381,55,54,53,800,2800,0.481316,11,8.24015,0,0,33284026532
39.5575,25.2796,2.02381,55,54,53,800,2800,0.481316,11,8.24015,0,0,33309306252
39.2534,25.4755,2.02381,55,54,53,800,2800,0.481316,11,8.24015,0,0,33334781860
39.6984,25.1899,2.02381,55,54,53,800,2800,0.481316,11,8.24015,0,0,33359971601
35.9149,27.8436,2.02381,55,54,53,800,2800,0.481316,11,8.24015,0,0,33387815623
40.855,24.4768,2.02381,55,54,53,800,2800,0.481316,11,8.24015,0,0,33412292436
38.5938,25.9109,2.02381,55,54,53,800,2800,0.481316,11,8.24015,0,0,33438203271
38.9647,25.6643,2.02381,55,54,53,800,2800,0.481316,11,8.24015,0,0,33463867432
38.7883,25.781,2.02381,55,54,53,800,2800,0.481316,11,8.24015,0,0,33489648974
39.2134,25.5015,2.02381,55,54,53,800,2800,0.481316,11,8.24015,0,0,33515150780
39.2225,25.4955,2.02381,55,54,53,800,2800,0.481316,11,8.24015,0,0,33540645975
39.0392,25.6153,2.02381,55,54,53,800,2800,0.481316,11,8.24015,0,0,33566261164
37.6789,26.54,2.02381,55,54,53,800,2800,0.481316,11,8.24015,0,0,33592801650
37.9754,26.3328,2.02381,55,54,53,800,2800,0.481316,11,8.24015,0,0,33619134967
40.7945,24.5131,2.02381,55,54,53,800,2800,0.481316,11,8.24015,0,0,33643647548
37.264,26.8355,2.02381,55,54,53,800,2800,0.481316,11,8.24015,0,0,33670482977
40.9026,24.4483,2.02381,55,54,53,800,2800,0.481316,11,8.24015,0,0,33694931517
37.6568,26.5556,2.02381,55,54,53,800,2800,0.481316,11,8.24015,0,0,33721493413
39.3177,25.4338,1.01266,52,55,52,800,2710,0.481316,10,8.24013,0,0,33746920650
39.3533,25.4109,1.01266,52,55,52,800,2710,0.481316,10,8.24013,0,0,33772331807
37.3519,26.7724,1.01266,52,55,52,800,2710,0.481316,10,8.24013,0,0,33799104759
40.1387,24.9136,1.01266,52,55,52,800,2710,0.481316,10,8.24013,0,0,33824017801
39.2671,25.4666,1.01266,52,55,52,800,2710,0.481316,10,8.24013,0,0,33849484592
37.9169,26.3735,1.01266,52,55,52,800,2710,0.481316,10,8.24013,0,0,33875858094
39.2228,25.4954,1.01266,52,55,52,800,2710,0.481316,10,8.24013,0,0,33901355192
39.5108,25.3095,1.01266,52,55,52,800,2710,0.481316,10,8.24013,0,0,33926663456
37.6074,26.5905,1.01266,52,55,52,800,2710,0.481316,10,8.24013,0,0,33953253825
39.4425,25.3533,1.01266,52,55,52,800,2710,0.481316,10,8.24013,0,0,33978607173
39.441,25.3543,1.01266,52,55,52,800,2710,0.481316,10,8.24013,0,0,34003961574
38.0653,26.2707,1.01266,52,55,52,800,2710,0.481316,10,8.24013,0,0,34030232554
39.1016,25.5744,1.01266,52,55,52,800,2710,0.481316,10,8.24013,0,0,34055806816
39.4935,25.3206,1.01266,52,55,52,800,2710,0.481316,10,8.24013,0,0,34081127333
37.9053,26.3815,1.01266,52,55,52,800,2710,0.481316,10,8.24013,0,0,34107509051
38.4573,26.0029,1.01266,52,55,52,800,2710,0.481316,10,8.24013,0,0,34133512358
39.2989,25.446,1.01266,52,55,52,800,2710,0.481316,10,8.24013,0,0,34158957970
9.45962,105.712,1.01266,52,55,52,800,2710,0.481316,10,8.24013,0,0,34264676971
82.9526,12.0551,1.97674,40,56,52,800,2260,0.481316,4,8.27379,0,0,34276725647
33.7812,29.6023,1.97674,40,56,52,800,2260,0.481316,4,8.27379,0,0,34306330141
47.4805,21.0613,1.97674,40,56,52,800,2260,0.481316,4,8.27379,0,0,34327389704
20.3873,49.05,1.97674,40,56,52,800,2260,0.481316,4,8.27379,0,0,34376440674
19.6451,50.9033,1.97674,40,56,52,800,2260,0.481316,4,8.27379,0,0,34427344119
33.6688,29.7011,1.97674,40,56,52,800,2260,0.481316,4,8.27379,0,0,34457045185
51.1849,19.537,1.97674,40,56,52,800,2260,0.481316,4,8.27379,0,0,34476582281
37.9598,26.3437,1.97674,40,56,52,800,2260,0.481316,4,8.27379,0,0,34502926037
38.1056,26.2428,1.97674,40,56,52,800,2260,0.481316,4,8.27379,0,0,34529168854
40.311,24.8071,1.97674,40,56,52,800,2260,0.481316,4,8.27379,0,0,34553976288
37.0783,26.9699,1.97674,40,56,52,800,2260,0.481316,4,8.27379,0,0,34580947622
13.7752,72.5942,1.97674,40,56,52,800,2260,0.481316,4,8.27379,0,0,34653541564
26.8152,37.2922,1.97674,40,56,52,800,2260,0.481316,4,8.27379,0,0,34690833852
25.955,38.5281,1.97674,40,56,52,800,2260,0.481316,4,8.27379,0,0,34729372499
27.3929,36.5058,1.97674,40,56,52,800,2260,0.481316,4,8.27379,0,0,34765875456
28.3965,35.2156,7.79055,31,53,55,800,2440,0.481308,12,8.31776,0,0,34801084616
31.6692,31.5765,7.79055,31,53,55,800,2440,0.481308,12,8.31776,0,0,34832662804
38.3268,26.0914,7.79055,31,53,55,800,2440,0.481308,12,8.31776,0,0,34858753275
27.1288,36.8612,7.79055,31,53,55,800,2440,0.481308,12,8.31776,0,0,34895629883
33.6734,29.697,7.79055,31,53,55,800,2440,0.481308,12,8.31776,0,0,34925314979
25.3186,39.4967,7.79055,31,53,55,800,2440,0.481308,12,8.31776,0,0,34964810902
23.0899,43.3089,7.79055,31,53,55,800,2440,0.481308,12,8.31776,0,0,35008125860
12.466,80.2183,7.79055,31,53,55,800,2440,0.481308,12,8.31776,0,0,35088343164
27.8943,35.8496,7.79055,31,53,55,800,2440,0.481308,12,8.31776,0,0,35124188558
27.8358,35.925,7.79055,31,53,55,800,2440,0.481308,12,8.31776,0,0,35160115204
11.686,85.5723,7.79055,31,53,55,800,2440,0.481308,12,8.31776,0,0,35245686494
12.2961,81.3264,7.79055,31,53,55,800,2440,0.481308,12,8.31776,0,0,35327015575
34.9471,28.6147,33.3333,27,58,60,800,2710,0.481319,20,8.37557,0,0,35355632656
7.39055,135.308,33.3333,27,58,60,800,2710,0.481319,20,8.37557,0,0,35490938519
23.2838,42.9483,33.3333,27,58,60,800,2710,0.481319,20,8.37557,0,0,35533885156
27.9317,35.8016,33.3333,27,58,60,800,2710,0.481319,20,8.37557,0,0,35569687008
27.2753,36.6633,33.3333,27,58,60,800,2710,0.481319,20,8.37557,0,0,35606350336
27.9535,35.7737,33.3333,27,58,60,800,2710,0.481319,20,8.37557,0,0,35642125598
28.4093,35.1998,33.3333,27,58,60,800,2710,0.481319,20,8.37557,0,0,35677324128
27.8991,35.8434,33.3333,27,58,60,800,2710,0.481319,20,8.37557,0,0,35713168029
28.0753,35.6185,33.3333,27,58,60,800,2710,0.481319,20,8.37557,0,0,35748786407
28.2717,35.371,33.3333,27,58,60,800,2710,0.481319,20,8.37557,0,0,35784157410
28.034,35.6709,33.3333,27,58,60,800,2710,0.481319,20,8.37557,0,0,35819829338
27.8074,35.9616,33.3333,27,58,60,800,2710,0.481319,20,8.37557,0,0,35855797923
28.5722,34.9991,12.4551,25,73,55,800,2440,0.481323,23,8.35767,0,0,35890789725
28.0424,35.6602,12.4551,25,73,55,800,2440,0.481323,23,8.35767,0,0,35926452155
27.8825,35.8648,12.4551,25,73,55,800,2440,0.481323,23,8.35767,0,0,35962315453
28.2284,35.4253,12.4551,25,73,55,800,2440,0.481323,23,8.35767,0,0,35997741409
28.1037,35.5825,12.4551,25,73,55,800,2440,0.481323,23,8.35767,0,0,36033323268
27.9727,35.7492,12.4551,25,73,55,800,2440,0.481323,23,8.35767,0,0,36069072512
27.8878,35.858,12.4551,25,73,55,800,2440,0.481323,23,8.35767,0,0,36104932022
28.3955,35.2168,12.4551,25,73,55,800,2440,0.481323,23,8.35767,0,0,36140147854
27.3759,36.5284,12.4551,25,73,55,800,2440,0.481323,23,8.35767,0,0,36176676199
28.2486,35.3999,12.4551,25,73,55,800,2440,0.481323,23,8.35767,0,0,36212076548
28.1248,35.5558,12.4551,25,73,55,800,2440,0.481323,23,8.35767,0,0,36247632208
27.7922,35.9814,12.4551,25,73,55,800,2440,0.481323,23,8.35767,0,0,36283613837
28.1549,35.5178,12.4551,25,73,55,800,2440,0.481323,23,8.35767,0,0,36319131746
27.266,36.6757,12.4551,25,73,55,800,2440,0.481323,23,8.35767,0,0,36355810834
27.8287,35.9342,8.81612,24,79,53,800,2350,0.481323,18,8.52529,0,0,36391743691
27.8321,35.9297,8.81612,24,79,53,800,2350,0.481323,18,8.52529,0,0,36427671981
28.2225,35.4327,8.81612,24,79,53,800,2350,0.481323,18,8.52529,0,0,36463104830
27.1417,36.8437,8.81612,24,79,53,800,2350,0.481323,18,8.52529,0,0,36499948807
27.7464,36.0406,8.81612,24,79,53,800,2350,0.481323,18,8.52529,0,0,36535989998
28.0338,35.6713,8.81612,24,79,53,800,2350,0.481323,18,8.52529,0,0,36571661756
28.1298,35.5495,8.81612,24,79,53,800,2350,0.481323,18,8.52529,0,0,36607210543
28.3366,35.29,8.81612,24,79,53,800,2350,0.481323,18,8.52529,0,0,36642500675
27.6327,36.189,8.81612,24,79,53,800,2350,0.481323,18,8.52529,0,0,36678689753
12.0622,82.9039,8.81612,24,79,53,800,2350,0.481323,18,8.52529,0,0,36761594130
13.3459,74.9292,8.81612,24,79,53,800,2350,0.481323,18,8.52529,0,0,36836523192
16.2606,61.4982,8.81612,24,79,53,800,2350,0.481323,18,8.52529,0,0,36898025734
27.9931,35.723,27.1879,24,76,60,800,2350,0.481323,13,8.65098,0,0,36933744981
27.3919,36.5072,27.1879,24,76,60,800,2350,0.481323,13,8.65098,0,0,36970252136
27.6817,36.125,27.1879,24,76,60,800,2350,0.481323,13,8.65098,0,0,37006377175
27.6472,36.17,27.1879,24,76,60,800,2350,0.481323,13,8.65098,0,0,37042547167
27.6324,36.1894,27.1879,24,76,60,800,2350,0.481323,13,8.65098,0,0,37078739071
26.6151,37.5727,27.1879,24,76,60,800,2350,0.481323,13,8.65098,0,0,37116317186
27.8908,35.8541,27.1879,24,76,60,800,2350,0.481323,13,8.65098,0,0,37152165004
16.8203,59.452,27.1879,24,76,60,800,2350,0.481323,13,8.65098,0,0,37211617159
26.6175,37.5693,27.1879,24,76,60,800,2350,0.481323,13,8.65098,0,0,37249192758
27.6136,36.2141,27.1879,24,76,60,800,2350,0.481323,13,8.65098,0,0,37285401534
14.655,68.2359,27.1879,24,76,60,800,2350,0.481323,13,8.65098,0,0,37353638952
27.4938,36.3719,27.1879,24,76,60,800,2350,0.481323,13,8.65098,0,0,37390011835
14.0397,71.2267,27.1879,24,76,60,800,2350,0.481323,13,8.65098,0,0,37461240054
26.3144,38.0021,24.072,23,74,62,800,2710,0.481319,21,8.79257,0,0,37499238858
27.5481,36.3001,24.072,23,74,62,800,2710,0.481319,21,8.79257,0,0,37535545207
28.3393,35.2866,24.072,23,74,62,800,2710,0.481319,21,8.79257,0,0,37570827143
27.8264,35.9371,24.072,23,74,62,800,2710,0.481319,21,8.79257,0,0,37606763988
28.1346,35.5434,24.072,23,74,62,800,2710,0.481319,21,8.79257,0,0,37642306764
6.58698,151.815,24.072,23,74,62,800,2710,0.481319,21,8.79257,0,0,37794121451
26.8647,37.2236,24.072,23,74,62,800,2710,0.481319,21,8.79257,0,0,37831346242
18.8545,53.0376,24.072,23,74,62,800,2710,0.481319,21,8.79257,0,0,37884385365
22.8706,43.7243,24.072,23,74,62,800,2710,0.481319,21,8.79257,0,0,37928107968
23.8382,41.9495,24.072,23,74,62,800,2710,0.481319,21,8.79257,0,0,37970065569
27.7877,35.9871,11.5672,23,78,59,1102,2800,0.481319,22,9.12056,0,0,38006047439
29.3189,34.1077,11.5672,23,78,59,1102,2800,0.481319,22,9.12056,0,0,38040155022
31.1071,32.147,11.5672,23,78,59,1102,2800,0.481319,22,9.12056,0,0,38072301917
31.8378,31.4092,11.5672,23,78,59,1102,2800,0.481319,22,9.12056,0,0,38103711828
28.2048,35.4549,11.5672,23,78,59,1102,2800,0.481319,22,9.12056,0,0,38139167471
29.8172,33.5377,11.5672,23,78,59,1102,2800,0.481319,22,9.12056,0,0,38172703982
32.8749,30.4184,11.5672,23,78,59,1102,2800,0.481319,22,9.12056,0,0,38203124478
34.0634,29.357,11.5672,23,78,59,1102,2800,0.481319,22,9.12056,0,0,38232482610
31.9377,31.3109,11.5672,23,78,59,1102,2800,0.481319,22,9.12056,0,0,38263793496
33.7846,29.5993,11.5672,23,78,59,1102,2800,0.481319,22,9.12056,0,0,38293392520
32.9116,30.3844,11.5672,23,78,59,1102,2800,0.481319,22,9.12056,0,0,38323777839
34.127,29.3023,11.5672,23,78,59,1102,2800,0.481319,22,9.12056,0,0,38353079796
34.0509,29.3678,11.5672,23,78,59,1102,2800,0.481319,22,9.12056,0,0,38382449129
36.9292,27.0788,11.5672,23,78,59,1102,2800,0.481319,22,9.12056,0,0,38409527433
35.5343,28.1418,11.5672,23,78,59,1102,2800,0.481319,22,9.12056,0,0,38437669514
34.3478,29.1139,11.5672,23,78,59,1102,2800,0.481319,22,9.12056,0,0,38466784300
36.614,27.3119,11.5672,23,78,59,1102,2800,0.481319,22,9.12056,0,0,38494101953
34.0803,29.3425,5.42823,24,77,66,2548,2440,0.481319,20,9.12775,0,0,38523440428
34.8927,28.6593,5.42823,24,77,66,2548,2440,0.481319,20,9.12775,0,0,38552098597
37.6272,26.5765,5.42823,24,77,66,2548,2440,0.481319,20,9.12775,0,0,38578676353
34.1315,29.2985,5.42823,24,77,66,2548,2440,0.481319,20,9.12775,0,0,38607974542
36.1656,27.6506,5.42823,24,77,66,2548,2440,0.481319,20,9.12775,0,0,38635625301
31.8355,31.4114,5.42823,24,77,66,2548,2440,0.481319,20,9.12775,0,0,38667035744
33.2903,30.0388,5.42823,24,77,66,2548,2440,0.481319,20,9.12775,0,0,38697076988
34.0528,29.3662,5.42823,24,77,66,2548,2440,0.481319,20,9.12775,0,0,38726441682
30.7846,32.4838,5.42823,24,77,66,2548,2440,0.481319,20,9.12775,0,0,38758928274
33.4376,29.9065,5.42823,24,77,66,2548,2440,0.481319,20,9.12775,0,0,38788833312
31.9322,31.3164,5.42823,24,77,66,2548,2440,0.481319,20,9.12775,0,0,38820150810
28.3905,35.2231,5.42823,24,77,66,2548,2440,0.481319,20,9.12775,0,0,38855373816
32.1453,31.1088,5.42823,24,77,66,2548,2440,0.481319,20,9.12775,0,0,38886483635
28.6524,34.9011,5.42823,24,77,66,2548,2440,0.481319,20,9.12775,0,0,38921385859
28.991,34.4935,5.42823,24,77,66,2548,2440,0.481319,20,9.12775,0,0,38955878965
27.918,35.8192,5.42823,24,77,66,2548,2440,0.481319,20,9.12775,0,0,38991698490
30.4109,32.883,5.42823,24,77,66,2548,2440,0.481319,20,9.12775,0,0,39024585714
30.7219,32.55,9.84394,51,73,68,2475,2800,0.482803,30,9.23528,0,0,39057132138
30.2914,33.0126,9.84394,51,73,68,2475,2800,0.482803,30,9.23528,0,0,39090145718
30.6202,32.6581,9.84394,51,73,68,2475,2800,0.482803,30,9.23528,0,0,39122803792
32.3445,30.9172,9.84394,51,73,68,2475,2800,0.482803,30,9.23528,0,0,39153721179
31.3308,31.9174,9.84394,51,73,68,2475,2800,0.482803,30,9.23528,0,0,39185639485
35.9039,27.8521,9.84394,51,73,68,2475,2800,0.482803,30,9.23528,0,0,39213490359
31.5963,31.6493,9.84394,51,73,68,2475,2800,0.482803,30,9.23528,0,0,39245140662
31.3396,31.9085,9.84394,51,73,68,2475,2800,0.482803,30,9.23528,0,0,39277050101
31.6631,31.5825,9.84394,51,73,68,2475,2800,0.482803,30,9.23528,0,0,39308632396
30.4158,32.8776,9.84394,51,73,68,2475,2800,0.482803,30,9.23528,0,0,39341510572
31.7518,31.4943,9.84394,51,73,68,2475,2800,0.482803,30,9.23528,0,0,39373004842
31.1882,32.0634,9.84394,51,73,68,2475,2800,0.482803,30,9.23528,0,0,39405070093
33.8446,29.5468,9.84394,51,73,68,2475,2800,0.482803,30,9.23528,0,0,39434616238
32.1852,31.0702,9.84394,51,73,68,2475,2800,0.482803,30,9.23528,0,0,39465687014
33.6762,29.6946,9.84394,51,73,68,2475,2800,0.482803,30,9.23528,0,0,39495381567
30.6199,32.6585,9.84394,51,73,68,2475,2800,0.482803,30,9.23528,0,0,39528045492
30.9955,32.2628,5.30303,61,68,69,2495,2800,0.482803,32,9.23594,0,0,39560302973
32.3891,30.8746,5.30303,61,68,69,2495,2800,0.482803,32,9.23594,0,0,39591178242
30.0039,33.329,5.30303,61,68,69,2495,2800,0.482803,32,9.23594,0,0,39624506603
33.4762,29.872,5.30303,61,68,69,2495,2800,0.482803,32,9.23594,0,0,39654379561
31.3399,31.9082,5.30303,61,68,69,2495,2800,0.482803,32,9.23594,0,0,39686290363
30.1629,33.1533,5.30303,61,68,69,2495,2800,0.482803,32,9.23594,0,0,39719442233
33.5526,29.8039,5.30303,61,68,69,2495,2800,0.482803,32,9.23594,0,0,39749246572
30.9859,32.2727,5.30303,61,68,69,2495,2800,0.482803,32,9.23594,0,0,39781520264
30.1024,33.2199,5.30303,61,68,69,2495,2800,0.482803,32,9.23594,0,0,39814740803
31.3913,31.856,5.30303,61,68,69,2495,2800,0.482803,32,9.23594,0,0,39846597653
30.7934,32.4744,5.30303,61,68,69,2495,2800,0.482803,32,9.23594,0,0,39879071190
31.5716,31.6741,5.30303,61,68,69,2495,2800,0.482803,32,9.23594,0,0,39910746350
31.9375,31.3112,5.30303,61,68,69,2495,2800,0.482803,32,9.23594,0,0,39942057436
32.5625,30.7101,5.30303,61,68,69,2495,2800,0.482803,32,9.23594,0,0,39972768757
33.2327,30.0909,5.30303,61,68,69,2495,2800,0.482803,32,9.23594,0,0,40002859614
35.9823,27.7914,5.30303,61,68,69,2495,2800,0.482803,32,9.23594,0,0,40030658100
31.1505,32.1022,6.02258,67,65,71,2510,2800,0.482803,27,9.23664,0,0,40062752706
36.0184,27.7636,6.02258,67,65,71,2510,2800,0.482803,27,9.23664,0,0,40090517980
32.5642,30.7085,6.02258,67,65,71,2510,2800,0.482803,27,9.23664,0,0,40121227347
31.9217,31.3266,6.02258,67,65,71,2510,2800,0.482803,27,9.23664,0,0,40152554844
35.2421,28.3751,6.02258,67,65,71,2510,2800,0.482803,27,9.23664,0,0,40180928950
32.0655,31.1862,6.02258,67,65,71,2510,2800,0.482803,27,9.23664,0,0,40212115773
33.0721,30.237,6.02258,67,65,71,2510,2800,0.482803,27,9.23664,0,0,40242353385
31.8499,31.3973,6.02258,67,65,71,2510,2800,0.482803,27,9.23664,0,0,40273751194
32.6421,30.6353,6.02258,67,65,71,2510,2800,0.482803,27,9.23664,0,0,40304385591
35.563,28.1191,6.02258,67,65,71,2510,2800,0.482803,27,9.23664,0,0,40332505961
33.2845,30.044,6.02258,67,65,71,2510,2800,0.482803,27,9.23664,0,0,40362550410
31.0164,32.241,6.02258,67,65,71,2510,2800,0.482803,27,9.23664,0,0,40394790820
35.5857,28.1012,6.02258,67,65,71,2510,2800,0.482803,27,9.23664,0,0,40422893958
32.2693,30.9892,6.02258,67,65,71,2510,2800,0.482803,27,9.23664,0,0,40453882609
32.9856,30.3163,6.02258,67,65,71,2510,2800,0.482803,27,9.23664,0,0,40484199881
34.5316,28.959,6.02258,67,65,71,2510,2800,0.482803,27,9.23664,0,0,40513159315
30.5501,32.7331,6.02258,67,65,71,2510,2800,0.482803,27,9.23664,0,0,40545898070
32.4109,30.8538,5.04305,72,65,69,2542,2800,0.482803,40,9.23857,0,0,40576747029
32.7445,30.5395,5.04305,72,65,69,2542,2800,0.482803,40,9.23857,0,0,40607287469
33.4285,29.9146,5.04305,72,65,69,2542,2800,0.482803,40,9.23857,0,0,40637200883
34.7752,28.7562,5.04305,72,65,69,2542,2800,0.482803,40,9.23857,0,0,40665958008
32.8966,30.3983,5.04305,72,65,69,2542,2800,0.482803,40,9.23857,0,0,40696357484
29.541,33.8512,5.04305,72,65,69,2542,2800,0.482803,40,9.23857,0,0,40730208065
35.4361,28.2198,5.04305,72,65,69,2542,2800,0.482803,40,9.23857,0,0,40758429684
29.1428,34.3138,5.04305,72,65,69,2542,2800,0.482803,40,9.23857,0,0,40792744256
25.0909,39.855,5.04305,72,65,69,2542,2800,0.482803,40,9.23857,0,0,40832598541
29.1268,34.3326,5.04305,72,65,69,2542,2800,0.482803,40,9.23857,0,0,40866932118
31.0318,32.225,5.04305,72,65,69,2542,2800,0.482803,40,9.23857,0,0,40899157299
30.6586,32.6173,5.04305,72,65,69,2542,2800,0.482803,40,9.23857,0,0,40931775368
30.7597,32.5101,5.04305,72,65,69,2542,2800,0.482803,40,9.23857,0,0,40964284291
31.3621,31.8856,5.04305,72,65,69,2542,2800,0.482803,40,9.23857,0,0,40996171589
31.5562,31.6895,5.04305,72,65,69,2542,2800,0.482803,40,9.23857,0,0,41027861396
33.1003,30.2112,5.04305,72,65,69,2542,2800,0.482803,40,9.23857,0,0,41058079862
33.2637,30.0628,7.27497,75,65,69,2574,2800,0.482803,31,9.25199,0,0,41088135693
31.9294,31.3191,7.27497,75,65,69,2574,2800,0.482803,31,9.25199,0,0,41119455546
35.4278,28.2264,7.27497,75,65,69,2574,2800,0.482803,31,9.25199,0,0,41147681934
31.4418,31.8048,7.27497,75,65,69,2574,2800,0.482803,31,9.25199,0,0,41179487749
33.682,29.6895,7.27497,75,65,69,2574,2800,0.482803,31,9.25199,0,0,41209177012
33.5685,29.7898,7.27497,75,65,69,2574,2800,0.482803,31,9.25199,0,0,41238967285
31.9371,31.3115,7.27497,75,65,69,2574,2800,0.482803,31,9.25199,0,0,41270279303
37.6447,26.5642,7.27497,75,65,69,2574,2800,0.482803,31,9.25199,0,0,41296842552
33.2823,30.046,7.27497,75,65,69,2574,2800,0.482803,31,9.25199,0,0,41326889406
36.2128,27.6146,7.27497,75,65,69,2574,2800,0.482803,31,9.25199,0,0,41354504828
37.9446,26.3542,7.27497,75,65,69,2574,2800,0.482803,31,9.25199,0,0,41380859545
31.8192,31.4276,7.27497,75,65,69,2574,2800,0.482803,31,9.25199,0,0,41412287040
36.3194,27.5335,7.27497,75,65,69,2574,2800,0.482803,31,9.25199,0,0,41439819797
36.6798,27.263,7.27497,75,65,69,2574,2800,0.482803,31,9.25199,0,0,41467084081
34.2875,29.1652,7.27497,75,65,69,2574,2800,0.482803,31,9.25199,0,0,41496250093
34.6052,28.8974,7.27497,75,65,69,2574,2800,0.482803,31,9.25199,0,0,41525146979
34.5532,28.9409,7.27497,75,65,69,2574,2800,0.482803,31,9.25199,0,0,41554089231
38.1471,26.2143,7.27497,75,65,69,2574,2800,0.482803,31,9.25199,0,0,41580308274
31.9581,31.291,5.79011,77,67,70,2577,2800,0.482803,39,9.25467,0,0,41611595555
32.7087,30.5729,5.79011,77,67,70,2577,2800,0.482803,39,9.25467,0,0,41642167565
33.8728,29.5222,5.79011,77,67,70,2577,2800,0.482803,39,9.25467,0,0,41671691298
38.3145,26.0998,5.79011,77,67,70,2577,2800,0.482803,39,9.25467,0,0,41697790595
31.7909,31.4555,5.79011,77,67,70,2577,2800,0.482803,39,9.25467,0,0,41729245932
37.6131,26.5865,5.79011,77,67,70,2577,2800,0.482803,39,9.25467,0,0,41755832785
40.9163,24.4401,5.79011,77,67,70,2577,2800,0.482803,39,9.25467,0,0,41780274403
35.9904,27.7852,5.79011,77,67,70,2577,2800,0.482803,39,9.25467,0,0,41808059503
42.3508,23.6123,5.79011,77,67,70,2577,2800,0.482803,39,9.25467,0,0,41831672356
34.3233,29.1347,5.79011,77,67,70,2577,2800,0.482803,39,9.25467,0,0,41860807340
39.5641,25.2754,5.79011,77,67,70,2577,2800,0.482803,39,9.25467,0,0,41886082551
40.3179,24.8029,5.79011,77,67,70,2577,2800,0.482803,39,9.25467,0,0,41910885377
35.8829,27.8684,5.79011,77,67,70,2577,2800,0.482803,39,9.25467,0,0,41938753343
45.0889,22.1784,5.79011,77,67,70,2577,2800,0.482803,39,9.25467,0,0,41960933958
48.0307,20.82,5.79011,77,67,70,2577,2800,0.482803,39,9.25467,0,0,41981752398
37.1754,26.8995,5.79011,77,67,70,2577,2800,0.482803,39,9.25467,0,0,42008651657
36.8234,27.1566,5.79011,77,67,70,2577,2800,0.482803,39,9.25467,0,0,42035809972
40.5121,24.684,5.79011,77,67,70,2577,2800,0.482803,39,9.25467,0,0,42060493694
39.8204,25.1127,5.79011,77,67,70,2577,2800,0.482803,39,9.25467,0,0,42085609216
39.8198,25.1131,7.4813,78,65,64,2419,2800,0.482616,29,9.2516,0,0,42110720810
38.7153,25.8296,7.4813,78,65,64,2419,2800,0.482616,29,9.2516,0,0,42136549210
38.6487,25.8741,7.4813,78,65,64,2419,2800,0.482616,29,9.2516,0,0,42162423947
40.1568,24.9024,7.4813,78,65,64,2419,2800,0.482616,29,9.2516,0,0,42187326719
37.7199,26.5112,7.4813,78,65,64,2419,2800,0.482616,29,9.2516,0,0,42213836878
39.2039,25.5076,7.4813,78,65,64,2419,2800,0.482616,29,9.2516,0,0,42239345287
35.2708,28.3521,7.4813,78,65,64,2419,2800,0.482616,29,9.2516,0,0,42267700057
39.575,25.2685,7.4813,78,65,64,2419,2800,0.482616,29,9.2516,0,0,42292967895
40.6785,24.583,7.4813,78,65,64,2419,2800,0.482616,29,9.2516,0,0,42317549846
40.0021,24.9987,7.4813,78,65,64,2419,2800,0.482616,29,9.2516,0,0,42342548659
37.9815,26.3286,7.4813,78,65,64,2419,2800,0.482616,29,9.2516,0,0,42368877978
38.6488,25.874,7.4813,78,65,64,2419,2800,0.482616,29,9.2516,0,0,42394752324
39.6965,25.1912,7.4813,78,65,64,2419,2800,0.482616,29,9.2516,0,0,42419943388
38.255,26.1404,7.4813,78,65,64,2419,2800,0.482616,29,9.2516,0,0,42446083182
39.0007,25.6406,7.4813,78,65,64,2419,2800,0.482616,29,9.2516,0,0,42471723899
40.5763,24.6449,7.4813,78,65,64,2419,2800,0.482616,29,9.2516,0,0,42496372054
36.3314,27.5244,7.4813,78,65,64,2419,2800,0.482616,29,9.2516,0,0,42523895925
43.0701,23.218,7.4813,78,65,64,2419,2800,0.482616,29,9.2516,0,0,42547112644
38.9878,25.6491,7.4813,78,65,64,2419,2800,0.482616,29,9.2516,0,0,42572761066
39.9826,25.0109,7.4813,78,65,64,2419,2800,0.482616,29,9.2516,0,0,42597775058
35.7923,27.939,4.06905,76,69,60,845,2800,0.48243,11,9.25069,0,0,42625712104
40.6973,24.5717,4.06905,76,69,60,845,2800,0.48243,11,9.25069,0,0,42650283074
38.568,25.9282,4.06905,76,69,60,845,2800,0.48243,11,9.25069,0,0,42676211562
39.355,25.4097,4.06905,76,69,60,845,2800,0.48243,11,9.25069,0,0,42701621686
37.7632,26.4808,4.06905,76,69,60,845,2800,0.48243,11,9.25069,0,0,42728104243
37.2939,26.8141,4.06905,76,69,60,845,2800,0.48243,11,9.25069,0,0,42754918032
38.9405,25.6802,4.06905,76,69,60,845,2800,0.48243,11,9.25069,0,0,42780598724
39.4139,25.3718,4.06905,76,69,60,845,2800,0.48243,11,9.25069,0,0,42805969906
40.1891,24.8823,4.06905,76,69,60,845,2800,0.48243,11,9.25069,0,0,42830852531
36.5991,27.3231,4.06905,76,69,60,845,2800,0.48243,11,9.25069,0,0,42858176206
40.5877,24.638,4.06905,76,69,60,845,2800,0.48243,11,9.25069,0,0,42882813731
37.8482,26.4214,4.06905,76,69,60,845,2800,0.48243,11,9.25069,0,0,42909235173
38.8167,25.7621,4.06905,76,69,60,845,2800,0.48243,11,9.25069,0,0,42934997058
38.1864,26.1873,4.06905,76,69,60,845,2800,0.48243,11,9.25069,0,0,42961185293
39.6575,25.2159,4.06905,76,69,60,845,2800,0.48243,11,9.25069,0,0,42986401324
35.2869,28.3391,4.06905,76,69,60,845,2800,0.48243,11,9.25069,0,0,43014740794
36.7271,27.2279,4.06905,76,69,60,845,2800,0.48243,11,9.25069,0,0,43041968319
38.4478,26.0093,4.06905,76,69,60,845,2800,0.48243,11,9.25069,0,0,43067977718
36.7201,27.233,4.06905,76,69,60,845,2800,0.48243,11,9.25069,0,0,43095211024
37.1542,26.9149,4.06905,76,69,60,845,2800,0.48243,11,9.25069,0,0,43122129148
36.6845,27.2595,4.33213,72,61,61,1225,2800,0.48243,18,9.25753,0,0,43149386498
37.1399,26.9252,4.33213,72,61,61,1225,2800,0.48243,18,9.25753,0,0,43176311856
41.3361,24.1919,4.33213,72,61,61,1225,2800,0.48243,18,9.25753,0,0,43200504777
38.7305,25.8194,4.33213,72,61,61,1225,2800,0.48243,18,9.25753,0,0,43226323889
36.819,27.1599,4.33213,72,61,61,1225,2800,0.48243,18,9.25753,0,0,43253484939
38.2323,26.1559,4.33213,72,61,61,1225,2800,0.48243,18,9.25753,0,0,43279640733
38.2155,26.1674,4.33213,72,61,61,1225,2800,0.48243,18,9.25753,0,0,43305808379
36.7847,27.1852,4.33213,72,61,61,1225,2800,0.48243,18,9.25753,0,0,43332992522
40.7823,24.5204,4.33213,72,61,61,1225,2800,0.48243,18,9.25753,0,0,43357514391
38.706,25.8358,4.33213,72,61,61,1225,2800,0.48243,18,9.25753,0,0,43383348972
37.6612,26.5526,4.33213,72,61,61,1225,2800,0.48243,18,9.25753,0,0,43409903534
41.7987,23.9242,4.33213,72,61,61,1225,2800,0.48243,18,9.25753,0,0,43433826979
36.0078,27.7718,4.33213,72,61,61,1225,2800,0.48243,18,9.25753,0,0,43461600078
42.2401,23.6742,4.33213,72,61,61,1225,2800,0.48243,18,9.25753,0,0,43485273995
38.692,25.8452,4.33213,72,61,61,1225,2800,0.48243,18,9.25753,0,0,43511127171
37.539,26.639,4.33213,72,61,61,1225,2800,0.48243,18,9.25753,0,0,43537759709
37.6066,26.5911,4.33213,72,61,61,1225,2800,0.48243,18,9.25753,0,0,43564351030
39.3286,25.4268,4.33213,72,61,61,1225,2800,0.48243,18,9.25753,0,0,43589778918
36.9335,27.0757,4.33213,72,61,61,1225,2800,0.48243,18,9.25753,0,0,43616854999
36.8983,27.1015,4.33213,72,61,61,1225,2800,0.48243,18,9.25753,0,0,43643960675
35.8873,27.865,6.01685,72,63,70,2494,2800,0.48243,32,9.25608,0,0,43671821768
34.4992,28.9862,6.01685,72,63,70,2494,2800,0.48243,32,9.25608,0,0,43700807001
39.1698,25.5299,6.01685,72,63,70,2494,2800,0.48243,32,9.25608,0,0,43726339766
37.0929,26.9593,6.01685,72,63,70,2494,2800,0.48243,32,9.25608,0,0,43753298536
36.5017,27.396,6.01685,72,63,70,2494,2800,0.48243,32,9.25608,0,0,43780695388
33.9352,29.468,6.01685,72,63,70,2494,2800,0.48243,32,9.25608,0,0,43810163367
38.9965,25.6433,6.01685,72,63,70,2494,2800,0.48243,32,9.25608,0,0,43835807240
32.8371,30.4533,6.01685,72,63,70,2494,2800,0.48243,32,9.25608,0,0,43866258924
41.2817,24.2238,6.01685,72,63,70,2494,2800,0.48243,32,9.25608,0,0,43890483274
35.7179,27.9972,6.01685,72,63,70,2494,2800,0.48243,32,9.25608,0,0,43918480953
36.047,27.7415,6.01685,72,63,70,2494,2800,0.48243,32,9.25608,0,0,43946224276
38.8334,25.751,6.01685,72,63,70,2494,2800,0.48243,32,9.25608,0,0,43971974258
33.7733,29.6092,6.01685,72,63,70,2494,2800,0.48243,32,9.25608,0,0,44001583932
37.4536,26.6997,6.01685,72,63,70,2494,2800,0.48243,32,9.25608,0,0,44028284568
40.0596,24.9628,6.01685,72,63,70,2494,2800,0.48243,32,9.25608,0,0,44053247124
36.542,27.3658,6.01685,72,63,70,2494,2800,0.48243,32,9.25608,0,0,44080613669
37.4147,26.7275,6.01685,72,63,70,2494,2800,0.48243,32,9.25608,0,0,44107341917
35.6097,28.0822,6.01685,72,63,70,2494,2800,0.48243,32,9.25608,0,0,44135424055
37.109,26.9477,6.01685,72,63,70,2494,2800,0.48243,32,9.25608,0,0,44162375041
39.1427,25.5475,8.72727,73,62,72,2535,2800,0.48243,34,9.2716,0,0,44187919638
35.5297,28.1455,8.72727,73,62,72,2535,2800,0.48243,34,9.2716,0,0,44216065886
36.6429,27.2904,8.72727,73,62,72,2535,2800,0.48243,34,9.2716,0,0,44243357130
37.1223,26.938,8.72727,73,62,72,2535,2800,0.48243,34,9.2716,0,0,44270294110
36.7949,27.1777,8.72727,73,62,72,2535,2800,0.48243,34,9.2716,0,0,44297472853
39.1198,25.5625,8.72727,73,62,72,2535,2800,0.48243,34,9.2716,0,0,44323036135
34.7183,28.8033,8.72727,73,62,72,2535,2800,0.48243,34,9.2716,0,0,44351840168
36.7023,27.2462,8.72727,73,62,72,2535,2800,0.48243,34,9.2716,0,0,44379085846
37.0038,27.0242,8.72727,73,62,72,2535,2800,0.48243,34,9.2716,0,0,44406111162
37.3292,26.7887,8.72727,73,62,72,2535,2800,0.48243,34,9.2716,0,0,44432900234
34.8188,28.7202,8.72727,73,62,72,2535,2800,0.48243,34,9.2716,0,0,44461620960
35.899,27.856,8.72727,73,62,72,2535,2800,0.48243,34,9.2716,0,0,44489477204
37.5803,26.6097,8.72727,73,62,72,2535,2800,0.48243,34,9.2716,0,0,44516086579
36.5895,27.3302,8.72727,73,62,72,2535,2800,0.48243,34,9.2716,0,0,44543417688
32.5839,30.69,8.72727,73,62,72,2535,2800,0.48243,34,9.2716,0,0,44574108420
39.5862,25.2613,8.72727,73,62,72,2535,2800,0.48243,34,9.2716,0,0,44599369395
35.0572,28.5248,8.72727,73,62,72,2535,2800,0.48243,34,9.2716,0,0,44627895015
40.6681,24.5893,8.72727,73,62,72,2535,2800,0.48243,34,9.2716,0,0,44652484731
34.3884,29.0796,8.72727,73,62,72,2535,2800,0.48243,34,9.2716,0,0,44681570742
36.6261,27.3029,5.60292,75,73,73,2419,2800,0.48243,34,9.27111,0,0,44708867056
36.1226,27.6835,5.60292,75,73,73,2419,2800,0.48243,34,9.27111,0,0,44736550416
37.9837,26.3271,5.60292,75,73,73,2419,2800,0.48243,34,9.27111,0,0,44762878774
39.4402,25.3548,5.60292,75,73,73,2419,2800,0.48243,34,9.27111,0,0,44788234216
35.2291,28.3856,5.60292,75,73,73,2419,2800,0.48243,34,9.27111,0,0,44816619252
34.7097,28.8104,5.60292,75,73,73,2419,2800,0.48243,34,9.27111,0,0,44845430198
37.1494,26.9183,5.60292,75,73,73,2419,2800,0.48243,34,9.27111,0,0,44872348292
35.7478,27.9738,5.60292,75,73,73,2419,2800,0.48243,34,9.27111,0,0,44900322046
36.5714,27.3438,5.60292,75,73,73,2419,2800,0.48243,34,9.27111,0,0,44927666130
39.8626,25.0861,5.60292,75,73,73,2419,2800,0.48243,34,9.27111,0,0,44952754521
32.7125,30.5693,5.60292,75,73,73,2419,2800,0.48243,34,9.27111,0,0,44983323836
37.1968,26.884,5.60292,75,73,73,2419,2800,0.48243,34,9.27111,0,0,45010207535
34.6577,28.8536,5.60292,75,73,73,2419,2800,0.48243,34,9.27111,0,0,45039061972
37.1529,26.9158,5.60292,75,73,73,2419,2800,0.48243,34,9.27111,0,0,45065977622
35.4272,28.2269,5.60292,75,73,73,2419,2800,0.48243,34,9.27111,0,0,45094206475
38.7262,25.8223,5.60292,75,73,73,2419,2800,0.48243,34,9.27111,0,0,45120027601
34.8688,28.6789,5.60292,75,73,73,2419,2800,0.48243,34,9.27111,0,0,45148705637
35.0901,28.498,5.60292,75,73,73,2419,2800,0.48243,34,9.27111,0,0,45177206791
36.9803,27.0414,5.60292,75,73,73,2419,2800,0.48243,34,9.27111,0,0,45204252675
33.1931,30.1268,6.04595,76,66,71,2519,2800,0.48243,31,9.26822,0,0,45234374861
35.3818,28.2631,6.04595,76,66,71,2519,2800,0.48243,31,9.26822,0,0,45262638810
31.6962,31.5495,6.04595,76,66,71,2519,2800,0.48243,31,9.26822,0,0,45294193193
38.8342,25.7505,6.04595,76,66,71,2519,2800,0.48243,31,9.26822,0,0,45319938817
36.0677,27.7257,6.04595,76,66,71,2519,2800,0.48243,31,9.26822,0,0,45347665849
34.4885,28.9952,6.04595,76,66,71,2519,2800,0.48243,31,9.26822,0,0,45376661481
34.6746,28.8396,6.04595,76,66,71,2519,2800,0.48243,31,9.26822,0,0,45405501601
36.5822,27.3357,6.04595,76,66,71,2519,2800,0.48243,31,9.26822,0,0,45432836267
35.6552,28.0464,6.04595,76,66,71,2519,2800,0.48243,31,9.26822,0,0,45460883700
37.574,26.6141,6.04595,76,66,71,2519,2800,0.48243,31,9.26822,0,0,45487498485
34.9309,28.6279,6.04595,76,66,71,2519,2800,0.48243,31,9.26822,0,0,45516126827
38.0748,26.2641,6.04595,76,66,71,2519,2800,0.48243,31,9.26822,0,0,45542390163
35.1808,28.4246,6.04595,76,66,71,2519,2800,0.48243,31,9.26822,0,0,45570814313
36.7634,27.201,6.04595,76,66,71,2519,2800,0.48243,31,9.26822,0,0,45598016179
31.3815,31.8659,6.04595,76,66,71,2519,2800,0.48243,31,9.26822,0,0,45629883539
37.7964,26.4576,6.04595,76,66,71,2519,2800,0.48243,31,9.26822,0,0,45656340759
33.6306,29.7348,6.04595,76,66,71,2519,2800,0.48243,31,9.26822,0,0,45686076710
31.8857,31.3621,6.04595,76,66,71,2519,2800,0.48243,31,9.26822,0,0,45717443601
37.0128,27.0177,7.15166,77,68,74,2414,2800,0.48243,31,9.26723,0,0,45744457785
33.4498,29.8955,7.15166,77,68,74,2414,2800,0.48243,31,9.26723,0,0,45774352824
36.4198,27.4576,7.15166,77,68,74,2414,2800,0.48243,31,9.26723,0,0,45801811523
35.5617,28.1201,7.15166,77,68,74,2414,2800,0.48243,31,9.26723,0,0,45829930981
38.8242,25.7571,7.15166,77,68,74,2414,2800,0.48243,31,9.26723,0,0,45855688317
35.1821,28.4235,7.15166,77,68,74,2414,2800,0.48243,31,9.26723,0,0,45884112387
36.3346,27.522,7.15166,77,68,74,2414,2800,0.48243,31,9.26723,0,0,45911635326
35.6362,28.0614,7.15166,77,68,74,2414,2800,0.48243,31,9.26723,0,0,45939697416
37.7654,26.4792,7.15166,77,68,74,2414,2800,0.48243,31,9.26723,0,0,45966174453
35.2667,28.3554,7.15166,77,68,74,2414,2800,0.48243,31,9.26723,0,0,45994531837
31.0938,32.1607,7.15166,77,68,74,2414,2800,0.48243,31,9.26723,0,0,46026691886
33.1603,30.1566,7.15166,77,68,74,2414,2800,0.48243,31,9.26723,0,0,46056849258
35.7011,28.0104,7.15166,77,68,74,2414,2800,0.48243,31,9.26723,0,0,46084860523
36.2877,27.5575,7.15166,77,68,74,2414,2800,0.48243,31,9.26723,0,0,46112418608
33.6278,29.7373,7.15166,77,68,74,2414,2800,0.48243,31,9.26723,0,0,46142156763
35.4137,28.2376,7.15166,77,68,74,2414,2800,0.48243,31,9.26723,0,0,46170395685
33.9562,29.4497,7.15166,77,68,74,2414,2800,0.48243,31,9.26723,0,0,46199843345
34.6324,28.8747,7.15166,77,68,74,2414,2800,0.48243,31,9.26723,0,0,46228726506
35.1937,28.4142,7.29295,78,67,74,2441,2800,0.48243,31,9.26553,0,0,46257134906
34.861,28.6853,7.29295,78,67,74,2441,2800,0.48243,31,9.26553,0,0,46285820577
36.0941,27.7054,7.29295,78,67,74,2441,2800,0.48243,31,9.26553,0,0,46313525738
35.3228,28.3103,7.29295,78,67,74,2441,2800,0.48243,31,9.26553,0,0,46341837256
35.3898,28.2567,7.29295,78,67,74,2441,2800,0.48243,31,9.26553,0,0,46370093391
36.1488,27.6634,7.29295,78,67,74,2441,2800,0.48243,31,9.26553,0,0,46397758416
38.0973,26.2486,7.29295,78,67,74,2441,2800,0.48243,31,9.26553,0,0,46424007034
35.651,28.0497,7.29295,78,67,74,2441,2800,0.48243,31,9.26553,0,0,46452057142
36.9806,27.0412,7.29295,78,67,74,2441,2800,0.48243,31,9.26553,0,0,46479099279
35.2085,28.4023,7.29295,78,67,74,2441,2800,0.48243,31,9.26553,0,0,46507501407
38.6435,25.8776,7.29295,78,67,74,2441,2800,0.48243,31,9.26553,0,0,46533379811
37.1672,26.9055,7.29295,78,67,74,2441,2800,0.48243,31,9.26553,0,0,46560285812
38.1969,26.1801,7.29295,78,67,74,2441,2800,0.48243,31,9.26553,0,0,46586466312
34.9622,28.6023,7.29295,78,67,74,2441,2800,0.48243,31,9.26553,0,0,46615067875
37.3328,26.7861,7.29295,78,67,74,2441,2800,0.48243,31,9.26553,0,0,46641854352
35.502,28.1674,7.29295,78,67,74,2441,2800,0.48243,31,9.26553,0,0,46670022281
37.2735,26.8287,7.29295,78,67,74,2441,2800,0.48243,31,9.26553,0,0,46696851258
37.377,26.7544,7.29295,78,67,74,2441,2800,0.48243,31,9.26553,0,0,46723604673
39.0838,25.586,7.29295,78,67,74,2441,2800,0.48243,31,9.26553,0,0,46749199204
36.3351,27.5216,6.33374,77,74,72,2488,2800,0.48243,32,9.26597,0,0,46776714679
37.4479,26.7038,6.33374,77,74,72,2488,2800,0.48243,32,9.26597,0,0,46803419683
36.7952,27.1774,6.33374,77,74,72,2488,2800,0.48243,32,9.26597,0,0,46830597164
39.7483,25.1583,6.33374,77,74,72,2488,2800,0.48243,32,9.26597,0,0,46855753673
40.0092,24.9942,6.33374,77,74,72,2488,2800,0.48243,32,9.26597,0,0,46880750823
39.3847,25.3906,6.33374,77,74,72,2488,2800,0.48243,32,9.26597,0,0,46906141822
38.1466,26.2146,6.33374,77,74,72,2488,2800,0.48243,32,9.26597,0,0,46932356426
37.7921,26.4606,6.33374,77,74,72,2488,2800,0.48243,32,9.26597,0,0,46958817562
41.4333,24.1352,6.33374,77,74,72,2488,2800,0.48243,32,9.26597,0,0,46982953126
38.8242,25.7572,6.33374,77,74,72,2488,2800,0.48243,32,9.26597,0,0,47008710112
37.784,26.4662,6.33374,77,74,72,2488,2800,0.48243,32,9.26597,0,0,47035175947
35.7787,27.9496,6.33374,77,74,72,2488,2800,0.48243,32,9.26597,0,0,47063125186
40.8153,24.5006,6.33374,77,74,72,2488,2800,0.48243,32,9.26597,0,0,47087628139
37.3638,26.7639,6.33374,77,74,72,2488,2800,0.48243,32,9.26597,0,0,47114390080
40.9179,24.4392,6.33374,77,74,72,2488,2800,0.48243,32,9.26597,0,0,47138829092
38.5563,25.9361,6.33374,77,74,72,2488,2800,0.48243,32,9.26597,0,0,47164766276
38.9045,25.704,6.33374,77,74,72,2488,2800,0.48243,32,9.26597,0,0,47190470092
39.9268,25.0459,6.33374,77,74,72,2488,2800,0.48243,32,9.26597,0,0,47215518478
37.7057,26.5212,6.33374,77,74,72,2488,2800,0.48243,32,9.26597,0,0,47242039126
39.5049,25.3133,6.33374,77,74,72,2488,2800,0.48243,32,9.26597,0,0,47267359793
38.7665,25.7955,6.34921,76,69,71,2501,2800,0.48243,28,9.27055,0,0,47293146304
38.5774,25.9219,6.34921,76,69,71,2501,2800,0.48243,28,9.27055,0,0,47319071626
38.6911,25.8458,6.34921,76,69,71,2501,2800,0.48243,28,9.27055,0,0,47344914943
37.7689,26.4768,6.34921,76,69,71,2501,2800,0.48243,28,9.27055,0,0,47371391780
37.7076,26.5198,6.34921,76,69,71,2501,2800,0.48243,28,9.27055,0,0,47397911626
39.8798,25.0754,6.34921,76,69,71,2501,2800,0.48243,28,9.27055,0,0,47422989017
39.9449,25.0345,6.34921,76,69,71,2501,2800,0.48243,28,9.27055,0,0,47448024208
39.3547,25.4099,6.34921,76,69,71,2501,2800,0.48243,28,9.27055,0,0,47473434864
38.3211,26.0953,6.34921,76,69,71,2501,2800,0.48243,28,9.27055,0,0,47499529814
40.2066,24.8715,6.34921,76,69,71,2501,2800,0.48243,28,9.27055,0,0,47524400637
36.2745,27.5676,6.34921,76,69,71,2501,2800,0.48243,28,9.27055,0,0,47551968149
38.2892,26.117,6.34921,76,69,71,2501,2800,0.48243,28,9.27055,0,0,47578085912
39.5657,25.2744,6.34921,76,69,71,2501,2800,0.48243,28,9.27055,0,0,47603360192
34.8879,28.6632,6.34921,76,69,71,2501,2800,0.48243,28,9.27055,0,0,47632023881
31.9061,31.342,6.34921,76,69,71,2501,2800,0.48243,28,9.27055,0,0,47663366767
33.1161,30.1968,6.34921,76,69,71,2501,2800,0.48243,28,9.27055,0,0,47693564805
35.446,28.2119,6.34921,76,69,71,2501,2800,0.48243,28,9.27055,0,0,47721775905
36.7421,27.2168,6.34921,76,69,71,2501,2800,0.48243,28,9.27055,0,0,47748992609
36.7112,27.2396,6.34921,76,69,71,2501,2800,0.48243,28,9.27055,0,0,47776235412
33.3882,29.9507,8.35411,74,68,66,1858,2800,0.48243,38,9.26697,0,0,47806183111
36.5596,27.3526,8.35411,74,68,66,1858,2800,0.48243,38,9.26697,0,0,47833537243
39.1126,25.5672,8.35411,74,68,66,1858,2800,0.48243,38,9.26697,0,0,47859105314
39.3189,25.433,8.35411,74,68,66,1858,2800,0.48243,38,9.26697,0,0,47884536619
38.1218,26.2317,8.35411,74,68,66,1858,2800,0.48243,38,9.26697,0,0,47910768686
36.0457,27.7426,8.35411,74,68,66,1858,2800,0.48243,38,9.26697,0,0,47938512890
35.7592,27.9648,8.35411,74,68,66,1858,2800,0.48243,38,9.26697,0,0,47966478459
32.5354,30.7358,8.35411,74,68,66,1858,2800,0.48243,38,9.26697,0,0,47997214937
35.8919,27.8614,8.35411,74,68,66,1858,2800,0.48243,38,9.26697,0,0,48025074738
34.2868,29.1658,8.35411,74,68,66,1858,2800,0.48243,38,9.26697,0,0,48054242212
35.9681,27.8024,8.35411,74,68,66,1858,2800,0.48243,38,9.26697,0,0,48082043894
35.211,28.4002,8.35411,74,68,66,1858,2800,0.48243,38,9.26697,0,0,48110444239
35.1565,28.4443,8.35411,74,68,66,1858,2800,0.48243,38,9.26697,0,0,48138888477
35.0417,28.5375,8.35411,74,68,66,1858,2800,0.48243,38,9.26697,0,0,48167426280
35.2737,28.3498,8.35411,74,68,66,1858,2800,0.48243,38,9.26697,0,0,48195777713
36.6571,27.2798,8.35411,74,68,66,1858,2800,0.48243,38,9.26697,0,0,48223056043
36.5463,27.3625,8.35411,74,68,66,1858,2800,0.48243,38,9.26697,0,0,48250419302
27.1363,36.851,8.35411,74,68,66,1858,2800,0.48243,38,9.26697,0,0,48287273659
33.024,30.281,7.67327,71,70,65,1583,2800,0.48243,26,9.27557,0,0,48317552018
33.2346,30.0892,7.67327,71,70,65,1583,2800,0.48243,26,9.27557,0,0,48347640771
34.9308,28.628,7.67327,71,70,65,1583,2800,0.48243,26,9.27557,0,0,48376270115
33.2889,30.04,7.67327,71,70,65,1583,2800,0.48243,26,9.27557,0,0,48406309425
34.3862,29.0814,7.67327,71,70,65,1583,2800,0.48243,26,9.27557,0,0,48435392602
33.7493,29.6303,7.67327,71,70,65,1583,2800,0.48243,26,9.27557,0,0,48465021862
30.6224,32.6558,7.67327,71,70,65,1583,2800,0.48243,26,9.27557,0,0,48497678052
35.9031,27.8527,7.67327,71,70,65,1583,2800,0.48243,26,9.27557,0,0,48525531902
37.0027,27.0251,7.67327,71,70,65,1583,2800,0.48243,26,9.27557,0,0,48552556276
35.9505,27.816,7.67327,71,70,65,1583,2800,0.48243,26,9.27557,0,0,48580374168
35.501,28.1682,7.67327,71,70,65,1583,2800,0.48243,26,9.27557,0,0,48608541396
35.2986,28.3297,7.67327,71,70,65,1583,2800,0.48243,26,9.27557,0,0,48636871148
35.004,28.5682,7.67327,71,70,65,1583,2800,0.48243,26,9.27557,0,0,48665441222
33.5587,29.7986,7.67327,71,70,65,1583,2800,0.48243,26,9.27557,0,0,48695238298
37.1616,26.9095,7.67327,71,70,65,1583,2800,0.48243,26,9.27557,0,0,48722148086
40.5346,24.6703,7.67327,71,70,65,1583,2800,0.48243,26,9.27557,0,0,48746819294
37.5448,26.6349,7.67327,71,70,65,1583,2800,0.48243,26,9.27557,0,0,48773454267
38.1538,26.2097,7.67327,71,70,65,1583,2800,0.48243,26,9.27557,0,0,48799669964
42.6446,23.4496,6.44362,70,75,67,1927,2800,0.48243,26,9.28395,0,0,48823115573
36.8549,27.1335,6.44362,70,75,67,1927,2800,0.48243,26,9.28395,0,0,48850248600
40.7745,24.5251,6.44362,70,75,67,1927,2800,0.48243,26,9.28395,0,0,48874774065
38.9816,25.6532,6.44362,70,75,67,1927,2800,0.48243,26,9.28395,0,0,48900428618
35.4718,28.1914,6.44362,70,75,67,1927,2800,0.48243,26,9.28395,0,0,48928620512
43.1065,23.1984,6.44362,70,75,67,1927,2800,0.48243,26,9.28395,0,0,48951819308
37.8409,26.4265,6.44362,70,75,67,1927,2800,0.48243,26,9.28395,0,0,48978244297
39.2944,25.4489,6.44362,70,75,67,1927,2800,0.48243,26,9.28395,0,0,49003692874
36.8899,27.1077,6.44362,70,75,67,1927,2800,0.48243,26,9.28395,0,0,49030802748
44.2078,22.6205,6.44362,70,75,67,1927,2800,0.48243,26,9.28395,0,0,49053422678
35.9056,27.8508,6.44362,70,75,67,1927,2800,0.48243,26,9.28395,0,0,49081274424
38.6965,25.8421,6.44362,70,75,67,1927,2800,0.48243,26,9.28395,0,0,49107116669
37.0109,27.019,6.44362,70,75,67,1927,2800,0.48243,26,9.28395,0,0,49134135743
35.137,28.46,6.44362,70,75,67,1927,2800,0.48243,26,9.28395,0,0,49162597222
39.2047,25.5071,6.44362,70,75,67,1927,2800,0.48243,26,9.28395,0,0,49188105211
38.436,26.0173,6.44362,70,75,67,1927,2800,0.48243,26,9.28395,0,0,49214122044
38.6446,25.8768,6.44362,70,75,67,1927,2800,0.48243,26,9.28395,0,0,49239999616
38.1021,26.2453,6.44362,70,75,67,1927,2800,0.48243,26,9.28395,0,0,49266243876
25.8935,38.6198,6.44362,70,75,67,1927,2800,0.48243,26,9.28395,0,0,49304866650
29.2028,34.2433,6.00751,71,71,71,2280,2800,0.48243,31,9.29471,0,0,49339108455
34.8956,28.6569,6.00751,71,71,71,2280,2800,0.48243,31,9.29471,0,0,49367765422
31.3954,31.8518,6.00751,71,71,71,2280,2800,0.48243,31,9.29471,0,0,49399616641
30.4169,32.8765,6.00751,71,71,71,2280,2800,0.48243,31,9.29471,0,0,49432493886
31.7501,31.496,6.00751,71,71,71,2280,2800,0.48243,31,9.29471,0,0,49463990210
30.4023,32.8922,6.00751,71,71,71,2280,2800,0.48243,31,9.29471,0,0,49496883314
30.9549,32.305,6.00751,71,71,71,2280,2800,0.48243,31,9.29471,0,0,49529187514
30.9106,32.3513,6.00751,71,71,71,2280,2800,0.48243,31,9.29471,0,0,49561540295
30.6657,32.6097,6.00751,71,71,71,2280,2800,0.48243,31,9.29471,0,0,49594151951
29.8379,33.5144,6.00751,71,71,71,2280,2800,0.48243,31,9.29471,0,0,49627665670
31.0966,32.1579,6.00751,71,71,71,2280,2800,0.48243,31,9.29471,0,0,49659825629
31.4902,31.7559,6.00751,71,71,71,2280,2800,0.48243,31,9.29471,0,0,49691579376
30.2835,33.0213,6.00751,71,71,71,2280,2800,0.48243,31,9.29471,0,0,49724599939
29.292,34.139,6.00751,71,71,71,2280,2800,0.48243,31,9.29471,0,0,49758740805
29.6697,33.7044,6.00751,71,71,71,2280,2800,0.48243,31,9.29471,0,0,49792443618
31.3788,31.8686,6.00751,71,71,71,2280,2800,0.48243,31,9.29471,0,0,49824317410
30.9828,32.276,9.47752,70,68,66,1537,2800,0.48243,32,9.29335,0,0,49856590862
30.7636,32.5059,9.47752,70,68,66,1537,2800,0.48243,32,9.29335,0,0,49889096259
32.3703,30.8926,9.47752,70,68,66,1537,2800,0.48243,32,9.29335,0,0,49919989512
34.1849,29.2527,9.47752,70,68,66,1537,2800,0.48243,32,9.29335,0,0,49949241605
35.6149,28.0781,9.47752,70,68,66,1537,2800,0.48243,32,9.29335,0,0,49977320607
35.3768,28.2671,9.47752,70,68,66,1537,2800,0.48243,32,9.29335,0,0,50005587071
35.5042,28.1657,9.47752,70,68,66,1537,2800,0.48243,32,9.29335,0,0,50033753507
36.9649,27.0527,9.47752,70,68,66,1537,2800,0.48243,32,9.29335,0,0,50060805422
37.7005,26.5249,9.47752,70,68,66,1537,2800,0.48243,32,9.29335,0,0,50087331882
35.1105,28.4815,9.47752,70,68,66,1537,2800,0.48243,32,9.29335,0,0,50115812277
36.0261,27.7577,9.47752,70,68,66,1537,2800,0.48243,32,9.29335,0,0,50143572421
31.308,31.9407,9.47752,70,68,66,1537,2800,0.48243,32,9.29335,0,0,50175514000
36.2292,27.602,9.47752,70,68,66,1537,2800,0.48243,32,9.29335,0,0,50203116077
34.7231,28.7992,9.47752,70,68,66,1537,2800,0.48243,32,9.29335,0,0,50231914890
37.1271,26.9345,9.47752,70,68,66,1537,2800,0.48243,32,9.29335,0,0,50258850126
33.5544,29.8024,9.47752,70,68,66,1537,2800,0.48243,32,9.29335,0,0,50288651831
35.6615,28.0415,9.47752,70,68,66,1537,2800,0.48243,32,9.29335,0,0,50316694545
36.6668,27.2726,9.47752,70,68,66,1537,2800,0.48243,32,9.29335,0,0,50343971482
35.3933,28.2539,5.74572,69,71,72,2408,2800,0.48243,25,9.28333,0,0,50372221315
35.5224,28.1512,5.74572,69,71,72,2408,2800,0.48243,25,9.28333,0,0,50400371761
36.8803,27.1147,5.74572,69,71,72,2408,2800,0.48243,25,9.28333,0,0,50427488698
36.9092,27.0935,5.74572,69,71,72,2408,2800,0.48243,25,9.28333,0,0,50454581340
35.8012,27.932,5.74572,69,71,72,2408,2800,0.48243,25,9.28333,0,0,50482513777
35.853,27.8916,5.74572,69,71,72,2408,2800,0.48243,25,9.28333,0,0,50510406570
34.126,29.3032,5.74572,69,71,72,2408,2800,0.48243,25,9.28333,0,0,50539710320
34.6136,28.8904,5.74572,69,71,72,2408,2800,0.48243,25,9.28333,0,0,50568600013
34.788,28.7455,5.74572,69,71,72,2408,2800,0.48243,25,9.28333,0,0,50597347489
37.6847,26.536,5.74572,69,71,72,2408,2800,0.48243,25,9.28333,0,0,50623882004
35.3022,28.3268,5.74572,69,71,72,2408,2800,0.48243,25,9.28333,0,0,50652210634
36.1168,27.688,5.74572,69,71,72,2408,2800,0.48243,25,9.28333,0,0,50679899164
36.8689,27.1231,5.74572,69,71,72,2408,2800,0.48243,25,9.28333,0,0,50707021972
35.4714,28.1917,5.74572,69,71,72,2408,2800,0.48243,25,9.28333,0,0,50735213756
36.7236,27.2304,5.74572,69,71,72,2408,2800,0.48243,25,9.28333,0,0,50762445078
38.3041,26.1068,5.74572,69,71,72,2408,2800,0.48243,25,9.28333,0,0,50788553262
34.547,28.9461,5.74572,69,71,72,2408,2800,0.48243,25,9.28333,0,0,50817498450
37.3369,26.7831,5.74572,69,71,72,2408,2800,0.48243,25,9.28333,0,0,50844287622
34.6624,28.8497,6.32911,71,74,75,2330,2800,0.48243,30,9.28165,0,0,50873130567
37.0805,26.9683,6.32911,71,74,75,2330,2800,0.48243,30,9.28165,0,0,50900101561
37.8478,26.4216,6.32911,71,74,75,2330,2800,0.48243,30,9.28165,0,0,50926522893
35.9222,27.838,6.32911,71,74,75,2330,2800,0.48243,30,9.28165,0,0,50954361233
24.3898,41.0008,6.32911,71,74,75,2330,2800,0.48243,30,9.28165,0,0,50995362120
36.624,27.3045,6.32911,71,74,75,2330,2800,0.48243,30,9.28165,0,0,51022666408
35.0576,28.5245,6.32911,71,74,75,2330,2800,0.48243,30,9.28165,0,0,51051190896
33.9437,29.4605,6.32911,71,74,75,2330,2800,0.48243,30,9.28165,0,0,51080652152
36.683,27.2606,6.32911,71,74,75,2330,2800,0.48243,30,9.28165,0,0,51107914612
36.8402,27.1442,6.32911,71,74,75,2330,2800,0.48243,30,9.28165,0,0,51135058750
36.1018,27.6994,6.32911,71,74,75,2330,2800,0.48243,30,9.28165,0,0,51162759563
37.8309,26.4334,6.32911,71,74,75,2330,2800,0.48243,30,9.28165,0,0,51189191124
35.9367,27.8267,6.32911,71,74,75,2330,2800,0.48243,30,9.28165,0,0,51217018334
37.0354,27.0012,6.32911,71,74,75,2330,2800,0.48243,30,9.28165,0,0,51244019604
37.2557,26.8416,6.32911,71,74,75,2330,2800,0.48243,30,9.28165,0,0,51270863218
33.5509,29.8055,6.32911,71,74,75,2330,2800,0.48243,30,9.28165,0,0,51300666746
39.4371,25.3568,6.32911,71,74,75,2330,2800,0.48243,30,9.28165,0,0,51326024893
36.5156,27.3856,6.32911,71,74,75,2330,2800,0.48243,30,9.28165,0,0,51353415865
37.3245,26.792,7.29295,71,69,76,2291,2800,0.48243,35,9.28363,0,0,51380202883
35.9167,27.8422,7.29295,71,69,76,2291,2800,0.48243,35,9.28363,0,0,51408046323
38.4684,25.9954,7.29295,71,69,76,2291,2800,0.48243,35,9.28363,0,0,51434041957
39.7156,25.179,7.29295,71,69,76,2291,2800,0.48243,35,9.28363,0,0,51459221298
37.4417,26.7082,7.29295,71,69,76,2291,2800,0.48243,35,9.28363,0,0,51485929288
38.0698,26.2676,7.29295,71,69,76,2291,2800,0.48243,35,9.28363,0,0,51512196842
36.203,27.622,7.29295,71,69,76,2291,2800,0.48243,35,9.28363,0,0,51539819718
38.2412,26.1498,7.29295,71,69,76,2291,2800,0.48243,35,9.28363,0,0,51565971034
37.344,26.7781,7.29295,71,69,76,2291,2800,0.48243,35,9.28363,0,0,51592750017
39.7881,25.1331,7.29295,71,69,76,2291,2800,0.48243,35,9.28363,0,0,51617882350
32.9745,30.3264,7.29295,71,69,76,2291,2800,0.48243,35,9.28363,0,0,51648209891
36.7797,27.1889,7.29295,71,69,76,2291,2800,0.48243,35,9.28363,0,0,51675398453
36.2122,27.615,7.29295,71,69,76,2291,2800,0.48243,35,9.28363,0,0,51703012222
36.3701,27.4951,7.29295,71,69,76,2291,2800,0.48243,35,9.28363,0,0,51730509503
36.6797,27.2631,7.29295,71,69,76,2291,2800,0.48243,35,9.28363,0,0,51757774458
36.7562,27.2063,7.29295,71,69,76,2291,2800,0.48243,35,9.28363,0,0,51784978138
35.3587,28.2816,7.29295,71,69,76,2291,2800,0.48243,35,9.28363,0,0,51813261734
34.5858,28.9136,7.29295,71,69,76,2291,2800,0.48243,35,9.28363,0,0,51842175031
24.9054,40.152,7.29295,71,69,76,2291,2800,0.48243,35,9.28363,0,0,51882327536
37.4049,26.7345,9.25267,72,71,72,2231,2800,0.48243,22,9.28104,0,0,51909061043
36.2645,27.5752,9.25267,72,71,72,2231,2800,0.48243,22,9.28104,0,0,51936636321
35.587,28.1002,9.25267,72,71,72,2231,2800,0.48243,22,9.28104,0,0,51964736312
38.057,26.2764,9.25267,72,71,72,2231,2800,0.48243,22,9.28104,0,0,51991013935
36.2035,27.6217,9.25267,72,71,72,2231,2800,0.48243,22,9.28104,0,0,52018635719
34.2228,29.2203,9.25267,72,71,72,2231,2800,0.48243,22,9.28104,0,0,52047856513
35.2124,28.3991,9.25267,72,71,72,2231,2800,0.48243,22,9.28104,0,0,52076255556
34.69,28.8268,9.25267,72,71,72,2231,2800,0.48243,22,9.28104,0,0,52105083333
35.7493,27.9726,9.25267,72,71,72,2231,2800,0.48243,22,9.28104,0,0,52133056597
38.6861,25.8491,9.25267,72,71,72,2231,2800,0.48243,22,9.28104,0,0,52158906206
35.9402,27.824,9.25267,72,71,72,2231,2800,0.48243,22,9.28104,0,0,52186729959
36.6191,27.3082,9.25267,72,71,72,2231,2800,0.48243,22,9.28104,0,0,52214038406
36.9716,27.0478,9.25267,72,71,72,2231,2800,0.48243,22,9.28104,0,0,52241087446
34.4028,29.0674,9.25267,72,71,72,2231,2800,0.48243,22,9.28104,0,0,52270153340
36.1608,27.6542,9.25267,72,71,72,2231,2800,0.48243,22,9.28104,0,0,52297810771
32.491,30.7777,9.25267,72,71,72,2231,2800,0.48243,22,9.28104,0,0,52328587525
38.9029,25.705,9.25267,72,71,72,2231,2800,0.48243,22,9.28104,0,0,52354293224
37.4478,26.7038,9.25267,72,71,72,2231,2800,0.48243,22,9.28104,0,0,52380996174
36.9902,27.0342,9.25267,72,71,72,2231,2800,0.48243,22,9.28104,0,0,52408037920
35.8726,27.8764,6.6345,72,69,75,2368,2800,0.48243,33,9.27993,0,0,52435909483
35.4251,28.2286,6.6345,72,69,75,2368,2800,0.48243,33,9.27993,0,0,52464138707
38.0189,26.3027,6.6345,72,69,75,2368,2800,0.48243,33,9.27993,0,0,52490439894
37.347,26.7759,6.6345,72,69,75,2368,2800,0.48243,33,9.27993,0,0,52517217605
37.0341,27.0021,6.6345,72,69,75,2368,2800,0.48243,33,9.27993,0,0,52544220558
36.7836,27.186,6.6345,72,69,75,2368,2800,0.48243,33,9.27993,0,0,52571407146
34.0437,29.374,6.6345,72,69,75,2368,2800,0.48243,33,9.27993,0,0,52600779465
38.6028,25.9049,6.6345,72,69,75,2368,2800,0.48243,33,9.27993,0,0,52626687674
38.7288,25.8206,6.6345,72,69,75,2368,2800,0.48243,33,9.27993,0,0,52652507317
38.6609,25.8659,6.6345,72,69,75,2368,2800,0.48243,33,9.27993,0,0,52678373798
36.9204,27.0853,6.6345,72,69,75,2368,2800,0.48243,33,9.27993,0,0,52705460088
37.0684,26.9771,6.6345,72,69,75,2368,2800,0.48243,33,9.27993,0,0,52732435359
39.72,25.1763,6.6345,72,69,75,2368,2800,0.48243,33,9.27993,0,0,52757612677
36.6161,27.3104,6.6345,72,69,75,2368,2800,0.48243,33,9.27993,0,0,52784923067
37.66,26.5534,6.6345,72,69,75,2368,2800,0.48243,33,9.27993,0,0,52811477669
37.4574,26.697,6.6345,72,69,75,2368,2800,0.48243,33,9.27993,0,0,52838174228
30.1877,33.1261,6.6345,72,69,75,2368,2800,0.48243,33,9.27993,0,0,52871300790
39.8274,25.1083,6.6345,72,69,75,2368,2800,0.48243,33,9.27993,0,0,52896410932
33.3893,29.9497,6.6345,72,69,75,2368,2800,0.48243,33,9.27993,0,0,52926365603
37.3904,26.7448,6.47131,73,74,75,2256,2800,0.48243,30,9.27627,0,0,52953105874
36.8304,27.1515,6.47131,73,74,75,2256,2800,0.48243,30,9.27627,0,0,52980256995
36.8756,27.1182,6.47131,73,74,75,2256,2800,0.48243,30,9.27627,0,0,53007376647
36.716,27.2361,6.47131,73,74,75,2256,2800,0.48243,30,9.27627,0,0,53034612678
41.0058,24.3868,6.47131,73,74,75,2256,2800,0.48243,30,9.27627,0,0,53059000575
36.678,27.2643,6.47131,73,74,75,2256,2800,0.48243,30,9.27627,0,0,53086263977
37.3612,26.7658,6.47131,73,74,75,2256,2800,0.48243,30,9.27627,0,0,53113031779
36.6823,27.2611,6.47131,73,74,75,2256,2800,0.48243,30,9.27627,0,0,53140292165
37.9835,26.3272,6.47131,73,74,75,2256,2800,0.48243,30,9.27627,0,0,53166619661
37.6958,26.5282,6.47131,73,74,75,2256,2800,0.48243,30,9.27627,0,0,53193149567
36.9519,27.0622,6.47131,73,74,75,2256,2800,0.48243,30,9.27627,0,0,53220211711
37.8588,26.4139,6.47131,73,74,75,2256,2800,0.48243,30,9.27627,0,0,53246626832
35.6943,28.0156,6.47131,73,74,75,2256,2800,0.48243,30,9.27627,0,0,53274642024
37.3896,26.7454,6.47131,73,74,75,2256,2800,0.48243,30,9.27627,0,0,53301388366
35.2484,28.3701,6.47131,73,74,75,2256,2800,0.48243,30,9.27627,0,0,53329758274
30.4608,32.8291,6.47131,73,74,75,2256,2800,0.48243,30,9.27627,0,0,53362587238
36.9791,27.0423,6.47131,73,74,75,2256,2800,0.48243,30,9.27627,0,0,53389629786
35.1498,28.4497,6.47131,73,74,75,2256,2800,0.48243,30,9.27627,0,0,53418079453
35.8202,27.9172,6.47131,73,74,75,2256,2800,0.48243,30,9.27627,0,0,53446002653
36.8437,27.1417,6.21951,74,71,76,2287,2800,0.48243,31,9.27223,0,0,53473138826
36.1663,27.6501,6.21951,74,71,76,2287,2800,0.48243,31,9.27223,0,0,53500790818
38.7839,25.7839,6.21951,74,71,76,2287,2800,0.48243,31,9.27223,0,0,53526572900
35.4586,28.2019,6.21951,74,71,76,2287,2800,0.48243,31,9.27223,0,0,53554776406
36.1452,27.6662,6.21951,74,71,76,2287,2800,0.48243,31,9.27223,0,0,53582442864
34.3671,29.0976,6.21951,74,71,76,2287,2800,0.48243,31,9.27223,0,0,53611541590
15.095,66.247,6.21951,74,71,76,2287,2800,0.48243,31,9.27223,0,0,53677788803
19.4161,51.5037,6.21951,74,71,76,2287,2800,0.48243,31,9.27223,0,0,53729290932
24.7941,40.3322,6.21951,74,71,76,2287,2800,0.48243,31,9.27223,0,0,53769623415
28.2643,35.3804,6.21951,74,71,76,2287,2800,0.48243,31,9.27223,0,0,53805005930
30.8146,32.4521,6.21951,74,71,76,2287,2800,0.48243,31,9.27223,0,0,53837458478
35.2946,28.333,6.21951,74,71,76,2287,2800,0.48243,31,9.27223,0,0,53865789493
30.9986,32.2595,6.21951,74,71,76,2287,2800,0.48243,31,9.27223,0,0,53898050622
34.9718,28.5945,6.21951,74,71,76,2287,2800,0.48243,31,9.27223,0,0,53926645151
34.7512,28.776,6.21951,74,71,76,2287,2800,0.48243,31,9.27223,0,0,53955425870
32.4274,30.8381,13.5741,74,69,68,1944,2800,0.48243,22,9.27884,0,0,53986260632
35.9073,27.8495,13.5741,74,69,68,1944,2800,0.48243,22,9.27884,0,0,54014108651
34.6463,28.8631,13.5741,74,69,68,1944,2800,0.48243,22,9.27884,0,0,54042971664
36.9141,27.0899,13.5741,74,69,68,1944,2800,0.48243,22,9.27884,0,0,54070063725
38.5042,25.9712,13.5741,74,69,68,1944,2800,0.48243,22,9.27884,0,0,54096035684
36.493,27.4025,13.5741,74,69,68,1944,2800,0.48243,22,9.27884,0,0,54123437445
36.6389,27.2934,13.5741,74,69,68,1944,2800,0.48243,22,9.27884,0,0,54150732086
36.7115,27.2394,13.5741,74,69,68,1944,2800,0.48243,22,9.27884,0,0,54177972344
37.5199,26.6525,13.5741,74,69,68,1944,2800,0.48243,22,9.27884,0,0,54204624109
36.4988,27.3982,13.5741,74,69,68,1944,2800,0.48243,22,9.27884,0,0,54232022454
40.4487,24.7227,13.5741,74,69,68,1944,2800,0.48243,22,9.27884,0,0,54256745189
35.6747,28.0311,13.5741,74,69,68,1944,2800,0.48243,22,9.27884,0,0,54284778065
38.339,26.0831,13.5741,74,69,68,1944,2800,0.48243,22,9.27884,0,0,54310859609
36.4225,27.4555,13.5741,74,69,68,1944,2800,0.48243,22,9.27884,0,0,54338316284
33.296,30.0337,13.5741,74,69,68,1944,2800,0.48243,22,9.27884,0,0,54368350434
37.5559,26.627,13.5741,74,69,68,1944,2800,0.48243,22,9.27884,0,0,54394979215
39.3427,25.4177,13.5741,74,69,68,1944,2800,0.48243,22,9.27884,0,0,54420396383
36.7789,27.1895,13.5741,74,69,68,1944,2800,0.48243,22,9.27884,0,0,54447587690
37.0125,27.0179,13.5741,74,69,68,1944,2800,0.48243,22,9.27884,0,0,54474610761
35.8603,27.886,6.10501,72,71,76,2266,2800,0.48243,25,9.2798,0,0,54502490519
37.2407,26.8523,6.10501,72,71,76,2266,2800,0.48243,25,9.2798,0,0,54529343562
39.2824,25.4567,6.10501,72,71,76,2266,2800,0.48243,25,9.2798,0,0,54554799793
36.9953,27.0305,6.10501,72,71,76,2266,2800,0.48243,25,9.2798,0,0,54581831019
38.4315,26.0203,6.10501,72,71,76,2266,2800,0.48243,25,9.2798,0,0,54607851970
35.9541,27.8132,6.10501,72,71,76,2266,2800,0.48243,25,9.2798,0,0,54635665224
36.9325,27.0765,6.10501,72,71,76,2266,2800,0.48243,25,9.2798,0,0,54662741815
38.0276,26.2967,6.10501,72,71,76,2266,2800,0.48243,25,9.2798,0,0,54689038042
33.8574,29.5356,6.10501,72,71,76,2266,2800,0.48243,25,9.2798,0,0,54718576162
36.9204,27.0853,6.10501,72,71,76,2266,2800,0.48243,25,9.2798,0,0,54745659827
35.2168,28.3956,6.10501,72,71,76,2266,2800,0.48243,25,9.2798,0,0,54774054852
36.2697,27.5712,6.10501,72,71,76,2266,2800,0.48243,25,9.2798,0,0,54801628827
37.406,26.7337,6.10501,72,71,76,2266,2800,0.48243,25,9.2798,0,0,54828362815
35.8845,27.8672,6.10501,72,71,76,2266,2800,0.48243,25,9.2798,0,0,54856229690
39.2048,25.5071,6.10501,72,71,76,2266,2800,0.48243,25,9.2798,0,0,54881737397
39.1642,25.5335,6.10501,72,71,76,2266,2800,0.48243,25,9.2798,0,0,54907272026
36.2539,27.5832,6.10501,72,71,76,2266,2800,0.48243,25,9.2798,0,0,54934855088
36.3771,27.4898,6.10501,72,71,76,2266,2800,0.48243,25,9.2798,0,0,54962346577
38.3848,26.052,6.10501,72,71,76,2266,2800,0.48243,25,9.2798,0,0,54988402013
37.1243,26.9365,6.5513,73,74,76,2313,2800,0.48243,31,9.28572,0,0,55015335426
36.3479,27.5119,6.5513,73,74,76,2313,2800,0.48243,31,9.28572,0,0,55042847154
36.9924,27.0326,6.5513,73,74,76,2313,2800,0.48243,31,9.28572,0,0,55069879242
36.58,27.3373,6.5513,73,74,76,2313,2800,0.48243,31,9.28572,0,0,55097216843
36.5296,27.3751,6.5513,73,74,76,2313,2800,0.48243,31,9.28572,0,0,55124592555
34.3727,29.0929,6.5513,73,74,76,2313,2800,0.48243,31,9.28572,0,0,55153686071
37.3723,26.7578,6.5513,73,74,76,2313,2800,0.48243,31,9.28572,0,0,55180444255
36.2951,27.552,6.5513,73,74,76,2313,2800,0.48243,31,9.28572,0,0,55207997160
35.366,28.2757,6.5513,73,74,76,2313,2800,0.48243,31,9.28572,0,0,55236273573
34.0446,29.3732,6.5513,73,74,76,2313,2800,0.48243,31,9.28572,0,0,55265647384
36.2544,27.5829,6.5513,73,74,76,2313,2800,0.48243,31,9.28572,0,0,55293228252
34.4821,29.0006,6.5513,73,74,76,2313,2800,0.48243,31,9.28572,0,0,55322229845
39.0894,25.5824,6.5513,73,74,76,2313,2800,0.48243,31,9.28572,0,0,55347812794
35.7869,27.9432,6.5513,73,74,76,2313,2800,0.48243,31,9.28572,0,0,55375755440
33.9184,29.4825,6.5513,73,74,76,2313,2800,0.48243,31,9.28572,0,0,55405239449
34.5075,28.9792,6.5513,73,74,76,2313,2800,0.48243,31,9.28572,0,0,55434219762
33.5972,29.7644,6.5513,73,74,76,2313,2800,0.48243,31,9.28572,0,0,55463983645
34.6372,28.8707,6.5513,73,74,76,2313,2800,0.48243,31,9.28572,0,0,55492858391
37.8195,26.4414,6.53266,74,70,73,2352,2800,0.48243,35,9.28518,0,0,55519296113
38.1908,26.1843,6.53266,74,70,73,2352,2800,0.48243,35,9.28518,0,0,55545481433
35.3011,28.3277,6.53266,74,70,73,2352,2800,0.48243,35,9.28518,0,0,55573808640
37.3029,26.8076,6.53266,74,70,73,2352,2800,0.48243,35,9.28518,0,0,55600616989
40.2104,24.8692,6.53266,74,70,73,2352,2800,0.48243,35,9.28518,0,0,55625487842
31.7552,31.4909,6.53266,74,70,73,2352,2800,0.48243,35,9.28518,0,0,55656977152
35.3211,28.3117,6.53266,74,70,73,2352,2800,0.48243,35,9.28518,0,0,55685290755
37.6782,26.5406,6.53266,74,70,73,2352,2800,0.48243,35,9.28518,0,0,55711831551
35.8403,27.9015,6.53266,74,70,73,2352,2800,0.48243,35,9.28518,0,0,55739733030
30.1931,33.1202,6.53266,74,70,73,2352,2800,0.48243,35,9.28518,0,0,55772851497
34.2369,29.2082,6.53266,74,70,73,2352,2800,0.48243,35,9.28518,0,0,55802059878
34.4497,29.0278,6.53266,74,70,73,2352,2800,0.48243,35,9.28518,0,0,55831090175
37.5014,26.6657,6.53266,74,70,73,2352,2800,0.48243,35,9.28518,0,0,55857755646
37.2132,26.8721,6.53266,74,70,73,2352,2800,0.48243,35,9.28518,0,0,55884627232
35.939,27.8249,6.53266,74,70,73,2352,2800,0.48243,35,9.28518,0,0,55912453180
35.3371,28.2988,6.53266,74,70,73,2352,2800,0.48243,35,9.28518,0,0,55940750642
36.7052,27.2441,6.53266,74,70,73,2352,2800,0.48243,35,9.28518,0,0,55967997683
33.2489,30.0762,6.53266,74,70,73,2352,2800,0.48243,35,9.28518,0,0,55998078822
39.6852,25.1983,8.55346,74,70,75,2283,2800,0.48243,30,9.28445,0,0,56023273502
36.203,27.622,8.55346,74,70,75,2283,2800,0.48243,30,9.28445,0,0,56050895667
38.2205,26.1639,8.55346,74,70,75,2283,2800,0.48243,30,9.28445,0,0,56077059326
36.2312,27.6005,8.55346,74,70,75,2283,2800,0.48243,30,9.28445,0,0,56104658338
25.9135,38.59,8.55346,74,70,75,2283,2800,0.48243,30,9.28445,0,0,56143250124
33.47,29.8775,8.55346,74,70,75,2283,2800,0.48243,30,9.28445,0,0,56173128592
35.2051,28.405,8.55346,74,70,75,2283,2800,0.48243,30,9.28445,0,0,56201534267
35.0815,28.5051,8.55346,74,70,75,2283,2800,0.48243,30,9.28445,0,0,56230037045
35.6419,28.0568,8.55346,74,70,75,2283,2800,0.48243,30,9.28445,0,0,56258096029
34.9628,28.6018,8.55346,74,70,75,2283,2800,0.48243,30,9.28445,0,0,56286697181
36.2569,27.581,8.55346,74,70,75,2283,2800,0.48243,30,9.28445,0,0,56314278610
32.0565,31.1949,8.55346,74,70,75,2283,2800,0.48243,30,9.28445,0,0,56345474871
33.9587,29.4475,8.55346,74,70,75,2283,2800,0.48243,30,9.28445,0,0,56374922160
33.1807,30.138,8.55346,74,70,75,2283,2800,0.48243,30,9.28445,0,0,56405060225
32.2581,30.9999,8.55346,74,70,75,2283,2800,0.48243,30,9.28445,0,0,56436059607
33.9509,29.4543,8.55346,74,70,75,2283,2800,0.48243,30,9.28445,0,0,56465515783
37.5484,26.6323,8.55346,74,70,75,2283,2800,0.48243,30,9.28445,0,0,56492147169
35.6685,28.0359,8.55346,74,70,75,2283,2800,0.48243,30,9.28445,0,0,56520189823
34.0225,29.3923,6.21194,73,70,77,2268,2800,0.48243,30,9.2852,0,0,56549576819
34.1908,29.2476,6.21194,73,70,77,2268,2800,0.48243,30,9.2852,0,0,56578824244
33.3138,30.0176,6.21194,73,70,77,2268,2800,0.48243,30,9.2852,0,0,56608843857
36.4907,27.4042,6.21194,73,70,77,2268,2800,0.48243,30,9.2852,0,0,56636247642
34.7667,28.7631,6.21194,73,70,77,2268,2800,0.48243,30,9.2852,0,0,56665011169
37.2328,26.858,6.21194,73,70,77,2268,2800,0.48243,30,9.2852,0,0,56691867938
34.9968,28.5741,6.21194,73,70,77,2268,2800,0.48243,30,9.2852,0,0,56720444223
34.1301,29.2997,6.21194,73,70,77,2268,2800,0.48243,30,9.2852,0,0,56749742413
36.1382,27.6715,6.21194,73,70,77,2268,2800,0.48243,30,9.2852,0,0,56777414471
34.6991,28.8192,6.21194,73,70,77,2268,2800,0.48243,30,9.2852,0,0,56806235406
34.2834,29.1686,6.21194,73,70,77,2268,2800,0.48243,30,9.2852,0,0,56835403451
35.7676,27.9582,6.21194,73,70,77,2268,2800,0.48243,30,9.2852,0,0,56863363129
35.9227,27.8376,6.21194,73,70,77,2268,2800,0.48243,30,9.2852,0,0,56891201250
35.6655,28.0383,6.21194,73,70,77,2268,2800,0.48243,30,9.2852,0,0,56919237662
36.2655,27.5744,6.21194,73,70,77,2268,2800,0.48243,30,9.2852,0,0,56946813320
33.3388,29.9951,6.21194,73,70,77,2268,2800,0.48243,30,9.2852,0,0,56976807104
36.8566,27.1322,6.21194,73,70,77,2268,2800,0.48243,30,9.2852,0,0,57003941294
35.8146,27.9216,6.21194,73,70,77,2268,2800,0.48243,30,9.2852,0,0,57031866978
36.6379,27.2942,6.5513,73,74,77,2282,2800,0.48243,24,9.28004,0,0,57059157381
32.7099,30.5718,6.5513,73,74,77,2282,2800,0.48243,24,9.28004,0,0,57089728248
36.2239,27.6061,6.5513,73,74,77,2282,2800,0.48243,24,9.28004,0,0,57117336037
36.2496,27.5865,6.5513,73,74,77,2282,2800,0.48243,24,9.28004,0,0,57144922815
35.5663,28.1165,6.5513,73,74,77,2282,2800,0.48243,24,9.28004,0,0,57173039719
27.7234,36.0706,6.5513,73,74,77,2282,2800,0.48243,24,9.28004,0,0,57209109714
33.153,30.1632,6.5513,73,74,77,2282,2800,0.48243,24,9.28004,0,0,57239272285
34.944,28.6172,6.5513,73,74,77,2282,2800,0.48243,24,9.28004,0,0,57267891591
36.4164,27.4602,6.5513,73,74,77,2282,2800,0.48243,24,9.28004,0,0,57295351552
34.2067,29.2341,6.5513,73,74,77,2282,2800,0.48243,24,9.28004,0,0,57324586793
34.5641,28.9318,6.5513,73,74,77,2282,2800,0.48243,24,9.28004,0,0,57353517243
34.3197,29.1378,6.5513,73,74,77,2282,2800,0.48243,24,9.28004,0,0,57382656915
34.8501,28.6943,6.5513,73,74,77,2282,2800,0.48243,24,9.28004,0,0,57411349348
34.9284,28.63,6.5513,73,74,77,2282,2800,0.48243,24,9.28004,0,0,57439981729
34.5808,28.9178,6.5513,73,74,77,2282,2800,0.48243,24,9.28004,0,0,57468899775
32.6533,30.6248,6.5513,73,74,77,2282,2800,0.48243,24,9.28004,0,0,57499524263
37.9739,26.3338,6.5513,73,74,77,2282,2800,0.48243,24,9.28004,0,0,57525858151
35.4001,28.2485,6.5513,73,74,77,2282,2800,0.48243,24,9.28004,0,0,57554111390
32.8765,30.4169,6.07533,73,71,77,2306,2800,0.48243,31,9.28201,0,0,57584525093
34.1128,29.3145,6.07533,73,71,77,2306,2800,0.48243,31,9.28201,0,0,57613841196
35.1386,28.4587,6.07533,73,71,77,2306,2800,0.48243,31,9.28201,0,0,57642298568
32.5497,30.7222,6.07533,73,71,77,2306,2800,0.48243,31,9.28201,0,0,57673021381
35.5113,28.16,6.07533,73,71,77,2306,2800,0.48243,31,9.28201,0,0,57701181194
37.1105,26.9465,6.07533,73,71,77,2306,2800,0.48243,31,9.28201,0,0,57728128804
35.2795,28.3451,6.07533,73,71,77,2306,2800,0.48243,31,9.28201,0,0,57756474066
35.7987,27.934,6.07533,73,71,77,2306,2800,0.48243,31,9.28201,0,0,57784408647
36.9306,27.0778,6.07533,73,71,77,2306,2800,0.48243,31,9.28201,0,0,57811486020
35.0456,28.5343,6.07533,73,71,77,2306,2800,0.48243,31,9.28201,0,0,57840021358
36.7262,27.2285,6.07533,73,71,77,2306,2800,0.48243,31,9.28201,0,0,57867250616
39.0455,25.6111,6.07533,73,71,77,2306,2800,0.48243,31,9.28201,0,0,57892861898
35.8124,27.9233,6.07533,73,71,77,2306,2800,0.48243,31,9.28201,0,0,57920785148
34.9744,28.5923,6.07533,73,71,77,2306,2800,0.48243,31,9.28201,0,0,57949376512
35.9693,27.8015,6.07533,73,71,77,2306,2800,0.48243,31,9.28201,0,0,57977179586
36.118,27.687,6.07533,73,71,77,2306,2800,0.48243,31,9.28201,0,0,58004867394
34.8464,28.6974,6.07533,73,71,77,2306,2800,0.48243,31,9.28201,0,0,58033563595
34.8887,28.6626,6.07533,73,71,77,2306,2800,0.48243,31,9.28201,0,0,58062230009
36.4335,27.4473,8.38548,74,70,76,2396,2800,0.48243,32,9.27985,0,0,58089674721
34.6349,28.8726,8.38548,74,70,76,2396,2800,0.48243,32,9.27985,0,0,58118548675
35.1013,28.489,8.38548,74,70,76,2396,2800,0.48243,32,9.27985,0,0,58147036694
35.7101,28.0033,8.38548,74,70,76,2396,2800,0.48243,32,9.27985,0,0,58175040365
36.5177,27.384,8.38548,74,70,76,2396,2800,0.48243,32,9.27985,0,0,58202424784
36.2943,27.5525,8.38548,74,70,76,2396,2800,0.48243,32,9.27985,0,0,58229978050
36.9905,27.034,8.38548,74,70,76,2396,2800,0.48243,32,9.27985,0,0,58257012422
35.7604,27.9639,8.38548,74,70,76,2396,2800,0.48243,32,9.27985,0,0,58284976439
35.8545,27.8905,8.38548,74,70,76,2396,2800,0.48243,32,9.27985,0,0,58312868169
36.6909,27.2547,8.38548,74,70,76,2396,2800,0.48243,32,9.27985,0,0,58340122715
34.801,28.7348,8.38548,74,70,76,2396,2800,0.48243,32,9.27985,0,0,58368858660
35.1372,28.4598,8.38548,74,70,76,2396,2800,0.48243,32,9.27985,0,0,58397319007
39.0811,25.5878,8.38548,74,70,76,2396,2800,0.48243,32,9.27985,0,0,58422906946
35.5826,28.1036,8.38548,74,70,76,2396,2800,0.48243,32,9.27985,0,0,58451009913
38.4141,26.0321,8.38548,74,70,76,2396,2800,0.48243,32,9.27985,0,0,58477043026
34.4816,29.001,8.38548,74,70,76,2396,2800,0.48243,32,9.27985,0,0,58506045241
35.4289,28.2255,8.38548,74,70,76,2396,2800,0.48243,32,9.27985,0,0,58534270237
39.7955,25.1284,8.38548,74,70,76,2396,2800,0.48243,32,9.27985,0,0,58559399154
35.4224,28.2307,8.38548,74,70,76,2396,2800,0.48243,32,9.27985,0,0,58587632836
34.0719,29.3497,6.60264,74,71,76,2360,2800,0.48243,29,9.27974,0,0,58616979768
36.6501,27.2851,6.60264,74,71,76,2360,2800,0.48243,29,9.27974,0,0,58644266133
33.0183,30.2862,6.60264,74,71,76,2360,2800,0.48243,29,9.27974,0,0,58674552957
36.2365,27.5965,6.60264,74,71,76,2360,2800,0.48243,29,9.27974,0,0,58702149063
35.2292,28.3856,6.60264,74,71,76,2360,2800,0.48243,29,9.27974,0,0,58730534390
37.0237,27.0097,6.60264,74,71,76,2360,2800,0.48243,29,9.27974,0,0,58757545449
34.4001,29.0697,6.60264,74,71,76,2360,2800,0.48243,29,9.27974,0,0,58786614348
36.4581,27.4287,6.60264,74,71,76,2360,2800,0.48243,29,9.27974,0,0,58814044493
34.4376,29.038,6.60264,74,71,76,2360,2800,0.48243,29,9.27974,0,0,58843082965
35.2773,28.3468,6.60264,74,71,76,2360,2800,0.48243,29,9.27974,0,0,58871430091
34.7019,28.8169,6.60264,74,71,76,2360,2800,0.48243,29,9.27974,0,0,58900245545
32.9774,30.3238,6.60264,74,71,76,2360,2800,0.48243,29,9.27974,0,0,58930569388
33.0312,30.2744,6.60264,74,71,76,2360,2800,0.48243,29,9.27974,0,0,58960846304
34.3054,29.1499,6.60264,74,71,76,2360,2800,0.48243,29,9.27974,0,0,58989993942
32.5702,30.7029,6.60264,74,71,76,2360,2800,0.48243,29,9.27974,0,0,59020699081
37.1721,26.9019,6.60264,74,71,76,2360,2800,0.48243,29,9.27974,0,0,59047602467
34.1332,29.297,6.60264,74,71,76,2360,2800,0.48243,29,9.27974,0,0,59076898884
32.5095,30.7603,6.60264,74,71,76,2360,2800,0.48243,29,9.27974,0,0,59107660028
33.9217,29.4797,6.80437,75,75,79,2259,2800,0.48243,25,9.27971,0,0,59137138877
34.6757,28.8387,6.80437,75,75,79,2259,2800,0.48243,25,9.27971,0,0,59165977835
38.3929,26.0465,6.80437,75,75,79,2259,2800,0.48243,25,9.27971,0,0,59192024644
35.0298,28.5471,6.80437,75,75,79,2259,2800,0.48243,25,9.27971,0,0,59220572446
37.9568,26.3458,6.80437,75,75,79,2259,2800,0.48243,25,9.27971,0,0,59246918597
36.7567,27.2059,6.80437,75,75,79,2259,2800,0.48243,25,9.27971,0,0,59274123980
36.964,27.0534,6.80437,75,75,79,2259,2800,0.48243,25,9.27971,0,0,59301178650
31.3654,31.8823,6.80437,75,75,79,2259,2800,0.48243,25,9.27971,0,0,59333060678
33.7399,29.6385,6.80437,75,75,79,2259,2800,0.48243,25,9.27971,0,0,59362698655
36.3812,27.4867,6.80437,75,75,79,2259,2800,0.48243,25,9.27971,0,0,59390186989
36.6231,27.3052,6.80437,75,75,79,2259,2800,0.48243,25,9.27971,0,0,59417493301
38.5299,25.9538,6.80437,75,75,79,2259,2800,0.48243,25,9.27971,0,0,59443446124
40.7194,24.5583,6.80437,75,75,79,2259,2800,0.48243,25,9.27971,0,0,59468006295
38.691,25.8458,6.80437,75,75,79,2259,2800,0.48243,25,9.27971,0,0,59493853429
39.8682,25.0826,6.80437,75,75,79,2259,2800,0.48243,25,9.27971,0,0,59518935118
42.9176,23.3005,6.80437,75,75,79,2259,2800,0.48243,25,9.27971,0,0,59542235364
35.0149,28.5593,6.80437,75,75,79,2259,2800,0.48243,25,9.27971,0,0,59570796090
36.8702,27.1222,6.80437,75,75,79,2259,2800,0.48243,25,9.27971,0,0,59597919339
39.5872,25.2607,6.80437,75,75,79,2259,2800,0.48243,25,9.27971,0,0,59623187157
37.6255,26.5777,6.59341,74,71,75,2451,2800,0.48243,34,9.27966,0,0,59649757909
38.5274,25.9556,6.59341,74,71,75,2451,2800,0.48243,34,9.27966,0,0,59675714469
37.169,26.9041,6.59341,74,71,75,2451,2800,0.48243,34,9.27966,0,0,59702617485
36.0916,27.7073,6.59341,74,71,75,2451,2800,0.48243,34,9.27966,0,0,59730325241
30.5954,32.6846,6.59341,74,71,75,2451,2800,0.48243,34,9.27966,0,0,59763012419
36.8677,27.124,6.59341,74,71,75,2451,2800,0.48243,34,9.27966,0,0,59790136620
34.3287,29.1301,6.59341,74,71,75,2451,2800,0.48243,34,9.27966,0,0,59819266133
39.4224,25.3663,6.59341,74,71,75,2451,2800,0.48243,34,9.27966,0,0,59844631985
35.6506,28.05,6.59341,74,71,75,2451,2800,0.48243,34,9.27966,0,0,59872682103
39.5415,25.2899,6.59341,74,71,75,2451,2800,0.48243,34,9.27966,0,0,59897972853
39.784,25.1357,6.59341,74,71,75,2451,2800,0.48243,34,9.27966,0,0,59923109615
35.5716,28.1123,6.59341,74,71,75,2451,2800,0.48243,34,9.27966,0,0,59951221209
39.1915,25.5157,6.59341,74,71,75,2451,2800,0.48243,34,9.27966,0,0,59976737402
37.8982,26.3865,6.59341,74,71,75,2451,2800,0.48243,34,9.27966,0,0,60003125673
37.9422,26.3559,6.59341,74,71,75,2451,2800,0.48243,34,9.27966,0,0,60029480520
38.7854,25.7829,6.59341,74,71,75,2451,2800,0.48243,34,9.27966,0,0,60055264266
40.0159,24.99,6.59341,74,71,75,2451,2800,0.48243,34,9.27966,0,0,60080254533
34.933,28.6262,6.59341,74,71,75,2451,2800,0.48243,34,9.27966,0,0,60108881753
35.5423,28.1355,6.59341,74,71,75,2451,2800,0.48243,34,9.27966,0,0,60137023814
36.3433,27.5154,8.83436,74,70,74,2461,2800,0.48243,30,9.27884,0,0,60164531544
38.5257,25.9567,8.83436,74,70,74,2461,2800,0.48243,30,9.27884,0,0,60190489968
35.9173,27.8418,8.83436,74,70,74,2461,2800,0.48243,30,9.27884,0,0,60218333178
40.358,24.7782,8.83436,74,70,74,2461,2800,0.48243,30,9.27884,0,0,60243110786
38.1291,26.2267,8.83436,74,70,74,2461,2800,0.48243,30,9.27884,0,0,60269339937
37.6787,26.5402,8.83436,74,70,74,2461,2800,0.48243,30,9.27884,0,0,60295877908
40.3088,24.8085,8.83436,74,70,74,2461,2800,0.48243,30,9.27884,0,0,60320687566
39.1399,25.5494,8.83436,74,70,74,2461,2800,0.48243,30,9.27884,0,0,60346236742
34.4186,29.0541,8.83436,74,70,74,2461,2800,0.48243,30,9.27884,0,0,60375291595
36.7379,27.2198,8.83436,74,70,74,2461,2800,0.48243,30,9.27884,0,0,60402511616
40.1862,24.8841,8.83436,74,70,74,2461,2800,0.48243,30,9.27884,0,0,60427395162
39.1507,25.5423,8.83436,74,70,74,2461,2800,0.48243,30,9.27884,0,0,60452938818
39.0222,25.6265,8.83436,74,70,74,2461,2800,0.48243,30,9.27884,0,0,60478565930
36.8608,27.1291,8.83436,74,70,74,2461,2800,0.48243,30,9.27884,0,0,60505695951
36.3971,27.4747,8.83436,74,70,74,2461,2800,0.48243,30,9.27884,0,0,60533170279
34.9533,28.6096,8.83436,74,70,74,2461,2800,0.48243,30,9.27884,0,0,60561780167
37.2288,26.8609,8.83436,74,70,74,2461,2800,0.48243,30,9.27884,0,0,60588641605
34.9136,28.6421,8.83436,74,70,74,2461,2800,0.48243,30,9.27884,0,0,60617284836
39.1099,25.5689,8.83436,74,70,74,2461,2800,0.48243,30,9.27884,0,0,60642860632
36.7436,27.2156,5.88235,75,73,76,2430,2800,0.48243,31,9.27888,0,0,60670069371
38.4023,26.0401,5.88235,75,73,76,2430,2800,0.48243,31,9.27888,0,0,60696110249
40.5829,24.6409,5.88235,75,73,76,2430,2800,0.48243,31,9.27888,0,0,60720750730
36.9786,27.0427,5.88235,75,73,76,2430,2800,0.48243,31,9.27888,0,0,60747793578
34.2616,29.1872,5.88235,75,73,76,2430,2800,0.48243,31,9.27888,0,0,60776982443
36.3018,27.5469,5.88235,75,73,76,2430,2800,0.48243,31,9.27888,0,0,60804528695
37.3165,26.7978,5.88235,75,73,76,2430,2800,0.48243,31,9.27888,0,0,60831326554
36.3058,27.5438,5.88235,75,73,76,2430,2800,0.48243,31,9.27888,0,0,60858869941
39.0321,25.62,5.88235,75,73,76,2430,2800,0.48243,31,9.27888,0,0,60884491302
39.4804,25.329,5.88235,75,73,76,2430,2800,0.48243,31,9.27888,0,0,60909820174
39.8256,25.1095,5.88235,75,73,76,2430,2800,0.48243,31,9.27888,0,0,60934929545
28.6315,34.9266,5.88235,75,73,76,2430,2800,0.48243,31,9.27888,0,0,60969857708
33.4055,29.9352,5.88235,75,73,76,2430,2800,0.48243,31,9.27888,0,0,60999793684
39.4565,25.3444,5.88235,75,73,76,2430,2800,0.48243,31,9.27888,0,0,61025137484
38.5204,25.9603,5.88235,75,73,76,2430,2800,0.48243,31,9.27888,0,0,61051099174
38.8175,25.7616,5.88235,75,73,76,2430,2800,0.48243,31,9.27888,0,0,61076860688
37.1225,26.9378,5.88235,75,73,76,2430,2800,0.48243,31,9.27888,0,0,61103798619
38.6496,25.8735,5.88235,75,73,76,2430,2800,0.48243,31,9.27888,0,0,61129672354
39.5642,25.2754,5.88235,75,73,76,2430,2800,0.48243,31,9.27888,0,0,61154954509
34.9334,28.6259,6.04938,76,75,74,2568,2800,0.48243,22,9.28526,0,0,61183573664
36.2751,27.5672,6.04938,76,75,74,2568,2800,0.48243,22,9.28526,0,0,61211141928
36.8157,27.1623,6.04938,76,75,74,2568,2800,0.48243,22,9.28526,0,0,61238304741
36.8207,27.1587,6.04938,76,75,74,2568,2800,0.48243,22,9.28526,0,0,61265462786
33.8072,29.5795,6.04938,76,75,74,2568,2800,0.48243,22,9.28526,0,0,61295042914
34.7455,28.7807,6.04938,76,75,74,2568,2800,0.48243,22,9.28526,0,0,61323823783
37.6711,26.5456,6.04938,76,75,74,2568,2800,0.48243,22,9.28526,0,0,61350369789
37.4997,26.6669,6.04938,76,75,74,2568,2800,0.48243,22,9.28526,0,0,61377037313
32.8,30.4878,6.04938,76,75,74,2568,2800,0.48243,22,9.28526,0,0,61407525826
33.1085,30.2037,6.04938,76,75,74,2568,2800,0.48243,22,9.28526,0,0,61437730767
33.5446,29.811,6.04938,76,75,74,2568,2800,0.48243,22,9.28526,0,0,61467541208
36.4902,27.4046,6.04938,76,75,74,2568,2800,0.48243,22,9.28526,0,0,61494946306
37.0085,27.0208,6.04938,76,75,74,2568,2800,0.48243,22,9.28526,0,0,61521967453
37.141,26.9244,6.04938,76,75,74,2568,2800,0.48243,22,9.28526,0,0,61548891218
37.6368,26.5697,6.04938,76,75,74,2568,2800,0.48243,22,9.28526,0,0,61575462652
33.4918,29.8581,6.04938,76,75,74,2568,2800,0.48243,22,9.28526,0,0,61605319700
34.1731,29.2628,6.04938,76,75,74,2568,2800,0.48243,22,9.28526,0,0,61634585128
39.0716,25.594,6.04938,76,75,74,2568,2800,0.48243,22,9.28526,0,0,61660185500
34.0048,29.4076,6.64994,76,71,74,2589,2800,0.48243,25,9.28477,0,0,61689587143
35.1064,28.4849,6.64994,76,71,74,2589,2800,0.48243,25,9.28477,0,0,61718070855
35.7181,27.997,6.64994,76,71,74,2589,2800,0.48243,25,9.28477,0,0,61746069136
35.1617,28.44,6.64994,76,71,74,2589,2800,0.48243,25,9.28477,0,0,61774510117
36.3177,27.5348,6.64994,76,71,74,2589,2800,0.48243,25,9.28477,0,0,61802044828
35.4685,28.194,6.64994,76,71,74,2589,2800,0.48243,25,9.28477,0,0,61830240249
36.5037,27.3945,6.64994,76,71,74,2589,2800,0.48243,25,9.28477,0,0,61857634586
38.7666,25.7954,6.64994,76,71,74,2589,2800,0.48243,25,9.28477,0,0,61883431016
35.515,28.1571,6.64994,76,71,74,2589,2800,0.48243,25,9.28477,0,0,61911585650
37.7092,26.5188,6.64994,76,71,74,2589,2800,0.48243,25,9.28477,0,0,61938106970
35.4211,28.2317,6.64994,76,71,74,2589,2800,0.48243,25,9.28477,0,0,61966339249
36.7231,27.2308,6.64994,76,71,74,2589,2800,0.48243,25,9.28477,0,0,61993571523
34.4038,29.0665,6.64994,76,71,74,2589,2800,0.48243,25,9.28477,0,0,62022637036
35.2686,28.3538,6.64994,76,71,74,2589,2800,0.48243,25,9.28477,0,0,62050990834
36.8345,27.1485,6.64994,76,71,74,2589,2800,0.48243,25,9.28477,0,0,62078141284
35.6119,28.0805,6.64994,76,71,74,2589,2800,0.48243,25,9.28477,0,0,62106221939
36.7595,27.2039,6.64994,76,71,74,2589,2800,0.48243,25,9.28477,0,0,62133425539
38.4033,26.0395,6.64994,76,71,74,2589,2800,0.48243,25,9.28477,0,0,62159466988
37.8431,26.4249,6.64994,76,71,74,2589,2800,0.48243,25,9.28477,0,0,62185894632
35.9157,27.8429,8.20265,76,72,77,2370,2800,0.48243,30,9.28426,0,0,62213733003
36.8071,27.1686,8.20265,76,72,77,2370,2800,0.48243,30,9.28426,0,0,62240902248
37.1806,26.8958,8.20265,76,72,77,2370,2800,0.48243,30,9.28426,0,0,62267798030
37.0923,26.9598,8.20265,76,72,77,2370,2800,0.48243,30,9.28426,0,0,62294759155
27.7428,36.0454,8.20265,76,72,77,2370,2800,0.48243,30,9.28426,0,0,62330805015
32.9042,30.3913,8.20265,76,72,77,2370,2800,0.48243,30,9.28426,0,0,62361196425
35.4219,28.2312,8.20265,76,72,77,2370,2800,0.48243,30,9.28426,0,0,62389428114
36.8694,27.1227,8.20265,76,72,77,2370,2800,0.48243,30,9.28426,0,0,62416551093
36.9015,27.0991,8.20265,76,72,77,2370,2800,0.48243,30,9.28426,0,0,62443650126
37.2592,26.839,8.20265,76,72,77,2370,2800,0.48243,30,9.28426,0,0,62470490555
35.3985,28.2498,8.20265,76,72,77,2370,2800,0.48243,30,9.28426,0,0,62498739646
34.8905,28.6611,8.20265,76,72,77,2370,2800,0.48243,30,9.28426,0,0,62527401832
35.6258,28.0695,8.20265,76,72,77,2370,2800,0.48243,30,9.28426,0,0,62555469734
37.6234,26.5792,8.20265,76,72,77,2370,2800,0.48243,30,9.28426,0,0,62582051386
34.6675,28.8454,8.20265,76,72,77,2370,2800,0.48243,30,9.28426,0,0,62610897999
36.7717,27.1948,8.20265,76,72,77,2370,2800,0.48243,30,9.28426,0,0,62638090528
33.5357,29.8189,8.20265,76,72,77,2370,2800,0.48243,30,9.28426,0,0,62667912520
32.7616,30.5235,8.20265,76,72,77,2370,2800,0.48243,30,9.28426,0,0,62698439044
36.6941,27.2523,6.28853,76,75,78,2278,2800,0.48243,30,9.28219,0,0,62725688450
32.5927,30.6817,6.28853,76,75,78,2278,2800,0.48243,30,9.28219,0,0,62756370556
36.9738,27.0462,6.28853,76,75,78,2278,2800,0.48243,30,9.28219,0,0,62783416881
31.9886,31.2612,6.28853,76,75,78,2278,2800,0.48243,30,9.28219,0,0,62814678234
34.8023,28.7338,6.28853,76,75,78,2278,2800,0.48243,30,9.28219,0,0,62843412345
35.1144,28.4783,6.28853,76,75,78,2278,2800,0.48243,30,9.28219,0,0,62871892209
38.0357,26.2911,6.28853,76,75,78,2278,2800,0.48243,30,9.28219,0,0,62898182185
33.6599,29.709,6.28853,76,75,78,2278,2800,0.48243,30,9.28219,0,0,62927892678
35.6592,28.0433,6.28853,76,75,78,2278,2800,0.48243,30,9.28219,0,0,62955935943
35.9114,27.8463,6.28853,76,75,78,2278,2800,0.48243,30,9.28219,0,0,62983782029
34.4798,29.0025,6.28853,76,75,78,2278,2800,0.48243,30,9.28219,0,0,63012785115
35.1603,28.4412,6.28853,76,75,78,2278,2800,0.48243,30,9.28219,0,0,63041226497
37.1893,26.8895,6.28853,76,75,78,2278,2800,0.48243,30,9.28219,0,0,63068115586
35.1464,28.4524,6.28853,76,75,78,2278,2800,0.48243,30,9.28219,0,0,63096569953
38.7375,25.8148,6.28853,76,75,78,2278,2800,0.48243,30,9.28219,0,0,63122383444
35.1379,28.4593,6.28853,76,75,78,2278,2800,0.48243,30,9.28219,0,0,63150844213
36.3491,27.511,6.28853,76,75,78,2278,2800,0.48243,30,9.28219,0,0,63178355740
33.5427,29.8127,6.28853,76,75,78,2278,2800,0.48243,30,9.28219,0,0,63208172172
33.0279,30.2774,6.11735,76,72,78,2355,2800,0.48243,28,9.27649,0,0,63238447345
29.855,33.4953,6.11735,76,72,78,2355,2800,0.48243,28,9.27649,0,0,63271940074
32.3041,30.9559,6.11735,76,72,78,2355,2800,0.48243,28,9.27649,0,0,63302898699
32.0492,31.2021,6.11735,76,72,78,2355,2800,0.48243,28,9.27649,0,0,63334099779
29.2532,34.1843,6.11735,76,72,78,2355,2800,0.48243,28,9.27649,0,0,63368284587
31.4394,31.8072,6.11735,76,72,78,2355,2800,0.48243,28,9.27649,0,0,63400092997
31.6823,31.5634,6.11735,76,72,78,2355,2800,0.48243,28,9.27649,0,0,63431654483
34.5094,28.9776,6.11735,76,72,78,2355,2800,0.48243,28,9.27649,0,0,63460633924
32.3924,30.8715,6.11735,76,72,78,2355,2800,0.48243,28,9.27649,0,0,63491503933
32.0745,31.1775,6.11735,76,72,78,2355,2800,0.48243,28,9.27649,0,0,63522681980
32.569,30.704,6.11735,76,72,78,2355,2800,0.48243,28,9.27649,0,0,63553386067
32.4026,30.8618,6.11735,76,72,78,2355,2800,0.48243,28,9.27649,0,0,63584248842
31.9077,31.3404,6.11735,76,72,78,2355,2800,0.48243,28,9.27649,0,0,63615588753
31.1788,32.0731,6.11735,76,72,78,2355,2800,0.48243,28,9.27649,0,0,63647663391
31.1028,32.1515,6.11735,76,72,78,2355,2800,0.48243,28,9.27649,0,0,63679814854
31.1173,32.1364,6.11735,76,72,78,2355,2800,0.48243,28,9.27649,0,0,63711956990
33.4165,29.9253,8.03011,76,71,76,2444,2800,0.48243,34,9.27403,0,0,63741875944
32.7729,30.513,8.03011,76,71,76,2444,2800,0.48243,34,9.27403,0,0,63772388893
30.5737,32.7078,8.03011,76,71,76,2444,2800,0.48243,34,9.27403,0,0,63805097602
33.0915,30.2193,8.03011,76,71,76,2444,2800,0.48243,34,9.27403,0,0,63835316388
32.6605,30.618,8.03011,76,71,76,2444,2800,0.48243,34,9.27403,0,0,63865934765
34.8011,28.7347,8.03011,76,71,76,2444,2800,0.48243,34,9.27403,0,0,63894670880
32.7915,30.4957,8.03011,76,71,76,2444,2800,0.48243,34,9.27403,0,0,63925166927
33.5537,29.803,8.03011,76,71,76,2444,2800,0.48243,34,9.27403,0,0,63954970184
33.9539,29.4517,8.03011,76,71,76,2444,2800,0.48243,34,9.27403,0,0,63984421291
34.1337,29.2965,8.03011,76,71,76,2444,2800,0.48243,34,9.27403,0,0,64013719491
33.6581,29.7105,8.03011,76,71,76,2444,2800,0.48243,34,9.27403,0,0,64043429904
32.6769,30.6027,8.03011,76,71,76,2444,2800,0.48243,34,9.27403,0,0,64074032120
33.6771,29.6938,8.03011,76,71,76,2444,2800,0.48243,34,9.27403,0,0,64103726884
32.8191,30.4701,8.03011,76,71,76,2444,2800,0.48243,34,9.27403,0,0,64134195409
32.1027,31.15,8.03011,76,71,76,2444,2800,0.48243,34,9.27403,0,0,64165345924
35.0612,28.5216,8.03011,76,71,76,2444,2800,0.48243,34,9.27403,0,0,64193869621
32.106,31.1469,8.03011,76,71,76,2444,2800,0.48243,34,9.27403,0,0,64225017551
33.5357,29.819,7.89149,75,73,77,2259,2800,0.48243,27,9.27414,0,0,64254835596
32.9801,30.3214,7.89149,75,73,77,2259,2800,0.48243,27,9.27414,0,0,64285156424
31.5107,31.7353,7.89149,75,73,77,2259,2800,0.48243,27,9.27414,0,0,64316894131
33.0248,30.2803,7.89149,75,73,77,2259,2800,0.48243,27,9.27414,0,0,64347173572
33.653,29.7151,7.89149,75,73,77,2259,2800,0.48243,27,9.27414,0,0,64376889164
33.7592,29.6216,7.89149,75,73,77,2259,2800,0.48243,27,9.27414,0,0,64406510260
32.3702,30.8926,7.89149,75,73,77,2259,2800,0.48243,27,9.27414,0,0,64437401939
33.482,29.8668,7.89149,75,73,77,2259,2800,0.48243,27,9.27414,0,0,64467269707
23.4112,42.7146,7.89149,75,73,77,2259,2800,0.48243,27,9.27414,0,0,64509983688
33.5697,29.7887,7.89149,75,73,77,2259,2800,0.48243,27,9.27414,0,0,64539775093
33.0697,30.2391,7.89149,75,73,77,2259,2800,0.48243,27,9.27414,0,0,64570013497
32.9079,30.3878,7.89149,75,73,77,2259,2800,0.48243,27,9.27414,0,0,64600401491
31.1649,32.0874,7.89149,75,73,77,2259,2800,0.48243,27,9.27414,0,0,64632488784
31.5462,31.6996,7.89149,75,73,77,2259,2800,0.48243,27,9.27414,0,0,64664189641
33.103,30.2088,7.89149,75,73,77,2259,2800,0.48243,27,9.27414,0,0,64694396936
33.0975,30.2137,7.89149,75,73,77,2259,2800,0.48243,27,9.27414,0,0,64724613519
31.8661,31.3813,7.89149,75,73,77,2259,2800,0.48243,27,9.27414,0,0,64756002221
32.307,30.953,6.7938,74,75,75,2412,2800,0.48243,26,9.27269,0,0,64786947221
33.5187,29.8341,6.7938,74,75,75,2412,2800,0.48243,26,9.27269,0,0,64816781887
31.2774,31.972,6.7938,74,75,75,2412,2800,0.48243,26,9.27269,0,0,64848753693
34.9398,28.6206,6.7938,74,75,75,2412,2800,0.48243,26,9.27269,0,0,64877376004
32.7434,30.5405,6.7938,74,75,75,2412,2800,0.48243,26,9.27269,0,0,64907916855
35.1601,28.4413,6.7938,74,75,75,2412,2800,0.48243,26,9.27269,0,0,64936356785
32.765,30.5203,6.7938,74,75,75,2412,2800,0.48243,26,9.27269,0,0,64966878750
35.7577,27.966,6.7938,74,75,75,2412,2800,0.48243,26,9.27269,0,0,64994844741
35.5728,28.1113,6.7938,74,75,75,2412,2800,0.48243,26,9.27269,0,0,65022957737
33.6661,29.7035,6.7938,74,75,75,2412,2800,0.48243,26,9.27269,0,0,65052661036
35.78,27.9486,6.7938,74,75,75,2412,2800,0.48243,26,9.27269,0,0,65080608862
36.4881,27.4062,6.7938,74,75,75,2412,2800,0.48243,26,9.27269,0,0,65108016094
37.3718,26.7581,6.7938,74,75,75,2412,2800,0.48243,26,9.27269,0,0,65134775631
36.2342,27.5982,6.7938,74,75,75,2412,2800,0.48243,26,9.27269,0,0,65162372017
38.4888,25.9816,6.7938,74,75,75,2412,2800,0.48243,26,9.27269,0,0,65188353935
40.5518,24.6598,6.7938,74,75,75,2412,2800,0.48243,26,9.27269,0,0,65213014824
37.3533,26.7714,6.7938,74,75,75,2412,2800,0.48243,26,9.27269,0,0,65239788006
42.2538,23.6665,6.7938,74,75,75,2412,2800,0.48243,26,9.27269,0,0,65263461523
38.6253,25.8898,6.49189,73,72,74,2558,2800,0.48243,29,9.27656,0,0,65289344204
40.1064,24.9337,6.49189,73,72,74,2558,2800,0.48243,29,9.27656,0,0,65314278376
38.2841,26.1205,6.49189,73,72,74,2558,2800,0.48243,29,9.27656,0,0,65340400457
34.6007,28.9011,6.49189,73,72,74,2558,2800,0.48243,29,9.27656,0,0,65369301331
37.2616,26.8373,6.49189,73,72,74,2558,2800,0.48243,29,9.27656,0,0,65396139735
29.472,33.9305,6.49189,73,72,74,2558,2800,0.48243,29,9.27656,0,0,65430070457
40.1831,24.8861,6.49189,73,72,74,2558,2800,0.48243,29,9.27656,0,0,65454955707
41.2621,24.2353,6.49189,73,72,74,2558,2800,0.48243,29,9.27656,0,0,65479191869
37.4182,26.725,6.49189,73,72,74,2558,2800,0.48243,29,9.27656,0,0,65505917141
39.0668,25.5972,6.49189,73,72,74,2558,2800,0.48243,29,9.27656,0,0,65531515820
41.13,24.3131,6.49189,73,72,74,2558,2800,0.48243,29,9.27656,0,0,65555829708
38.7604,25.7995,6.49189,73,72,74,2558,2800,0.48243,29,9.27656,0,0,65581627620
36.8842,27.1119,6.49189,73,72,74,2558,2800,0.48243,29,9.27656,0,0,65608742073
37.4061,26.7336,6.49189,73,72,74,2558,2800,0.48243,29,9.27656,0,0,65635475120
37.1877,26.8906,6.49189,73,72,74,2558,2800,0.48243,29,9.27656,0,0,65662365071
39.4632,25.34,6.49189,73,72,74,2558,2800,0.48243,29,9.27656,0,0,65687705735
36.7402,27.2182,6.49189,73,72,74,2558,2800,0.48243,29,9.27656,0,0,65714923963
36.2154,27.6126,6.49189,73,72,74,2558,2800,0.48243,29,9.27656,0,0,65742537391
34.7904,28.7436,6.49189,73,72,74,2558,2800,0.48243,29,9.27656,0,0,65771288254
40.7278,24.5532,7.61548,73,71,73,2526,2800,0.48243,37,9.27492,0,0,65795833546
34.5452,28.9475,7.61548,73,71,73,2526,2800,0.48243,37,9.27492,0,0,65824783593
38.3519,26.0743,7.61548,73,71,73,2526,2800,0.48243,37,9.27492,0,0,65850858735
36.5038,27.3944,7.61548,73,71,73,2526,2800,0.48243,37,9.27492,0,0,65878251770
38.8244,25.757,7.61548,73,71,73,2526,2800,0.48243,37,9.27492,0,0,65904009958
35.5376,28.1392,7.61548,73,71,73,2526,2800,0.48243,37,9.27492,0,0,65932149504
34.7295,28.7939,7.61548,73,71,73,2526,2800,0.48243,37,9.27492,0,0,65960944690
36.4833,27.4098,7.61548,73,71,73,2526,2800,0.48243,37,9.27492,0,0,65988354597
39.9302,25.0437,7.61548,73,71,73,2526,2800,0.48243,37,9.27492,0,0,66013399196
38.7483,25.8076,7.61548,73,71,73,2526,2800,0.48243,37,9.27492,0,0,66039207247
34.9061,28.6483,7.61548,73,71,73,2526,2800,0.48243,37,9.27492,0,0,66067855147
37.6334,26.5721,7.61548,73,71,73,2526,2800,0.48243,37,9.27492,0,0,66094427211
39.2549,25.4746,7.61548,73,71,73,2526,2800,0.48243,37,9.27492,0,0,66119902869
35.1911,28.4163,7.61548,73,71,73,2526,2800,0.48243,37,9.27492,0,0,66148318623
36.587,27.3321,7.61548,73,71,73,2526,2800,0.48243,37,9.27492,0,0,66175651546
39.6782,25.2027,7.61548,73,71,73,2526,2800,0.48243,37,9.27492,0,0,66200855303
36.9046,27.0969,7.61548,73,71,73,2526,2800,0.48243,37,9.27492,0,0,66227952884
41.6732,23.9962,7.61548,73,71,73,2526,2800,0.48243,37,9.27492,0,0,66251946922
37.1235,26.9371,7.61548,73,71,73,2526,2800,0.48243,37,9.27492,0,0,66278890634
37.1976,26.8835,7.30198,74,72,74,2495,2800,0.48243,35,9.27413,0,0,66305770376
35.896,27.8583,7.30198,74,72,74,2495,2800,0.48243,35,9.27413,0,0,66333629175
34.0874,29.3364,7.30198,74,72,74,2495,2800,0.48243,35,9.27413,0,0,66362964515
32.4621,30.8052,7.30198,74,72,74,2495,2800,0.48243,35,9.27413,0,0,66393771205
35.701,28.0104,7.30198,74,72,74,2495,2800,0.48243,35,9.27413,0,0,66421781708
32.5702,30.7029,7.30198,74,72,74,2495,2800,0.48243,35,9.27413,0,0,66452483291
28.5181,35.0655,7.30198,74,72,74,2495,2800,0.48243,35,9.27413,0,0,66487550585
29.4161,33.995,7.30198,74,72,74,2495,2800,0.48243,35,9.27413,0,0,66521544514
33.3827,29.9556,7.30198,74,72,74,2495,2800,0.48243,35,9.27413,0,0,66551502101
33.5465,29.8094,7.30198,74,72,74,2495,2800,0.48243,35,9.27413,0,0,66581310037
35.2527,28.3667,7.30198,74,72,74,2495,2800,0.48243,35,9.27413,0,0,66609677901
36.6204,27.3072,7.30198,74,72,74,2495,2800,0.48243,35,9.27413,0,0,66636986198
36.0245,27.7589,7.30198,74,72,74,2495,2800,0.48243,35,9.27413,0,0,66664744107
35.2028,28.4069,7.30198,74,72,74,2495,2800,0.48243,35,9.27413,0,0,66693153139
36.9663,27.0517,7.30198,74,72,74,2495,2800,0.48243,35,9.27413,0,0,66720204202
34.3436,29.1175,7.30198,74,72,74,2495,2800,0.48243,35,9.27413,0,0,66749322344
33.441,29.9034,7.30198,74,72,74,2495,2800,0.48243,35,9.27413,0,0,66779227242
33.415,29.9267,7.1608,73,74,76,2341,2800,0.48243,27,9.27116,0,0,66809151957
31.4546,31.7919,7.1608,73,74,76,2341,2800,0.48243,27,9.27116,0,0,66840945399
35.1835,28.4224,7.1608,73,74,76,2341,2800,0.48243,27,9.27116,0,0,66869368867
36.176,27.6426,7.1608,73,74,76,2341,2800,0.48243,27,9.27116,0,0,66897011430
37.245,26.8493,7.1608,73,74,76,2341,2800,0.48243,27,9.27116,0,0,66923859693
36.4701,27.4198,7.1608,73,74,76,2341,2800,0.48243,27,9.27116,0,0,66951281022
34.6238,28.8819,7.1608,73,74,76,2341,2800,0.48243,27,9.27116,0,0,66980161638
36.6205,27.3071,7.1608,73,74,76,2341,2800,0.48243,27,9.27116,0,0,67007470084
35.8125,27.9232,7.1608,73,74,76,2341,2800,0.48243,27,9.27116,0,0,67035393394
35.4327,28.2226,7.1608,73,74,76,2341,2800,0.48243,27,9.27116,0,0,67063616146
38.9726,25.6591,7.1608,73,74,76,2341,2800,0.48243,27,9.27116,0,0,67089275609
35.3944,28.253,7.1608,73,74,76,2341,2800,0.48243,27,9.27116,0,0,67117529189
35.1901,28.4171,7.1608,73,74,76,2341,2800,0.48243,27,9.27116,0,0,67145946245
36.8642,27.1266,7.1608,73,74,76,2341,2800,0.48243,27,9.27116,0,0,67173072550
33.5935,29.7676,7.1608,73,74,76,2341,2800,0.48243,27,9.27116,0,0,67202841793
32.5513,30.7207,7.1608,73,74,76,2341,2800,0.48243,27,9.27116,0,0,67233561961
31.3405,31.9076,7.1608,73,74,76,2341,2800,0.48243,27,9.27116,0,0,67265470408
37.4654,26.6913,7.1608,73,74,76,2341,2800,0.48243,27,9.27116,0,0,67292173529
36.3191,27.5337,7.46634,73,72,75,2362,2800,0.48243,27,9.27553,0,0,67319696818
36.5829,27.3352,7.46634,73,72,75,2362,2800,0.48243,27,9.27553,0,0,67347032175
36.9301,27.0782,7.46634,73,72,75,2362,2800,0.48243,27,9.27553,0,0,67374110750
33.3489,29.986,7.46634,73,72,75,2362,2800,0.48243,27,9.27553,0,0,67404096350
35.8891,27.8636,7.46634,73,72,75,2362,2800,0.48243,27,9.27553,0,0,67431961160
34.8537,28.6914,7.46634,73,72,75,2362,2800,0.48243,27,9.27553,0,0,67460652812
33.7039,29.6702,7.46634,73,72,75,2362,2800,0.48243,27,9.27553,0,0,67490323751
35.1378,28.4594,7.46634,73,72,75,2362,2800,0.48243,27,9.27553,0,0,67518782766
36.307,27.5429,7.46634,73,72,75,2362,2800,0.48243,27,9.27553,0,0,67546327095
32.6159,30.6599,7.46634,73,72,75,2362,2800,0.48243,27,9.27553,0,0,67576986659
34.7191,28.8026,7.46634,73,72,75,2362,2800,0.48243,27,9.27553,0,0,67605788758
33.3385,29.9954,7.46634,73,72,75,2362,2800,0.48243,27,9.27553,0,0,67635785528
34.1277,29.3017,7.46634,73,72,75,2362,2800,0.48243,27,9.27553,0,0,67665085641
35.2558,28.3641,7.46634,73,72,75,2362,2800,0.48243,27,9.27553,0,0,67693449959
32.5926,30.6818,7.46634,73,72,75,2362,2800,0.48243,27,9.27553,0,0,67724134129
32.7745,30.5115,7.46634,73,72,75,2362,2800,0.48243,27,9.27553,0,0,67754646116
34.7183,28.8033,7.46634,73,72,75,2362,2800,0.48243,27,9.27553,0,0,67783449277
30.1128,33.2085,7.46634,73,72,75,2362,2800,0.48243,27,9.27553,0,0,67816663664
33.1772,30.1412,9.15663,73,72,76,2361,2800,0.48243,26,9.2744,0,0,67846798664
35.2597,28.361,9.15663,73,72,76,2361,2800,0.48243,26,9.2744,0,0,67875159454
35.798,27.9345,9.15663,73,72,76,2361,2800,0.48243,26,9.2744,0,0,67903094997
33.1454,30.1701,9.15663,73,72,76,2361,2800,0.48243,26,9.2744,0,0,67933266375
36.2074,27.6187,9.15663,73,72,76,2361,2800,0.48243,26,9.2744,0,0,67960884984
32.859,30.433,9.15663,73,72,76,2361,2800,0.48243,26,9.2744,0,0,67991318043
36.0929,27.7063,9.15663,73,72,76,2361,2800,0.48243,26,9.2744,0,0,68019024626
35.5987,28.0909,9.15663,73,72,76,2361,2800,0.48243,26,9.2744,0,0,68047117033
35.183,28.4229,9.15663,73,72,76,2361,2800,0.48243,26,9.2744,0,0,68075540031
35.8567,27.8888,9.15663,73,72,76,2361,2800,0.48243,26,9.2744,0,0,68103428386
35.2766,28.3474,9.15663,73,72,76,2361,2800,0.48243,26,9.2744,0,0,68131776833
28.6404,34.9157,9.15663,73,72,76,2361,2800,0.48243,26,9.2744,0,0,68166692272
32.8222,30.4671,9.15663,73,72,76,2361,2800,0.48243,26,9.2744,0,0,68197159886
36.9013,27.0993,9.15663,73,72,76,2361,2800,0.48243,26,9.2744,0,0,68224260572
35.03,28.5469,9.15663,73,72,76,2361,2800,0.48243,26,9.2744,0,0,68252810188
33.1346,30.1799,9.15663,73,72,76,2361,2800,0.48243,26,9.2744,0,0,68282988408
32.7528,30.5318,9.15663,73,72,76,2361,2800,0.48243,26,9.2744,0,0,68313519080
33.5834,29.7766,9.15663,73,72,76,2361,2800,0.48243,26,9.2744,0,0,68343304103
33.7896,29.5949,6.60264,73,73,76,2225,2800,0.48243,30,9.27579,0,0,68372892257
36.1861,27.6349,6.60264,73,73,76,2225,2800,0.48243,30,9.27579,0,0,68400528118
37.4323,26.7149,6.60264,73,73,76,2225,2800,0.48243,30,9.27579,0,0,68427243331
32.1551,31.0992,6.60264,73,73,76,2225,2800,0.48243,30,9.27579,0,0,68458341859
32.9013,30.394,6.60264,73,73,76,2225,2800,0.48243,30,9.27579,0,0,68488734973
32.4239,30.8415,6.60264,73,73,76,2225,2800,0.48243,30,9.27579,0,0,68519577350
34.3124,29.144,6.60264,73,73,76,2225,2800,0.48243,30,9.27579,0,0,68548723023
35.5538,28.1264,6.60264,73,73,76,2225,2800,0.48243,30,9.27579,0,0,68576850717
34.001,29.4109,6.60264,73,73,76,2225,2800,0.48243,30,9.27579,0,0,68606260255
35.2551,28.3647,6.60264,73,73,76,2225,2800,0.48243,30,9.27579,0,0,68634626116
33.6211,29.7432,6.60264,73,73,76,2225,2800,0.48243,30,9.27579,0,0,68664369220
37.6476,26.5621,6.60264,73,73,76,2225,2800,0.48243,30,9.27579,0,0,68690931797
34.9865,28.5824,6.60264,73,73,76,2225,2800,0.48243,30,9.27579,0,0,68719513102
35.4851,28.1808,6.60264,73,73,76,2225,2800,0.48243,30,9.27579,0,0,68747694807
33.523,29.8302,6.60264,73,73,76,2225,2800,0.48243,30,9.27579,0,0,68777525585
34.4232,29.0502,6.60264,73,73,76,2225,2800,0.48243,30,9.27579,0,0,68806577413
34.401,29.0689,6.60264,73,73,76,2225,2800,0.48243,30,9.27579,0,0,68835646513
33.3733,29.964,6.60264,73,73,76,2225,2800,0.48243,30,9.27579,0,0,68865614790
33.1426,30.1726,6.66667,73,74,76,2389,2800,0.48243,36,9.27649,0,0,68895781809
35.8262,27.9125,6.66667,73,74,76,2389,2800,0.48243,36,9.27649,0,0,68923696443
33.1133,30.1994,6.66667,73,74,76,2389,2800,0.48243,36,9.27649,0,0,68953895904
33.3854,29.9532,6.66667,73,74,76,2389,2800,0.48243,36,9.27649,0,0,68983851136
34.9175,28.6389,6.66667,73,74,76,2389,2800,0.48243,36,9.27649,0,0,69012489838
33.3918,29.9474,6.66667,73,74,76,2389,2800,0.48243,36,9.27649,0,0,69042437376
31.7159,31.5299,6.66667,73,74,76,2389,2800,0.48243,36,9.27649,0,0,69073966311
25.6241,39.0258,6.66667,73,74,76,2389,2800,0.48243,36,9.27649,0,0,69112994296
34.5302,28.9602,6.66667,73,74,76,2389,2800,0.48243,36,9.27649,0,0,69141954702
35.432,28.2231,6.66667,73,74,76,2389,2800,0.48243,36,9.27649,0,0,69170177654
35.5217,28.1518,6.66667,73,74,76,2389,2800,0.48243,36,9.27649,0,0,69198329553
34.4235,29.05,6.66667,73,74,76,2389,2800,0.48243,36,9.27649,0,0,69227380900
35.5796,28.106,6.66667,73,74,76,2389,2800,0.48243,36,9.27649,0,0,69255485209
35.1922,28.4154,6.66667,73,74,76,2389,2800,0.48243,36,9.27649,0,0,69283901985
35.2096,28.4013,6.66667,73,74,76,2389,2800,0.48243,36,9.27649,0,0,69312303382
35.5012,28.168,6.66667,73,74,76,2389,2800,0.48243,36,9.27649,0,0,69340471311
34.4704,29.0104,6.66667,73,74,76,2389,2800,0.48243,36,9.27649,0,0,69369488304
31.9076,31.3405,6.28931,72,71,75,2468,2800,0.48243,26,9.27629,0,0,69400824407
32.0964,31.1561,6.28931,72,71,75,2468,2800,0.48243,26,9.27629,0,0,69431980111
31.3364,31.9118,6.28931,72,71,75,2468,2800,0.48243,26,9.27629,0,0,69463892496
35.99,27.7855,6.28931,72,71,75,2468,2800,0.48243,26,9.27629,0,0,69491677727
37.1978,26.8833,6.28931,72,71,75,2468,2800,0.48243,26,9.27629,0,0,69518562268
35.404,28.2454,6.28931,72,71,75,2468,2800,0.48243,26,9.27629,0,0,69546807963
34.574,28.9234,6.28931,72,71,75,2468,2800,0.48243,26,9.27629,0,0,69575731299
35.4503,28.2085,6.28931,72,71,75,2468,2800,0.48243,26,9.27629,0,0,69603939684
33.4784,29.87,6.28931,72,71,75,2468,2800,0.48243,26,9.27629,0,0,69633810588
37.9166,26.3737,6.28931,72,71,75,2468,2800,0.48243,26,9.27629,0,0,69660183349
33.6642,29.7051,6.28931,72,71,75,2468,2800,0.48243,26,9.27629,0,0,69689889364
32.7606,30.5245,6.28931,72,71,75,2468,2800,0.48243,26,9.27629,0,0,69720413434
36.5653,27.3484,6.28931,72,71,75,2468,2800,0.48243,26,9.27629,0,0,69747763368
27.0777,36.9308,6.28931,72,71,75,2468,2800,0.48243,26,9.27629,0,0,69784692415
32.4618,30.8055,6.28931,72,71,75,2468,2800,0.48243,26,9.27629,0,0,69815499976
34.5245,28.9649,6.28931,72,71,75,2468,2800,0.48243,26,9.27629,0,0,69844466203
36.0218,27.761,6.28931,72,71,75,2468,2800,0.48243,26,9.27629,0,0,69872231347
35.5266,28.1479,9.06801,72,72,76,2297,2800,0.48243,27,9.27443,0,0,69900373487
36.005,27.7739,9.06801,72,72,76,2297,2800,0.48243,27,9.27443,0,0,69928148209
35.094,28.4949,9.06801,72,72,76,2297,2800,0.48243,27,9.27443,0,0,69956644253
35.4128,28.2384,9.06801,72,72,76,2297,2800,0.48243,27,9.27443,0,0,69984883165
34.484,28.999,9.06801,72,72,76,2297,2800,0.48243,27,9.27443,0,0,70013882484
35.4204,28.2323,9.06801,72,72,76,2297,2800,0.48243,27,9.27443,0,0,70042115936
34.604,28.8984,9.06801,72,72,76,2297,2800,0.48243,27,9.27443,0,0,70071013434
33.6996,29.6739,9.06801,72,72,76,2297,2800,0.48243,27,9.27443,0,0,70100686928
31.4577,31.7887,9.06801,72,72,76,2297,2800,0.48243,27,9.27443,0,0,70132476211
36.8852,27.1112,9.06801,72,72,76,2297,2800,0.48243,27,9.27443,0,0,70159587658
35.4921,28.1753,9.06801,72,72,76,2297,2800,0.48243,27,9.27443,0,0,70187762881
34.4361,29.0393,9.06801,72,72,76,2297,2800,0.48243,27,9.27443,0,0,70216804439
34.5605,28.9347,9.06801,72,72,76,2297,2800,0.48243,27,9.27443,0,0,70245738155
36.4195,27.4578,9.06801,72,72,76,2297,2800,0.48243,27,9.27443,0,0,70273197274
34.6866,28.8296,9.06801,72,72,76,2297,2800,0.48243,27,9.27443,0,0,70302026504
34.9674,28.598,9.06801,72,72,76,2297,2800,0.48243,27,9.27443,0,0,70330624249
38.7996,25.7734,9.06801,72,72,76,2297,2800,0.48243,27,9.27443,0,0,70356399519
32.7865,30.5004,9.06801,72,72,76,2297,2800,0.48243,27,9.27443,0,0,70386906116
35.1741,28.43,6.38821,73,73,77,2298,2800,0.48243,30,9.27464,0,0,70415330506
34.6226,28.8829,6.38821,73,73,77,2298,2800,0.48243,30,9.27464,0,0,70444214058
29.4004,34.0131,6.38821,73,73,77,2298,2800,0.48243,30,9.27464,0,0,70478226883
33.7525,29.6274,6.38821,73,73,77,2298,2800,0.48243,30,9.27464,0,0,70507855202
30.6804,32.5941,6.38821,73,73,77,2298,2800,0.48243,30,9.27464,0,0,70540448604
32.4361,30.8298,6.38821,73,73,77,2298,2800,0.48243,30,9.27464,0,0,70571279650
34.689,28.8276,6.38821,73,73,77,2298,2800,0.48243,30,9.27464,0,0,70600107878
34.7123,28.8082,6.38821,73,73,77,2298,2800,0.48243,30,9.27464,0,0,70628914575
30.9021,32.3603,6.38821,73,73,77,2298,2800,0.48243,30,9.27464,0,0,70661276513
33.7522,29.6277,6.38821,73,73,77,2298,2800,0.48243,30,9.27464,0,0,70690904472
34.0038,29.4085,6.38821,73,73,77,2298,2800,0.48243,30,9.27464,0,0,70720314371
35.9693,27.8015,6.38821,73,73,77,2298,2800,0.48243,30,9.27464,0,0,70748115572
31.5322,31.7136,6.38821,73,73,77,2298,2800,0.48243,30,9.27464,0,0,70779829424
34.097,29.3281,6.38821,73,73,77,2298,2800,0.48243,30,9.27464,0,0,70809157620
34.8023,28.7337,6.38821,73,73,77,2298,2800,0.48243,30,9.27464,0,0,70837891741
33.1903,30.1293,6.38821,73,73,77,2298,2800,0.48243,30,9.27464,0,0,70868020529
33.4254,29.9174,6.38821,73,73,77,2298,2800,0.48243,30,9.27464,0,0,70897944904
28.6704,34.8792,6.5513,73,73,78,2254,2800,0.48243,27,9.27259,0,0,70932817753
28.0248,35.6827,6.5513,73,73,78,2254,2800,0.48243,27,9.27259,0,0,70968500691
32.839,30.4516,6.5513,73,73,78,2254,2800,0.48243,27,9.27259,0,0,70998953137
33.9983,29.4133,6.5513,73,73,78,2254,2800,0.48243,27,9.27259,0,0,71028366773
33.5385,29.8164,6.5513,73,73,78,2254,2800,0.48243,27,9.27259,0,0,71058183385
29.2703,34.1643,6.5513,73,73,78,2254,2800,0.48243,27,9.27259,0,0,71092348166
31.3678,31.8798,6.5513,73,73,78,2254,2800,0.48243,27,9.27259,0,0,71124227889
34.4934,28.9911,6.5513,73,73,78,2254,2800,0.48243,27,9.27259,0,0,71153220725
32.5822,30.6916,6.5513,73,73,78,2254,2800,0.48243,27,9.27259,0,0,71183913472
30.0392,33.2899,6.5513,73,73,78,2254,2800,0.48243,27,9.27259,0,0,71217202188
32.8549,30.4368,6.5513,73,73,78,2254,2800,0.48243,27,9.27259,0,0,71247638143
31.298,31.951,6.5513,73,73,78,2254,2800,0.48243,27,9.27259,0,0,71279590272
32.8215,30.4678,6.5513,73,73,78,2254,2800,0.48243,27,9.27259,0,0,71310058917
30.8762,32.3874,6.5513,73,73,78,2254,2800,0.48243,27,9.27259,0,0,71342446493
33.2665,30.0602,6.5513,73,73,78,2254,2800,0.48243,27,9.27259,0,0,71372506031
32.3648,30.8977,6.5513,73,73,78,2254,2800,0.48243,27,9.27259,0,0,71403408321
33.1346,30.18,6.77541,72,71,79,2245,2800,0.48243,27,9.26193,0,0,71433585489
31.536,31.7098,6.77541,72,71,79,2245,2800,0.48243,27,9.26193,0,0,71465296676
25.3136,39.5045,6.77541,72,71,79,2245,2800,0.48243,27,9.26193,0,0,71504800795
30.8248,32.4415,6.77541,72,71,79,2245,2800,0.48243,27,9.26193,0,0,71537242472
33.1231,30.1904,6.77541,72,71,79,2245,2800,0.48243,27,9.26193,0,0,71567433016
32.3281,30.9328,6.77541,72,71,79,2245,2800,0.48243,27,9.26193,0,0,71598365973
33.5171,29.8355,6.77541,72,71,79,2245,2800,0.48243,27,9.26193,0,0,71628202913
32.0123,31.238,6.77541,72,71,79,2245,2800,0.48243,27,9.26193,0,0,71659440782
31.1574,32.0951,6.77541,72,71,79,2245,2800,0.48243,27,9.26193,0,0,71691537372
31.2333,32.0171,6.77541,72,71,79,2245,2800,0.48243,27,9.26193,0,0,71723551588
29.8754,33.4723,6.77541,72,71,79,2245,2800,0.48243,27,9.26193,0,0,71757024440
28.9861,34.4992,6.77541,72,71,79,2245,2800,0.48243,27,9.26193,0,0,71791524730
30.5888,32.6917,6.77541,72,71,79,2245,2800,0.48243,27,9.26193,0,0,71824216426
32.6057,30.6695,6.77541,72,71,79,2245,2800,0.48243,27,9.26193,0,0,71854886921
34.2574,29.1908,6.77541,72,71,79,2245,2800,0.48243,27,9.26193,0,0,71884077238
33.7771,29.6058,6.77541,72,71,79,2245,2800,0.48243,27,9.26193,0,0,71913691561
33.1756,30.1426,8.95522,73,72,78,2250,2800,0.48243,32,9.26223,0,0,71943827202
32.9179,30.3786,8.95522,73,72,78,2250,2800,0.48243,32,9.26223,0,0,71974206269
33.7586,29.6221,8.95522,73,72,78,2250,2800,0.48243,32,9.26223,0,0,72003828667
32.8909,30.4036,8.95522,73,72,78,2250,2800,0.48243,32,9.26223,0,0,72034233202
32.0772,31.1748,8.95522,73,72,78,2250,2800,0.48243,32,9.26223,0,0,72065406360
34.8607,28.6856,8.95522,73,72,78,2250,2800,0.48243,32,9.26223,0,0,72094093493
33.175,30.1432,8.95522,73,72,78,2250,2800,0.48243,32,9.26223,0,0,72124237580
32.2217,31.035,8.95522,73,72,78,2250,2800,0.48243,32,9.26223,0,0,72155273430
33.7329,29.6447,8.95522,73,72,78,2250,2800,0.48243,32,9.26223,0,0,72184917098
33.5183,29.8344,8.95522,73,72,78,2250,2800,0.48243,32,9.26223,0,0,72214751914
33.919,29.482,8.95522,73,72,78,2250,2800,0.48243,32,9.26223,0,0,72244234750
32.0573,31.1942,8.95522,73,72,78,2250,2800,0.48243,32,9.26223,0,0,72275427164
32.5738,30.6995,8.95522,73,72,78,2250,2800,0.48243,32,9.26223,0,0,72306128726
32.9251,30.372,8.95522,73,72,78,2250,2800,0.48243,32,9.26223,0,0,72336499809
32.9052,30.3903,8.95522,73,72,78,2250,2800,0.48243,32,9.26223,0,0,72366889777
35.7193,27.996,8.95522,73,72,78,2250,2800,0.48243,32,9.26223,0,0,72394888038
32.7487,30.5356,8.95522,73,72,78,2250,2800,0.48243,32,9.26223,0,0,72425427546
32.7766,30.5096,6.31188,73,75,78,2239,2800,0.48243,34,9.26126,0,0,72455934534
33.0176,30.2869,6.31188,73,75,78,2239,2800,0.48243,34,9.26126,0,0,72486220577
33.2133,30.1084,6.31188,73,75,78,2239,2800,0.48243,34,9.26126,0,0,72516330279
31.0959,32.1586,6.31188,73,75,78,2239,2800,0.48243,34,9.26126,0,0,72548488545
32.8041,30.484,6.31188,73,75,78,2239,2800,0.48243,34,9.26126,0,0,72578972770
28.7956,34.7275,6.31188,73,75,78,2239,2800,0.48243,34,9.26126,0,0,72613701418
33.7119,29.6631,6.31188,73,75,78,2239,2800,0.48243,34,9.26126,0,0,72643365645
33.3825,29.9558,6.31188,73,75,78,2239,2800,0.48243,34,9.26126,0,0,72673321027
36.6704,27.27,6.31188,73,75,78,2239,2800,0.48243,34,9.26126,0,0,72700590581
36.7576,27.2053,6.31188,73,75,78,2239,2800,0.48243,34,9.26126,0,0,72727796926
37.382,26.7509,6.31188,73,75,78,2239,2800,0.48243,34,9.26126,0,0,72754548177
36.0059,27.7732,6.31188,73,75,78,2239,2800,0.48243,34,9.26126,0,0,72782321445
36.9052,27.0964,6.31188,73,75,78,2239,2800,0.48243,34,9.26126,0,0,72809418986
38.032,26.2936,6.31188,73,75,78,2239,2800,0.48243,34,9.26126,0,0,72835712428
34.9518,28.6108,6.31188,73,75,78,2239,2800,0.48243,34,9.26126,0,0,72864323489
42.8173,23.3551,6.31188,73,75,78,2239,2800,0.48243,34,9.26126,0,0,72887678207
36.3131,27.5383,6.31188,73,75,78,2239,2800,0.48243,34,9.26126,0,0,72915221043
39.5457,25.2872,6.31188,73,75,78,2239,2800,0.48243,34,9.26126,0,0,72940509400
33.7205,29.6555,6.26536,74,73,76,2371,2800,0.48243,28,9.26023,0,0,72970161403
38.2978,26.1112,6.26536,74,73,76,2371,2800,0.48243,28,9.26023,0,0,72996272804
39.6844,25.1988,6.26536,74,73,76,2371,2800,0.48243,28,9.26023,0,0,73021471111
37.3388,26.7818,6.26536,74,73,76,2371,2800,0.48243,28,9.26023,0,0,73048254192
40.9715,24.4072,6.26536,74,73,76,2371,2800,0.48243,28,9.26023,0,0,73072660694
38.0192,26.3025,6.26536,74,73,76,2371,2800,0.48243,28,9.26023,0,0,73098964886
41.355,24.1809,6.26536,74,73,76,2371,2800,0.48243,28,9.26023,0,0,73123145945
37.8365,26.4295,6.26536,74,73,76,2371,2800,0.48243,28,9.26023,0,0,73149576294
37.0108,27.0191,6.26536,74,73,76,2371,2800,0.48243,28,9.26023,0,0,73176594716
39.7378,25.1649,6.26536,74,73,76,2371,2800,0.48243,28,9.26023,0,0,73201758438
35.1284,28.467,6.26536,74,73,76,2371,2800,0.48243,28,9.26023,0,0,73230227893
42.0244,23.7957,6.26536,74,73,76,2371,2800,0.48243,28,9.26023,0,0,73254024571
36.7756,27.1919,6.26536,74,73,76,2371,2800,0.48243,28,9.26023,0,0,73281216228
35.1364,28.4605,6.26536,74,73,76,2371,2800,0.48243,28,9.26023,0,0,73309676987
34.3145,29.1422,6.26536,74,73,76,2371,2800,0.48243,28,9.26023,0,0,73338820416
31.1867,32.065,6.26536,74,73,76,2371,2800,0.48243,28,9.26023,0,0,73370883653
33.58,29.7796,6.26536,74,73,76,2371,2800,0.48243,28,9.26023,0,0,73400664929
36.5661,27.3477,6.26536,74,73,76,2371,2800,0.48243,28,9.26023,0,0,73428012349
33.6175,29.7464,6.26536,74,73,76,2371,2800,0.48243,28,9.26023,0,0,73457764210
31.9409,31.3078,6.74847,75,72,78,2305,2800,0.48243,31,9.25881,0,0,73489066670
34.6212,28.8841,6.74847,75,72,78,2305,2800,0.48243,31,9.25881,0,0,73517952546
34.6109,28.8927,6.74847,75,72,78,2305,2800,0.48243,31,9.25881,0,0,73546845475
32.1264,31.1271,6.74847,75,72,78,2305,2800,0.48243,31,9.25881,0,0,73577970933
32.5534,30.7187,6.74847,75,72,78,2305,2800,0.48243,31,9.25881,0,0,73608690550
28.9672,34.5218,6.74847,75,72,78,2305,2800,0.48243,31,9.25881,0,0,73643214374
32.4308,30.8349,6.74847,75,72,78,2305,2800,0.48243,31,9.25881,0,0,73674048726
36.0879,27.7101,6.74847,75,72,78,2305,2800,0.48243,31,9.25881,0,0,73701758285
32.6055,30.6696,6.74847,75,72,78,2305,2800,0.48243,31,9.25881,0,0,73732429080
38.8262,25.7558,6.74847,75,72,78,2305,2800,0.48243,31,9.25881,0,0,73758186276
34.664,28.8483,6.74847,75,72,78,2305,2800,0.48243,31,9.25881,0,0,73787034852
34.69,28.8267,6.74847,75,72,78,2305,2800,0.48243,31,9.25881,0,0,73815863390
34.0736,29.3482,6.74847,75,72,78,2305,2800,0.48243,31,9.25881,0,0,73845210231
36.3116,27.5394,6.74847,75,72,78,2305,2800,0.48243,31,9.25881,0,0,73872748038
35.8567,27.8888,6.74847,75,72,78,2305,2800,0.48243,31,9.25881,0,0,73900638066
35.9448,27.8204,6.74847,75,72,78,2305,2800,0.48243,31,9.25881,0,0,73928458913
35.9913,27.7845,6.74847,75,72,78,2305,2800,0.48243,31,9.25881,0,0,73956242862
36.1516,27.6613,6.74847,75,72,78,2305,2800,0.48243,31,9.25881,0,0,73983910683
35.1563,28.4444,8.88355,75,72,77,2334,2800,0.48243,33,9.2578,0,0,74012350933
38.1037,26.2442,8.88355,75,72,77,2334,2800,0.48243,33,9.2578,0,0,74038595042
36.2958,27.5514,8.88355,75,72,77,2334,2800,0.48243,33,9.2578,0,0,74066147126
38.9061,25.7029,8.88355,75,72,77,2334,2800,0.48243,33,9.2578,0,0,74091850531
35.7743,27.953,8.88355,75,72,77,2334,2800,0.48243,33,9.2578,0,0,74119804508
34.2711,29.1791,8.88355,75,72,77,2334,2800,0.48243,33,9.2578,0,0,74148982903
37.0257,27.0082,8.88355,75,72,77,2334,2800,0.48243,33,9.2578,0,0,74175992068
35.6653,28.0385,8.88355,75,72,77,2334,2800,0.48243,33,9.2578,0,0,74204029913
36.3557,27.506,8.88355,75,72,77,2334,2800,0.48243,33,9.2578,0,0,74231537303
40.4823,24.7021,8.88355,75,72,77,2334,2800,0.48243,33,9.2578,0,0,74256241583
33.1609,30.156,8.88355,75,72,77,2334,2800,0.48243,33,9.2578,0,0,74286396010
37.769,26.4767,8.88355,75,72,77,2334,2800,0.48243,33,9.2578,0,0,74312873467
38.2022,26.1765,8.88355,75,72,77,2334,2800,0.48243,33,9.2578,0,0,74339050330
36.2791,27.5641,8.88355,75,72,77,2334,2800,0.48243,33,9.2578,0,0,74366614096
38.4017,26.0405,8.88355,75,72,77,2334,2800,0.48243,33,9.2578,0,0,74392655635
37.0768,26.971,8.88355,75,72,77,2334,2800,0.48243,33,9.2578,0,0,74419625967
36.618,27.309,8.88355,75,72,77,2334,2800,0.48243,33,9.2578,0,0,74446934354
36.7972,27.176,8.88355,75,72,77,2334,2800,0.48243,33,9.2578,0,0,74474111654
37.7996,26.4553,8.88355,75,72,77,2334,2800,0.48243,33,9.2578,0,0,74500573232
38.5719,25.9256,7.0303,75,76,76,2422,2800,0.48243,30,9.25805,0,0,74526492772
36.0219,27.7609,7.0303,75,76,76,2422,2800,0.48243,30,9.25805,0,0,74554254259
38.3421,26.081,7.0303,75,76,76,2422,2800,0.48243,30,9.25805,0,0,74580335443
37.1969,26.884,7.0303,75,76,76,2422,2800,0.48243,30,9.25805,0,0,74607218661
31.3306,31.9177,7.0303,75,76,76,2422,2800,0.48243,30,9.25805,0,0,74639137989
37.0069,27.022,7.0303,75,76,76,2422,2800,0.48243,30,9.25805,0,0,74666160058
41.0431,24.3646,7.0303,75,76,76,2422,2800,0.48243,30,9.25805,0,0,74690526144
35.1364,28.4605,7.0303,75,76,76,2422,2800,0.48243,30,9.25805,0,0,74718985800
37.9364,26.3599,7.0303,75,76,76,2422,2800,0.48243,30,9.25805,0,0,74745345196
35.6576,28.0445,7.0303,75,76,76,2422,2800,0.48243,30,9.25805,0,0,74773389904
36.6641,27.2747,7.0303,75,76,76,2422,2800,0.48243,30,9.25805,0,0,74800665569
37.7179,26.5126,7.0303,75,76,76,2422,2800,0.48243,30,9.25805,0,0,74827179334
37.9364,26.3599,7.0303,75,76,76,2422,2800,0.48243,30,9.25805,0,0,74853539001
39.3369,25.4214,7.0303,75,76,76,2422,2800,0.48243,30,9.25805,0,0,74878960908
39.2032,25.5081,7.0303,75,76,76,2422,2800,0.48243,30,9.25805,0,0,74904470699
39.4917,25.3218,7.0303,75,76,76,2422,2800,0.48243,30,9.25805,0,0,74929792118
40.4052,24.7493,7.0303,75,76,76,2422,2800,0.48243,30,9.25805,0,0,74954542004
35.8209,27.9167,7.0303,75,76,76,2422,2800,0.48243,30,9.25805,0,0,74982458721
40.3308,24.795,7.0303,75,76,76,2422,2800,0.48243,30,9.25805,0,0,75007259974
38.0316,26.2939,6.81537,75,72,74,2509,2800,0.48243,27,9.2529,0,0,75033548437
42.2373,23.6758,6.81537,75,72,74,2509,2800,0.48243,27,9.2529,0,0,75057225139
37.4637,26.6925,6.81537,75,72,74,2509,2800,0.48243,27,9.2529,0,0,75083917339
41.484,24.1057,6.81537,75,72,74,2509,2800,0.48243,27,9.2529,0,0,75108024369
38.1155,26.2361,6.81537,75,72,74,2509,2800,0.48243,27,9.2529,0,0,75134260384
39.2192,25.4977,6.81537,75,72,74,2509,2800,0.48243,27,9.2529,0,0,75159757121
40.0893,24.9443,6.81537,75,72,74,2509,2800,0.48243,27,9.2529,0,0,75184703005
38.1481,26.2136,6.81537,75,72,74,2509,2800,0.48243,27,9.2529,0,0,75210917088
38.0449,26.2847,6.81537,75,72,74,2509,2800,0.48243,27,9.2529,0,0,75237201473
38.8782,25.7214,6.81537,75,72,74,2509,2800,0.48243,27,9.2529,0,0,75262923673
43.6696,22.8992,6.81537,75,72,74,2509,2800,0.48243,27,9.2529,0,0,75285824079
36.0619,27.7301,6.81537,75,72,74,2509,2800,0.48243,27,9.2529,0,0,75313553406
39.5172,25.3054,6.81537,75,72,74,2509,2800,0.48243,27,9.2529,0,0,75338861659
36.149,27.6633,6.81537,75,72,74,2509,2800,0.48243,27,9.2529,0,0,75366524040
41.495,24.0993,6.81537,75,72,74,2509,2800,0.48243,27,9.2529,0,0,75390623826
37.2654,26.8346,6.81537,75,72,74,2509,2800,0.48243,27,9.2529,0,0,75417458684
42.0684,23.7708,6.81537,75,72,74,2509,2800,0.48243,27,9.2529,0,0,75441227970
37.8538,26.4174,6.81537,75,72,74,2509,2800,0.48243,27,9.2529,0,0,75467646768
34.8872,28.6638,6.81537,75,72,74,2509,2800,0.48243,27,9.2529,0,0,75496311138
42.8763,23.3229,6.81537,75,72,74,2509,2800,0.48243,27,9.2529,0,0,75519644296
39.347,25.4149,5.4254,75,72,74,2504,2800,0.48243,34,9.25296,0,0,75545050554
37.6861,26.535,5.4254,75,72,74,2504,2800,0.48243,34,9.25296,0,0,75571586380
38.4969,25.9761,5.4254,75,72,74,2504,2800,0.48243,34,9.25296,0,0,75597561335
38.6821,25.8518,5.4254,75,72,74,2504,2800,0.48243,34,9.25296,0,0,75623415102
38.3326,26.0875,5.4254,75,72,74,2504,2800,0.48243,34,9.25296,0,0,75649502498
36.6693,27.2708,5.4254,75,72,74,2504,2800,0.48243,34,9.25296,0,0,75676774726
39.412,25.373,5.4254,75,72,74,2504,2800,0.48243,34,9.25296,0,0,75702145597
37.1233,26.9372,5.4254,75,72,74,2504,2800,0.48243,34,9.25296,0,0,75729085102
39.1337,25.5534,5.4254,75,72,74,2504,2800,0.48243,34,9.25296,0,0,75754636772
37.5754,26.6132,5.4254,75,72,74,2504,2800,0.48243,34,9.25296,0,0,75781252098
38.0913,26.2527,5.4254,75,72,74,2504,2800,0.48243,34,9.25296,0,0,75807504553
39.4461,25.3511,5.4254,75,72,74,2504,2800,0.48243,34,9.25296,0,0,75832854545
36.8505,27.1367,5.4254,75,72,74,2504,2800,0.48243,34,9.25296,0,0,75859993063
43.1422,23.1792,5.4254,75,72,74,2504,2800,0.48243,34,9.25296,0,0,75883171881
39.5957,25.2553,5.4254,75,72,74,2504,2800,0.48243,34,9.25296,0,0,75908428508
35.6638,28.0397,5.4254,75,72,74,2504,2800,0.48243,34,9.25296,0,0,75936467786
37.6296,26.5748,5.4254,75,72,74,2504,2800,0.48243,34,9.25296,0,0,75963043337
43.8888,22.7849,5.4254,75,72,74,2504,2800,0.48243,34,9.25296,0,0,75985826824
37.474,26.6852,5.4254,75,72,74,2504,2800,0.48243,34,9.25296,0,0,76012513303
40.6872,24.5778,5.4254,75,72,74,2504,2800,0.48243,34,9.25296,0,0,76037093401
33.9073,29.4922,7.34394,74,68,73,2522,2800,0.48243,21,9.25323,0,0,76066585254
44.656,22.3934,7.34394,74,68,73,2522,2800,0.48243,21,9.25323,0,0,76088978598
38.5499,25.9404,7.34394,74,68,73,2522,2800,0.48243,21,9.25323,0,0,76114917686
39.093,25.5801,7.34394,74,68,73,2522,2800,0.48243,21,9.25323,0,0,76140498140
37.9203,26.3711,7.34394,74,68,73,2522,2800,0.48243,21,9.25323,0,0,76166870600
37.9044,26.3822,7.34394,74,68,73,2522,2800,0.48243,21,9.25323,0,0,76193252088
41.1837,24.2814,7.34394,74,68,73,2522,2800,0.48243,21,9.25323,0,0,76217533795
37.6836,26.5368,7.34394,74,68,73,2522,2800,0.48243,21,9.25323,0,0,76244072257
40.0504,24.9685,7.34394,74,68,73,2522,2800,0.48243,21,9.25323,0,0,76269041555
35.7606,27.9637,7.34394,74,68,73,2522,2800,0.48243,21,9.25323,0,0,76297005441
43.8061,22.8279,7.34394,74,68,73,2522,2800,0.48243,21,9.25323,0,0,76319832329
37.7197,26.5113,7.34394,74,68,73,2522,2800,0.48243,21,9.25323,0,0,76346343299
38.3081,26.1041,7.34394,74,68,73,2522,2800,0.48243,21,9.25323,0,0,76372450532
36.9619,27.0549,7.34394,74,68,73,2522,2800,0.48243,21,9.25323,0,0,76399504691
42.7914,23.3692,7.34394,74,68,73,2522,2800,0.48243,21,9.25323,0,0,76422875230
37.2443,26.8497,7.34394,74,68,73,2522,2800,0.48243,21,9.25323,0,0,76449724484
40.4433,24.726,7.34394,74,68,73,2522,2800,0.48243,21,9.25323,0,0,76474450496
37.8484,26.4212,7.34394,74,68,73,2522,2800,0.48243,21,9.25323,0,0,76500872409
34.9654,28.5997,7.34394,74,68,73,2522,2800,0.48243,21,9.25323,0,0,76529472819
44.3097,22.5684,7.34394,74,68,73,2522,2800,0.48243,21,9.25323,0,0,76552044188
38.8342,25.7505,4.90196,73,76,70,2293,2800,0.48243,36,9.25291,0,0,76577792828
39.8731,25.0795,4.90196,73,76,70,2293,2800,0.48243,36,9.25291,0,0,76602871080
35.5197,28.1534,4.90196,73,76,70,2293,2800,0.48243,36,9.25291,0,0,76631024923
44.5,22.4719,4.90196,73,76,70,2293,2800,0.48243,36,9.25291,0,0,76653497456
32.4415,30.8247,4.90196,73,76,70,2293,2800,0.48243,36,9.25291,0,0,76684322080
44.2207,22.6139,4.90196,73,76,70,2293,2800,0.48243,36,9.25291,0,0,76706935557
38.0563,26.2769,4.90196,73,76,70,2293,2800,0.48243,36,9.25291,0,0,76733213300
40.3815,24.7638,4.90196,73,76,70,2293,2800,0.48243,36,9.25291,0,0,76757979326
39.2328,25.4889,4.90196,73,76,70,2293,2800,0.48243,36,9.25291,0,0,76783467768
38.1556,26.2085,4.90196,73,76,70,2293,2800,0.48243,36,9.25291,0,0,76809677693
40.5982,24.6317,4.90196,73,76,70,2293,2800,0.48243,36,9.25291,0,0,76834309418
35.494,28.1737,4.90196,73,76,70,2293,2800,0.48243,36,9.25291,0,0,76862483198
42.2753,23.6545,4.90196,73,76,70,2293,2800,0.48243,36,9.25291,0,0,76886135555
37.9871,26.3247,4.90196,73,76,70,2293,2800,0.48243,36,9.25291,0,0,76912462009
40.1874,24.8834,4.90196,73,76,70,2293,2800,0.48243,36,9.25291,0,0,76937344904
34.3917,29.0768,4.90196,73,76,70,2293,2800,0.48243,36,9.25291,0,0,76966424003
41.3259,24.1979,4.90196,73,76,70,2293,2800,0.48243,36,9.25291,0,0,76990624258
38.3094,26.1033,4.90196,73,76,70,2293,2800,0.48243,36,9.25291,0,0,77016724768
40.1992,24.8761,4.90196,73,76,70,2293,2800,0.48243,36,9.25291,0,0,77041601782
39.6106,25.2458,4.90196,73,76,70,2293,2800,0.48243,36,9.25291,0,0,77066848631
37.4049,26.7345,5.03686,71,68,68,2048,2800,0.48243,29,9.25541,0,0,77093589182
41.1849,24.2808,5.03686,71,68,68,2048,2800,0.48243,29,9.25541,0,0,77117862604
37.5109,26.6589,5.03686,71,68,68,2048,2800,0.48243,29,9.25541,0,0,77144523045
40.0702,24.9562,5.03686,71,68,68,2048,2800,0.48243,29,9.25541,0,0,77169478406
36.155,27.6587,5.03686,71,68,68,2048,2800,0.48243,29,9.25541,0,0,77197138422
41.5533,24.0655,5.03686,71,68,68,2048,2800,0.48243,29,9.25541,0,0,77221204135
39.4024,25.3792,5.03686,71,68,68,2048,2800,0.48243,29,9.25541,0,0,77246583872
38.8692,25.7273,5.03686,71,68,68,2048,2800,0.48243,29,9.25541,0,0,77272310551
37.7315,26.503,5.03686,71,68,68,2048,2800,0.48243,29,9.25541,0,0,77298814168
37.8698,26.4062,5.03686,71,68,68,2048,2800,0.48243,29,9.25541,0,0,77325221063
40.8518,24.4787,5.03686,71,68,68,2048,2800,0.48243,29,9.25541,0,0,77349701042
39.4491,25.3491,5.03686,71,68,68,2048,2800,0.48243,29,9.25541,0,0,77375048439
36.9605,27.0559,5.03686,71,68,68,2048,2800,0.48243,29,9.25541,0,0,77402105043
37.0703,26.9758,5.03686,71,68,68,2048,2800,0.48243,29,9.25541,0,0,77429082469
43.2001,23.1481,5.03686,71,68,68,2048,2800,0.48243,29,9.25541,0,0,77452231100
37.9126,26.3764,5.03686,71,68,68,2048,2800,0.48243,29,9.25541,0,0,77478607879
39.7377,25.165,5.03686,71,68,68,2048,2800,0.48243,29,9.25541,0,0,77503772774
36.5993,27.3229,5.03686,71,68,68,2048,2800,0.48243,29,9.25541,0,0,77531094796
40.7657,24.5304,5.03686,71,68,68,2048,2800,0.48243,29,9.25541,0,0,77555626202
37.0824,26.9669,5.03686,71,68,68,2048,2800,0.48243,29,9.25541,0,0,77582599379
40.7168,24.5599,4.41718,71,71,67,1978,2800,0.48243,15,9.25556,0,0,77607154590
36.4487,27.4358,4.41718,71,71,67,1978,2800,0.48243,15,9.25556,0,0,77634590005
37.0509,26.9899,4.41718,71,71,67,1978,2800,0.48243,15,9.25556,0,0,77661581396
42.298,23.6418,4.41718,71,71,67,1978,2800,0.48243,15,9.25556,0,0,77685222211
36.2481,27.5877,4.41718,71,71,67,1978,2800,0.48243,15,9.25556,0,0,77712811074
44.0711,22.6906,4.41718,71,71,67,1978,2800,0.48243,15,9.25556,0,0,77735503239
34.7383,28.7867,4.41718,71,71,67,1978,2800,0.48243,15,9.25556,0,0,77764287665
43.3107,23.089,4.41718,71,71,67,1978,2800,0.48243,15,9.25556,0,0,77787377286
36.5128,27.3876,4.41718,71,71,67,1978,2800,0.48243,15,9.25556,0,0,77814766113
41.7267,23.9654,4.41718,71,71,67,1978,2800,0.48243,15,9.25556,0,0,77838731888
37.0641,26.9803,4.41718,71,71,67,1978,2800,0.48243,15,9.25556,0,0,77865712029
36.9973,27.029,4.41718,71,71,67,1978,2800,0.48243,15,9.25556,0,0,77892742193
42.6504,23.4464,4.41718,71,71,67,1978,2800,0.48243,15,9.25556,0,0,77916188804
38.0433,26.2859,4.41718,71,71,67,1978,2800,0.48243,15,9.25556,0,0,77942473900
38.5117,25.9661,4.41718,71,71,67,1978,2800,0.48243,15,9.25556,0,0,77968440559
36.963,27.0541,4.41718,71,71,67,1978,2800,0.48243,15,9.25556,0,0,77995496823
43.3086,23.0901,4.41718,71,71,67,1978,2800,0.48243,15,9.25556,0,0,78018585502
37.7734,26.4736,4.41718,71,71,67,1978,2800,0.48243,15,9.25556,0,0,78045059453
39.0007,25.6406,4.41718,71,71,67,1978,2800,0.48243,15,9.25556,0,0,78070701022
36.0924,27.7067,4.41718,71,71,67,1978,2800,0.48243,15,9.25556,0,0,78098409599
41.8738,23.8813,6.85435,70,65,68,2012,2800,0.48243,38,9.25588,0,0,78122288691
36.8579,27.1313,6.85435,70,65,68,2012,2800,0.48243,38,9.25588,0,0,78149420646
40.8246,24.4951,6.85435,70,65,68,2012,2800,0.48243,38,9.25588,0,0,78173916185
34.6561,28.8549,6.85435,70,65,68,2012,2800,0.48243,38,9.25588,0,0,78202770953
37.0805,26.9683,6.85435,70,65,68,2012,2800,0.48243,38,9.25588,0,0,78229740544
41.1416,24.3063,6.85435,70,65,68,2012,2800,0.48243,38,9.25588,0,0,78254046868
35.9149,27.8436,6.85435,70,65,68,2012,2800,0.48243,38,9.25588,0,0,78281891159
38.9602,25.6672,6.85435,70,65,68,2012,2800,0.48243,38,9.25588,0,0,78307559018
37.1201,26.9396,6.85435,70,65,68,2012,2800,0.48243,38,9.25588,0,0,78334498221
43.6138,22.9285,6.85435,70,65,68,2012,2800,0.48243,38,9.25588,0,0,78357427993
36.5473,27.3618,6.85435,70,65,68,2012,2800,0.48243,38,9.25588,0,0,78384790270
38.2064,26.1736,6.85435,70,65,68,2012,2800,0.48243,38,9.25588,0,0,78410962334
38.1191,26.2335,6.85435,70,65,68,2012,2800,0.48243,38,9.25588,0,0,78437196806
35.0065,28.5661,6.85435,70,65,68,2012,2800,0.48243,38,9.25588,0,0,78465761379
36.5848,27.3338,6.85435,70,65,68,2012,2800,0.48243,38,9.25588,0,0,78493096526
37.6437,26.5649,6.85435,70,65,68,2012,2800,0.48243,38,9.25588,0,0,78519660505
37.4734,26.6856,6.85435,70,65,68,2012,2800,0.48243,38,9.25588,0,0,78546346694
34.9419,28.619,6.85435,70,65,68,2012,2800,0.48243,38,9.25588,0,0,78574965950
33.6373,29.7289,6.85435,70,65,68,2012,2800,0.48243,38,9.25588,0,0,78604700549
34.1913,29.2472,5.38847,70,72,75,2321,2800,0.48243,15,9.2547,0,0,78633942372
38.8648,25.7302,5.38847,70,72,75,2321,2800,0.48243,15,9.2547,0,0,78659673720
35.2018,28.4077,5.38847,70,72,75,2321,2800,0.48243,15,9.2547,0,0,78688080918
36.9793,27.0422,5.38847,70,72,75,2321,2800,0.48243,15,9.2547,0,0,78715123375
36.8181,27.1606,5.38847,70,72,75,2321,2800,0.48243,15,9.2547,0,0,78742283794
36.8116,27.1653,5.38847,70,72,75,2321,2800,0.48243,15,9.2547,0,0,78769449392
35.1292,28.4664,5.38847,70,72,75,2321,2800,0.48243,15,9.2547,0,0,78797917174
38.5268,25.956,5.38847,70,72,75,2321,2800,0.48243,15,9.2547,0,0,78823872963
37.24,26.8528,5.38847,70,72,75,2321,2800,0.48243,15,9.2547,0,0,78850727137
41.0641,24.3522,5.38847,70,72,75,2321,2800,0.48243,15,9.2547,0,0,78875078916
32.634,30.6429,5.38847,70,72,75,2321,2800,0.48243,15,9.2547,0,0,78905722430
37.4863,26.6764,5.38847,70,72,75,2321,2800,0.48243,15,9.2547,0,0,78932397818
38.9782,25.6554,5.38847,70,72,75,2321,2800,0.48243,15,9.2547,0,0,78958053574
36.9314,27.0772,5.38847,70,72,75,2321,2800,0.48243,15,9.2547,0,0,78985131839
39.5941,25.2563,5.38847,70,72,75,2321,2800,0.48243,15,9.2547,0,0,79010389117
36.0387,27.748,5.38847,70,72,75,2321,2800,0.48243,15,9.2547,0,0,79038137879
35.6962,28.0142,5.38847,70,72,75,2321,2800,0.48243,15,9.2547,0,0,79066150747
38.0379,26.2896,5.38847,70,72,75,2321,2800,0.48243,15,9.2547,0,0,79092440643
36.7621,27.202,5.38847,70,72,75,2321,2800,0.48243,15,9.2547,0,0,79119644343
37.5053,26.6629,6.61765,70,67,77,2285,2800,0.48243,31,9.25283,0,0,79146304974
35.9975,27.7797,6.61765,70,67,77,2285,2800,0.48243,31,9.25283,0,0,79174084815
35.5224,28.1512,6.61765,70,67,77,2285,2800,0.48243,31,9.25283,0,0,79202236052
34.6327,28.8745,6.61765,70,67,77,2285,2800,0.48243,31,9.25283,0,0,79231110888
36.2989,27.549,6.61765,70,67,77,2285,2800,0.48243,31,9.25283,0,0,79258659936
36.1489,27.6633,6.61765,70,67,77,2285,2800,0.48243,31,9.25283,0,0,79286323599
37.9409,26.3568,6.61765,70,67,77,2285,2800,0.48243,31,9.25283,0,0,79312690529
36.7379,27.2199,6.61765,70,67,77,2285,2800,0.48243,31,9.25283,0,0,79339902053
35.7954,27.9366,6.61765,70,67,77,2285,2800,0.48243,31,9.25283,0,0,79367837907
39.2068,25.5058,6.61765,70,67,77,2285,2800,0.48243,31,9.25283,0,0,79393344192
36.591,27.3291,6.61765,70,67,77,2285,2800,0.48243,31,9.25283,0,0,79420675261
38.8681,25.7281,6.61765,70,67,77,2285,2800,0.48243,31,9.25283,0,0,79446403743
36.6051,27.3186,6.61765,70,67,77,2285,2800,0.48243,31,9.25283,0,0,79473722519
33.0734,30.2358,6.61765,70,67,77,2285,2800,0.48243,31,9.25283,0,0,79503957646
34.8264,28.7138,6.61765,70,67,77,2285,2800,0.48243,31,9.25283,0,0,79532672231
36.9412,27.0701,6.61765,70,67,77,2285,2800,0.48243,31,9.25283,0,0,79559740958
36.1162,27.6884,6.61765,70,67,77,2285,2800,0.48243,31,9.25283,0,0,79587430319
37.5228,26.6505,6.61765,70,67,77,2285,2800,0.48243,31,9.25283,0,0,79614081572
34.2526,29.1949,6.61765,70,67,77,2285,2800,0.48243,31,9.25283,0,0,79643281387
33.1986,30.1217,6.62651,70,69,76,2266,2800,0.48243,30,9.25368,0,0,79673400968
32.3335,30.9276,6.62651,70,69,76,2266,2800,0.48243,30,9.25368,0,0,79704325419
31.3682,31.8794,6.62651,70,69,76,2266,2800,0.48243,30,9.25368,0,0,79736206905
31.5665,31.6791,6.62651,70,69,76,2266,2800,0.48243,30,9.25368,0,0,79767887114
33.1021,30.2096,6.62651,70,69,76,2266,2800,0.48243,30,9.25368,0,0,79798094720
31.9899,31.2598,6.62651,70,69,76,2266,2800,0.48243,30,9.25368,0,0,79829354230
35.1873,28.4193,6.62651,70,69,76,2266,2800,0.48243,30,9.25368,0,0,79857776827
33.9749,29.4335,6.62651,70,69,76,2266,2800,0.48243,30,9.25368,0,0,79887207895
34.734,28.7902,6.62651,70,69,76,2266,2800,0.48243,30,9.25368,0,0,79915997992
33.6865,29.6854,6.62651,70,69,76,2266,2800,0.48243,30,9.25368,0,0,79945683859
34.649,28.8608,6.62651,70,69,76,2266,2800,0.48243,30,9.25368,0,0,79974544888
33.4459,29.899,6.62651,70,69,76,2266,2800,0.48243,30,9.25368,0,0,80004443805
34.1329,29.2972,6.62651,70,69,76,2266,2800,0.48243,30,9.25368,0,0,80033741243
33.4931,29.8569,6.62651,70,69,76,2266,2800,0.48243,30,9.25368,0,0,80063600145
36.2715,27.5699,6.62651,70,69,76,2266,2800,0.48243,30,9.25368,0,0,80091171374
33.3627,29.9736,6.62651,70,69,76,2266,2800,0.48243,30,9.25368,0,0,80121143749
35.8397,27.902,6.62651,70,69,76,2266,2800,0.48243,30,9.25368,0,0,80149053203
34.698,28.8201,8.07062,71,71,72,2128,2800,0.48243,33,9.25365,0,0,80177867044
35.4925,28.1749,8.07062,71,71,72,2128,2800,0.48243,33,9.25365,0,0,80206042547
36.524,27.3793,8.07062,71,71,72,2128,2800,0.48243,33,9.25365,0,0,80233420875
38.3783,26.0564,8.07062,71,71,72,2128,2800,0.48243,33,9.25365,0,0,80259477863
36.4144,27.4616,8.07062,71,71,72,2128,2800,0.48243,33,9.25365,0,0,80286940289
38.6235,25.8909,8.07062,71,71,72,2128,2800,0.48243,33,9.25365,0,0,80312830384
38.2948,26.1132,8.07062,71,71,72,2128,2800,0.48243,33,9.25365,0,0,80338944810
37.6795,26.5396,8.07062,71,71,72,2128,2800,0.48243,33,9.25365,0,0,80365486728
39.3267,25.428,8.07062,71,71,72,2128,2800,0.48243,33,9.25365,0,0,80390914296
37.5164,26.655,8.07062,71,71,72,2128,2800,0.48243,33,9.25365,0,0,80417569236
39.1535,25.5405,8.07062,71,71,72,2128,2800,0.48243,33,9.25365,0,0,80443111609
38.1264,26.2285,8.07062,71,71,72,2128,2800,0.48243,33,9.25365,0,0,80469339408
38.6767,25.8553,8.07062,71,71,72,2128,2800,0.48243,33,9.25365,0,0,80495195680
38.4222,26.0266,8.07062,71,71,72,2128,2800,0.48243,33,9.25365,0,0,80521222372
39.0442,25.612,8.07062,71,71,72,2128,2800,0.48243,33,9.25365,0,0,80546835347
37.838,26.4285,8.07062,71,71,72,2128,2800,0.48243,33,9.25365,0,0,80573264894
37.219,26.868,8.07062,71,71,72,2128,2800,0.48243,33,9.25365,0,0,80600131482
41.1516,24.3004,8.07062,71,71,72,2128,2800,0.48243,33,9.25365,0,0,80624431985
36.5284,27.376,8.07062,71,71,72,2128,2800,0.48243,33,9.25365,0,0,80651811915
37.1671,26.9055,6.28141,70,75,76,2391,2800,0.48243,36,9.25418,0,0,80678715262
38.4692,25.9948,6.28141,70,75,76,2391,2800,0.48243,36,9.25418,0,0,80704709793
37.5014,26.6657,6.28141,70,75,76,2391,2800,0.48243,36,9.25418,0,0,80731376095
40.2132,24.8675,6.28141,70,75,76,2391,2800,0.48243,36,9.25418,0,0,80756244643
36.5535,27.3572,6.28141,70,75,76,2391,2800,0.48243,36,9.25418,0,0,80783599477
38.3997,26.0419,6.28141,70,75,76,2391,2800,0.48243,36,9.25418,0,0,80809643020
36.4096,27.4653,6.28141,70,75,76,2391,2800,0.48243,36,9.25418,0,0,80837107029
37.2874,26.8187,6.28141,70,75,76,2391,2800,0.48243,36,9.25418,0,0,80863926427
39.1997,25.5104,6.28141,70,75,76,2391,2800,0.48243,36,9.25418,0,0,80889436981
38.191,26.1842,6.28141,70,75,76,2391,2800,0.48243,36,9.25418,0,0,80915623532
35.9832,27.7908,6.28141,70,75,76,2391,2800,0.48243,36,9.25418,0,0,80943412360
35.3508,28.2879,6.28141,70,75,76,2391,2800,0.48243,36,9.25418,0,0,80971700344
36.1831,27.6372,6.28141,70,75,76,2391,2800,0.48243,36,9.25418,0,0,80999337517
37.0197,27.0127,6.28141,70,75,76,2391,2800,0.48243,36,9.25418,0,0,81026350660
36.0415,27.7458,6.28141,70,75,76,2391,2800,0.48243,36,9.25418,0,0,81054098411
33.346,29.9886,6.28141,70,75,76,2391,2800,0.48243,36,9.25418,0,0,81084086394
37.825,26.4376,6.28141,70,75,76,2391,2800,0.48243,36,9.25418,0,0,81110524558
35.4377,28.2186,6.28141,70,75,76,2391,2800,0.48243,36,9.25418,0,0,81138742270
35.5343,28.1418,6.28141,70,75,76,2391,2800,0.48243,36,9.25418,0,0,81166887327
36.6955,27.2513,6.25767,71,72,76,2270,2800,0.48243,25,9.25462,0,0,81194135690
35.3476,28.2905,6.25767,71,72,76,2270,2800,0.48243,25,9.25462,0,0,81222428323
37.0792,26.9693,6.25767,71,72,76,2270,2800,0.48243,25,9.25462,0,0,81249397413
35.8409,27.9011,6.25767,71,72,76,2270,2800,0.48243,25,9.25462,0,0,81277297339
36.3191,27.5337,6.25767,71,72,76,2270,2800,0.48243,25,9.25462,0,0,81304832301
35.2338,28.3818,6.25767,71,72,76,2270,2800,0.48243,25,9.25462,0,0,81333215644
35.9183,27.8409,6.25767,71,72,76,2270,2800,0.48243,25,9.25462,0,0,81361055037
34.9129,28.6427,6.25767,71,72,76,2270,2800,0.48243,25,9.25462,0,0,81389699991
36.3091,27.5413,6.25767,71,72,76,2270,2800,0.48243,25,9.25462,0,0,81417240472
37.1034,26.9517,6.25767,71,72,76,2270,2800,0.48243,25,9.25462,0,0,81444193572
34.8083,28.7288,6.25767,71,72,76,2270,2800,0.48243,25,9.25462,0,0,81472921372
35.9329,27.8297,6.25767,71,72,76,2270,2800,0.48243,25,9.25462,0,0,81500751747
30.4458,32.8452,6.25767,71,72,76,2270,2800,0.48243,25,9.25462,0,0,81533596822
37.1468,26.9202,6.25767,71,72,76,2270,2800,0.48243,25,9.25462,0,0,81560517621
34.4626,29.017,6.25767,71,72,76,2270,2800,0.48243,25,9.25462,0,0,81589535535
29.5367,33.8562,6.25767,71,72,76,2270,2800,0.48243,25,9.25462,0,0,81623390444
33.2787,30.0493,6.25767,71,72,76,2270,2800,0.48243,25,9.25462,0,0,81653439753
34.8252,28.7148,6.25767,71,72,76,2270,2800,0.48243,25,9.25462,0,0,81682157143
28.8554,34.6555,7.33496,72,70,75,2412,2800,0.48243,27,9.25448,0,0,81716813335
34.4512,29.0266,7.33496,72,70,75,2412,2800,0.48243,27,9.25448,0,0,81745837801
33.419,29.9231,7.33496,72,70,75,2412,2800,0.48243,27,9.25448,0,0,81775763227
34.1399,29.2913,7.33496,72,70,75,2412,2800,0.48243,27,9.25448,0,0,81805053452
34.6731,28.8408,7.33496,72,70,75,2412,2800,0.48243,27,9.25448,0,0,81833895175
37.5038,26.664,7.33496,72,70,75,2412,2800,0.48243,27,9.25448,0,0,81860558351
35.6533,28.0479,7.33496,72,70,75,2412,2800,0.48243,27,9.25448,0,0,81888607297
36.5631,27.35,7.33496,72,70,75,2412,2800,0.48243,27,9.25448,0,0,81915956019
36.5343,27.3715,7.33496,72,70,75,2412,2800,0.48243,27,9.25448,0,0,81943328826
36.5693,27.3454,7.33496,72,70,75,2412,2800,0.48243,27,9.25448,0,0,81970675224
36.3033,27.5457,7.33496,72,70,75,2412,2800,0.48243,27,9.25448,0,0,81998222388
36.9247,27.0821,7.33496,72,70,75,2412,2800,0.48243,27,9.25448,0,0,82025302286
35.2086,28.4021,7.33496,72,70,75,2412,2800,0.48243,27,9.25448,0,0,82053705416
38.1445,26.2161,7.33496,72,70,75,2412,2800,0.48243,27,9.25448,0,0,82079920762
36.6946,27.252,7.33496,72,70,75,2412,2800,0.48243,27,9.25448,0,0,82107172782
35.7195,27.9959,7.33496,72,70,75,2412,2800,0.48243,27,9.25448,0,0,82135170582
38.9654,25.6638,7.33496,72,70,75,2412,2800,0.48243,27,9.25448,0,0,82160833211
36.4788,27.4132,7.33496,72,70,75,2412,2800,0.48243,27,9.25448,0,0,82188249229
37.0451,26.9941,8.46824,71,72,76,2383,2800,0.48243,30,9.25436,0,0,82215242574
36.1646,27.6514,8.46824,71,72,76,2383,2800,0.48243,30,9.25436,0,0,82242893543
35.9761,27.7962,8.46824,71,72,76,2383,2800,0.48243,30,9.25436,0,0,82270691017
35.9669,27.8034,8.46824,71,72,76,2383,2800,0.48243,30,9.25436,0,0,82298494252
37.9609,26.3429,8.46824,71,72,76,2383,2800,0.48243,30,9.25436,0,0,82324836726
36.0108,27.7695,8.46824,71,72,76,2383,2800,0.48243,30,9.25436,0,0,82352606919
38.0055,26.312,8.46824,71,72,76,2383,2800,0.48243,30,9.25436,0,0,82378918074
35.6777,28.0287,8.46824,71,72,76,2383,2800,0.48243,30,9.25436,0,0,82406948045
36.916,27.0885,8.46824,71,72,76,2383,2800,0.48243,30,9.25436,0,0,82434035947
36.1669,27.6496,8.46824,71,72,76,2383,2800,0.48243,30,9.25436,0,0,82461687958
36.9185,27.0867,8.46824,71,72,76,2383,2800,0.48243,30,9.25436,0,0,82488773306
38.1618,26.2042,8.46824,71,72,76,2383,2800,0.48243,30,9.25436,0,0,82514979304
36.8815,27.1139,8.46824,71,72,76,2383,2800,0.48243,30,9.25436,0,0,82542093276
37.4579,26.6966,8.46824,71,72,76,2383,2800,0.48243,30,9.25436,0,0,82568788963
39.755,25.1541,8.46824,71,72,76,2383,2800,0.48243,30,9.25436,0,0,82593944490
39.0145,25.6315,8.46824,71,72,76,2383,2800,0.48243,30,9.25436,0,0,82619576361
40.5652,24.6517,8.46824,71,72,76,2383,2800,0.48243,30,9.25436,0,0,82644228303
39.1391,25.5499,8.46824,71,72,76,2383,2800,0.48243,30,9.25436,0,0,82669778591
37.0242,27.0093,8.46824,71,72,76,2383,2800,0.48243,30,9.25436,0,0,82696792545
28.4551,35.1431,6.79012,72,76,76,2352,2800,0.48243,36,9.25443,0,0,82731929739
40.9209,24.4374,6.79012,72,76,76,2352,2800,0.48243,36,9.25443,0,0,82756367921
37.7455,26.4933,6.79012,72,76,76,2352,2800,0.48243,36,9.25443,0,0,82782863171
41.4999,24.0964,6.79012,72,76,76,2352,2800,0.48243,36,9.25443,0,0,82806959241
35.6485,28.0517,6.79012,72,76,76,2352,2800,0.48243,36,9.25443,0,0,82835010611
41.812,23.9166,6.79012,72,76,76,2352,2800,0.48243,36,9.25443,0,0,82858929137
37.7336,26.5016,6.79012,72,76,76,2352,2800,0.48243,36,9.25443,0,0,82885429668
42.516,23.5206,6.79012,72,76,76,2352,2800,0.48243,36,9.25443,0,0,82908951791
35.4241,28.2294,6.79012,72,76,76,2352,2800,0.48243,36,9.25443,0,0,82937179872
37.8051,26.4515,6.79012,72,76,76,2352,2800,0.48243,36,9.25443,0,0,82963633014
39.5564,25.2804,6.79012,72,76,76,2352,2800,0.48243,36,9.25443,0,0,82988913065
39.7723,25.1431,6.79012,72,76,76,2352,2800,0.48243,36,9.25443,0,0,83014057561
36.6878,27.257,6.79012,72,76,76,2352,2800,0.48243,36,9.25443,0,0,83041314140
40.0333,24.9792,6.79012,72,76,76,2352,2800,0.48243,36,9.25443,0,0,83066293918
41.6688,23.9988,6.79012,72,76,76,2352,2800,0.48243,36,9.25443,0,0,83090292965
38.3031,26.1075,6.79012,72,76,76,2352,2800,0.48243,36,9.25443,0,0,83116400689
38.9247,25.6907,6.79012,72,76,76,2352,2800,0.48243,36,9.25443,0,0,83142093043
35.1382,28.4591,6.79012,72,76,76,2352,2800,0.48243,36,9.25443,0,0,83170551207
37.6913,26.5313,6.79012,72,76,76,2352,2800,0.48243,36,9.25443,0,0,83197088847
39.8057,25.122,6.20253,71,70,75,2302,2800,0.48243,34,9.25524,0,0,83222205401
38.9305,25.6868,6.20253,71,70,75,2302,2800,0.48243,34,9.25524,0,0,83247892455
39.5471,25.2863,6.20253,71,70,75,2302,2800,0.48243,34,9.25524,0,0,83273179038
38.5153,25.9637,6.20253,71,70,75,2302,2800,0.48243,34,9.25524,0,0,83299143413
38.7013,25.8389,6.20253,71,70,75,2302,2800,0.48243,34,9.25524,0,0,83324981892
39.5261,25.2997,6.20253,71,70,75,2302,2800,0.48243,34,9.25524,0,0,83350283683
38.9602,25.6672,6.20253,71,70,75,2302,2800,0.48243,34,9.25524,0,0,83375950309
37.2744,26.8281,6.20253,71,70,75,2302,2800,0.48243,34,9.25524,0,0,83402777863
41.3732,24.1702,6.20253,71,70,75,2302,2800,0.48243,34,9.25524,0,0,83426947741
39.471,25.3351,6.20253,71,70,75,2302,2800,0.48243,34,9.25524,0,0,83452285310
38.2732,26.128,6.20253,71,70,75,2302,2800,0.48243,34,9.25524,0,0,83478412450
37.4113,26.7299,6.20253,71,70,75,2302,2800,0.48243,34,9.25524,0,0,83505142531
37.9237,26.3687,6.20253,71,70,75,2302,2800,0.48243,34,9.25524,0,0,83531511736
37.589,26.6035,6.20253,71,70,75,2302,2800,0.48243,34,9.25524,0,0,83558114167
39.3887,25.388,6.20253,71,70,75,2302,2800,0.48243,34,9.25524,0,0,83583503012
38.0565,26.2767,6.20253,71,70,75,2302,2800,0.48243,34,9.25524,0,0,83609780484
37.3621,26.7651,6.20253,71,70,75,2302,2800,0.48243,34,9.25524,0,0,83636544519
37.9738,26.3339,6.20253,71,70,75,2302,2800,0.48243,34,9.25524,0,0,83662879119
38.7681,25.7944,6.20253,71,70,75,2302,2800,0.48243,34,9.25524,0,0,83688675268
37.1583,26.9119,6.20253,71,70,75,2302,2800,0.48243,34,9.25524,0,0,83715589875
37.2259,26.863,7.55177,72,71,74,2523,2800,0.48243,24,9.25535,0,0,83742450892
35.6359,28.0616,7.55177,72,71,74,2523,2800,0.48243,24,9.25535,0,0,83770513394
36.9127,27.0909,7.55177,72,71,74,2523,2800,0.48243,24,9.25535,0,0,83797602819
38.7842,25.7837,7.55177,72,71,74,2523,2800,0.48243,24,9.25535,0,0,83823388448
38.7722,25.7917,7.55177,72,71,74,2523,2800,0.48243,24,9.25535,0,0,83849180760
39.431,25.3608,7.55177,72,71,74,2523,2800,0.48243,24,9.25535,0,0,83874541703
36.1672,27.6493,7.55177,72,71,74,2523,2800,0.48243,24,9.25535,0,0,83902191099
35.4587,28.2018,7.55177,72,71,74,2523,2800,0.48243,24,9.25535,0,0,83930391729
37.3968,26.7403,7.55177,72,71,74,2523,2800,0.48243,24,9.25535,0,0,83957133272
36.2704,27.5707,7.55177,72,71,74,2523,2800,0.48243,24,9.25535,0,0,83984704572
37.4175,26.7255,7.55177,72,71,74,2523,2800,0.48243,24,9.25535,0,0,84011430896
36.6368,27.295,7.55177,72,71,74,2523,2800,0.48243,24,9.25535,0,0,84038725416
38.5236,25.9581,7.55177,72,71,74,2523,2800,0.48243,24,9.25535,0,0,84064682457
39.7778,25.1396,7.55177,72,71,74,2523,2800,0.48243,24,9.25535,0,0,84089824379
39.3591,25.4071,7.55177,72,71,74,2523,2800,0.48243,24,9.25535,0,0,84115230947
32.8334,30.4568,7.55177,72,71,74,2523,2800,0.48243,24,9.25535,0,0,84145688181
38.5207,25.9601,7.55177,72,71,74,2523,2800,0.48243,24,9.25535,0,0,84171648799
37.5408,26.6377,7.55177,72,71,74,2523,2800,0.48243,24,9.25535,0,0,84198287148
38.3805,26.0549,7.55177,72,71,74,2523,2800,0.48243,24,9.25535,0,0,84224344057
36.6774,27.2647,6.98254,72,71,76,2345,2800,0.48243,32,9.25456,0,0,84251606928
39.4136,25.3719,6.98254,72,71,76,2345,2800,0.48243,32,9.25456,0,0,84276979582
37.194,26.8861,6.98254,72,71,76,2345,2800,0.48243,32,9.25456,0,0,84303864474
38.4266,26.0237,6.98254,72,71,76,2345,2800,0.48243,32,9.25456,0,0,84329888861
40.1321,24.9177,6.98254,72,71,76,2345,2800,0.48243,32,9.25456,0,0,84354808456
40.7422,24.5446,6.98254,72,71,76,2345,2800,0.48243,32,9.25456,0,0,84379352636
36.0802,27.7161,6.98254,72,71,76,2345,2800,0.48243,32,9.25456,0,0,84407070470
39.5535,25.2822,6.98254,72,71,76,2345,2800,0.48243,32,9.25456,0,0,84432351753
41.2407,24.2479,6.98254,72,71,76,2345,2800,0.48243,32,9.25456,0,0,84456599988
35.2857,28.3401,6.98254,72,71,76,2345,2800,0.48243,32,9.25456,0,0,84484940160
37.4563,26.6978,6.98254,72,71,76,2345,2800,0.48243,32,9.25456,0,0,84511639113
34.5491,28.9443,6.98254,72,71,76,2345,2800,0.48243,32,9.25456,0,0,84540583569
29.327,34.0982,6.98254,72,71,76,2345,2800,0.48243,32,9.25456,0,0,84574681514
36.3514,27.5093,6.98254,72,71,76,2345,2800,0.48243,32,9.25456,0,0,84602192360
40.9282,24.433,6.98254,72,71,76,2345,2800,0.48243,32,9.25456,0,0,84626624771
36.7596,27.2038,6.98254,72,71,76,2345,2800,0.48243,32,9.25456,0,0,84653828210
37.7191,26.5118,6.98254,72,71,76,2345,2800,0.48243,32,9.25456,0,0,84680341315
38.2829,26.1213,6.98254,72,71,76,2345,2800,0.48243,32,9.25456,0,0,84706462664
37.8225,26.4393,6.98254,72,71,76,2345,2800,0.48243,32,9.25456,0,0,84732905536
38.4289,26.0221,6.10212,72,74,74,2417,2800,0.48243,17,9.25301,0,0,84758923642
33.7671,29.6146,6.10212,72,74,74,2417,2800,0.48243,17,9.25301,0,0,84788538115
39.091,25.5814,6.10212,72,74,74,2417,2800,0.48243,17,9.25301,0,0,84814121715
33.9792,29.4297,6.10212,72,74,74,2417,2800,0.48243,17,9.25301,0,0,84843551341
34.495,28.9897,6.10212,72,74,74,2417,2800,0.48243,17,9.25301,0,0,84872541062
37.6966,26.5276,6.10212,72,74,74,2417,2800,0.48243,17,9.25301,0,0,84899068563
38.5643,25.9307,6.10212,72,74,74,2417,2800,0.48243,17,9.25301,0,0,84924999806
37.6033,26.5934,6.10212,72,74,74,2417,2800,0.48243,17,9.25301,0,0,84951593762
38.4625,25.9994,6.10212,72,74,74,2417,2800,0.48243,17,9.25301,0,0,84977592571
36.4896,27.4051,6.10212,72,74,74,2417,2800,0.48243,17,9.25301,0,0,85004997048
36.5707,27.3443,6.10212,72,74,74,2417,2800,0.48243,17,9.25301,0,0,85032342894
38.9865,25.6499,6.10212,72,74,74,2417,2800,0.48243,17,9.25301,0,0,85057993761
37.9321,26.3629,6.10212,72,74,74,2417,2800,0.48243,17,9.25301,0,0,85084356643
31.8146,31.4321,6.10212,72,74,74,2417,2800,0.48243,17,9.25301,0,0,85115789498
34.9896,28.58,6.10212,72,74,74,2417,2800,0.48243,17,9.25301,0,0,85144368268
36.2944,27.5525,6.10212,72,74,74,2417,2800,0.48243,17,9.25301,0,0,85171922125
38.3399,26.0825,6.10212,72,74,74,2417,2800,0.48243,17,9.25301,0,0,85198004771
39.1008,25.5749,6.10212,72,74,74,2417,2800,0.48243,17,9.25301,0,0,85223579144
38.9595,25.6677,6.10212,72,74,74,2417,2800,0.48243,17,9.25301,0,0,85249251862
36.8625,27.1279,12.8676,71,71,72,2452,2800,0.48243,26,9.24612,0,0,85276377205
38.2235,26.1619,12.8676,71,71,72,2452,2800,0.48243,26,9.24612,0,0,85302538078
43.2449,23.1241,12.8676,71,71,72,2452,2800,0.48243,26,9.24612,0,0,85325663046
36.8867,27.11,12.8676,71,71,72,2452,2800,0.48243,26,9.24612,0,0,85352773060
37.7384,26.4982,12.8676,71,71,72,2452,2800,0.48243,26,9.24612,0,0,85379271386
36.9257,27.0814,12.8676,71,71,72,2452,2800,0.48243,26,9.24612,0,0,85406353077
36.9471,27.0658,12.8676,71,71,72,2452,2800,0.48243,26,9.24612,0,0,85433418107
36.4513,27.4338,12.8676,71,71,72,2452,2800,0.48243,26,9.24612,0,0,85460852159
37.7496,26.4903,12.8676,71,71,72,2452,2800,0.48243,26,9.24612,0,0,85487342841
39.1037,25.573,12.8676,71,71,72,2452,2800,0.48243,26,9.24612,0,0,85512915741
40.1324,24.9175,12.8676,71,71,72,2452,2800,0.48243,26,9.24612,0,0,85537834735
37.6448,26.5641,12.8676,71,71,72,2452,2800,0.48243,26,9.24612,0,0,85564400197
38.669,25.8605,12.8676,71,71,72,2452,2800,0.48243,26,9.24612,0,0,85590260677
39.7307,25.1694,12.8676,71,71,72,2452,2800,0.48243,26,9.24612,0,0,85615429890
36.3764,27.4904,12.8676,71,71,72,2452,2800,0.48243,26,9.24612,0,0,85642920959
31.2865,31.9626,12.8676,71,71,72,2452,2800,0.48243,26,9.24612,0,0,85674882355
37.435,26.713,12.8676,71,71,72,2452,2800,0.48243,26,9.24612,0,0,85701597128
32.8773,30.4161,12.8676,71,71,72,2452,2800,0.48243,26,9.24612,0,0,85732014227
36.1137,27.6903,12.8676,71,71,72,2452,2800,0.48243,26,9.24612,0,0,85759710311
34.9086,28.6463,11.1801,71,71,73,2324,2800,0.48243,38,9.22272,0,0,85788350185
39.2502,25.4776,11.1801,71,71,73,2324,2800,0.48243,38,9.22272,0,0,85813828518
39.6357,25.2298,11.1801,71,71,73,2324,2800,0.48243,38,9.22272,0,0,85839058655
38.6862,25.849,11.1801,71,71,73,2324,2800,0.48243,38,9.22272,0,0,85864908455
40.4078,24.7477,11.1801,71,71,73,2324,2800,0.48243,38,9.22272,0,0,85889655746
39.1757,25.526,11.1801,71,71,73,2324,2800,0.48243,38,9.22272,0,0,85915181618
39.5926,25.2572,11.1801,71,71,73,2324,2800,0.48243,38,9.22272,0,0,85940440439
35.9757,27.7965,11.1801,71,71,73,2324,2800,0.48243,38,9.22272,0,0,85968236240
43.7369,22.864,11.1801,71,71,73,2324,2800,0.48243,38,9.22272,0,0,85991101951
35.1484,28.4508,11.1801,71,71,73,2324,2800,0.48243,38,9.22272,0,0,86019550907
37.1353,26.9286,11.1801,71,71,73,2324,2800,0.48243,38,9.22272,0,0,86046480733
38.2468,26.146,11.1801,71,71,73,2324,2800,0.48243,38,9.22272,0,0,86072626167
39.0258,25.6241,11.1801,71,71,73,2324,2800,0.48243,38,9.22272,0,0,86098251105
38.8432,25.7445,11.1801,71,71,73,2324,2800,0.48243,38,9.22272,0,0,86123996599
39.8837,25.0729,11.1801,71,71,73,2324,2800,0.48243,38,9.22272,0,0,86149070052
39.3409,25.4188,11.1801,71,71,73,2324,2800,0.48243,38,9.22272,0,0,86174488904
38.1511,26.2115,11.1801,71,71,73,2324,2800,0.48243,38,9.22272,0,0,86200699641
40.4652,24.7126,11.1801,71,71,73,2324,2800,0.48243,38,9.22272,0,0,86225412738
38.7103,25.8329,11.1801,71,71,73,2324,2800,0.48243,38,9.22272,0,0,86251246377
39.0853,25.5851,11.1801,71,71,73,2324,2800,0.48243,38,9.22272,0,0,86276836530
36.2756,27.5668,6.50307,71,84,76,2346,2800,0.48243,26,9.22382,0,0,86304397830
38.4606,26.0007,6.50307,71,84,76,2346,2800,0.48243,26,9.22382,0,0,86330400447
40.4633,24.7138,6.50307,71,84,76,2346,2800,0.48243,26,9.22382,0,0,86355114195
39.915,25.0532,6.50307,71,84,76,2346,2800,0.48243,26,9.22382,0,0,86380167100
38.1586,26.2064,6.50307,71,84,76,2346,2800,0.48243,26,9.22382,0,0,86406373859
38.6954,25.8429,6.50307,71,84,76,2346,2800,0.48243,26,9.22382,0,0,86432216926
40.4071,24.7481,6.50307,71,84,76,2346,2800,0.48243,26,9.22382,0,0,86456965340
37.6444,26.5644,6.50307,71,84,76,2346,2800,0.48243,26,9.22382,0,0,86483531002
36.1759,27.6427,6.50307,71,84,76,2346,2800,0.48243,26,9.22382,0,0,86511172834
39.9192,25.0506,6.50307,71,84,76,2346,2800,0.48243,26,9.22382,0,0,86536223124
39.8793,25.0757,6.50307,71,84,76,2346,2800,0.48243,26,9.22382,0,0,86561300575
38.1385,26.2202,6.50307,71,84,76,2346,2800,0.48243,26,9.22382,0,0,86587521210
40.2853,24.823,6.50307,71,84,76,2346,2800,0.48243,26,9.22382,0,0,86612345125
36.9742,27.0459,6.50307,71,84,76,2346,2800,0.48243,26,9.22382,0,0,86639392121
38.3312,26.0884,6.50307,71,84,76,2346,2800,0.48243,26,9.22382,0,0,86665477954
39.8613,25.087,6.50307,71,84,76,2346,2800,0.48243,26,9.22382,0,0,86690566856
37.1674,26.9053,6.50307,71,84,76,2346,2800,0.48243,26,9.22382,0,0,86717471755
39.1878,25.5181,6.50307,71,84,76,2346,2800,0.48243,26,9.22382,0,0,86742991415
36.7621,27.202,6.50307,71,84,76,2346,2800,0.48243,26,9.22382,0,0,86770191579
35.0614,28.5214,6.50307,71,84,76,2346,2800,0.48243,26,9.22382,0,0,86798721537
38.7465,25.8088,5.9466,71,76,76,2370,2800,0.48243,30,9.22371,0,0,86824524078
35.5249,28.1493,5.9466,71,76,76,2370,2800,0.48243,30,9.22371,0,0,86852673482
39.0669,25.5971,5.9466,71,76,76,2370,2800,0.48243,30,9.22371,0,0,86878270378
37.6651,26.5498,5.9466,71,76,76,2370,2800,0.48243,30,9.22371,0,0,86904820972
37.5836,26.6074,5.9466,71,76,76,2370,2800,0.48243,30,9.22371,0,0,86931427872
38.6685,25.8608,5.9466,71,76,76,2370,2800,0.48243,30,9.22371,0,0,86957290466
37.0612,26.9824,5.9466,71,76,76,2370,2800,0.48243,30,9.22371,0,0,86984272300
37.9754,26.3329,5.9466,71,76,76,2370,2800,0.48243,30,9.22371,0,0,87010605236
36.4055,27.4684,5.9466,71,76,76,2370,2800,0.48243,30,9.22371,0,0,87038074985
36.7472,27.2129,5.9466,71,76,76,2370,2800,0.48243,30,9.22371,0,0,87065287702
38.3454,26.0787,5.9466,71,76,76,2370,2800,0.48243,30,9.22371,0,0,87091368044
37.7878,26.4636,5.9466,71,76,76,2370,2800,0.48243,30,9.22371,0,0,87117831425
38.5968,25.9089,5.9466,71,76,76,2370,2800,0.48243,30,9.22371,0,0,87143738823
38.6397,25.8801,5.9466,71,76,76,2370,2800,0.48243,30,9.22371,0,0,87169620853
37.6668,26.5486,5.9466,71,76,76,2370,2800,0.48243,30,9.22371,0,0,87196169785
36.5418,27.3659,5.9466,71,76,76,2370,2800,0.48243,30,9.22371,0,0,87223535889
38.3286,26.0902,5.9466,71,76,76,2370,2800,0.48243,30,9.22371,0,0,87249625118
38.4981,25.9753,5.9466,71,76,76,2370,2800,0.48243,30,9.22371,0,0,87275600233
38.9135,25.698,5.9466,71,76,76,2370,2800,0.48243,30,9.22371,0,0,87301305972
41.4885,24.1031,6.53266,72,68,74,2434,2800,0.48243,25,9.22546,0,0,87325404356
36.6986,27.249,6.53266,72,68,74,2434,2800,0.48243,25,9.22546,0,0,87352652830
38.0572,26.2763,6.53266,72,68,74,2434,2800,0.48243,25,9.22546,0,0,87378930793
38.1856,26.1879,6.53266,72,68,74,2434,2800,0.48243,25,9.22546,0,0,87405118477
37.458,26.6965,6.53266,72,68,74,2434,2800,0.48243,25,9.22546,0,0,87431813372
38.9651,25.664,6.53266,72,68,74,2434,2800,0.48243,25,9.22546,0,0,87457478616
39.2633,25.4691,6.53266,72,68,74,2434,2800,0.48243,25,9.22546,0,0,87482949224
38.4664,25.9967,6.53266,72,68,74,2434,2800,0.48243,25,9.22546,0,0,87508944216
36.9502,27.0634,6.53266,72,68,74,2434,2800,0.48243,25,9.22546,0,0,87536007733
41.9128,23.8591,6.53266,72,68,74,2434,2800,0.48243,25,9.22546,0,0,87559868110
36.0966,27.7034,6.53266,72,68,74,2434,2800,0.48243,25,9.22546,0,0,87587571427
39.719,25.1769,6.53266,72,68,74,2434,2800,0.48243,25,9.22546,0,0,87612749707
36.8801,27.1149,6.53266,72,68,74,2434,2800,0.48243,25,9.22546,0,0,87639862787
37.6441,26.5646,6.53266,72,68,74,2434,2800,0.48243,25,9.22546,0,0,87666428059
40.0107,24.9933,6.53266,72,68,74,2434,2800,0.48243,25,9.22546,0,0,87691424127
35.8272,27.9117,6.53266,72,68,74,2434,2800,0.48243,25,9.22546,0,0,87719333511
38.3674,26.0638,6.53266,72,68,74,2434,2800,0.48243,25,9.22546,0,0,87745397964
32.1734,31.0815,6.53266,72,68,74,2434,2800,0.48243,25,9.22546,0,0,87776480150
36.7167,27.2356,6.53266,72,68,74,2434,2800,0.48243,25,9.22546,0,0,87803716822
35.6082,28.0834,8.67924,72,71,74,2462,2800,0.48243,33,9.22892,0,0,87831798750
40.3939,24.7562,8.67924,72,71,74,2462,2800,0.48243,33,9.22892,0,0,87856555459
38.879,25.7208,8.67924,72,71,74,2462,2800,0.48243,33,9.22892,0,0,87882276858
39.2668,25.4668,8.67924,72,71,74,2462,2800,0.48243,33,9.22892,0,0,87907745051
37.7721,26.4746,8.67924,72,71,74,2462,2800,0.48243,33,9.22892,0,0,87934220345
41.5243,24.0823,8.67924,72,71,74,2462,2800,0.48243,33,9.22892,0,0,87958301837
35.9399,27.8243,8.67924,72,71,74,2462,2800,0.48243,33,9.22892,0,0,87986126812
40.1887,24.8826,8.67924,72,71,74,2462,2800,0.48243,33,9.22892,0,0,88011008095
38.6463,25.8757,8.67924,72,71,74,2462,2800,0.48243,33,9.22892,0,0,88036885967
38.2729,26.1282,8.67924,72,71,74,2462,2800,0.48243,33,9.22892,0,0,88063014309
39.4717,25.3346,8.67924,72,71,74,2462,2800,0.48243,33,9.22892,0,0,88088349424
39.2481,25.4789,8.67924,72,71,74,2462,2800,0.48243,33,9.22892,0,0,88113828317
35.9919,27.784,8.67924,72,71,74,2462,2800,0.48243,33,9.22892,0,0,88141612627
40.4391,24.7285,8.67924,72,71,74,2462,2800,0.48243,33,9.22892,0,0,88166342605
41.3847,24.1635,8.67924,72,71,74,2462,2800,0.48243,33,9.22892,0,0,88190506482
38.4878,25.9822,8.67924,72,71,74,2462,2800,0.48243,33,9.22892,0,0,88216487979
32.1527,31.1016,8.67924,72,71,74,2462,2800,0.48243,33,9.22892,0,0,88247589522
36.9398,27.0711,8.67924,72,71,74,2462,2800,0.48243,33,9.22892,0,0,88274660904
37.365,26.763,8.67924,72,71,74,2462,2800,0.48243,33,9.22892,0,0,88301425259
40.1021,24.9363,8.67924,72,71,74,2462,2800,0.48243,33,9.22892,0,0,88326365011
38.5513,25.9394,6.17433,72,71,75,2426,2800,0.48243,34,9.22985,0,0,88352300572
41.2642,24.2341,6.17433,72,71,75,2426,2800,0.48243,34,9.22985,0,0,88376536594
37.0322,27.0035,6.17433,72,71,75,2426,2800,0.48243,34,9.22985,0,0,88403539748
42.8827,23.3194,6.17433,72,71,75,2426,2800,0.48243,34,9.22985,0,0,88426859651
37.1662,26.9062,6.17433,72,71,75,2426,2800,0.48243,34,9.22985,0,0,88453765923
37.9791,26.3303,6.17433,72,71,75,2426,2800,0.48243,34,9.22985,0,0,88480096605
33.4969,29.8535,6.17433,72,71,75,2426,2800,0.48243,34,9.22985,0,0,88509950347
38.3394,26.0829,6.17433,72,71,75,2426,2800,0.48243,34,9.22985,0,0,88536034396
38.4472,26.0097,6.17433,72,71,75,2426,2800,0.48243,34,9.22985,0,0,88562043585
39.893,25.067,6.17433,72,71,75,2426,2800,0.48243,34,9.22985,0,0,88587109444
40.1757,24.8907,6.17433,72,71,75,2426,2800,0.48243,34,9.22985,0,0,88612002138
37.1908,26.8884,6.17433,72,71,75,2426,2800,0.48243,34,9.22985,0,0,88638891267
38.8917,25.7125,6.17433,72,71,75,2426,2800,0.48243,34,9.22985,0,0,88664602487
40.0538,24.9664,6.17433,72,71,75,2426,2800,0.48243,34,9.22985,0,0,88689571334
38.8298,25.7534,6.17433,72,71,75,2426,2800,0.48243,34,9.22985,0,0,88715323010
39.6602,25.2142,6.17433,72,71,75,2426,2800,0.48243,34,9.22985,0,0,88740537597
38.5672,25.9288,6.17433,72,71,75,2426,2800,0.48243,34,9.22985,0,0,88766467798
38.235,26.1541,6.17433,72,71,75,2426,2800,0.48243,34,9.22985,0,0,88792621488
36.8201,27.1591,6.17433,72,71,75,2426,2800,0.48243,34,9.22985,0,0,88819781185
39.1272,25.5577,6.17433,72,71,75,2426,2800,0.48243,34,9.22985,0,0,88845346151
32.9756,30.3255,5.74572,72,74,76,2347,2800,0.48243,32,9.23183,0,0,88875664294
38.0472,26.2832,5.74572,72,74,76,2347,2800,0.48243,32,9.23183,0,0,88901946986
40.8226,24.4962,5.74572,72,74,76,2347,2800,0.48243,32,9.23183,0,0,88926444629
39.0594,25.602,5.74572,72,74,76,2347,2800,0.48243,32,9.23183,0,0,88952049088
37.498,26.6681,5.74572,72,74,76,2347,2800,0.48243,32,9.23183,0,0,88978715710
39.7272,25.1717,5.74572,72,74,76,2347,2800,0.48243,32,9.23183,0,0,89003887468
36.4783,27.4135,5.74572,72,74,76,2347,2800,0.48243,32,9.23183,0,0,89031301222
39.6806,25.2012,5.74572,72,74,76,2347,2800,0.48243,32,9.23183,0,0,89056502685
32.9623,30.3377,5.74572,72,74,76,2347,2800,0.48243,32,9.23183,0,0,89086840666
38.6242,25.8905,5.74572,72,74,76,2347,2800,0.48243,32,9.23183,0,0,89112731913
39.0418,25.6136,5.74572,72,74,76,2347,2800,0.48243,32,9.23183,0,0,89138344849
38.2296,26.1577,5.74572,72,74,76,2347,2800,0.48243,32,9.23183,0,0,89164502195
39.3559,25.4092,5.74572,72,74,76,2347,2800,0.48243,32,9.23183,0,0,89189911779
38.0629,26.2723,5.74572,72,74,76,2347,2800,0.48243,32,9.23183,0,0,89216184723
39.5409,25.2903,5.74572,72,74,76,2347,2800,0.48243,32,9.23183,0,0,89241474622
38.5469,25.9424,5.74572,72,74,76,2347,2800,0.48243,32,9.23183,0,0,89267419170
41.3206,24.201,5.74572,72,74,76,2347,2800,0.48243,32,9.23183,0,0,89291618753
38.534,25.9511,5.74572,72,74,76,2347,2800,0.48243,32,9.23183,0,0,89317571255
39.1716,25.5287,5.74572,72,74,76,2347,2800,0.48243,32,9.23183,0,0,89343100344
37.7448,26.4937,5.74572,72,74,76,2347,2800,0.48243,32,9.23183,0,0,89369599992
37.2264,26.8627,6.25752,72,69,76,2378,2800,0.48243,29,9.23244,0,0,89396455800
40.439,24.7286,6.25752,72,69,76,2378,2800,0.48243,29,9.23244,0,0,89421185668
39.073,25.5931,6.25752,72,69,76,2378,2800,0.48243,29,9.23244,0,0,89446779357
38.16,26.2054,6.25752,72,69,76,2378,2800,0.48243,29,9.23244,0,0,89472984364
39.0409,25.6142,6.25752,72,69,76,2378,2800,0.48243,29,9.23244,0,0,89498599253
40.588,24.6378,6.25752,72,69,76,2378,2800,0.48243,29,9.23244,0,0,89523237489
37.478,26.6823,6.25752,72,69,76,2378,2800,0.48243,29,9.23244,0,0,89549919350
37.9661,26.3393,6.25752,72,69,76,2378,2800,0.48243,29,9.23244,0,0,89576260171
39.0235,25.6256,6.25752,72,69,76,2378,2800,0.48243,29,9.23244,0,0,89601885169
40.8059,24.5063,6.25752,72,69,76,2378,2800,0.48243,29,9.23244,0,0,89626390666
37.0138,27.017,6.25752,72,69,76,2378,2800,0.48243,29,9.23244,0,0,89653408848
38.0002,26.3157,6.25752,72,69,76,2378,2800,0.48243,29,9.23244,0,0,89679723961
37.9099,26.3784,6.25752,72,69,76,2378,2800,0.48243,29,9.23244,0,0,89706104777
37.3985,26.739,6.25752,72,69,76,2378,2800,0.48243,29,9.23244,0,0,89732841691
37.9592,26.3441,6.25752,72,69,76,2378,2800,0.48243,29,9.23244,0,0,89759188303
38.2383,26.1518,6.25752,72,69,76,2378,2800,0.48243,29,9.23244,0,0,89785339659
36.1317,27.6765,6.25752,72,69,76,2378,2800,0.48243,29,9.23244,0,0,89813015444
37.985,26.3262,6.25752,72,69,76,2378,2800,0.48243,29,9.23244,0,0,89839343762
37.9893,26.3232,6.25752,72,69,76,2378,2800,0.48243,29,9.23244,0,0,89865665898
39.6246,25.2369,6.25752,72,69,76,2378,2800,0.48243,29,9.23244,0,0,89890906545
37.4905,26.6734,8.82709,72,69,75,2384,2800,0.48243,18,9.23169,0,0,89917576273
37.904,26.3824,8.82709,72,69,75,2384,2800,0.48243,18,9.23169,0,0,89943959433
36.8183,27.1604,8.82709,72,69,75,2384,2800,0.48243,18,9.23169,0,0,89971121194
36.9624,27.0545,8.82709,72,69,75,2384,2800,0.48243,18,9.23169,0,0,89998176205
38.6446,25.8768,8.82709,72,69,75,2384,2800,0.48243,18,9.23169,0,0,90024053657
37.9261,26.367,8.82709,72,69,75,2384,2800,0.48243,18,9.23169,0,0,90050419795
37.7774,26.4709,8.82709,72,69,75,2384,2800,0.48243,18,9.23169,0,0,90076891312
38.1426,26.2174,8.82709,72,69,75,2384,2800,0.48243,18,9.23169,0,0,90103109312
37.1851,26.8925,8.82709,72,69,75,2384,2800,0.48243,18,9.23169,0,0,90130002500
39.1477,25.5443,8.82709,72,69,75,2384,2800,0.48243,18,9.23169,0,0,90155546255
38.6243,25.8905,8.82709,72,69,75,2384,2800,0.48243,18,9.23169,0,0,90181436801
38.6381,25.8812,8.82709,72,69,75,2384,2800,0.48243,18,9.23169,0,0,90207318320
38.1984,26.1791,8.82709,72,69,75,2384,2800,0.48243,18,9.23169,0,0,90233498410
37.9169,26.3734,8.82709,72,69,75,2384,2800,0.48243,18,9.23169,0,0,90259871111
38.0437,26.2855,8.82709,72,69,75,2384,2800,0.48243,18,9.23169,0,0,90286156848
38.7117,25.832,8.82709,72,69,75,2384,2800,0.48243,18,9.23169,0,0,90311990889
38.2824,26.1216,8.82709,72,69,75,2384,2800,0.48243,18,9.23169,0,0,90338111216
36.3374,27.5199,8.82709,72,69,75,2384,2800,0.48243,18,9.23169,0,0,90365630608
39.126,25.5584,8.82709,72,69,75,2384,2800,0.48243,18,9.23169,0,0,90391194752
36.8916,27.1065,6.79245,72,71,75,2397,2800,0.48243,41,9.23206,0,0,90418298374
39.3836,25.3913,6.79245,72,71,75,2397,2800,0.48243,41,9.23206,0,0,90443689513
38.1092,26.2404,6.79245,72,71,75,2397,2800,0.48243,41,9.23206,0,0,90469929535
36.8962,27.1031,6.79245,72,71,75,2397,2800,0.48243,41,9.23206,0,0,90497032326
36.043,27.7446,6.79245,72,71,75,2397,2800,0.48243,41,9.23206,0,0,90524779265
38.4812,25.9867,6.79245,72,71,75,2397,2800,0.48243,41,9.23206,0,0,90550766502
31.6388,31.6067,6.79245,72,71,75,2397,2800,0.48243,41,9.23206,0,0,90582372462
36.9911,27.0335,6.79245,72,71,75,2397,2800,0.48243,41,9.23206,0,0,90609407045
37.3941,26.7422,6.79245,72,71,75,2397,2800,0.48243,41,9.23206,0,0,90636147996
36.6935,27.2528,6.79245,72,71,75,2397,2800,0.48243,41,9.23206,0,0,90663401930
37.5439,26.6355,6.79245,72,71,75,2397,2800,0.48243,41,9.23206,0,0,90690037685
39.1774,25.5249,6.79245,72,71,75,2397,2800,0.48243,41,9.23206,0,0,90715563417
38.1257,26.2291,6.79245,72,71,75,2397,2800,0.48243,41,9.23206,0,0,90741792688
38.7074,25.8348,6.79245,72,71,75,2397,2800,0.48243,41,9.23206,0,0,90767626538
38.9483,25.6751,6.79245,72,71,75,2397,2800,0.48243,41,9.23206,0,0,90793301740
39.6361,25.2295,6.79245,72,71,75,2397,2800,0.48243,41,9.23206,0,0,90818532378
35.6654,28.0383,6.79245,72,71,75,2397,2800,0.48243,41,9.23206,0,0,90846570313
34.5692,28.9275,6.79245,72,71,75,2397,2800,0.48243,41,9.23206,0,0,90875498389
36.9458,27.0667,6.79245,72,71,75,2397,2800,0.48243,41,9.23206,0,0,90902570682
40.1555,24.9032,6.2963,71,73,71,2130,2800,0.48243,29,9.2324,0,0,90927469828
38.954,25.6713,6.2963,71,73,71,2130,2800,0.48243,29,9.2324,0,0,90953140842
36.7266,27.2283,6.2963,71,73,71,2130,2800,0.48243,29,9.2324,0,0,90980370521
39.561,25.2774,6.2963,71,73,71,2130,2800,0.48243,29,9.2324,0,0,91005647486
36.8783,27.1162,6.2963,71,73,71,2130,2800,0.48243,29,9.2324,0,0,91032762820
39.5919,25.2577,6.2963,71,73,71,2130,2800,0.48243,29,9.2324,0,0,91058022853
36.9527,27.0616,6.2963,71,73,71,2130,2800,0.48243,29,9.2324,0,0,91085084457
41.1699,24.2896,6.2963,71,73,71,2130,2800,0.48243,29,9.2324,0,0,91109375522
34.5534,28.9407,6.2963,71,73,71,2130,2800,0.48243,29,9.2324,0,0,91138315840
36.4372,27.4444,6.2963,71,73,71,2130,2800,0.48243,29,9.2324,0,0,91165759600
38.4535,26.0055,6.2963,71,73,71,2130,2800,0.48243,29,9.2324,0,0,91191765553
38.9389,25.6813,6.2963,71,73,71,2130,2800,0.48243,29,9.2324,0,0,91217446676
37.4417,26.7082,6.2963,71,73,71,2130,2800,0.48243,29,9.2324,0,0,91244156289
35.7146,27.9998,6.2963,71,73,71,2130,2800,0.48243,29,9.2324,0,0,91272156584
36.0261,27.7577,6.2963,71,73,71,2130,2800,0.48243,29,9.2324,0,0,91299912510
39.5706,25.2713,6.2963,71,73,71,2130,2800,0.48243,29,9.2324,0,0,91325185628
37.8909,26.3916,6.2963,71,73,71,2130,2800,0.48243,29,9.2324,0,0,91351578146
26.996,37.0425,6.2963,71,73,71,2130,2800,0.48243,29,9.2324,0,0,91388620635
33.7648,29.6167,6.2963,71,73,71,2130,2800,0.48243,29,9.2324,0,0,91418239256
37.6471,26.5625,6.36475,70,69,69,1873,2800,0.48243,38,9.23434,0,0,91444799769
39.4115,25.3733,6.36475,70,69,69,1873,2800,0.48243,38,9.23434,0,0,91470174197
36.6928,27.2533,6.36475,70,69,69,1873,2800,0.48243,38,9.23434,0,0,91497426328
41.8193,23.9124,6.36475,70,69,69,1873,2800,0.48243,38,9.23434,0,0,91521339805
38.7856,25.7828,6.36475,70,69,69,1873,2800,0.48243,38,9.23434,0,0,91547122629
38.1285,26.2271,6.36475,70,69,69,1873,2800,0.48243,38,9.23434,0,0,91573348634
36.7757,27.1919,6.36475,70,69,69,1873,2800,0.48243,38,9.23434,0,0,91600541925
37.6,26.5957,6.36475,70,69,69,1873,2800,0.48243,38,9.23434,0,0,91627137754
32.0751,31.1768,6.36475,70,69,69,1873,2800,0.48243,38,9.23434,0,0,91658314378
34.6514,28.8589,6.36475,70,69,69,1873,2800,0.48243,38,9.23434,0,0,91687175007
33.1738,30.1443,6.36475,70,69,69,1873,2800,0.48243,38,9.23434,0,0,91717319675
35.8728,27.8763,6.36475,70,69,69,1873,2800,0.48243,38,9.23434,0,0,91745195135
37.4717,26.6868,6.36475,70,69,69,1873,2800,0.48243,38,9.23434,0,0,91771883308
39.2802,25.4581,6.36475,70,69,69,1873,2800,0.48243,38,9.23434,0,0,91797343116
37.6786,26.5402,6.36475,70,69,69,1873,2800,0.48243,38,9.23434,0,0,91823881818
36.826,27.1547,6.36475,70,69,69,1873,2800,0.48243,38,9.23434,0,0,91851037908
38.7432,25.811,6.36475,70,69,69,1873,2800,0.48243,38,9.23434,0,0,91876848875
40.0259,24.9838,6.36475,70,69,69,1873,2800,0.48243,38,9.23434,0,0,91901833903
41.7063,23.9772,6.36475,70,69,69,1873,2800,0.48243,38,9.23434,0,0,91925818964
37.6257,26.5776,8.72818,69,72,74,2440,2800,0.48243,39,9.23373,0,0,91952389315
38.4096,26.0351,8.72818,69,72,74,2440,2800,0.48243,39,9.23373,0,0,91978423721
37.84,26.4271,8.72818,69,72,74,2440,2800,0.48243,39,9.23373,0,0,92004852217
37.9624,26.3419,8.72818,69,72,74,2440,2800,0.48243,39,9.23373,0,0,92031194591
41.8007,23.923,8.72818,69,72,74,2440,2800,0.48243,39,9.23373,0,0,92055117105
35.958,27.8103,8.72818,69,72,74,2440,2800,0.48243,39,9.23373,0,0,92082927723
39.0602,25.6015,8.72818,69,72,74,2440,2800,0.48243,39,9.23373,0,0,92108530369
39.4181,25.369,8.72818,69,72,74,2440,2800,0.48243,39,9.23373,0,0,92133899397
39.6297,25.2336,8.72818,69,72,74,2440,2800,0.48243,39,9.23373,0,0,92159134032
39.876,25.0777,8.72818,69,72,74,2440,2800,0.48243,39,9.23373,0,0,92184210030
38.7413,25.8122,8.72818,69,72,74,2440,2800,0.48243,39,9.23373,0,0,92210024133
38.3859,26.0512,8.72818,69,72,74,2440,2800,0.48243,39,9.23373,0,0,92236074960
35.1879,28.4189,8.72818,69,72,74,2440,2800,0.48243,39,9.23373,0,0,92264493249
39.6044,25.2497,8.72818,69,72,74,2440,2800,0.48243,39,9.23373,0,0,92289745567
36.9608,27.0557,8.72818,69,72,74,2440,2800,0.48243,39,9.23373,0,0,92316801280
34.8787,28.6708,8.72818,69,72,74,2440,2800,0.48243,39,9.23373,0,0,92345470850
39.6568,25.2164,8.72818,69,72,74,2440,2800,0.48243,39,9.23373,0,0,92370688945
37.9699,26.3366,8.72818,69,72,74,2440,2800,0.48243,39,9.23373,0,0,92397024265
40.6455,24.6029,8.72818,69,72,74,2440,2800,0.48243,39,9.23373,0,0,92421626985
7.98894,125.173,8.72818,69,72,74,2440,2800,0.48243,39,9.23373,0,0,92546802441
27.3268,36.5941,5.30071,70,75,63,800,2800,0.48243,25,9.23473,0,0,92583394425
26.2327,38.1204,5.30071,70,75,63,800,2800,0.48243,25,9.23473,0,0,92621515048
30.0714,33.2542,5.30071,70,75,63,800,2800,0.48243,25,9.23473,0,0,92654769230
32.6706,30.6085,5.30071,70,75,63,800,2800,0.48243,25,9.23473,0,0,92685379661
33.3826,29.9557,5.30071,70,75,63,800,2800,0.48243,25,9.23473,0,0,92715334824
35.0041,28.5681,5.30071,70,75,63,800,2800,0.48243,25,9.23473,0,0,92743902563
36.7301,27.2257,5.30071,70,75,63,800,2800,0.48243,25,9.23473,0,0,92771129586
36.7421,27.2167,5.30071,70,75,63,800,2800,0.48243,25,9.23473,0,0,92798345850
39.7894,25.1323,5.30071,70,75,63,800,2800,0.48243,25,9.23473,0,0,92823478564
38.8123,25.765,5.30071,70,75,63,800,2800,0.48243,25,9.23473,0,0,92849245158
37.0615,26.9821,5.30071,70,75,63,800,2800,0.48243,25,9.23473,0,0,92876226791
38.587,25.9155,5.30071,70,75,63,800,2800,0.48243,25,9.23473,0,0,92902143516
40.8206,24.4974,5.30071,70,75,63,800,2800,0.48243,25,9.23473,0,0,92926640338
37.9147,26.375,5.30071,70,75,63,800,2800,0.48243,25,9.23473,0,0,92953015203
37.624,26.5788,5.30071,70,75,63,800,2800,0.48243,25,9.23473,0,0,92979595383
39.501,25.3158,5.30071,70,75,63,800,2800,0.48243,25,9.23473,0,0,93004909818
37.6171,26.5837,5.30071,70,75,63,800,2800,0.48243,25,9.23473,0,0,93031493575
35.9031,27.8527,5.30071,70,75,63,800,2800,0.48243,25,9.23473,0,0,93059350380
38.3607,26.0683,5.55556,67,72,71,1953,2800,0.48243,16,9.23445,0,0,93085417157
37.5709,26.6164,5.55556,67,72,71,1953,2800,0.48243,16,9.23445,0,0,93112033555
37.2862,26.8195,5.55556,67,72,71,1953,2800,0.48243,16,9.23445,0,0,93138853044
35.9069,27.8498,5.55556,67,72,71,1953,2800,0.48243,16,9.23445,0,0,93166701704
36.2112,27.6157,5.55556,67,72,71,1953,2800,0.48243,16,9.23445,0,0,93194318629
36.0468,27.7417,5.55556,67,72,71,1953,2800,0.48243,16,9.23445,0,0,93222061481
36.283,27.5611,5.55556,67,72,71,1953,2800,0.48243,16,9.23445,0,0,93249621229
35.3258,28.3079,5.55556,67,72,71,1953,2800,0.48243,16,9.23445,0,0,93277929491
35.7962,27.9359,5.55556,67,72,71,1953,2800,0.48243,16,9.23445,0,0,93305865685
35.2442,28.3734,5.55556,67,72,71,1953,2800,0.48243,16,9.23445,0,0,93334240312
37.0321,27.0036,5.55556,67,72,71,1953,2800,0.48243,16,9.23445,0,0,93361243686
35.9055,27.8509,5.55556,67,72,71,1953,2800,0.48243,16,9.23445,0,0,93389094180
37.1452,26.9214,5.55556,67,72,71,1953,2800,0.48243,16,9.23445,0,0,93416015991
30.5852,32.6956,5.55556,67,72,71,1953,2800,0.48243,16,9.23445,0,0,93448711625
36.3211,27.5322,5.55556,67,72,71,1953,2800,0.48243,16,9.23445,0,0,93476244582
35.8913,27.8619,5.55556,67,72,71,1953,2800,0.48243,16,9.23445,0,0,93504105816
34.9308,28.628,5.55556,67,72,71,1953,2800,0.48243,16,9.23445,0,0,93532734920
36.8657,27.1255,5.55556,67,72,71,1953,2800,0.48243,16,9.23445,0,0,93559861495
38.2655,26.1332,6.18687,69,65,74,2195,2800,0.48243,32,9.23421,0,0,93585995048
38.5409,25.9465,6.18687,69,65,74,2195,2800,0.48243,32,9.23421,0,0,93611941218
36.1188,27.6864,6.18687,69,65,74,2195,2800,0.48243,32,9.23421,0,0,93639628004
37.1176,26.9414,6.18687,69,65,74,2195,2800,0.48243,32,9.23421,0,0,93666568981
38.2656,26.1331,6.18687,69,65,74,2195,2800,0.48243,32,9.23421,0,0,93692703235
36.5448,27.3637,6.18687,69,65,74,2195,2800,0.48243,32,9.23421,0,0,93720067496
38.4223,26.0265,6.18687,69,65,74,2195,2800,0.48243,32,9.23421,0,0,93746094909
35.9442,27.8209,6.18687,69,65,74,2195,2800,0.48243,32,9.23421,0,0,93773915927
36.8875,27.1094,6.18687,69,65,74,2195,2800,0.48243,32,9.23421,0,0,93801026021
39.1401,25.5492,6.18687,69,65,74,2195,2800,0.48243,32,9.23421,0,0,93826574716
39.3679,25.4014,6.18687,69,65,74,2195,2800,0.48243,32,9.23421,0,0,93851977197
39.4735,25.3335,6.18687,69,65,74,2195,2800,0.48243,32,9.23421,0,0,93877310598
39.032,25.62,6.18687,69,65,74,2195,2800,0.48243,32,9.23421,0,0,93902930967
41.2007,24.2714,6.18687,69,65,74,2195,2800,0.48243,32,9.23421,0,0,93927202716
36.0923,27.7067,6.18687,69,65,74,2195,2800,0.48243,32,9.23421,0,0,93954910862
38.1937,26.1823,6.18687,69,65,74,2195,2800,0.48243,32,9.23421,0,0,93981092575
38.894,25.7109,6.18687,69,65,74,2195,2800,0.48243,32,9.23421,0,0,94006803754
37.5633,26.6217,6.18687,69,65,74,2195,2800,0.48243,32,9.23421,0,0,94033424571
31.2796,31.9697,6.18687,69,65,74,2195,2800,0.48243,32,9.23421,0,0,94065396677
35.8729,27.8762,8.64662,69,70,74,2375,2800,0.48243,28,9.23481,0,0,94093270735
37.5117,26.6583,8.64662,69,70,74,2375,2800,0.48243,28,9.23481,0,0,94119929001
39.7007,25.1885,8.64662,69,70,74,2375,2800,0.48243,28,9.23481,0,0,94145118432
38.2333,26.1552,8.64662,69,70,74,2375,2800,0.48243,28,9.23481,0,0,94171275017
37.698,26.5266,8.64662,69,70,74,2375,2800,0.48243,28,9.23481,0,0,94197800826
40.0781,24.9513,8.64662,69,70,74,2375,2800,0.48243,28,9.23481,0,0,94222752991
30.5278,32.7571,8.64662,69,70,74,2375,2800,0.48243,28,9.23481,0,0,94255511964
36.5719,27.3434,8.64662,69,70,74,2375,2800,0.48243,28,9.23481,0,0,94282852921
37.2855,26.8201,8.64662,69,70,74,2375,2800,0.48243,28,9.23481,0,0,94309673192
38.5384,25.9481,8.64662,69,70,74,2375,2800,0.48243,28,9.23481,0,0,94335621406
37.3108,26.8019,8.64662,69,70,74,2375,2800,0.48243,28,9.23481,0,0,94362424685
38.6099,25.9001,8.64662,69,70,74,2375,2800,0.48243,28,9.23481,0,0,94388325290
38.5246,25.9575,8.64662,69,70,74,2375,2800,0.48243,28,9.23481,0,0,94414282852
25.2134,39.6614,8.64662,69,70,74,2375,2800,0.48243,28,9.23481,0,0,94453943003
36.3203,27.5328,8.64662,69,70,74,2375,2800,0.48243,28,9.23481,0,0,94481476041
38.7254,25.8229,8.64662,69,70,74,2375,2800,0.48243,28,9.23481,0,0,94507300393
36.3518,27.509,8.64662,69,70,74,2375,2800,0.48243,28,9.23481,0,0,94534810167
39.7586,25.1518,8.64662,69,70,74,2375,2800,0.48243,28,9.23481,0,0,94559962077
37.5704,26.6167,8.64662,69,70,74,2375,2800,0.48243,28,9.23481,0,0,94586582924
37.0243,27.0093,5.9466,69,75,68,1849,2800,0.48243,31,9.23492,0,0,94613588592
36.4741,27.4167,5.9466,69,75,68,1849,2800,0.48243,31,9.23492,0,0,94641005993
37.3623,26.7649,5.9466,69,75,68,1849,2800,0.48243,31,9.23492,0,0,94667771400
40.6141,24.622,5.9466,69,75,68,1849,2800,0.48243,31,9.23492,0,0,94692393296
37.1586,26.9117,5.9466,69,75,68,1849,2800,0.48243,31,9.23492,0,0,94719305149
36.3276,27.5273,5.9466,69,75,68,1849,2800,0.48243,31,9.23492,0,0,94746832676
35.1721,28.4317,5.9466,69,75,68,1849,2800,0.48243,31,9.23492,0,0,94775263278
36.4068,27.4674,5.9466,69,75,68,1849,2800,0.48243,31,9.23492,0,0,94802730532
33.2435,30.081,5.9466,69,75,68,1849,2800,0.48243,31,9.23492,0,0,94832813715
37.5586,26.6251,5.9466,69,75,68,1849,2800,0.48243,31,9.23492,0,0,94859439350
38.3127,26.101,5.9466,69,75,68,1849,2800,0.48243,31,9.23492,0,0,94885540462
44.4376,22.5034,5.9466,69,75,68,1849,2800,0.48243,31,9.23492,0,0,94908045325
37.1044,26.951,5.9466,69,75,68,1849,2800,0.48243,31,9.23492,0,0,94934996542
41.0892,24.3373,5.9466,69,75,68,1849,2800,0.48243,31,9.23492,0,0,94959339715
37.6323,26.5729,5.9466,69,75,68,1849,2800,0.48243,31,9.23492,0,0,94985908113
41.4093,24.1491,5.9466,69,75,68,1849,2800,0.48243,31,9.23492,0,0,95010057141
37.5877,26.6044,5.9466,69,75,68,1849,2800,0.48243,31,9.23492,0,0,95036662078
42.4165,23.5758,5.9466,69,75,68,1849,2800,0.48243,31,9.23492,0,0,95060236468
40.96,24.4141,5.9466,69,75,68,1849,2800,0.48243,31,9.23492,0,0,95084651747
39.3969,25.3827,5.9466,69,75,68,1849,2800,0.48243,31,9.23492,0,0,95110037876
39.4934,25.3207,5.81114,69,69,65,1750,2800,0.48243,24,9.23074,0,0,95135355337
36.356,27.5057,5.81114,69,69,65,1750,2800,0.48243,24,9.23074,0,0,95162860834
42.9694,23.2724,5.81114,69,69,65,1750,2800,0.48243,24,9.23074,0,0,95186133258
36.9873,27.0363,5.81114,69,69,65,1750,2800,0.48243,24,9.23074,0,0,95213170385
37.6547,26.5571,5.81114,69,69,65,1750,2800,0.48243,24,9.23074,0,0,95239728063
39.0204,25.6276,5.81114,69,69,65,1750,2800,0.48243,24,9.23074,0,0,95265355005
36.0561,27.7346,5.81114,69,69,65,1750,2800,0.48243,24,9.23074,0,0,95293091544
44.8116,22.3157,5.81114,69,69,65,1750,2800,0.48243,24,9.23074,0,0,95315406852
36.8864,27.1103,5.81114,69,69,65,1750,2800,0.48243,24,9.23074,0,0,95342516827
40.0153,24.9904,5.81114,69,69,65,1750,2800,0.48243,24,9.23074,0,0,95367507334
37.2083,26.8757,5.81114,69,69,65,1750,2800,0.48243,24,9.23074,0,0,95394383229
29.7757,33.5844,5.81114,69,69,65,1750,2800,0.48243,24,9.23074,0,0,95427967160
43.5615,22.9561,5.81114,69,69,65,1750,2800,0.48243,24,9.23074,0,0,95450923701
41.8717,23.8825,5.81114,69,69,65,1750,2800,0.48243,24,9.23074,0,0,95474806340
42.8535,23.3353,5.81114,69,69,65,1750,2800,0.48243,24,9.23074,0,0,95498142223
40.7267,24.5539,5.81114,69,69,65,1750,2800,0.48243,24,9.23074,0,0,95522695510
36.0839,27.7132,5.81114,69,69,65,1750,2800,0.48243,24,9.23074,0,0,95550408956
38.9471,25.6758,5.81114,69,69,65,1750,2800,0.48243,24,9.23074,0,0,95576085892
40.259,24.8391,5.81114,69,69,65,1750,2800,0.48243,24,9.23074,0,0,95600925015
37.1277,26.934,5.81114,69,69,65,1750,2800,0.48243,24,9.23074,0,0,95627867685
39.8974,25.0643,4.2735,68,69,65,1405,2800,0.48243,14,9.23142,0,0,95652923295
37.0687,26.9769,4.2735,68,69,65,1405,2800,0.48243,14,9.23142,0,0,95679900430
33.2945,30.035,4.2735,68,69,65,1405,2800,0.48243,14,9.23142,0,0,95709935933
38.991,25.6469,4.2735,68,69,65,1405,2800,0.48243,14,9.23142,0,0,95735582942
38.2771,26.1253,4.2735,68,69,65,1405,2800,0.48243,14,9.23142,0,0,95761707978
44.1318,22.6594,4.2735,68,69,65,1405,2800,0.48243,14,9.23142,0,0,95784367713
38.973,25.6588,4.2735,68,69,65,1405,2800,0.48243,14,9.23142,0,0,95810027005
38.3217,26.0949,4.2735,68,69,65,1405,2800,0.48243,14,9.23142,0,0,95836122306
36.602,27.3209,4.2735,68,69,65,1405,2800,0.48243,14,9.23142,0,0,95863444478
42.5916,23.4788,4.2735,68,69,65,1405,2800,0.48243,14,9.23142,0,0,95886923840
39.4016,25.3796,4.2735,68,69,65,1405,2800,0.48243,14,9.23142,0,0,95912302335
41.099,24.3315,4.2735,68,69,65,1405,2800,0.48243,14,9.23142,0,0,95936634838
36.4926,27.4028,4.2735,68,69,65,1405,2800,0.48243,14,9.23142,0,0,95964037542
43.4959,22.9907,4.2735,68,69,65,1405,2800,0.48243,14,9.23142,0,0,95987027997
35.3914,28.2554,4.2735,68,69,65,1405,2800,0.48243,14,9.23142,0,0,96015285093
41.5554,24.0643,4.2735,68,69,65,1405,2800,0.48243,14,9.23142,0,0,96039348020
35.9709,27.8003,4.2735,68,69,65,1405,2800,0.48243,14,9.23142,0,0,96067149382
38.9735,25.6585,4.2735,68,69,65,1405,2800,0.48243,14,9.23142,0,0,96092811168
40.1241,24.9227,4.2735,68,69,65,1405,2800,0.48243,14,9.23142,0,0,96117730633
38.7927,25.778,4.2735,68,69,65,1405,2800,0.48243,14,9.23142,0,0,96143514469
37.773,26.4739,6.39606,68,65,65,1438,2800,0.48243,21,9.23227,0,0,96169985083
37.8905,26.3918,6.39606,68,65,65,1438,2800,0.48243,21,9.23227,0,0,96196376870
39.7069,25.1846,6.39606,68,65,65,1438,2800,0.48243,21,9.23227,0,0,96221563064
39.187,25.5187,6.39606,68,65,65,1438,2800,0.48243,21,9.23227,0,0,96247081663
37.9201,26.3712,6.39606,68,65,65,1438,2800,0.48243,21,9.23227,0,0,96273452250
37.0838,26.966,6.39606,68,65,65,1438,2800,0.48243,21,9.23227,0,0,96300419296
41.5278,24.0803,6.39606,68,65,65,1438,2800,0.48243,21,9.23227,0,0,96324500136
39.9983,25.0011,6.39606,68,65,65,1438,2800,0.48243,21,9.23227,0,0,96349502155
38.7108,25.8326,6.39606,68,65,65,1438,2800,0.48243,21,9.23227,0,0,96375332419
37.4869,26.676,6.39606,68,65,65,1438,2800,0.48243,21,9.23227,0,0,96402010412
37.9875,26.3245,6.39606,68,65,65,1438,2800,0.48243,21,9.23227,0,0,96428333550
42.6115,23.4678,6.39606,68,65,65,1438,2800,0.48243,21,9.23227,0,0,96451803114
26.5817,37.6198,6.39606,68,65,65,1438,2800,0.48243,21,9.23227,0,0,96489423638
40.6361,24.6087,6.39606,68,65,65,1438,2800,0.48243,21,9.23227,0,0,96514030846
38.7166,25.8287,6.39606,68,65,65,1438,2800,0.48243,21,9.23227,0,0,96539859847
37.8307,26.4336,6.39606,68,65,65,1438,2800,0.48243,21,9.23227,0,0,96566295165
42.0613,23.7748,6.39606,68,65,65,1438,2800,0.48243,21,9.23227,0,0,96590071204
37.0759,26.9717,6.39606,68,65,65,1438,2800,0.48243,21,9.23227,0,0,96617042668
37.1453,26.9213,6.39606,68,65,65,1438,2800,0.48243,21,9.23227,0,0,96643965992
38.9204,25.6935,5.05689,69,74,66,1548,2800,0.48243,14,9.23257,0,0,96669657555
37.873,26.4041,5.05689,69,74,66,1548,2800,0.48243,14,9.23257,0,0,96696060783
40.896,24.4523,5.05689,69,74,66,1548,2800,0.48243,14,9.23257,0,0,96720513372
36.7484,27.2121,5.05689,69,74,66,1548,2800,0.48243,14,9.23257,0,0,96747725297
35.0545,28.527,5.05689,69,74,66,1548,2800,0.48243,14,9.23257,0,0,96776254524
38.4525,26.0061,5.05689,69,74,66,1548,2800,0.48243,14,9.23257,0,0,96802260717
38.705,25.8364,5.05689,69,74,66,1548,2800,0.48243,14,9.23257,0,0,96828097452
38.2494,26.1442,5.05689,69,74,66,1548,2800,0.48243,14,9.23257,0,0,96854242887
37.3212,26.7945,5.05689,69,74,66,1548,2800,0.48243,14,9.23257,0,0,96881035936
38.2464,26.1462,5.05689,69,74,66,1548,2800,0.48243,14,9.23257,0,0,96907185188
37.4718,26.6867,5.05689,69,74,66,1548,2800,0.48243,14,9.23257,0,0,96933870485
39.2126,25.502,5.05689,69,74,66,1548,2800,0.48243,14,9.23257,0,0,96959374376
39.323,25.4304,5.05689,69,74,66,1548,2800,0.48243,14,9.23257,0,0,96984804959
32.8747,30.4186,5.05689,69,74,66,1548,2800,0.48243,14,9.23257,0,0,97015222709
36.7001,27.2479,5.05689,69,74,66,1548,2800,0.48243,14,9.23257,0,0,97042471894
38.6635,25.8642,5.05689,69,74,66,1548,2800,0.48243,14,9.23257,0,0,97068335720
34.4288,29.0454,5.05689,69,74,66,1548,2800,0.48243,14,9.23257,0,0,97097381657
38.6682,25.861,5.05689,69,74,66,1548,2800,0.48243,14,9.23257,0,0,97123243289
35.9532,27.814,5.05689,69,74,66,1548,2800,0.48243,14,9.23257,0,0,97151059408
33.3811,29.9571,6.59204,69,66,72,2059,2800,0.48243,23,9.22965,0,0,97181014239
38.878,25.7215,6.59204,69,66,72,2059,2800,0.48243,23,9.22965,0,0,97206736790
38.5797,25.9204,6.59204,69,66,72,2059,2800,0.48243,23,9.22965,0,0,97232657753
41.0078,24.3856,6.59204,69,66,72,2059,2800,0.48243,23,9.22965,0,0,97257044989
36.6115,27.3138,6.59204,69,66,72,2059,2800,0.48243,23,9.22965,0,0,97284358235
33.5285,29.8254,6.59204,69,66,72,2059,2800,0.48243,23,9.22965,0,0,97314184214
41.2942,24.2165,6.59204,69,66,72,2059,2800,0.48243,23,9.22965,0,0,97338400720
36.3414,27.5168,6.59204,69,66,72,2059,2800,0.48243,23,9.22965,0,0,97365916996
41.3686,24.1729,6.59204,69,66,72,2059,2800,0.48243,23,9.22965,0,0,97390092044
35.7933,27.9382,6.59204,69,66,72,2059,2800,0.48243,23,9.22965,0,0,97418029280
38.826,25.756,6.59204,69,66,72,2059,2800,0.48243,23,9.22965,0,0,97443786095
40.4442,24.7254,6.59204,69,66,72,2059,2800,0.48243,23,9.22965,0,0,97468511595
38.3909,26.0479,6.59204,69,66,72,2059,2800,0.48243,23,9.22965,0,0,97494562513
40.044,24.9725,6.59204,69,66,72,2059,2800,0.48243,23,9.22965,0,0,97519532842
39.1178,25.5638,6.59204,69,66,72,2059,2800,0.48243,23,9.22965,0,0,97545099060
39.0331,25.6193,6.59204,69,66,72,2059,2800,0.48243,23,9.22965,0,0,97570717305
35.7384,27.9811,6.59204,69,66,72,2059,2800,0.48243,23,9.22965,0,0,97598698915
41.5432,24.0713,6.59204,69,66,72,2059,2800,0.48243,23,9.22965,0,0,97622771901
35.2261,28.388,6.59204,69,66,72,2059,2800,0.48243,23,9.22965,0,0,97651167878
34.7936,28.7409,7.03518,70,69,74,2432,2800,0.48243,32,9.231,0,0,97679901177
37.1341,26.9294,7.03518,70,69,74,2432,2800,0.48243,32,9.231,0,0,97706830012
37.1545,26.9147,7.03518,70,69,74,2432,2800,0.48243,32,9.231,0,0,97733745401
38.0388,26.289,7.03518,70,69,74,2432,2800,0.48243,32,9.231,0,0,97760034595
35.5022,28.1672,7.03518,70,69,74,2432,2800,0.48243,32,9.231,0,0,97788202213
37.0809,26.9681,7.03518,70,69,74,2432,2800,0.48243,32,9.231,0,0,97815170511
42.6106,23.4683,7.03518,70,69,74,2432,2800,0.48243,32,9.231,0,0,97838639424
36.7838,27.1858,7.03518,70,69,74,2432,2800,0.48243,32,9.231,0,0,97865826323
43.3008,23.0943,7.03518,70,69,74,2432,2800,0.48243,32,9.231,0,0,97888920212
37.5314,26.6444,7.03518,70,69,74,2432,2800,0.48243,32,9.231,0,0,97915565844
38.6501,25.8732,7.03518,70,69,74,2432,2800,0.48243,32,9.231,0,0,97941438317
39.7037,25.1865,7.03518,70,69,74,2432,2800,0.48243,32,9.231,0,0,97966626164
38.933,25.6852,7.03518,70,69,74,2432,2800,0.48243,32,9.231,0,0,97992311225
35.3078,28.3224,7.03518,70,69,74,2432,2800,0.48243,32,9.231,0,0,98020634556
38.9124,25.6988,7.03518,70,69,74,2432,2800,0.48243,32,9.231,0,0,98046332791
41.7103,23.9749,7.03518,70,69,74,2432,2800,0.48243,32,9.231,0,0,98070308605
35.7239,27.9925,7.03518,70,69,74,2432,2800,0.48243,32,9.231,0,0,98098299492
40.9444,24.4234,7.03518,70,69,74,2432,2800,0.48243,32,9.231,0,0,98122725129
38.7045,25.8368,7.03518,70,69,74,2432,2800,0.48243,32,9.231,0,0,98148562325
38.686,25.8491,7.03518,70,69,74,2432,2800,0.48243,32,9.231,0,0,98174415091
39.4701,25.3357,8.42359,72,69,75,2365,2800,0.48243,31,9.23243,0,0,98199748021
40.123,24.9233,8.42359,72,69,75,2365,2800,0.48243,31,9.23243,0,0,98224671332
38.5211,25.9598,8.42359,72,69,75,2365,2800,0.48243,31,9.23243,0,0,98250632010
36.7626,27.2015,8.42359,72,69,75,2365,2800,0.48243,31,9.23243,0,0,98277832945
39.9439,25.0351,8.42359,72,69,75,2365,2800,0.48243,31,9.23243,0,0,98302869469
40.3607,24.7765,8.42359,72,69,75,2365,2800,0.48243,31,9.23243,0,0,98327646385
37.2762,26.8268,8.42359,72,69,75,2365,2800,0.48243,31,9.23243,0,0,98354471745
41.4706,24.1134,8.42359,72,69,75,2365,2800,0.48243,31,9.23243,0,0,98378586219
37.2659,26.8342,8.42359,72,69,75,2365,2800,0.48243,31,9.23243,0,0,98405422039
36.129,27.6786,8.42359,72,69,75,2365,2800,0.48243,31,9.23243,0,0,98433099818
42.9238,23.2971,8.42359,72,69,75,2365,2800,0.48243,31,9.23243,0,0,98456398171
35.9652,27.8047,8.42359,72,69,75,2365,2800,0.48243,31,9.23243,0,0,98484202678
41.5299,24.079,8.42359,72,69,75,2365,2800,0.48243,31,9.23243,0,0,98508281245
37.8222,26.4395,8.42359,72,69,75,2365,2800,0.48243,31,9.23243,0,0,98534721532
40.5767,24.6447,8.42359,72,69,75,2365,2800,0.48243,31,9.23243,0,0,98559366952
37.8202,26.4409,8.42359,72,69,75,2365,2800,0.48243,31,9.23243,0,0,98585807270
37.8177,26.4426,8.42359,72,69,75,2365,2800,0.48243,31,9.23243,0,0,98612251195
40.0461,24.9712,8.42359,72,69,75,2365,2800,0.48243,31,9.23243,0,0,98637222726
36.1055,27.6966,8.42359,72,69,75,2365,2800,0.48243,31,9.23243,0,0,98664919331
40.5311,24.6724,8.42359,72,69,75,2365,2800,0.48243,31,9.23243,0,0,98689595799
38.1882,26.1861,5.7598,72,74,74,2355,2800,0.48243,39,9.23288,0,0,98715776851
42.7927,23.3685,5.7598,72,74,74,2355,2800,0.48243,39,9.23288,0,0,98739147679
29.8232,33.531,5.7598,72,74,74,2355,2800,0.48243,39,9.23288,0,0,98772678530
39.0347,25.6183,5.7598,72,74,74,2355,2800,0.48243,39,9.23288,0,0,98798295493
41.1559,24.2978,5.7598,72,74,74,2355,2800,0.48243,39,9.23288,0,0,98822594704
39.2035,25.5079,5.7598,72,74,74,2355,2800,0.48243,39,9.23288,0,0,98848104005
40.2917,24.819,5.7598,72,74,74,2355,2800,0.48243,39,9.23288,0,0,98872923121
36.8482,27.1384,5.7598,72,74,74,2355,2800,0.48243,39,9.23288,0,0,98900059815
38.9606,25.667,5.7598,72,74,74,2355,2800,0.48243,39,9.23288,0,0,98925730048
39.6592,25.2148,5.7598,72,74,74,2355,2800,0.48243,39,9.23288,0,0,98950945026
37.2271,26.8622,5.7598,72,74,74,2355,2800,0.48243,39,9.23288,0,0,98977808919
40.2021,24.8743,5.7598,72,74,74,2355,2800,0.48243,39,9.23288,0,0,99002680673
42.0117,23.8029,5.7598,72,74,74,2355,2800,0.48243,39,9.23288,0,0,99026484474
37.4275,26.7183,5.7598,72,74,74,2355,2800,0.48243,39,9.23288,0,0,99053202934
39.2547,25.4747,5.7598,72,74,74,2355,2800,0.48243,39,9.23288,0,0,99078678542
37.2773,26.826,5.7598,72,74,74,2355,2800,0.48243,39,9.23288,0,0,99105504062
37.7333,26.5018,5.7598,72,74,74,2355,2800,0.48243,39,9.23288,0,0,99132005264
41.4433,24.1294,5.7598,72,74,74,2355,2800,0.48243,39,9.23288,0,0,99156136990
38.4871,25.9827,5.7598,72,74,74,2355,2800,0.48243,39,9.23288,0,0,99182117926
39.8799,25.0753,5.7598,72,74,74,2355,2800,0.48243,39,9.23288,0,0,99207201067
37.4052,26.7342,5.75275,71,69,67,1769,2800,0.48243,27,9.23824,0,0,99233930357
39.3115,25.4379,5.75275,71,69,67,1769,2800,0.48243,27,9.23824,0,0,99259367192
38.2806,26.1229,5.75275,71,69,67,1769,2800,0.48243,27,9.23824,0,0,99285491797
38.0789,26.2613,5.75275,71,69,67,1769,2800,0.48243,27,9.23824,0,0,99311751616
40.9829,24.4004,5.75275,71,69,67,1769,2800,0.48243,27,9.23824,0,0,99336153580
34.3511,29.1112,5.75275,71,69,67,1769,2800,0.48243,27,9.23824,0,0,99365264328
44.4144,22.5152,5.75275,71,69,67,1769,2800,0.48243,27,9.23824,0,0,99387781154
37.0049,27.0234,5.75275,71,69,67,1769,2800,0.48243,27,9.23824,0,0,99414804455
42.0136,23.8018,5.75275,71,69,67,1769,2800,0.48243,27,9.23824,0,0,99438606233
37.3254,26.7914,5.75275,71,69,67,1769,2800,0.48243,27,9.23824,0,0,99465397098
42.5857,23.4821,5.75275,71,69,67,1769,2800,0.48243,27,9.23824,0,0,99488879536
36.5515,27.3587,5.75275,71,69,67,1769,2800,0.48243,27,9.23824,0,0,99516239249
40.0643,24.9599,5.75275,71,69,67,1769,2800,0.48243,27,9.23824,0,0,99541199600
35.5501,28.1293,5.75275,71,69,67,1769,2800,0.48243,27,9.23824,0,0,99569329487
40.5682,24.6498,5.75275,71,69,67,1769,2800,0.48243,27,9.23824,0,0,99593979726
39.5626,25.2764,5.75275,71,69,67,1769,2800,0.48243,27,9.23824,0,0,99619256591
30.6987,32.5747,5.75275,71,69,67,1769,2800,0.48243,27,9.23824,0,0,99651830437
37.083,26.9666,5.75275,71,69,67,1769,2800,0.48243,27,9.23824,0,0,99678797232
41.0257,24.375,5.75275,71,69,67,1769,2800,0.48243,27,9.23824,0,0,99703173367
36.9681,27.0504,5.75275,71,69,67,1769,2800,0.48243,27,9.23824,0,0,99730227246
40.5817,24.6417,6.77966,70,70,66,1531,2800,0.48243,33,9.23919,0,0,99754867366
36.1523,27.6608,6.77966,70,70,66,1531,2800,0.48243,33,9.23919,0,0,99782529045
33.9549,29.4508,6.77966,70,70,66,1531,2800,0.48243,33,9.23919,0,0,99811979370
38.9262,25.6896,6.77966,70,70,66,1531,2800,0.48243,33,9.23919,0,0,99837669390
37.9497,26.3507,6.77966,70,70,66,1531,2800,0.48243,33,9.23919,0,0,99864019769
40.6968,24.572,6.77966,70,70,66,1531,2800,0.48243,33,9.23919,0,0,99888591992
41.0628,24.3529,6.77966,70,70,66,1531,2800,0.48243,33,9.23919,0,0,99912945444
37.9997,26.316,6.77966,70,70,66,1531,2800,0.48243,33,9.23919,0,0,99939263051
36.7533,27.2085,6.77966,70,70,66,1531,2800,0.48243,33,9.23919,0,0,99966471661
45.0925,22.1766,6.77966,70,70,66,1531,2800,0.48243,33,9.23919,0,0,99988647768
31.2084,32.0427,6.77966,70,70,66,1531,2800,0.48243,33,9.23919,0,0,100020690697
38.9068,25.7024,6.77966,70,70,66,1531,2800,0.48243,33,9.23919,0,0,100046393090
37.894,26.3894,6.77966,70,70,66,1531,2800,0.48243,33,9.23919,0,0,100072781941
40.5592,24.6553,6.77966,70,70,66,1531,2800,0.48243,33,9.23919,0,0,100097438793
40.2819,24.825,6.77966,70,70,66,1531,2800,0.48243,33,9.23919,0,0,100122263660
35.6315,28.0651,6.77966,70,70,66,1531,2800,0.48243,33,9.23919,0,0,100150329978
43.6524,22.9083,6.77966,70,70,66,1531,2800,0.48243,33,9.23919,0,0,100173239160
37.8079,26.4495,6.77966,70,70,66,1531,2800,0.48243,33,9.23919,0,0,100199687734
37.236,26.8557,6.77966,70,70,66,1531,2800,0.48243,33,9.23919,0,0,100226543040
41.1286,24.314,6.77966,70,70,66,1531,2800,0.48243,33,9.23919,0,0,100250863721
38.62,25.8933,6.68287,69,69,66,1588,2800,0.48243,30,9.23785,0,0,100276750740
35.8535,27.8913,6.68287,69,69,66,1588,2800,0.48243,30,9.23785,0,0,100304642742
38.973,25.6588,6.68287,69,69,66,1588,2800,0.48243,30,9.23785,0,0,100330301583
41.7165,23.9713,6.68287,69,69,66,1588,2800,0.48243,30,9.23785,0,0,100354273479
36.5598,27.3524,6.68287,69,69,66,1588,2800,0.48243,30,9.23785,0,0,100381627171
40.1138,24.9291,6.68287,69,69,66,1588,2800,0.48243,30,9.23785,0,0,100406557054
35.3911,28.2557,6.68287,69,69,66,1588,2800,0.48243,30,9.23785,0,0,100434812628
41.834,23.904,6.68287,69,69,66,1588,2800,0.48243,30,9.23785,0,0,100458717298
38.751,25.8058,6.68287,69,69,66,1588,2800,0.48243,30,9.23785,0,0,100484524618
38.2815,26.1223,6.68287,69,69,66,1588,2800,0.48243,30,9.23785,0,0,100510645627
35.2708,28.352,6.68287,69,69,66,1588,2800,0.48243,30,9.23785,0,0,100538997130
37.6402,26.5674,6.68287,69,69,66,1588,2800,0.48243,30,9.23785,0,0,100565566600
40.2682,24.8335,6.68287,69,69,66,1588,2800,0.48243,30,9.23785,0,0,100590399522
34.1871,29.2508,6.68287,69,69,66,1588,2800,0.48243,30,9.23785,0,0,100619651365
40.8205,24.4975,6.68287,69,69,66,1588,2800,0.48243,30,9.23785,0,0,100644147946
33.1691,30.1485,6.68287,69,69,66,1588,2800,0.48243,30,9.23785,0,0,100674297713
31.1176,32.1362,6.68287,69,69,66,1588,2800,0.48243,30,9.23785,0,0,100706434268
35.9891,27.7862,6.68287,69,69,66,1588,2800,0.48243,30,9.23785,0,0,100734219068
40.091,24.9432,6.68287,69,69,66,1588,2800,0.48243,30,9.23785,0,0,100759166134
36.4185,27.4586,5.75,69,75,65,1307,2800,0.48243,17,9.2366,0,0,100786626796
40.7734,24.5258,5.75,69,75,65,1307,2800,0.48243,17,9.2366,0,0,100811148063
36.3087,27.5416,5.75,69,75,65,1307,2800,0.48243,17,9.2366,0,0,100838690409
37.147,26.9201,5.75,69,75,65,1307,2800,0.48243,17,9.2366,0,0,100865610827
42.4683,23.5469,5.75,69,75,65,1307,2800,0.48243,17,9.2366,0,0,100889158317
39.7012,25.1881,5.75,69,75,65,1307,2800,0.48243,17,9.2366,0,0,100914346195
42.6287,23.4584,5.75,69,75,65,1307,2800,0.48243,17,9.2366,0,0,100937806341
32.5694,30.7037,5.75,69,75,65,1307,2800,0.48243,17,9.2366,0,0,100968508906
34.6679,28.8451,5.75,69,75,65,1307,2800,0.48243,17,9.2366,0,0,100997353935
39.9969,25.0019,5.75,69,75,65,1307,2800,0.48243,17,9.2366,0,0,101022357457
39.461,25.3415,5.75,69,75,65,1307,2800,0.48243,17,9.2366,0,0,101047698923
40.6019,24.6294,5.75,69,75,65,1307,2800,0.48243,17,9.2366,0,0,101072328063
37.0454,26.9939,5.75,69,75,65,1307,2800,0.48243,17,9.2366,0,0,101099322049
45.3449,22.0532,5.75,69,75,65,1307,2800,0.48243,17,9.2366,0,0,101121376869
37.3765,26.7548,5.75,69,75,65,1307,2800,0.48243,17,9.2366,0,0,101148129703
38.1486,26.2133,5.75,69,75,65,1307,2800,0.48243,17,9.2366,0,0,101174344988
37.0176,27.0142,5.75,69,75,65,1307,2800,0.48243,17,9.2366,0,0,101201359042
41.9818,23.8199,5.75,69,75,65,1307,2800,0.48243,17,9.2366,0,0,101225180767
39.2704,25.4645,5.75,69,75,65,1307,2800,0.48243,17,9.2366,0,0,101250645464
40.1476,24.9081,5.75,69,75,65,1307,2800,0.48243,17,9.2366,0,0,101275558186
37.3599,26.7667,5.99022,69,69,65,1653,2800,0.48243,20,9.23046,0,0,101302319556
37.269,26.832,5.99022,69,69,65,1653,2800,0.48243,20,9.23046,0,0,101329151308
40.1058,24.9341,5.99022,69,69,65,1653,2800,0.48243,20,9.23046,0,0,101354086612
37.2548,26.8422,5.99022,69,69,65,1653,2800,0.48243,20,9.23046,0,0,101380927140
40.8188,24.4985,5.99022,69,69,65,1653,2800,0.48243,20,9.23046,0,0,101405428600
35.8055,27.9287,5.99022,69,69,65,1653,2800,0.48243,20,9.23046,0,0,101433356970
41.8116,23.9168,5.99022,69,69,65,1653,2800,0.48243,20,9.23046,0,0,101457273071
37.8487,26.421,5.99022,69,69,65,1653,2800,0.48243,20,9.23046,0,0,101483695405
39.8111,25.1186,5.99022,69,69,65,1653,2800,0.48243,20,9.23046,0,0,101508814544
38.0833,26.2582,5.99022,69,69,65,1653,2800,0.48243,20,9.23046,0,0,101535072860
40.7614,24.533,5.99022,69,69,65,1653,2800,0.48243,20,9.23046,0,0,101559605359
37.5767,26.6123,5.99022,69,69,65,1653,2800,0.48243,20,9.23046,0,0,101586217909
40.7332,24.55,5.99022,69,69,65,1653,2800,0.48243,20,9.23046,0,0,101610768562
38.0548,26.2779,5.99022,69,69,65,1653,2800,0.48243,20,9.23046,0,0,101637047827
34.6887,28.8279,5.99022,69,69,65,1653,2800,0.48243,20,9.23046,0,0,101665874081
37.9855,26.3258,5.99022,69,69,65,1653,2800,0.48243,20,9.23046,0,0,101692202439
40.3641,24.7745,5.99022,69,69,65,1653,2800,0.48243,20,9.23046,0,0,101716977021
42.9435,23.2864,5.99022,69,69,65,1653,2800,0.48243,20,9.23046,0,0,101740262570
35.9168,27.8421,5.99022,69,69,65,1653,2800,0.48243,20,9.23046,0,0,101768104898
42.2367,23.6761,5.99022,69,69,65,1653,2800,0.48243,20,9.23046,0,0,101791783584
37.2352,26.8563,7.48466,69,67,65,1703,2800,0.48243,36,9.2298,0,0,101818639061
42.5814,23.4844,7.48466,69,67,65,1703,2800,0.48243,36,9.2298,0,0,101842124044
37.3971,26.74,7.48466,69,67,65,1703,2800,0.48243,36,9.2298,0,0,101868863603
35.8396,27.9021,7.48466,69,67,65,1703,2800,0.48243,36,9.2298,0,0,101896764751
43.2251,23.1347,7.48466,69,67,65,1703,2800,0.48243,36,9.2298,0,0,101919899527
36.2207,27.6085,7.48466,69,67,65,1703,2800,0.48243,36,9.2298,0,0,101947508668
41.0781,24.3438,7.48466,69,67,65,1703,2800,0.48243,36,9.2298,0,0,101971853945
35.5149,28.1572,7.48466,69,67,65,1703,2800,0.48243,36,9.2298,0,0,102000010072
31.9717,31.2777,7.48466,69,67,65,1703,2800,0.48243,36,9.2298,0,0,102031288787
42.9369,23.29,7.48466,69,67,65,1703,2800,0.48243,36,9.2298,0,0,102054579806
39.1286,25.5567,7.48466,69,67,65,1703,2800,0.48243,36,9.2298,0,0,102080136676
38.0367,26.2904,7.48466,69,67,65,1703,2800,0.48243,36,9.2298,0,0,102106426672
36.8687,27.1232,7.48466,69,67,65,1703,2800,0.48243,36,9.2298,0,0,102133550131
42.779,23.3759,7.48466,69,67,65,1703,2800,0.48243,36,9.2298,0,0,102156925949
36.5926,27.328,7.48466,69,67,65,1703,2800,0.48243,36,9.2298,0,0,102184255586
40.2775,24.8278,7.48466,69,67,65,1703,2800,0.48243,36,9.2298,0,0,102209082316
37.0283,27.0064,7.48466,69,67,65,1703,2800,0.48243,36,9.2298,0,0,102236089998
34.3718,29.0936,7.48466,69,67,65,1703,2800,0.48243,36,9.2298,0,0,102265184265
43.3668,23.0591,7.48466,69,67,65,1703,2800,0.48243,36,9.2298,0,0,102288244401
37.0614,26.9822,7.48466,69,67,65,1703,2800,0.48243,36,9.2298,0,0,102315231424
36.6841,27.2598,5.44794,69,69,67,1802,2800,0.48243,13,9.2299,0,0,102342487252
40.402,24.7512,5.44794,69,69,67,1802,2800,0.48243,13,9.2299,0,0,102367236988
44.4192,22.5128,5.44794,69,69,67,1802,2800,0.48243,13,9.2299,0,0,102389750227
39.298,25.4466,5.44794,69,69,67,1802,2800,0.48243,13,9.2299,0,0,102415197692
39.1348,25.5527,5.44794,69,69,67,1802,2800,0.48243,13,9.2299,0,0,102440752068
35.4271,28.2269,5.44794,69,69,67,1802,2800,0.48243,13,9.2299,0,0,102468977615
34.0676,29.3534,5.44794,69,69,67,1802,2800,0.48243,13,9.2299,0,0,102498329866
42.9863,23.2632,5.44794,69,69,67,1802,2800,0.48243,13,9.2299,0,0,102521595778
35.8737,27.8756,5.44794,69,69,67,1802,2800,0.48243,13,9.2299,0,0,102549469104
40.0119,24.9926,5.44794,69,69,67,1802,2800,0.48243,13,9.2299,0,0,102574462647
35.5631,28.119,5.44794,69,69,67,1802,2800,0.48243,13,9.2299,0,0,102602583347
38.1251,26.2294,5.44794,69,69,67,1802,2800,0.48243,13,9.2299,0,0,102628812759
37.7626,26.4812,5.44794,69,69,67,1802,2800,0.48243,13,9.2299,0,0,102655293062
40.1723,24.8928,5.44794,69,69,67,1802,2800,0.48243,13,9.2299,0,0,102680186177
36.5924,27.3281,5.44794,69,69,67,1802,2800,0.48243,13,9.2299,0,0,102707513609
37.6552,26.5568,5.44794,69,69,67,1802,2800,0.48243,13,9.2299,0,0,102734070616
39.0097,25.6347,5.44794,69,69,67,1802,2800,0.48243,13,9.2299,0,0,102759710522
37.3738,26.7567,5.44794,69,69,67,1802,2800,0.48243,13,9.2299,0,0,102786464718
39.632,25.2321,5.44794,69,69,67,1802,2800,0.48243,13,9.2299,0,0,102811695436
37.8363,26.4297,5.44794,69,69,67,1802,2800,0.48243,13,9.2299,0,0,102838128390
37.652,26.559,6.52174,69,73,67,1953,2800,0.48243,31,9.229,0,0,102864684896
41.3672,24.1737,6.52174,69,73,67,1953,2800,0.48243,31,9.229,0,0,102888860034
39.1981,25.5115,6.52174,69,73,67,1953,2800,0.48243,31,9.229,0,0,102914372120
38.309,26.1035,6.52174,69,73,67,1953,2800,0.48243,31,9.229,0,0,102940474503
34.7046,28.8146,6.52174,69,73,67,1953,2800,0.48243,31,9.229,0,0,102969290398
39.2205,25.4969,6.52174,69,73,67,1953,2800,0.48243,31,9.229,0,0,102994786845
29.4874,33.9128,6.52174,69,73,67,1953,2800,0.48243,31,9.229,0,0,103028700875
38.2233,26.162,6.52174,69,73,67,1953,2800,0.48243,31,9.229,0,0,103054861989
40.4895,24.6978,6.52174,69,73,67,1953,2800,0.48243,31,9.229,0,0,103079559246
37.3092,26.8031,6.52174,69,73,67,1953,2800,0.48243,31,9.229,0,0,103106362484
37.8486,26.4211,6.52174,69,73,67,1953,2800,0.48243,31,9.229,0,0,103132785169
39.984,25.01,6.52174,69,73,67,1953,2800,0.48243,31,9.229,0,0,103157795303
37.7276,26.5058,6.52174,69,73,67,1953,2800,0.48243,31,9.229,0,0,103184299962
39.3438,25.417,6.52174,69,73,67,1953,2800,0.48243,31,9.229,0,0,103209718512
37.1017,26.9529,6.52174,69,73,67,1953,2800,0.48243,31,9.229,0,0,103236670991
39.4855,25.3257,6.52174,69,73,67,1953,2800,0.48243,31,9.229,0,0,103261998751
38.96,25.6673,6.52174,69,73,67,1953,2800,0.48243,31,9.229,0,0,103287664365
40.2484,24.8457,6.52174,69,73,67,1953,2800,0.48243,31,9.229,0,0,103312511273
37.7567,26.4854,6.52174,69,73,67,1953,2800,0.48243,31,9.229,0,0,103339004891
36.5753,27.3409,5.93434,70,71,67,1910,2800,0.48243,32,9.22668,0,0,103366337032
39.765,25.1477,5.93434,70,71,67,1910,2800,0.48243,32,9.22668,0,0,103391486297
36.0272,27.7568,5.93434,70,71,67,1910,2800,0.48243,32,9.22668,0,0,103419243185
41.9923,23.8139,5.93434,70,71,67,1910,2800,0.48243,32,9.22668,0,0,103443057115
35.376,28.2677,5.93434,70,71,67,1910,2800,0.48243,32,9.22668,0,0,103471325964
36.3341,27.5224,5.93434,70,71,67,1910,2800,0.48243,32,9.22668,0,0,103498847019
38.7817,25.7853,5.93434,70,71,67,1910,2800,0.48243,32,9.22668,0,0,103524633470
39.7012,25.1882,5.93434,70,71,67,1910,2800,0.48243,32,9.22668,0,0,103549822099
42.4278,23.5695,5.93434,70,71,67,1910,2800,0.48243,32,9.22668,0,0,103573392232
36.2785,27.5645,5.93434,70,71,67,1910,2800,0.48243,32,9.22668,0,0,103600958442
42.9,23.31,5.93434,70,71,67,1910,2800,0.48243,32,9.22668,0,0,103624267575
36.1866,27.6345,5.93434,70,71,67,1910,2800,0.48243,32,9.22668,0,0,103651901883
39.2442,25.4815,5.93434,70,71,67,1910,2800,0.48243,32,9.22668,0,0,103677382750
38.0046,26.3126,5.93434,70,71,67,1910,2800,0.48243,32,9.22668,0,0,103703696089
35.8902,27.8627,5.93434,70,71,67,1910,2800,0.48243,32,9.22668,0,0,103731557764
43.6491,22.91,5.93434,70,71,67,1910,2800,0.48243,32,9.22668,0,0,103754470052
38.1168,26.2352,5.93434,70,71,67,1910,2800,0.48243,32,9.22668,0,0,103780704734
33.7485,29.631,5.93434,70,71,67,1910,2800,0.48243,32,9.22668,0,0,103810335688
41.7346,23.9609,5.93434,70,71,67,1910,2800,0.48243,32,9.22668,0,0,103834296884
43.3699,23.0575,5.93434,70,71,67,1910,2800,0.48243,32,9.22668,0,0,103857361458
37.7398,26.4972,7.95594,69,69,67,1961,2800,0.48243,27,9.22723,0,0,103883853814
39.9017,25.0616,7.95594,69,69,67,1961,2800,0.48243,27,9.22723,0,0,103908916346
35.1948,28.4133,7.95594,69,69,67,1961,2800,0.48243,27,9.22723,0,0,103937328444
37.1323,26.9307,7.95594,69,69,67,1961,2800,0.48243,27,9.22723,0,0,103964260303
44.3723,22.5366,7.95594,69,69,67,1961,2800,0.48243,27,9.22723,0,0,103986796636
37.7134,26.5158,7.95594,69,69,67,1961,2800,0.48243,27,9.22723,0,0,104013313287
36.6512,27.2843,7.95594,69,69,67,1961,2800,0.48243,27,9.22723,0,0,104040597067
37.816,26.4438,7.95594,69,69,67,1961,2800,0.48243,27,9.22723,0,0,104067040942
42.2947,23.6437,7.95594,69,69,67,1961,2800,0.48243,27,9.22723,0,0,104090684402
29.8037,33.5529,7.95594,69,69,67,1961,2800,0.48243,27,9.22723,0,0,104124239138
38.7186,25.8274,7.95594,69,69,67,1961,2800,0.48243,27,9.22723,0,0,104150064652
42.7093,23.4141,7.95594,69,69,67,1961,2800,0.48243,27,9.22723,0,0,104173479944
36.115,27.6894,7.95594,69,69,67,1961,2800,0.48243,27,9.22723,0,0,104201169536
44.6888,22.377,7.95594,69,69,67,1961,2800,0.48243,27,9.22723,0,0,104223548363
36.8387,27.1454,7.95594,69,69,67,1961,2800,0.48243,27,9.22723,0,0,104250692882
39.0285,25.6223,7.95594,69,69,67,1961,2800,0.48243,27,9.22723,0,0,104276316137
37.5545,26.628,7.95594,69,69,67,1961,2800,0.48243,27,9.22723,0,0,104302944297
43.8493,22.8054,7.95594,69,69,67,1961,2800,0.48243,27,9.22723,0,0,104325749604
35.2564,28.3636,7.95594,69,69,67,1961,2800,0.48243,27,9.22723,0,0,104354112820
39.7933,25.1298,7.95594,69,69,67,1961,2800,0.48243,27,9.22723,0,0,104379252026
39.9219,25.0489,5.3528,69,67,68,2082,2800,0.48243,19,9.22818,0,0,104404293229
35.0487,28.5317,5.3528,69,67,68,2082,2800,0.48243,19,9.22818,0,0,104432824460
43.8969,22.7807,5.3528,69,67,68,2082,2800,0.48243,19,9.22818,0,0,104455606333
37.2151,26.8708,5.3528,69,67,68,2082,2800,0.48243,19,9.22818,0,0,104482476016
41.0645,24.3519,5.3528,69,67,68,2082,2800,0.48243,19,9.22818,0,0,104506830200
36.8176,27.1609,5.3528,69,67,68,2082,2800,0.48243,19,9.22818,0,0,104533991180
41.9182,23.856,5.3528,69,67,68,2082,2800,0.48243,19,9.22818,0,0,104557847439
36.2937,27.553,5.3528,69,67,68,2082,2800,0.48243,19,9.22818,0,0,104585401687
40.8034,24.5077,5.3528,69,67,68,2082,2800,0.48243,19,9.22818,0,0,104609908267
37.7187,26.512,5.3528,69,67,68,2082,2800,0.48243,19,9.22818,0,0,104636421651
35.2536,28.3659,5.3528,69,67,68,2082,2800,0.48243,19,9.22818,0,0,104664787832
44.6565,22.3931,5.3528,69,67,68,2082,2800,0.48243,19,9.22818,0,0,104687179965
39.7976,25.1272,5.3528,69,67,68,2082,2800,0.48243,19,9.22818,0,0,104712308982
36.7012,27.2471,5.3528,69,67,68,2082,2800,0.48243,19,9.22818,0,0,104739556434
37.9019,26.3839,5.3528,69,67,68,2082,2800,0.48243,19,9.22818,0,0,104765939544
41.0653,24.3515,5.3528,69,67,68,2082,2800,0.48243,19,9.22818,0,0,104790291965
37.0886,26.9625,5.3528,69,67,68,2082,2800,0.48243,19,9.22818,0,0,104817254081
40.9955,24.3929,5.3528,69,67,68,2082,2800,0.48243,19,9.22818,0,0,104841647178
33.8075,29.5793,5.3528,69,67,68,2082,2800,0.48243,19,9.22818,0,0,104871226946
40.7339,24.5496,5.3528,69,67,68,2082,2800,0.48243,19,9.22818,0,0,104895781425
40.6492,24.6008,5.96107,69,73,69,2059,2800,0.48243,38,9.22741,0,0,104920377783
40.0692,24.9568,5.96107,69,73,69,2059,2800,0.48243,38,9.22741,0,0,104945335650
36.849,27.1378,5.96107,69,73,69,2059,2800,0.48243,38,9.22741,0,0,104972473897
39.172,25.5284,5.96107,69,73,69,2059,2800,0.48243,38,9.22741,0,0,104998000570
35.5521,28.1277,5.96107,69,73,69,2059,2800,0.48243,38,9.22741,0,0,105026128915
39.3574,25.4082,5.96107,69,73,69,2059,2800,0.48243,38,9.22741,0,0,105051538218
38.5229,25.9586,5.96107,69,73,69,2059,2800,0.48243,38,9.22741,0,0,105077496462
37.3954,26.7413,5.96107,69,73,69,2059,2800,0.48243,38,9.22741,0,0,105104239487
42.6568,23.4429,5.96107,69,73,69,2059,2800,0.48243,38,9.22741,0,0,105127682371
35.4537,28.2058,5.96107,69,73,69,2059,2800,0.48243,38,9.22741,0,0,105155889023
40.3342,24.7928,5.96107,69,73,69,2059,2800,0.48243,38,9.22741,0,0,105180679846
36.4977,27.399,5.96107,69,73,69,2059,2800,0.48243,38,9.22741,0,0,105208080685
36.72,27.2331,5.96107,69,73,69,2059,2800,0.48243,38,9.22741,0,0,105235314171
40.7454,24.5426,5.96107,69,73,69,2059,2800,0.48243,38,9.22741,0,0,105259856027
36.9252,27.0818,5.96107,69,73,69,2059,2800,0.48243,38,9.22741,0,0,105286937938
39.0537,25.6057,5.96107,69,73,69,2059,2800,0.48243,38,9.22741,0,0,105312545343
37.5463,26.6338,5.96107,69,73,69,2059,2800,0.48243,38,9.22741,0,0,105339178493
37.5549,26.6277,5.96107,69,73,69,2059,2800,0.48243,38,9.22741,0,0,105365806953
37.5311,26.6445,5.96107,69,73,69,2059,2800,0.48243,38,9.22741,0,0,105392451785
38.0619,26.273,5.96107,69,73,69,2059,2800,0.48243,38,9.22741,0,0,105418729568
37.6588,26.5542,7.06587,70,70,68,1943,2800,0.48243,15,9.22435,0,0,105445279551
39.2159,25.4998,7.06587,70,70,68,1943,2800,0.48243,15,9.22435,0,0,105470780005
37.7199,26.5112,7.06587,70,70,68,1943,2800,0.48243,15,9.22435,0,0,105497292799
41.0595,24.3549,7.06587,70,70,68,1943,2800,0.48243,15,9.22435,0,0,105521648004
39.7239,25.1738,7.06587,70,70,68,1943,2800,0.48243,15,9.22435,0,0,105546821986
36.2637,27.5758,7.06587,70,70,68,1943,2800,0.48243,15,9.22435,0,0,105574398896
38.5582,25.9348,7.06587,70,70,68,1943,2800,0.48243,15,9.22435,0,0,105600332674
43.5194,22.9783,7.06587,70,70,68,1943,2800,0.48243,15,9.22435,0,0,105623311948
35.3085,28.3218,7.06587,70,70,68,1943,2800,0.48243,15,9.22435,0,0,105651633455
39.0293,25.6218,7.06587,70,70,68,1943,2800,0.48243,15,9.22435,0,0,105677255297
38.1797,26.1919,7.06587,70,70,68,1943,2800,0.48243,15,9.22435,0,0,105703476483
36.2608,27.578,7.06587,70,70,68,1943,2800,0.48243,15,9.22435,0,0,105731026183
39.239,25.4849,7.06587,70,70,68,1943,2800,0.48243,15,9.22435,0,0,105756511579
36.7475,27.2127,7.06587,70,70,68,1943,2800,0.48243,15,9.22435,0,0,105783724746
37.9965,26.3182,7.06587,70,70,68,1943,2800,0.48243,15,9.22435,0,0,105810044678
41.3985,24.1555,7.06587,70,70,68,1943,2800,0.48243,15,9.22435,0,0,105834198005
39.6671,25.2098,7.06587,70,70,68,1943,2800,0.48243,15,9.22435,0,0,105859409888
39.6455,25.2236,7.06587,70,70,68,1943,2800,0.48243,15,9.22435,0,0,105884633753
38.5644,25.9306,7.06587,70,70,68,1943,2800,0.48243,15,9.22435,0,0,105910564825
38.3253,26.0924,7.06587,70,70,68,1943,2800,0.48243,15,9.22435,0,0,105936663432
35.3391,28.2973,8.74848,69,67,65,1797,2800,0.48243,31,9.22452,0,0,105964954913
40.8,24.5098,8.74848,69,67,65,1797,2800,0.48243,31,9.22452,0,0,105989464608
37.4595,26.6955,8.74848,69,67,65,1797,2800,0.48243,31,9.22452,0,0,106016159273
35.2407,28.3763,8.74848,69,67,65,1797,2800,0.48243,31,9.22452,0,0,106044536144
38.1429,26.2172,8.74848,69,67,65,1797,2800,0.48243,31,9.22452,0,0,106070753573
38.5882,25.9146,8.74848,69,67,65,1797,2800,0.48243,31,9.22452,0,0,106096668586
38.999,25.6417,8.74848,69,67,65,1797,2800,0.48243,31,9.22452,0,0,106122312068
39.7851,25.135,8.74848,69,67,65,1797,2800,0.48243,31,9.22452,0,0,106147446496
38.7837,25.784,8.74848,69,67,65,1797,2800,0.48243,31,9.22452,0,0,106173231694
40.5015,24.6904,8.74848,69,67,65,1797,2800,0.48243,31,9.22452,0,0,106197921828
40.6905,24.5758,8.74848,69,67,65,1797,2800,0.48243,31,9.22452,0,0,106222498710
35.4646,28.1972,8.74848,69,67,65,1797,2800,0.48243,31,9.22452,0,0,106250696324
42.2521,23.6674,8.74848,69,67,65,1797,2800,0.48243,31,9.22452,0,0,106274363990
37.9255,26.3675,8.74848,69,67,65,1797,2800,0.48243,31,9.22452,0,0,106300729908
37.1573,26.9126,8.74848,69,67,65,1797,2800,0.48243,31,9.22452,0,0,106327644045
38.7465,25.8088,8.74848,69,67,65,1797,2800,0.48243,31,9.22452,0,0,106353452687
43.1822,23.1577,8.74848,69,67,65,1797,2800,0.48243,31,9.22452,0,0,106376611278
36.73,27.2257,8.74848,69,67,65,1797,2800,0.48243,31,9.22452,0,0,106403836378
35.1305,28.4653,8.74848,69,67,65,1797,2800,0.48243,31,9.22452,0,0,106432302136
45.22,22.1141,8.74848,69,67,65,1797,2800,0.48243,31,9.22452,0,0,106454421727
36.1845,27.6362,6.10501,69,69,70,2422,2800,0.48243,33,9.22491,0,0,106482054662
41.8828,23.8762,6.10501,69,69,70,2422,2800,0.48243,33,9.22491,0,0,106505929526
37.2011,26.8809,6.10501,69,69,70,2422,2800,0.48243,33,9.22491,0,0,106532812374
40.9719,24.407,6.10501,69,69,70,2422,2800,0.48243,33,9.22491,0,0,106557218555
38.6251,25.8899,6.10501,69,69,70,2422,2800,0.48243,33,9.22491,0,0,106583110695
37.6846,26.536,6.10501,69,69,70,2422,2800,0.48243,33,9.22491,0,0,106609645710
37.7631,26.4809,6.10501,69,69,70,2422,2800,0.48243,33,9.22491,0,0,106636125542
34.5626,28.933,6.10501,69,69,70,2422,2800,0.48243,33,9.22491,0,0,106665060840
42.0688,23.7706,6.10501,69,69,70,2422,2800,0.48243,33,9.22491,0,0,106688830598
38.5267,25.956,6.10501,69,69,70,2422,2800,0.48243,33,9.22491,0,0,106714786587
40.0368,24.977,6.10501,69,69,70,2422,2800,0.48243,33,9.22491,0,0,106739765592
36.7822,27.1871,6.10501,69,69,70,2422,2800,0.48243,33,9.22491,0,0,106766952280
37.7102,26.5181,6.10501,69,69,70,2422,2800,0.48243,33,9.22491,0,0,106793470444
38.208,26.1725,6.10501,69,69,70,2422,2800,0.48243,33,9.22491,0,0,106819641937
41.5179,24.086,6.10501,69,69,70,2422,2800,0.48243,33,9.22491,0,0,106843730924
39.9055,25.0592,6.10501,69,69,70,2422,2800,0.48243,33,9.22491,0,0,106868790421
41.5202,24.0847,6.10501,69,69,70,2422,2800,0.48243,33,9.22491,0,0,106892873556
37.1818,26.8949,6.10501,69,69,70,2422,2800,0.48243,33,9.22491,0,0,106919768136
40.4624,24.7143,6.10501,69,69,70,2422,2800,0.48243,33,9.22491,0,0,106944483056
36.5345,27.3714,6.10501,69,69,70,2422,2800,0.48243,33,9.22491,0,0,106971860392
38.0614,26.2733,5.62347,69,73,72,2401,2800,0.48243,17,9.22326,0,0,106998129178
43.2677,23.1119,5.62347,69,73,72,2401,2800,0.48243,17,9.22326,0,0,107021243104
33.0017,30.3015,5.62347,69,73,72,2401,2800,0.48243,17,9.22326,0,0,107051543775
44.6834,22.3797,5.62347,69,73,72,2401,2800,0.48243,17,9.22326,0,0,107073923243
36.9279,27.0798,5.62347,69,73,72,2401,2800,0.48243,17,9.22326,0,0,107101004033
42.2473,23.6701,5.62347,69,73,72,2401,2800,0.48243,17,9.22326,0,0,107124675415
36.6503,27.2849,5.62347,69,73,72,2401,2800,0.48243,17,9.22326,0,0,107151958684
41.4928,24.1006,5.62347,69,73,72,2401,2800,0.48243,17,9.22326,0,0,107176059763
37.3819,26.7509,5.62347,69,73,72,2401,2800,0.48243,17,9.22326,0,0,107202812627
37.0354,27.0012,5.62347,69,73,72,2401,2800,0.48243,17,9.22326,0,0,107229815110
41.2317,24.2532,5.62347,69,73,72,2401,2800,0.48243,17,9.22326,0,0,107254067302
38.59,25.9135,5.62347,69,73,72,2401,2800,0.48243,17,9.22326,0,0,107279981853
37.7832,26.4668,5.62347,69,73,72,2401,2800,0.48243,17,9.22326,0,0,107306447959
37.7924,26.4603,5.62347,69,73,72,2401,2800,0.48243,17,9.22326,0,0,107332913785
42.376,23.5983,5.62347,69,73,72,2401,2800,0.48243,17,9.22326,0,0,107356507181
37.3084,26.8036,5.62347,69,73,72,2401,2800,0.48243,17,9.22326,0,0,107383311071
39.2629,25.4693,5.62347,69,73,72,2401,2800,0.48243,17,9.22326,0,0,107408779235
37.0618,26.982,5.62347,69,73,72,2401,2800,0.48243,17,9.22326,0,0,107435761579
40.8231,24.4959,5.62347,69,73,72,2401,2800,0.48243,17,9.22326,0,0,107460258330
36.4839,27.4093,5.62347,69,73,72,2401,2800,0.48243,17,9.22326,0,0,107487672655
42.385,23.5933,5.38556,70,69,72,2453,2800,0.48243,36,9.22324,0,0,107511262996
37.828,26.4354,5.38556,70,69,72,2453,2800,0.48243,36,9.22324,0,0,107537697783
37.285,26.8204,5.38556,70,69,72,2453,2800,0.48243,36,9.22324,0,0,107564520819
41.0863,24.339,5.38556,70,69,72,2453,2800,0.48243,36,9.22324,0,0,107588857460
38.024,26.2992,5.38556,70,69,72,2453,2800,0.48243,36,9.22324,0,0,107615158316
36.2642,27.5754,5.38556,70,69,72,2453,2800,0.48243,36,9.22324,0,0,107642733242
38.8396,25.7469,5.38556,70,69,72,2453,2800,0.48243,36,9.22324,0,0,107668481341
41.5815,24.0492,5.38556,70,69,72,2453,2800,0.48243,36,9.22324,0,0,107692531384
36.6601,27.2776,5.38556,70,69,72,2453,2800,0.48243,36,9.22324,0,0,107719808291
39.4004,25.3805,5.38556,70,69,72,2453,2800,0.48243,36,9.22324,0,0,107745188791
37.627,26.5767,5.38556,70,69,72,2453,2800,0.48243,36,9.22324,0,0,107771765835
37.9337,26.3618,5.38556,70,69,72,2453,2800,0.48243,36,9.22324,0,0,107798129168
40.9591,24.4146,5.38556,70,69,72,2453,2800,0.48243,36,9.22324,0,0,107822542833
38.6435,25.8775,5.38556,70,69,72,2453,2800,0.48243,36,9.22324,0,0,107848423330
39.5303,25.2971,5.38556,70,69,72,2453,2800,0.48243,36,9.22324,0,0,107873719602
39.2486,25.4786,5.38556,70,69,72,2453,2800,0.48243,36,9.22324,0,0,107899198065
40.5948,24.6337,5.38556,70,69,72,2453,2800,0.48243,36,9.22324,0,0,107923832945
39.0071,25.6363,5.38556,70,69,72,2453,2800,0.48243,36,9.22324,0,0,107949471128
39.2338,25.4882,5.38556,70,69,72,2453,2800,0.48243,36,9.22324,0,0,107974957836
36.2501,27.5861,5.38556,70,69,72,2453,2800,0.48243,36,9.22324,0,0,108002548983
43.0214,23.2442,8.10811,70,67,72,2475,2800,0.48243,30,9.22348,0,0,108025790589
32.3692,30.8935,8.10811,70,67,72,2475,2800,0.48243,30,9.22348,0,0,108056682208
44.8304,22.3063,8.10811,70,67,72,2475,2800,0.48243,30,9.22348,0,0,108078990123
36.6913,27.2544,8.10811,70,67,72,2475,2800,0.48243,30,9.22348,0,0,108106244468
36.9043,27.0971,8.10811,70,67,72,2475,2800,0.48243,30,9.22348,0,0,108133342840
43.0404,23.234,8.10811,70,67,72,2475,2800,0.48243,30,9.22348,0,0,108156576031
36.9376,27.0727,8.10811,70,67,72,2475,2800,0.48243,30,9.22348,0,0,108183648785
29.3691,34.0494,8.10811,70,67,72,2475,2800,0.48243,30,9.22348,0,0,108217698830
39.5799,25.2654,8.10811,70,67,72,2475,2800,0.48243,30,9.22348,0,0,108242964283
39.5966,25.2547,8.10811,70,67,72,2475,2800,0.48243,30,9.22348,0,0,108268220369
42.9806,23.2663,8.10811,70,67,72,2475,2800,0.48243,30,9.22348,0,0,108291486992
34.8426,28.7005,8.10811,70,67,72,2475,2800,0.48243,30,9.22348,0,0,108320186719
42.2433,23.6724,8.10811,70,67,72,2475,2800,0.48243,30,9.22348,0,0,108343861177
36.8927,27.1056,8.10811,70,67,72,2475,2800,0.48243,30,9.22348,0,0,108370965411
40.4485,24.7228,8.10811,70,67,72,2475,2800,0.48243,30,9.22348,0,0,108395690751
38.6254,25.8897,8.10811,70,67,72,2475,2800,0.48243,30,9.22348,0,0,108421579183
38.982,25.6529,8.10811,70,67,72,2475,2800,0.48243,30,9.22348,0,0,108447233115
38.1732,26.1964,8.10811,70,67,72,2475,2800,0.48243,30,9.22348,0,0,108473428814
38.0408,26.2876,8.10811,70,67,72,2475,2800,0.48243,30,9.22348,0,0,108499718810
41.458,24.1208,8.10811,70,67,72,2475,2800,0.48243,30,9.22348,0,0,108523845857
37.609,26.5894,5.70388,70,71,71,2491,2800,0.48243,31,9.22441,0,0,108550429243
38.2753,26.1265,5.70388,70,71,71,2491,2800,0.48243,31,9.22441,0,0,108576555071
36.5756,27.3407,5.70388,70,71,71,2491,2800,0.48243,31,9.22441,0,0,108603895026
42.6053,23.4713,5.70388,70,71,71,2491,2800,0.48243,31,9.22441,0,0,108627366584
38.2239,26.1617,5.70388,70,71,71,2491,2800,0.48243,31,9.22441,0,0,108653528319
40.4675,24.7112,5.70388,70,71,71,2491,2800,0.48243,31,9.22441,0,0,108678241336
37.5873,26.6047,5.70388,70,71,71,2491,2800,0.48243,31,9.22441,0,0,108704846463
37.7285,26.5051,5.70388,70,71,71,2491,2800,0.48243,31,9.22441,0,0,108731351251
40.897,24.4517,5.70388,70,71,71,2491,2800,0.48243,31,9.22441,0,0,108755803068
37.2481,26.847,5.70388,70,71,71,2491,2800,0.48243,31,9.22441,0,0,108782649418
37.166,26.9063,5.70388,70,71,71,2491,2800,0.48243,31,9.22441,0,0,108809557052
40.3636,24.7748,5.70388,70,71,71,2491,2800,0.48243,31,9.22441,0,0,108834332426
34.9176,28.6388,5.70388,70,71,71,2491,2800,0.48243,31,9.22441,0,0,108862970607
43.7353,22.8648,5.70388,70,71,71,2491,2800,0.48243,31,9.22441,0,0,108885836609
39.8348,25.1037,5.70388,70,71,71,2491,2800,0.48243,31,9.22441,0,0,108910941882
37.6257,26.5776,5.70388,70,71,71,2491,2800,0.48243,31,9.22441,0,0,108937517683
35.4907,28.1764,5.70388,70,71,71,2491,2800,0.48243,31,9.22441,0,0,108965694840
41.887,23.8738,5.70388,70,71,71,2491,2800,0.48243,31,9.22441,0,0,108989568512
39.6597,25.2145,5.70388,70,71,71,2491,2800,0.48243,31,9.22441,0,0,109014783460
38.1102,26.2397,5.70388,70,71,71,2491,2800,0.48243,31,9.22441,0,0,109041027991
38.3298,26.0894,5.7598,70,72,70,2529,2800,0.48243,24,9.23438,0,0,109067113593
41.1105,24.3247,5.7598,70,72,70,2529,2800,0.48243,24,9.23438,0,0,109091439323
38.349,26.0763,5.7598,70,72,70,2529,2800,0.48243,24,9.23438,0,0,109117515408
39.5865,25.2612,5.7598,70,72,70,2529,2800,0.48243,24,9.23438,0,0,109142777565
36.2676,27.5728,5.7598,70,72,70,2529,2800,0.48243,24,9.23438,0,0,109170350718
36.83,27.1518,5.7598,70,72,70,2529,2800,0.48243,24,9.23438,0,0,109197501849
38.1962,26.1806,5.7598,70,72,70,2529,2800,0.48243,24,9.23438,0,0,109223684714
41.0486,24.3613,5.7598,70,72,70,2529,2800,0.48243,24,9.23438,0,0,109248045209
38.8733,25.7246,5.7598,70,72,70,2529,2800,0.48243,24,9.23438,0,0,109273769874
41.3629,24.1763,5.7598,70,72,70,2529,2800,0.48243,24,9.23438,0,0,109297945884
41.1525,24.2999,5.7598,70,72,70,2529,2800,0.48243,24,9.23438,0,0,109322247038
37.7442,26.4941,5.7598,70,72,70,2529,2800,0.48243,24,9.23438,0,0,109348743220
39.03,25.6213,5.7598,70,72,70,2529,2800,0.48243,24,9.23438,0,0,109374362087
38.1225,26.2312,5.7598,70,72,70,2529,2800,0.48243,24,9.23438,0,0,109400595165
39.7678,25.146,5.7598,70,72,70,2529,2800,0.48243,24,9.23438,0,0,109425741305
39.8336,25.1044,5.7598,70,72,70,2529,2800,0.48243,24,9.23438,0,0,109450845486
38.9789,25.6549,5.7598,70,72,70,2529,2800,0.48243,24,9.23438,0,0,109476503035
36.706,27.2435,5.7598,70,72,70,2529,2800,0.48243,24,9.23438,0,0,109503746710
37.3916,26.7439,5.7598,70,72,70,2529,2800,0.48243,24,9.23438,0,0,109530488854
38.5193,25.961,5.7598,70,72,70,2529,2800,0.48243,24,9.23438,0,0,109556458528
40.5558,24.6574,5.28256,71,69,71,2484,2800,0.48243,25,9.2351,0,0,109581108377
37.3216,26.7941,5.28256,71,69,71,2484,2800,0.48243,25,9.2351,0,0,109607903951
35.1086,28.4831,5.28256,71,69,71,2484,2800,0.48243,25,9.2351,0,0,109636387642
42.6586,23.4419,5.28256,71,69,71,2484,2800,0.48243,25,9.2351,0,0,109659828773
38.7028,25.8379,5.28256,71,69,71,2484,2800,0.48243,25,9.2351,0,0,109685668073
41.3278,24.1968,5.28256,71,69,71,2484,2800,0.48243,25,9.2351,0,0,109709865022
36.8699,27.1224,5.28256,71,69,71,2484,2800,0.48243,25,9.2351,0,0,109736989363
36.5869,27.3322,5.28256,71,69,71,2484,2800,0.48243,25,9.2351,0,0,109764321674
45.4113,22.021,5.28256,71,69,71,2484,2800,0.48243,25,9.2351,0,0,109786341848
39.2172,25.499,5.28256,71,69,71,2484,2800,0.48243,25,9.2351,0,0,109811843034
33.5251,29.8284,5.28256,71,69,71,2484,2800,0.48243,25,9.2351,0,0,109841671999
36.4015,27.4714,5.28256,71,69,71,2484,2800,0.48243,25,9.2351,0,0,109869144834
45.9205,21.7768,5.28256,71,69,71,2484,2800,0.48243,25,9.2351,0,0,109890919849
36.711,27.2398,5.28256,71,69,71,2484,2800,0.48243,25,9.2351,0,0,109918159366
38.9974,25.6428,5.28256,71,69,71,2484,2800,0.48243,25,9.2351,0,0,109943804211
40.0664,24.9586,5.28256,71,69,71,2484,2800,0.48243,25,9.2351,0,0,109968761547
34.182,29.2552,5.28256,71,69,71,2484,2800,0.48243,25,9.2351,0,0,109998018028
42.9847,23.2641,5.28256,71,69,71,2484,2800,0.48243,25,9.2351,0,0,110021281926
38.2915,26.1154,5.28256,71,69,71,2484,2800,0.48243,25,9.2351,0,0,110047398126
36.3938,27.4772,5.28256,71,69,71,2484,2800,0.48243,25,9.2351,0,0,110074879967
38.5259,25.9566,7.81441,72,68,71,2486,2800,0.48243,36,9.23255,0,0,110100832860
39.2924,25.4502,7.81441,72,68,71,2486,2800,0.48243,36,9.23255,0,0,110126283111
38.1121,26.2384,7.81441,72,68,71,2486,2800,0.48243,36,9.23255,0,0,110152522121
41.1603,24.2953,7.81441,72,68,71,2486,2800,0.48243,36,9.23255,0,0,110176817965
39.8336,25.1044,7.81441,72,68,71,2486,2800,0.48243,36,9.23255,0,0,110201922426
40.1413,24.912,7.81441,72,68,71,2486,2800,0.48243,36,9.23255,0,0,110226835699
37.1036,26.9516,7.81441,72,68,71,2486,2800,0.48243,36,9.23255,0,0,110253788939
42.2829,23.6502,7.81441,72,68,71,2486,2800,0.48243,36,9.23255,0,0,110277437919
37.1064,26.9495,7.81441,72,68,71,2486,2800,0.48243,36,9.23255,0,0,110304388334
37.4896,26.6741,7.81441,72,68,71,2486,2800,0.48243,36,9.23255,0,0,110331061328
42.4532,23.5554,7.81441,72,68,71,2486,2800,0.48243,36,9.23255,0,0,110354617314
35.9289,27.8327,7.81441,72,68,71,2486,2800,0.48243,36,9.23255,0,0,110382451337
38.0998,26.2468,7.81441,72,68,71,2486,2800,0.48243,36,9.23255,0,0,110408699183
39.9238,25.0477,7.81441,72,68,71,2486,2800,0.48243,36,9.23255,0,0,110433746457
39.4543,25.3458,7.81441,72,68,71,2486,2800,0.48243,36,9.23255,0,0,110459092682
39.713,25.1806,7.81441,72,68,71,2486,2800,0.48243,36,9.23255,0,0,110484274429
38.9959,25.6437,7.81441,72,68,71,2486,2800,0.48243,36,9.23255,0,0,110509917220
36.8158,27.1622,7.81441,72,68,71,2486,2800,0.48243,36,9.23255,0,0,110537080223
39.3659,25.4027,7.81441,72,68,71,2486,2800,0.48243,36,9.23255,0,0,110562482313
39.8642,25.0852,7.81441,72,68,71,2486,2800,0.48243,36,9.23255,0,0,110587575543
40.3368,24.7913,5.06799,72,72,71,2506,2800,0.48243,34,9.23176,0,0,110612360365
38.1922,26.1834,5.06799,72,72,71,2506,2800,0.48243,34,9.23176,0,0,110638544001
36.2303,27.6012,5.06799,72,72,71,2506,2800,0.48243,34,9.23176,0,0,110666145537
40.8647,24.471,5.06799,72,72,71,2506,2800,0.48243,34,9.23176,0,0,110690616771
39.4411,25.3543,5.06799,72,72,71,2506,2800,0.48243,34,9.23176,0,0,110715971201
38.3636,26.0664,5.06799,72,72,71,2506,2800,0.48243,34,9.23176,0,0,110742038629
36.7383,27.2196,5.06799,72,72,71,2506,2800,0.48243,34,9.23176,0,0,110769258369
35.592,28.0962,5.06799,72,72,71,2506,2800,0.48243,34,9.23176,0,0,110797353842
36.8506,27.1366,5.06799,72,72,71,2506,2800,0.48243,34,9.23176,0,0,110824492540
37.0558,26.9864,5.06799,72,72,71,2506,2800,0.48243,34,9.23176,0,0,110851478872
39.4824,25.3277,5.06799,72,72,71,2506,2800,0.48243,34,9.23176,0,0,110876807204
40.8092,24.5043,5.06799,72,72,71,2506,2800,0.48243,34,9.23176,0,0,110901311980
38.5813,25.9193,5.06799,72,72,71,2506,2800,0.48243,34,9.23176,0,0,110927232131
39.6719,25.2068,5.06799,72,72,71,2506,2800,0.48243,34,9.23176,0,0,110952438234
39.0811,25.5878,5.06799,72,72,71,2506,2800,0.48243,34,9.23176,0,0,110978026322
36.2325,27.5996,5.06799,72,72,71,2506,2800,0.48243,34,9.23176,0,0,111005626757
37.9221,26.3698,5.06799,72,72,71,2506,2800,0.48243,34,9.23176,0,0,111031997403
42.1195,23.742,5.06799,72,72,71,2506,2800,0.48243,34,9.23176,0,0,111055739409
36.3138,27.5377,5.06799,72,72,71,2506,2800,0.48243,34,9.23176,0,0,111083276264
38.5414,25.9461,5.06799,72,72,71,2506,2800,0.48243,34,9.23176,0,0,111109228495
37.9573,26.3454,5.80411,72,71,69,2514,2800,0.48243,28,9.23375,0,0,111135569998
43.9684,22.7436,5.80411,72,71,69,2514,2800,0.48243,28,9.23375,0,0,111158313038
36.4451,27.4385,5.80411,72,71,69,2514,2800,0.48243,28,9.23375,0,0,111185752821
38.3456,26.0786,5.80411,72,71,69,2514,2800,0.48243,28,9.23375,0,0,111211831651
38.91,25.7003,5.80411,72,71,69,2514,2800,0.48243,28,9.23375,0,0,111237532732
37.932,26.3629,5.80411,72,71,69,2514,2800,0.48243,28,9.23375,0,0,111263894592
41.2819,24.2237,5.80411,72,71,69,2514,2800,0.48243,28,9.23375,0,0,111288119744
38.5226,25.9588,5.80411,72,71,69,2514,2800,0.48243,28,9.23375,0,0,111314079109
38.5226,25.9588,5.80411,72,71,69,2514,2800,0.48243,28,9.23375,0,0,111340037933
36.2392,27.5944,5.80411,72,71,69,2514,2800,0.48243,28,9.23375,0,0,111367635462
41.1677,24.2909,5.80411,72,71,69,2514,2800,0.48243,28,9.23375,0,0,111391924223
40.4603,24.7156,5.80411,72,71,69,2514,2800,0.48243,28,9.23375,0,0,111416639945
37.2931,26.8146,5.80411,72,71,69,2514,2800,0.48243,28,9.23375,0,0,111443455266
39.5839,25.2628,5.80411,72,71,69,2514,2800,0.48243,28,9.23375,0,0,111468718615
35.4791,28.1856,5.80411,72,71,69,2514,2800,0.48243,28,9.23375,0,0,111496904188
43.7866,22.8381,5.80411,72,71,69,2514,2800,0.48243,28,9.23375,0,0,111519743188
39.1766,25.5255,5.80411,72,71,69,2514,2800,0.48243,28,9.23375,0,0,111545269090
31.2396,32.0107,5.80411,72,71,69,2514,2800,0.48243,28,9.23375,0,0,111577279940
39.9562,25.0274,5.80411,72,71,69,2514,2800,0.48243,28,9.23375,0,0,111602307276
41.3317,24.1945,5.80411,72,71,69,2514,2800,0.48243,28,9.23375,0,0,111626505217
38.4623,25.9995,5.86081,72,67,75,2370,2800,0.48243,26,9.23531,0,0,111652502132
36.5163,27.385,5.86081,72,67,75,2370,2800,0.48243,26,9.23531,0,0,111679887183
39.2729,25.4629,5.86081,72,67,75,2370,2800,0.48243,26,9.23531,0,0,111705350207
37.3273,26.79,5.86081,72,67,75,2370,2800,0.48243,26,9.23531,0,0,111732140641
41.0695,24.3489,5.86081,72,67,75,2370,2800,0.48243,26,9.23531,0,0,111756490507
36.4702,27.4196,5.86081,72,67,75,2370,2800,0.48243,26,9.23531,0,0,111783910823
38.5476,25.942,5.86081,72,67,75,2370,2800,0.48243,26,9.23531,0,0,111809853557
41.9735,23.8246,5.86081,72,67,75,2370,2800,0.48243,26,9.23531,0,0,111833677316
41.2853,24.2217,5.86081,72,67,75,2370,2800,0.48243,26,9.23531,0,0,111857899472
39.2704,25.4645,5.86081,72,67,75,2370,2800,0.48243,26,9.23531,0,0,111883363618
37.0017,27.0258,5.86081,72,67,75,2370,2800,0.48243,26,9.23531,0,0,111910388973
37.5698,26.6171,5.86081,72,67,75,2370,2800,0.48243,26,9.23531,0,0,111937007796
40.0014,24.9991,5.86081,72,67,75,2370,2800,0.48243,26,9.23531,0,0,111962007100
38.536,25.9498,5.86081,72,67,75,2370,2800,0.48243,26,9.23531,0,0,111987956536
39.7995,25.1259,5.86081,72,67,75,2370,2800,0.48243,26,9.23531,0,0,112013084311
40.3924,24.7572,5.86081,72,67,75,2370,2800,0.48243,26,9.23531,0,0,112037843475
36.6316,27.2988,5.86081,72,67,75,2370,2800,0.48243,26,9.23531,0,0,112065140770
40.2568,24.8405,5.86081,72,67,75,2370,2800,0.48243,26,9.23531,0,0,112089982829
37.1313,26.9315,5.86081,72,67,75,2370,2800,0.48243,26,9.23531,0,0,112116912625
39.821,25.1124,5.86081,72,67,75,2370,2800,0.48243,26,9.23531,0,0,112142032255
37.7869,26.4642,8.58896,73,71,72,2492,2800,0.48243,38,9.24171,0,0,112168491088
42.0271,23.7942,8.58896,73,71,72,2492,2800,0.48243,38,9.24171,0,0,112192286102
40.8473,24.4814,8.58896,73,71,72,2492,2800,0.48243,38,9.24171,0,0,112216766753
38.7781,25.7877,8.58896,73,71,72,2492,2800,0.48243,38,9.24171,0,0,112242555929
36.9565,27.0588,8.58896,73,71,72,2492,2800,0.48243,38,9.24171,0,0,112269615098
35.3524,28.2867,8.58896,73,71,72,2492,2800,0.48243,38,9.24171,0,0,112297903112
38.2645,26.1339,8.58896,73,71,72,2492,2800,0.48243,38,9.24171,0,0,112324035973
41.9349,23.8465,8.58896,73,71,72,2492,2800,0.48243,38,9.24171,0,0,112347882695
37.91,26.3783,8.58896,73,71,72,2492,2800,0.48243,38,9.24171,0,0,112374260425
38.632,25.8853,8.58896,73,71,72,2492,2800,0.48243,38,9.24171,0,0,112400146753
37.7829,26.467,8.58896,73,71,72,2492,2800,0.48243,38,9.24171,0,0,112426614672
40.6694,24.5885,8.58896,73,71,72,2492,2800,0.48243,38,9.24171,0,0,112451204378
40.3766,24.7668,8.58896,73,71,72,2492,2800,0.48243,38,9.24171,0,0,112475970244
38.1781,26.193,8.58896,73,71,72,2492,2800,0.48243,38,9.24171,0,0,112502163929
42.4615,23.5507,8.58896,73,71,72,2492,2800,0.48243,38,9.24171,0,0,112525714555
36.8449,27.1408,8.58896,73,71,72,2492,2800,0.48243,38,9.24171,0,0,112552855337
40.602,24.6294,8.58896,73,71,72,2492,2800,0.48243,38,9.24171,0,0,112577486510
37.0651,26.9796,8.58896,73,71,72,2492,2800,0.48243,38,9.24171,0,0,112604466671
37.6679,26.5478,8.58896,73,71,72,2492,2800,0.48243,38,9.24171,0,0,112631014710
42.1726,23.7121,8.58896,73,71,72,2492,2800,0.48243,38,9.24171,0,0,112654731448
37.4506,26.7019,6.14251,73,74,74,2511,2800,0.48243,23,9.24091,0,0,112681429600
39.8998,25.0628,6.14251,73,74,74,2511,2800,0.48243,23,9.24091,0,0,112706492393
36.9093,27.0934,6.14251,73,74,74,2511,2800,0.48243,23,9.24091,0,0,112733586457
41.0562,24.3569,6.14251,73,74,74,2511,2800,0.48243,23,9.24091,0,0,112757943245
38.2091,26.1718,6.14251,73,74,74,2511,2800,0.48243,23,9.24091,0,0,112784115470
37.5048,26.6632,6.14251,73,74,74,2511,2800,0.48243,23,9.24091,0,0,112810778696
38.9711,25.6601,6.14251,73,74,74,2511,2800,0.48243,23,9.24091,0,0,112836438429
36.1048,27.6972,6.14251,73,74,74,2511,2800,0.48243,23,9.24091,0,0,112864135775
43.0787,23.2133,6.14251,73,74,74,2511,2800,0.48243,23,9.24091,0,0,112887351202
38.435,26.0179,6.14251,73,74,74,2511,2800,0.48243,23,9.24091,0,0,112913370139
38.8665,25.7291,6.14251,73,74,74,2511,2800,0.48243,23,9.24091,0,0,112939097780
36.4133,27.4625,6.14251,73,74,74,2511,2800,0.48243,23,9.24091,0,0,112966562500
40.9259,24.4344,6.14251,73,74,74,2511,2800,0.48243,23,9.24091,0,0,112990994900
39.4904,25.3226,6.14251,73,74,74,2511,2800,0.48243,23,9.24091,0,0,113016320055
37.6097,26.5889,6.14251,73,74,74,2511,2800,0.48243,23,9.24091,0,0,113042908040
39.6091,25.2467,6.14251,73,74,74,2511,2800,0.48243,23,9.24091,0,0,113068156822
40.5372,24.6687,6.14251,73,74,74,2511,2800,0.48243,23,9.24091,0,0,113092823662
37.5834,26.6075,6.14251,73,74,74,2511,2800,0.48243,23,9.24091,0,0,113119432576
39.314,25.4362,6.14251,73,74,74,2511,2800,0.48243,23,9.24091,0,0,113144868099
37.7873,26.4639,6.14251,73,74,74,2511,2800,0.48243,23,9.24091,0,0,113171338453
37.9957,26.3188,5.72473,72,72,71,2503,2800,0.48243,24,9.23784,0,0,113197653946
40.0432,24.973,5.72473,72,72,71,2503,2800,0.48243,24,9.23784,0,0,113222625789
39.0112,25.6337,5.72473,72,72,71,2503,2800,0.48243,24,9.23784,0,0,113248259974
40.7623,24.5325,5.72473,72,72,71,2503,2800,0.48243,24,9.23784,0,0,113272793164
36.8986,27.1013,5.72473,72,72,71,2503,2800,0.48243,24,9.23784,0,0,113299896345
41.4565,24.1216,5.72473,72,72,71,2503,2800,0.48243,24,9.23784,0,0,113324017571
36.8181,27.1605,5.72473,72,72,71,2503,2800,0.48243,24,9.23784,0,0,113351178040
39.6093,25.2466,5.72473,72,72,71,2503,2800,0.48243,24,9.23784,0,0,113376425670
37.7663,26.4786,5.72473,72,72,71,2503,2800,0.48243,24,9.23784,0,0,113402903869
40.7965,24.5119,5.72473,72,72,71,2503,2800,0.48243,24,9.23784,0,0,113427416480
37.3158,26.7983,5.72473,72,72,71,2503,2800,0.48243,24,9.23784,0,0,113454212996
41.5984,24.0394,5.72473,72,72,71,2503,2800,0.48243,24,9.23784,0,0,113478254693
37.2833,26.8217,5.72473,72,72,71,2503,2800,0.48243,24,9.23784,0,0,113505075695
37.0115,27.0186,5.72473,72,72,71,2503,2800,0.48243,24,9.23784,0,0,113532095951
39.9321,25.0425,5.72473,72,72,71,2503,2800,0.48243,24,9.23784,0,0,113557137845
40.2447,24.848,5.72473,72,72,71,2503,2800,0.48243,24,9.23784,0,0,113581987869
38.8029,25.7713,5.72473,72,72,71,2503,2800,0.48243,24,9.23784,0,0,113607759101
36.2196,27.6094,5.72473,72,72,71,2503,2800,0.48243,24,9.23784,0,0,113635370165
43.6776,22.895,5.72473,72,72,71,2503,2800,0.48243,24,9.23784,0,0,113658264259
33.8267,29.5624,5.72473,72,72,71,2503,2800,0.48243,24,9.23784,0,0,113687830272
41.9101,23.8606,6.11247,72,66,71,2523,2800,0.48243,35,9.2378,0,0,113711688845
37.1322,26.9308,6.11247,72,66,71,2523,2800,0.48243,35,9.2378,0,0,113738620024
36.8663,27.125,6.11247,72,66,71,2523,2800,0.48243,35,9.2378,0,0,113765745016
39.9001,25.0626,6.11247,72,66,71,2523,2800,0.48243,35,9.2378,0,0,113790806206
41.281,24.2242,6.11247,72,66,71,2523,2800,0.48243,35,9.2378,0,0,113815032771
35.751,27.9712,6.11247,72,66,71,2523,2800,0.48243,35,9.2378,0,0,113843004031
41.1863,24.2799,6.11247,72,66,71,2523,2800,0.48243,35,9.2378,0,0,113867284285
40.6749,24.5852,6.11247,72,66,71,2523,2800,0.48243,35,9.2378,0,0,113891868851
38.4543,26.0049,6.11247,72,66,71,2523,2800,0.48243,35,9.2378,0,0,113917875505
36.6908,27.2548,6.11247,72,66,71,2523,2800,0.48243,35,9.2378,0,0,113945129209
39.0325,25.6196,6.11247,72,66,71,2523,2800,0.48243,35,9.2378,0,0,113970750560
37.616,26.5844,6.11247,72,66,71,2523,2800,0.48243,35,9.2378,0,0,113997335229
36.0422,27.7452,6.11247,72,66,71,2523,2800,0.48243,35,9.2378,0,0,114025079262
42.1882,23.7033,6.11247,72,66,71,2523,2800,0.48243,35,9.2378,0,0,114048783777
38.7762,25.789,6.11247,72,66,71,2523,2800,0.48243,35,9.2378,0,0,114074572252
41.2795,24.2251,6.11247,72,66,71,2523,2800,0.48243,35,9.2378,0,0,114098799838
37.4795,26.6813,6.11247,72,66,71,2523,2800,0.48243,35,9.2378,0,0,114125479905
42.1077,23.7486,6.11247,72,66,71,2523,2800,0.48243,35,9.2378,0,0,114149229254
37.1572,26.9127,6.11247,72,66,71,2523,2800,0.48243,35,9.2378,0,0,114176143150
36.9491,27.0642,6.11247,72,66,71,2523,2800,0.48243,35,9.2378,0,0,114203223018
35.2062,28.4041,7.23039,72,69,72,2498,2800,0.48243,21,9.23676,0,0,114231612272
41.9198,23.8551,7.23039,72,69,72,2498,2800,0.48243,21,9.23676,0,0,114255467740
39.7451,25.1603,7.23039,72,69,72,2498,2800,0.48243,21,9.23676,0,0,114280627455
38.203,26.176,7.23039,72,69,72,2498,2800,0.48243,21,9.23676,0,0,114306803417
38.1758,26.1946,7.23039,72,69,72,2498,2800,0.48243,21,9.23676,0,0,114333000328
41.2764,24.2269,7.23039,72,69,72,2498,2800,0.48243,21,9.23676,0,0,114357227543
39.5234,25.3015,7.23039,72,69,72,2498,2800,0.48243,21,9.23676,0,0,114382528363
36.6954,27.2514,7.23039,72,69,72,2498,2800,0.48243,21,9.23676,0,0,114409781155
38.6192,25.8939,7.23039,72,69,72,2498,2800,0.48243,21,9.23676,0,0,114435675719
41.2614,24.2357,7.23039,72,69,72,2498,2800,0.48243,21,9.23676,0,0,114459909897
37.6235,26.5792,7.23039,72,69,72,2498,2800,0.48243,21,9.23676,0,0,114486490769
39.9906,25.0058,7.23039,72,69,72,2498,2800,0.48243,21,9.23676,0,0,114511497386
38.9888,25.6484,7.23039,72,69,72,2498,2800,0.48243,21,9.23676,0,0,114537145718
36.4955,27.4007,7.23039,72,69,72,2498,2800,0.48243,21,9.23676,0,0,114564545917
41.8433,23.8987,7.23039,72,69,72,2498,2800,0.48243,21,9.23676,0,0,114588445417
39.4389,25.3557,7.23039,72,69,72,2498,2800,0.48243,21,9.23676,0,0,114613800900
36.1418,27.6688,7.23039,72,69,72,2498,2800,0.48243,21,9.23676,0,0,114641470404
37.3763,26.7549,7.23039,72,69,72,2498,2800,0.48243,21,9.23676,0,0,114668226353
39.8858,25.0716,7.23039,72,69,72,2498,2800,0.48243,21,9.23676,0,0,114693297763
38.5306,25.9534,7.23039,72,69,72,2498,2800,0.48243,21,9.23676,0,0,114719257509
37.5401,26.6382,5.86797,72,72,72,2497,2800,0.48243,40,9.23621,0,0,114745890508
41.4759,24.1104,5.86797,72,72,72,2497,2800,0.48243,40,9.23621,0,0,114770002086
35.5551,28.1253,5.86797,72,72,72,2497,2800,0.48243,40,9.23621,0,0,114798124540
43.9922,22.7313,5.86797,72,72,72,2497,2800,0.48243,40,9.23621,0,0,114820857973
38.0284,26.2961,5.86797,72,72,72,2497,2800,0.48243,40,9.23621,0,0,114847155573
36.431,27.4491,5.86797,72,72,72,2497,2800,0.48243,40,9.23621,0,0,114874604703
42.1044,23.7505,5.86797,72,72,72,2497,2800,0.48243,40,9.23621,0,0,114898355956
40.297,24.8157,5.86797,72,72,72,2497,2800,0.48243,40,9.23621,0,0,114923170834
35.2523,28.367,5.86797,72,72,72,2497,2800,0.48243,40,9.23621,0,0,114951538828
37.7935,26.4596,5.86797,72,72,72,2497,2800,0.48243,40,9.23621,0,0,114977997700
36.67,27.2702,5.86797,72,72,72,2497,2800,0.48243,40,9.23621,0,0,115005270109
38.3588,26.0697,5.86797,72,72,72,2497,2800,0.48243,40,9.23621,0,0,115031339301
42.4211,23.5731,5.86797,72,72,72,2497,2800,0.48243,40,9.23621,0,0,115054913351
38.2014,26.1771,5.86797,72,72,72,2497,2800,0.48243,40,9.23621,0,0,115081090484
40.0647,24.9596,5.86797,72,72,72,2497,2800,0.48243,40,9.23621,0,0,115106052058
33.7585,29.6222,5.86797,72,72,72,2497,2800,0.48243,40,9.23621,0,0,115135674496
39.4822,25.3279,5.86797,72,72,72,2497,2800,0.48243,40,9.23621,0,0,115161003408
38.843,25.7446,5.86797,72,72,72,2497,2800,0.48243,40,9.23621,0,0,115186746788
37.1539,26.9151,5.86797,72,72,72,2497,2800,0.48243,40,9.23621,0,0,115213662488
39.1238,25.5599,5.86797,72,72,72,2497,2800,0.48243,40,9.23621,0,0,115239230308
38.3577,26.0704,6.08273,72,69,71,2484,2800,0.48243,23,9.23948,0,0,115265294150
42.4558,23.5539,6.08273,72,69,71,2484,2800,0.48243,23,9.23948,0,0,115288849394
38.6013,25.9059,6.08273,72,69,71,2484,2800,0.48243,23,9.23948,0,0,115314754748
39.0345,25.6184,6.08273,72,69,71,2484,2800,0.48243,23,9.23948,0,0,115340373815
35.8126,27.9232,6.08273,72,69,71,2484,2800,0.48243,23,9.23948,0,0,115368296033
39.8484,25.0951,6.08273,72,69,71,2484,2800,0.48243,23,9.23948,0,0,115393391758
41.1031,24.3291,6.08273,72,69,71,2484,2800,0.48243,23,9.23948,0,0,115417723019
39.8495,25.0944,6.08273,72,69,71,2484,2800,0.48243,23,9.23948,0,0,115442817521
38.3024,26.108,6.08273,72,69,71,2484,2800,0.48243,23,9.23948,0,0,115468924774
33.1889,30.1305,6.08273,72,69,71,2484,2800,0.48243,23,9.23948,0,0,115499056488
37.3393,26.7815,6.08273,72,69,71,2484,2800,0.48243,23,9.23948,0,0,115525836903
38.4904,25.9805,6.08273,72,69,71,2484,2800,0.48243,23,9.23948,0,0,115551819212
37.2906,26.8164,6.08273,72,69,71,2484,2800,0.48243,23,9.23948,0,0,115578634403
40.967,24.4099,6.08273,72,69,71,2484,2800,0.48243,23,9.23948,0,0,115603044211
32.5716,30.7016,6.08273,72,69,71,2484,2800,0.48243,23,9.23948,0,0,115633747276
39.8377,25.1019,6.08273,72,69,71,2484,2800,0.48243,23,9.23948,0,0,115658849754
37.5706,26.6165,6.08273,72,69,71,2484,2800,0.48243,23,9.23948,0,0,115685466052
39.5046,25.3135,6.08273,72,69,71,2484,2800,0.48243,23,9.23948,0,0,115710780327
36.794,27.1783,6.08273,72,69,71,2484,2800,0.48243,23,9.23948,0,0,115737958599
35.6732,28.0323,6.08273,72,69,71,2484,2800,0.48243,23,9.23948,0,0,115765998237
36.8155,27.1625,8.26347,72,70,72,2535,2800,0.48243,31,9.23827,0,0,115793153556
37.5191,26.6531,8.26347,72,70,72,2535,2800,0.48243,31,9.23827,0,0,115819807375
40.2009,24.875,8.26347,72,70,72,2535,2800,0.48243,31,9.23827,0,0,115844682987
40.3499,24.7832,8.26347,72,70,72,2535,2800,0.48243,31,9.23827,0,0,115869467107
34.9128,28.6428,8.26347,72,70,72,2535,2800,0.48243,31,9.23827,0,0,115898108083
38.5338,25.9513,8.26347,72,70,72,2535,2800,0.48243,31,9.23827,0,0,115924060375
39.1164,25.5647,8.26347,72,70,72,2535,2800,0.48243,31,9.23827,0,0,115949625611
35.7608,27.9635,8.26347,72,70,72,2535,2800,0.48243,31,9.23827,0,0,115977589758
36.8241,27.1561,8.26347,72,70,72,2535,2800,0.48243,31,9.23827,0,0,116004747582
43.0293,23.24,8.26347,72,70,72,2535,2800,0.48243,31,9.23827,0,0,116027986373
37.3032,26.8074,8.26347,72,70,72,2535,2800,0.48243,31,9.23827,0,0,116054795162
38.6437,25.8775,8.26347,72,70,72,2535,2800,0.48243,31,9.23827,0,0,116080672343
39.6737,25.2056,8.26347,72,70,72,2535,2800,0.48243,31,9.23827,0,0,116105877313
37.8028,26.4531,8.26347,72,70,72,2535,2800,0.48243,31,9.23827,0,0,116132331156
37.4078,26.7324,8.26347,72,70,72,2535,2800,0.48243,31,9.23827,0,0,116159064022
36.9331,27.076,8.26347,72,70,72,2535,2800,0.48243,31,9.23827,0,0,116186139361
40.2861,24.8224,8.26347,72,70,72,2535,2800,0.48243,31,9.23827,0,0,116210962014
40.2702,24.8322,8.26347,72,70,72,2535,2800,0.48243,31,9.23827,0,0,116235796459
33.6508,29.717,8.26347,72,70,72,2535,2800,0.48243,31,9.23827,0,0,116265512843
37.513,26.6574,8.26347,72,70,72,2535,2800,0.48243,31,9.23827,0,0,116292175618
38.9351,25.6838,7.98065,72,70,74,2474,2800,0.48243,38,9.24009,0,0,116317855709
36.8642,27.1266,7.98065,72,70,74,2474,2800,0.48243,38,9.24009,0,0,116344982876
37.9777,26.3312,7.98065,72,70,74,2474,2800,0.48243,38,9.24009,0,0,116371322595
37.3672,26.7614,7.98065,72,70,74,2474,2800,0.48243,38,9.24009,0,0,116398075739
41.1654,24.2923,7.98065,72,70,74,2474,2800,0.48243,38,9.24009,0,0,116422369530
42.8488,23.3379,7.98065,72,70,74,2474,2800,0.48243,38,9.24009,0,0,116445706895
36.5383,27.3685,7.98065,72,70,74,2474,2800,0.48243,38,9.24009,0,0,116473076697
36.3089,27.5414,7.98065,72,70,74,2474,2800,0.48243,38,9.24009,0,0,116500617900
43.4362,23.0223,7.98065,72,70,74,2474,2800,0.48243,38,9.24009,0,0,116523640155
38.6411,25.8792,7.98065,72,70,74,2474,2800,0.48243,38,9.24009,0,0,116549520582
38.6111,25.8993,7.98065,72,70,74,2474,2800,0.48243,38,9.24009,0,0,116575419814
36.447,27.4371,7.98065,72,70,74,2474,2800,0.48243,38,9.24009,0,0,116602857303
41.5963,24.0406,7.98065,72,70,74,2474,2800,0.48243,38,9.24009,0,0,116626898469
38.4427,26.0128,7.98065,72,70,74,2474,2800,0.48243,38,9.24009,0,0,116652911846
34.7652,28.7644,7.98065,72,70,74,2474,2800,0.48243,38,9.24009,0,0,116681676725
39.0044,25.6382,7.98065,72,70,74,2474,2800,0.48243,38,9.24009,0,0,116707313956
40.6423,24.6049,7.98065,72,70,74,2474,2800,0.48243,38,9.24009,0,0,116731918980
41.5217,24.0838,7.98065,72,70,74,2474,2800,0.48243,38,9.24009,0,0,116756003698
38.9699,25.6608,7.98065,72,70,74,2474,2800,0.48243,38,9.24009,0,0,116781664443
32.1357,31.1181,7.98065,72,70,74,2474,2800,0.48243,38,9.24009,0,0,116812786485
38.8248,25.7567,5.83232,72,76,73,2429,2800,0.48243,30,9.24002,0,0,116838539844
37.231,26.8593,5.83232,72,76,73,2429,2800,0.48243,30,9.24002,0,0,116865397915
39.4448,25.3519,5.83232,72,76,73,2429,2800,0.48243,30,9.24002,0,0,116890752035
41.1709,24.289,5.83232,72,76,73,2429,2800,0.48243,30,9.24002,0,0,116915041587
39.586,25.2614,5.83232,72,76,73,2429,2800,0.48243,30,9.24002,0,0,116940303103
35.5433,28.1347,5.83232,72,76,73,2429,2800,0.48243,30,9.24002,0,0,116968438672
41.4741,24.1114,5.83232,72,76,73,2429,2800,0.48243,30,9.24002,0,0,116992551983
40.1335,24.9168,5.83232,72,76,73,2429,2800,0.48243,30,9.24002,0,0,117017467270
37.8796,26.3994,5.83232,72,76,73,2429,2800,0.48243,30,9.24002,0,0,117043866791
37.8862,26.3948,5.83232,72,76,73,2429,2800,0.48243,30,9.24002,0,0,117070261583
36.2219,27.6076,5.83232,72,76,73,2429,2800,0.48243,30,9.24002,0,0,117097870984
41.2332,24.2523,5.83232,72,76,73,2429,2800,0.48243,30,9.24002,0,0,117122122706
34.8786,28.6709,5.83232,72,76,73,2429,2800,0.48243,30,9.24002,0,0,117150792937
38.1224,26.2313,5.83232,72,76,73,2429,2800,0.48243,30,9.24002,0,0,117177026116
36.2293,27.602,5.83232,72,76,73,2429,2800,0.48243,30,9.24002,0,0,117204626941
36.4758,27.4154,5.83232,72,76,73,2429,2800,0.48243,30,9.24002,0,0,117232042158
41.9747,23.8239,5.83232,72,76,73,2429,2800,0.48243,30,9.24002,0,0,117255868742
36.1531,27.6601,5.83232,72,76,73,2429,2800,0.48243,30,9.24002,0,0,117283528076
36.7569,27.2058,5.83232,72,76,73,2429,2800,0.48243,30,9.24002,0,0,117310733830
35.9716,27.7997,5.83232,72,76,73,2429,2800,0.48243,30,9.24002,0,0,117338539900
37.2233,26.8649,6.60264,72,69,74,2466,2800,0.48243,26,9.23994,0,0,117365400496
38.4518,26.0066,6.60264,72,69,74,2466,2800,0.48243,26,9.23994,0,0,117391407852
34.3942,29.0746,6.60264,72,69,74,2466,2800,0.48243,26,9.23994,0,0,117420481089
37.1114,26.9459,6.60264,72,69,74,2466,2800,0.48243,26,9.23994,0,0,117447427887
36.7752,27.1922,6.60264,72,69,74,2466,2800,0.48243,26,9.23994,0,0,117474621218
38.9455,25.6769,6.60264,72,69,74,2466,2800,0.48243,26,9.23994,0,0,117500298855
31.3204,31.9281,6.60264,72,69,74,2466,2800,0.48243,26,9.23994,0,0,117532227850
38.0518,26.28,6.60264,72,69,74,2466,2800,0.48243,26,9.23994,0,0,117558506785
35.5113,28.16,6.60264,72,69,74,2466,2800,0.48243,26,9.23994,0,0,117586668773
38.6639,25.8639,6.60264,72,69,74,2466,2800,0.48243,26,9.23994,0,0,117612532108
36.2397,27.5941,6.60264,72,69,74,2466,2800,0.48243,26,9.23994,0,0,117640126371
37.1462,26.9206,6.60264,72,69,74,2466,2800,0.48243,26,9.23994,0,0,117667047861
38.254,26.141,6.60264,72,69,74,2466,2800,0.48243,26,9.23994,0,0,117693189448
35.2768,28.3472,6.60264,72,69,74,2466,2800,0.48243,26,9.23994,0,0,117721536263
34.3188,29.1386,6.60264,72,69,74,2466,2800,0.48243,26,9.23994,0,0,117750675995
35.927,27.8342,6.60264,72,69,74,2466,2800,0.48243,26,9.23994,0,0,117778509918
38.1832,26.1895,6.60264,72,69,74,2466,2800,0.48243,26,9.23994,0,0,117804699495
40.1131,24.9295,6.60264,72,69,74,2466,2800,0.48243,26,9.23994,0,0,117829631212
40.5826,24.6411,6.60264,72,69,74,2466,2800,0.48243,26,9.23994,0,0,117854276312
38.12,26.2329,8.84521,72,71,73,2423,2800,0.48243,29,9.23845,0,0,117880504070
41.0135,24.3822,8.84521,72,71,73,2423,2800,0.48243,29,9.23845,0,0,117904886868
36.3268,27.5279,8.84521,72,71,73,2423,2800,0.48243,29,9.23845,0,0,117932414706
36.2517,27.5849,8.84521,72,71,73,2423,2800,0.48243,29,9.23845,0,0,117960001054
39.2732,25.4627,8.84521,72,71,73,2423,2800,0.48243,29,9.23845,0,0,117985462505
38.5709,25.9263,8.84521,72,71,73,2423,2800,0.48243,29,9.23845,0,0,118011390712
36.8447,27.1409,8.84521,72,71,73,2423,2800,0.48243,29,9.23845,0,0,118038532235
36.2451,27.5899,8.84521,72,71,73,2423,2800,0.48243,29,9.23845,0,0,118066121198
42.359,23.6077,8.84521,72,71,73,2423,2800,0.48243,29,9.23845,0,0,118089730053
37.7443,26.4941,8.84521,72,71,73,2423,2800,0.48243,29,9.23845,0,0,118116224442
38.3958,26.0445,8.84521,72,71,73,2423,2800,0.48243,29,9.23845,0,0,118142269097
40.2261,24.8595,8.84521,72,71,73,2423,2800,0.48243,29,9.23845,0,0,118167129451
36.6892,27.256,8.84521,72,71,73,2423,2800,0.48243,29,9.23845,0,0,118194392352
39.4973,25.3182,8.84521,72,71,73,2423,2800,0.48243,29,9.23845,0,0,118219713019
39.8117,25.1182,8.84521,72,71,73,2423,2800,0.48243,29,9.23845,0,0,118244830985
39.1871,25.5186,8.84521,72,71,73,2423,2800,0.48243,29,9.23845,0,0,118270349043
39.9522,25.0299,8.84521,72,71,73,2423,2800,0.48243,29,9.23845,0,0,118295380878
36.1908,27.6314,8.84521,72,71,73,2423,2800,0.48243,29,9.23845,0,0,118323012671
40.9022,24.4485,8.84521,72,71,73,2423,2800,0.48243,29,9.23845,0,0,118347460771
37.2609,26.8378,8.84521,72,71,73,2423,2800,0.48243,29,9.23845,0,0,118374309184
37.006,27.0226,5.86797,72,70,74,2385,2800,0.48243,28,9.23964,0,0,118401322657
39.1211,25.5616,5.86797,72,70,74,2385,2800,0.48243,28,9.23964,0,0,118426884146
41.5099,24.0907,5.86797,72,70,74,2385,2800,0.48243,28,9.23964,0,0,118450974364
37.3212,26.7945,5.86797,72,70,74,2385,2800,0.48243,28,9.23964,0,0,118477770149
37.6124,26.587,5.86797,72,70,74,2385,2800,0.48243,28,9.23964,0,0,118504357693
35.536,28.1405,5.86797,72,70,74,2385,2800,0.48243,28,9.23964,0,0,118532496177
30.9602,32.2995,5.86797,72,70,74,2385,2800,0.48243,28,9.23964,0,0,118564799364
37.6853,26.5356,5.86797,72,70,74,2385,2800,0.48243,28,9.23964,0,0,118591334911
35.0189,28.556,5.86797,72,70,74,2385,2800,0.48243,28,9.23964,0,0,118619888383
34.7619,28.7672,5.86797,72,70,74,2385,2800,0.48243,28,9.23964,0,0,118648656869
36.8614,27.1286,5.86797,72,70,74,2385,2800,0.48243,28,9.23964,0,0,118675785378
34.4136,29.0583,5.86797,72,70,74,2385,2800,0.48243,28,9.23964,0,0,118704845941
33.8395,29.5513,5.86797,72,70,74,2385,2800,0.48243,28,9.23964,0,0,118734397036
37.0603,26.9831,5.86797,72,70,74,2385,2800,0.48243,28,9.23964,0,0,118761378158
33.7037,29.6704,5.86797,72,70,74,2385,2800,0.48243,28,9.23964,0,0,118791049448
33.7003,29.6733,5.86797,72,70,74,2385,2800,0.48243,28,9.23964,0,0,118820722551
34.1345,29.2959,5.86797,72,70,74,2385,2800,0.48243,28,9.23964,0,0,118850018165
34.9273,28.6309,5.86797,72,70,74,2385,2800,0.48243,28,9.23964,0,0,118878651558
37.4448,26.706,6.65829,73,74,78,2318,2800,0.48243,32,9.23967,0,0,118905356692
33.6501,29.7176,6.65829,73,74,78,2318,2800,0.48243,32,9.23967,0,0,118935073517
34.1212,29.3073,6.65829,73,74,78,2318,2800,0.48243,32,9.23967,0,0,118964382818
36.8778,27.1166,6.65829,73,74,78,2318,2800,0.48243,32,9.23967,0,0,118991499765
30.7278,32.5438,6.65829,73,74,78,2318,2800,0.48243,32,9.23967,0,0,119024041470
36.098,27.7024,6.65829,73,74,78,2318,2800,0.48243,32,9.23967,0,0,119051744808
33.2287,30.0945,6.65829,73,74,78,2318,2800,0.48243,32,9.23967,0,0,119081838890
32.3384,30.923,6.65829,73,74,78,2318,2800,0.48243,32,9.23967,0,0,119112763211
36.0481,27.7407,6.65829,73,74,78,2318,2800,0.48243,32,9.23967,0,0,119140505431
36.1978,27.626,6.65829,73,74,78,2318,2800,0.48243,32,9.23967,0,0,119168131303
36.3526,27.5083,6.65829,73,74,78,2318,2800,0.48243,32,9.23967,0,0,119195640286
35.6941,28.0158,6.65829,73,74,78,2318,2800,0.48243,32,9.23967,0,0,119223656360
30.4918,32.7958,6.65829,73,74,78,2318,2800,0.48243,32,9.23967,0,0,119256451361
35.9758,27.7964,6.65829,73,74,78,2318,2800,0.48243,32,9.23967,0,0,119284248654
33.1412,30.1739,6.65829,73,74,78,2318,2800,0.48243,32,9.23967,0,0,119314422717
36.8404,27.1441,6.65829,73,74,78,2318,2800,0.48243,32,9.23967,0,0,119341567887
34.6332,28.874,6.65829,73,74,78,2318,2800,0.48243,32,9.23967,0,0,119370440759
32.1423,31.1116,6.65829,73,74,78,2318,2800,0.48243,32,9.23967,0,0,119401556218
33.1516,30.1645,6.32603,72,72,78,2317,2800,0.48243,32,9.24215,0,0,119431716796
35.7553,27.9679,6.32603,72,72,78,2317,2800,0.48243,32,9.24215,0,0,119459685060
34.3112,29.145,6.32603,72,72,78,2317,2800,0.48243,32,9.24215,0,0,119488832537
36.9618,27.0549,6.32603,72,72,78,2317,2800,0.48243,32,9.24215,0,0,119515886687
35.5394,28.1378,6.32603,72,72,78,2317,2800,0.48243,32,9.24215,0,0,119544025681
38.3874,26.0502,6.32603,72,72,78,2317,2800,0.48243,32,9.24215,0,0,119570075967
37.2685,26.8323,6.32603,72,72,78,2317,2800,0.48243,32,9.24215,0,0,119596910665
40.8961,24.4522,6.32603,72,72,78,2317,2800,0.48243,32,9.24215,0,0,119621362381
37.0341,27.0021,6.32603,72,72,78,2317,2800,0.48243,32,9.24215,0,0,119648365896
30.0635,33.2629,6.32603,72,72,78,2317,2800,0.48243,32,9.24215,0,0,119681626590
37.6499,26.5605,6.32603,72,72,78,2317,2800,0.48243,32,9.24215,0,0,119708188105
35.9196,27.84,6.32603,72,72,78,2317,2800,0.48243,32,9.24215,0,0,119736028650
37.6776,26.541,6.32603,72,72,78,2317,2800,0.48243,32,9.24215,0,0,119762571901
40.2093,24.8698,6.32603,72,72,78,2317,2800,0.48243,32,9.24215,0,0,119787440700
35.3581,28.282,6.32603,72,72,78,2317,2800,0.48243,32,9.24215,0,0,119815722723
36.3027,27.5462,6.32603,72,72,78,2317,2800,0.48243,32,9.24215,0,0,119843268424
38.0822,26.259,6.32603,72,72,78,2317,2800,0.48243,32,9.24215,0,0,119869529436
34.4156,29.0566,6.32603,72,72,78,2317,2800,0.48243,32,9.24215,0,0,119898585451
40.8962,24.4522,6.32603,72,72,78,2317,2800,0.48243,32,9.24215,0,0,119923045203
38.1226,26.2312,8.74848,72,71,71,2490,2800,0.48243,34,9.2418,0,0,119949270848
41.0516,24.3596,8.74848,72,71,71,2490,2800,0.48243,34,9.2418,0,0,119973630531
36.8812,27.1141,8.74848,72,71,71,2490,2800,0.48243,34,9.2418,0,0,120000744643
42.8012,23.3638,8.74848,72,71,71,2490,2800,0.48243,34,9.2418,0,0,120024107206
37.7901,26.4619,8.74848,72,71,71,2490,2800,0.48243,34,9.2418,0,0,120050571710
36.8624,27.1279,8.74848,72,71,71,2490,2800,0.48243,34,9.2418,0,0,120077698034
37.912,26.3769,8.74848,72,71,71,2490,2800,0.48243,34,9.2418,0,0,120104075664
35.846,27.8971,8.74848,72,71,71,2490,2800,0.48243,34,9.2418,0,0,120131973957
39.3202,25.4322,8.74848,72,71,71,2490,2800,0.48243,34,9.2418,0,0,120157407406
37.8758,26.4021,8.74848,72,71,71,2490,2800,0.48243,34,9.2418,0,0,120183809111
38.817,25.7619,8.74848,72,71,71,2490,2800,0.48243,34,9.2418,0,0,120209570475
38.4755,25.9905,8.74848,72,71,71,2490,2800,0.48243,34,9.2418,0,0,120235562311
37.6194,26.582,8.74848,72,71,71,2490,2800,0.48243,34,9.2418,0,0,120262143824
40.1397,24.913,8.74848,72,71,71,2490,2800,0.48243,34,9.2418,0,0,120287059050
36.658,27.2792,8.74848,72,71,71,2490,2800,0.48243,34,9.2418,0,0,120314336498
38.6544,25.8703,8.74848,72,71,71,2490,2800,0.48243,34,9.2418,0,0,120340207017
36.9515,27.0625,8.74848,72,71,71,2490,2800,0.48243,34,9.2418,0,0,120367270985
38.377,26.0573,8.74848,72,71,71,2490,2800,0.48243,34,9.2418,0,0,120393327883
39.1659,25.5324,8.74848,72,71,71,2490,2800,0.48243,34,9.2418,0,0,120418860378
38.7061,25.8357,8.74848,72,71,71,2490,2800,0.48243,34,9.2418,0,0,120444700108
39.3924,25.3856,6.2954,72,70,75,2412,2800,0.48243,30,9.24174,0,0,120470084525
29.3696,34.0488,6.2954,72,70,75,2412,2800,0.48243,30,9.24174,0,0,120504133097
35.4996,28.1693,6.2954,72,70,75,2412,2800,0.48243,30,9.24174,0,0,120532303411
41.2328,24.2526,6.2954,72,70,75,2412,2800,0.48243,30,9.24174,0,0,120556556655
39.6794,25.202,6.2954,72,70,75,2412,2800,0.48243,30,9.24174,0,0,120581758389
38.4154,26.0312,6.2954,72,70,75,2412,2800,0.48243,30,9.24174,0,0,120607789789
38.3001,26.1096,6.2954,72,70,75,2412,2800,0.48243,30,9.24174,0,0,120633900499
40.0011,24.9993,6.2954,72,70,75,2412,2800,0.48243,30,9.24174,0,0,120658899662
38.0424,26.2865,6.2954,72,70,75,2412,2800,0.48243,30,9.24174,0,0,120685186011
39.1044,25.5725,6.2954,72,70,75,2412,2800,0.48243,30,9.24174,0,0,120710758621
38.0076,26.3105,6.2954,72,70,75,2412,2800,0.48243,30,9.24174,0,0,120737069425
34.0984,29.3269,6.2954,72,70,75,2412,2800,0.48243,30,9.24174,0,0,120766397571
38.2403,26.1504,6.2954,72,70,75,2412,2800,0.48243,30,9.24174,0,0,120792546993
35.485,28.1809,6.2954,72,70,75,2412,2800,0.48243,30,9.24174,0,0,120820728357
40.1451,24.9097,6.2954,72,70,75,2412,2800,0.48243,30,9.24174,0,0,120845639736
37.8903,26.392,6.2954,72,70,75,2412,2800,0.48243,30,9.24174,0,0,120872030882
41.4247,24.1402,6.2954,72,70,75,2412,2800,0.48243,30,9.24174,0,0,120896170743
38.2346,26.1543,6.2954,72,70,75,2412,2800,0.48243,30,9.24174,0,0,120922326287
39.1765,25.5255,6.2954,72,70,75,2412,2800,0.48243,30,9.24174,0,0,120947854473
36.7021,27.2464,6.63329,72,73,73,2465,2800,0.48243,32,9.24196,0,0,120975098819
39.4074,25.3759,6.63329,72,73,73,2465,2800,0.48243,32,9.24196,0,0,121000474369
42.4517,23.5562,6.63329,72,73,73,2465,2800,0.48243,32,9.24196,0,0,121024033251
38.186,26.1876,6.63329,72,73,73,2465,2800,0.48243,32,9.24196,0,0,121050219021
41.4912,24.1015,6.63329,72,73,73,2465,2800,0.48243,32,9.24196,0,0,121074322414
38.0875,26.2553,6.63329,72,73,73,2465,2800,0.48243,32,9.24196,0,0,121100577474
40.4709,24.7091,6.63329,72,73,73,2465,2800,0.48243,32,9.24196,0,0,121125287966
37.2357,26.8559,6.63329,72,73,73,2465,2800,0.48243,32,9.24196,0,0,121152143643
38.75,25.8065,6.63329,72,73,73,2465,2800,0.48243,32,9.24196,0,0,121177949550
38.7916,25.7788,6.63329,72,73,73,2465,2800,0.48243,32,9.24196,0,0,121203730721
30.3835,32.9126,6.63329,72,73,73,2465,2800,0.48243,32,9.24196,0,0,121236642771
43.5471,22.9636,6.63329,72,73,73,2465,2800,0.48243,32,9.24196,0,0,121259607017
39.7397,25.1637,6.63329,72,73,73,2465,2800,0.48243,32,9.24196,0,0,121284771762
39.2367,25.4864,6.63329,72,73,73,2465,2800,0.48243,32,9.24196,0,0,121310258350
37.9559,26.3464,6.63329,72,73,73,2465,2800,0.48243,32,9.24196,0,0,121336604992
35.8544,27.8906,6.63329,72,73,73,2465,2800,0.48243,32,9.24196,0,0,121364496502
43.4265,23.0274,6.63329,72,73,73,2465,2800,0.48243,32,9.24196,0,0,121387531581
38.5267,25.956,6.63329,72,73,73,2465,2800,0.48243,32,9.24196,0,0,121413480627
37.4358,26.7124,6.63329,72,73,73,2465,2800,0.48243,32,9.24196,0,0,121440191993
37.4931,26.6716,6.63329,72,73,73,2465,2800,0.48243,32,9.24196,0,0,121466869065
40.8771,24.4636,6.06796,72,72,72,2401,2800,0.48243,29,9.24365,0,0,121491327614
39.1025,25.5738,6.06796,72,72,72,2401,2800,0.48243,29,9.24365,0,0,121516901226
39.4391,25.3556,6.06796,72,72,72,2401,2800,0.48243,29,9.24365,0,0,121542256768
37.3516,26.7726,6.06796,72,72,72,2401,2800,0.48243,29,9.24365,0,0,121569030972
38.3026,26.1079,6.06796,72,72,72,2401,2800,0.48243,29,9.24365,0,0,121595139047
38.4039,26.0391,6.06796,72,72,72,2401,2800,0.48243,29,9.24365,0,0,121621178402
40.2876,24.8215,6.06796,72,72,72,2401,2800,0.48243,29,9.24365,0,0,121646000534
38.0077,26.3105,6.06796,72,72,72,2401,2800,0.48243,29,9.24365,0,0,121672311509
36.3042,27.545,6.06796,72,72,72,2401,2800,0.48243,29,9.24365,0,0,121699856279
41.3166,24.2033,6.06796,72,72,72,2401,2800,0.48243,29,9.24365,0,0,121724059249
38.3534,26.0733,6.06796,72,72,72,2401,2800,0.48243,29,9.24365,0,0,121750133930
39.9442,25.035,6.06796,72,72,72,2401,2800,0.48243,29,9.24365,0,0,121775169122
36.9504,27.0633,6.06796,72,72,72,2401,2800,0.48243,29,9.24365,0,0,121802231997
39.674,25.2055,6.06796,72,72,72,2401,2800,0.48243,29,9.24365,0,0,121827438230
41.2545,24.2398,6.06796,72,72,72,2401,2800,0.48243,29,9.24365,0,0,121851679010
38.6276,25.8882,6.06796,72,72,72,2401,2800,0.48243,29,9.24365,0,0,121877567683
37.7023,26.5236,6.06796,72,72,72,2401,2800,0.48243,29,9.24365,0,0,121904090736
35.987,27.7878,6.06796,72,72,72,2401,2800,0.48243,29,9.24365,0,0,121931878241
43.5423,22.9662,6.06796,72,72,72,2401,2800,0.48243,29,9.24365,0,0,121954846465
40.3283,24.7965,6.06796,72,72,72,2401,2800,0.48243,29,9.24365,0,0,121979649851
38.3028,26.1077,8.58896,72,71,71,2492,2800,0.48243,35,9.24333,0,0,122005749630
37.1388,26.926,8.58896,72,71,71,2492,2800,0.48243,35,9.24333,0,0,122032677182
39.9419,25.0364,8.58896,72,71,71,2492,2800,0.48243,35,9.24333,0,0,122057712844
39.6758,25.2042,8.58896,72,71,71,2492,2800,0.48243,35,9.24333,0,0,122082917954
40.0511,24.9681,8.58896,72,71,71,2492,2800,0.48243,35,9.24333,0,0,122107886681
36.3889,27.4809,8.58896,72,71,71,2492,2800,0.48243,35,9.24333,0,0,122135368643
41.5959,24.0408,8.58896,72,71,71,2492,2800,0.48243,35,9.24333,0,0,122159410340
37.8066,26.4504,8.58896,72,71,71,2492,2800,0.48243,35,9.24333,0,0,122185860606
36.2408,27.5932,8.58896,72,71,71,2492,2800,0.48243,35,9.24333,0,0,122213452725
40.787,24.5176,8.58896,72,71,71,2492,2800,0.48243,35,9.24333,0,0,122237972790
36.6886,27.2564,8.58896,72,71,71,2492,2800,0.48243,35,9.24333,0,0,122265228097
41.5411,24.0725,8.58896,72,71,71,2492,2800,0.48243,35,9.24333,0,0,122289300441
37.4662,26.6907,8.58896,72,71,71,2492,2800,0.48243,35,9.24333,0,0,122315992151
40.8161,24.5001,8.58896,72,71,71,2492,2800,0.48243,35,9.24333,0,0,122340492669
37.0597,26.9835,8.58896,72,71,71,2492,2800,0.48243,35,9.24333,0,0,122367475174
41.4267,24.139,8.58896,72,71,71,2492,2800,0.48243,35,9.24333,0,0,122391616218
38.356,26.0715,8.58896,72,71,71,2492,2800,0.48243,35,9.24333,0,0,122417687844
40.3967,24.7545,8.58896,72,71,71,2492,2800,0.48243,35,9.24333,0,0,122442443480
37.6021,26.5942,8.58896,72,71,71,2492,2800,0.48243,35,9.24333,0,0,122469037757
37.0772,26.9708,8.58896,72,71,71,2492,2800,0.48243,35,9.24333,0,0,122496016515
39.1033,25.5733,5.74572,71,69,71,2534,2800,0.48243,27,9.24188,0,0,122521582342
29.863,33.4862,5.74572,71,69,71,2534,2800,0.48243,27,9.24188,0,0,122555068008
38.3595,26.0692,5.74572,71,69,71,2534,2800,0.48243,27,9.24188,0,0,122581137841
40.9654,24.4109,5.74572,71,69,71,2534,2800,0.48243,27,9.24188,0,0,122605548891
38.8872,25.7154,5.74572,71,69,71,2534,2800,0.48243,27,9.24188,0,0,122631265340
41.4265,24.1391,5.74572,71,69,71,2534,2800,0.48243,27,9.24188,0,0,122655405192
37.6533,26.5581,5.74572,71,69,71,2534,2800,0.48243,27,9.24188,0,0,122681963311
39.4964,25.3188,5.74572,71,69,71,2534,2800,0.48243,27,9.24188,0,0,122707280972
39.1334,25.5536,5.74572,71,69,71,2534,2800,0.48243,27,9.24188,0,0,122732835538
42.2214,23.6847,5.74572,71,69,71,2534,2800,0.48243,27,9.24188,0,0,122756523602
36.3965,27.4752,5.74572,71,69,71,2534,2800,0.48243,27,9.24188,0,0,122783996577
39.3969,25.3827,5.74572,71,69,71,2534,2800,0.48243,27,9.24188,0,0,122809380212
38.0263,26.2976,5.74572,71,69,71,2534,2800,0.48243,27,9.24188,0,0,122835678663
34.9418,28.619,5.74572,71,69,71,2534,2800,0.48243,27,9.24188,0,0,122864298069
42.2714,23.6567,5.74572,71,69,71,2534,2800,0.48243,27,9.24188,0,0,122887954574
42.6626,23.4397,5.74572,71,69,71,2534,2800,0.48243,27,9.24188,0,0,122911394693
27.5905,36.2443,5.74572,71,69,71,2534,2800,0.48243,27,9.24188,0,0,122947639997
36.8421,27.1429,5.74572,71,69,71,2534,2800,0.48243,27,9.24188,0,0,122974783073
39.9016,25.0617,5.74572,71,69,71,2534,2800,0.48243,27,9.24188,0,0,122999849813
45.6707,21.8959,6.25782,71,75,70,2348,2800,0.48243,35,9.24892,0,0,123021740635
37.5201,26.6524,6.25782,71,75,70,2348,2800,0.48243,35,9.24892,0,0,123048394524
38.5566,25.9359,6.25782,71,75,70,2348,2800,0.48243,35,9.24892,0,0,123074330665
36.9064,27.0956,6.25782,71,75,70,2348,2800,0.48243,35,9.24892,0,0,123101426523
41.8502,23.8948,6.25782,71,75,70,2348,2800,0.48243,35,9.24892,0,0,123125321385
37.5555,26.6272,6.25782,71,75,70,2348,2800,0.48243,35,9.24892,0,0,123151948914
37.5173,26.6544,6.25782,71,75,70,2348,2800,0.48243,35,9.24892,0,0,123178603233
40.7728,24.5261,6.25782,71,75,70,2348,2800,0.48243,35,9.24892,0,0,123203130571
35.8302,27.9094,6.25782,71,75,70,2348,2800,0.48243,35,9.24892,0,0,123231039494
41.3852,24.1632,6.25782,71,75,70,2348,2800,0.48243,35,9.24892,0,0,123255204002
38.8516,25.739,6.25782,71,75,70,2348,2800,0.48243,35,9.24892,0,0,123280942924
31.2775,31.9718,6.25782,71,75,70,2348,2800,0.48243,35,9.24892,0,0,123312915131
42.0382,23.7879,6.25782,71,75,70,2348,2800,0.48243,35,9.24892,0,0,123336702952
41.0337,24.3702,6.25782,71,75,70,2348,2800,0.48243,35,9.24892,0,0,123361075500
37.7494,26.4905,6.25782,71,75,70,2348,2800,0.48243,35,9.24892,0,0,123387564839
39.8579,25.0891,6.25782,71,75,70,2348,2800,0.48243,35,9.24892,0,0,123412655755
38.3525,26.0739,6.25782,71,75,70,2348,2800,0.48243,35,9.24892,0,0,123438729144
38.4502,26.0077,6.25782,71,75,70,2348,2800,0.48243,35,9.24892,0,0,123464737021
41.3468,24.1857,6.25782,71,75,70,2348,2800,0.48243,35,9.24892,0,0,123488923239
38.8762,25.7227,6.25782,71,75,70,2348,2800,0.48243,35,9.24892,0,0,123514663934
36.8604,27.1294,5.28905,71,68,69,2549,2800,0.48243,32,9.24948,0,0,123541789257
41.7777,23.9362,5.28905,71,68,69,2549,2800,0.48243,32,9.24948,0,0,123565725637
38.247,26.1458,5.28905,71,68,69,2549,2800,0.48243,32,9.24948,0,0,123591871532
36.9279,27.0798,5.28905,71,68,69,2549,2800,0.48243,32,9.24948,0,0,123618952352
39.4294,25.3618,5.28905,71,68,69,2549,2800,0.48243,32,9.24948,0,0,123644313555
39.0588,25.6024,5.28905,71,68,69,2549,2800,0.48243,32,9.24948,0,0,123669917122
36.7846,27.1853,5.28905,71,68,69,2549,2800,0.48243,32,9.24948,0,0,123697102217
41.7376,23.9592,5.28905,71,68,69,2549,2800,0.48243,32,9.24948,0,0,123721062672
40.7854,24.5186,5.28905,71,68,69,2549,2800,0.48243,32,9.24948,0,0,123745580974
33.8177,29.5703,5.28905,71,68,69,2549,2800,0.48243,32,9.24948,0,0,123775152627
40.8296,24.4921,5.28905,71,68,69,2549,2800,0.48243,32,9.24948,0,0,123799643647
38.2484,26.1449,5.28905,71,68,69,2549,2800,0.48243,32,9.24948,0,0,123825789813
37.9069,26.3804,5.28905,71,68,69,2549,2800,0.48243,32,9.24948,0,0,123852171310
38.0135,26.3065,5.28905,71,68,69,2549,2800,0.48243,32,9.24948,0,0,123878476695
43.2226,23.1361,5.28905,71,68,69,2549,2800,0.48243,32,9.24948,0,0,123901614316
42.6527,23.4452,5.28905,71,68,69,2549,2800,0.48243,32,9.24948,0,0,123925057690
36.0507,27.7387,5.28905,71,68,69,2549,2800,0.48243,32,9.24948,0,0,123952798017
38.9529,25.672,5.28905,71,68,69,2549,2800,0.48243,32,9.24948,0,0,123978469603
37.3612,26.7657,5.28905,71,68,69,2549,2800,0.48243,32,9.24948,0,0,124005235491
40.3998,24.7526,5.28905,71,68,69,2549,2800,0.48243,32,9.24948,0,0,124029994043
42.8496,23.3374,7.73006,71,70,70,2496,2800,0.48243,27,9.24834,0,0,124053325498
37.3782,26.7536,7.73006,71,70,70,2496,2800,0.48243,27,9.24834,0,0,124080081208
40.3045,24.8112,7.73006,71,70,70,2496,2800,0.48243,27,9.24834,0,0,124104891407
34.4913,28.9928,7.73006,71,70,70,2496,2800,0.48243,27,9.24834,0,0,124133885947
43.3888,23.0474,7.73006,71,70,70,2496,2800,0.48243,27,9.24834,0,0,124156933298
37.3155,26.7985,7.73006,71,70,70,2496,2800,0.48243,27,9.24834,0,0,124183732640
41.3807,24.1658,7.73006,71,70,70,2496,2800,0.48243,27,9.24834,0,0,124207898660
35.4003,28.2483,7.73006,71,70,70,2496,2800,0.48243,27,9.24834,0,0,124236148022
42.9784,23.2675,7.73006,71,70,70,2496,2800,0.48243,27,9.24834,0,0,124259415547
37.4497,26.7025,7.73006,71,70,70,2496,2800,0.48243,27,9.24834,0,0,124286119018
37.082,26.9672,7.73006,71,70,70,2496,2800,0.48243,27,9.24834,0,0,124313085984
40.4139,24.744,7.73006,71,70,70,2496,2800,0.48243,27,9.24834,0,0,124337830791
37.1857,26.892,7.73006,71,70,70,2496,2800,0.48243,27,9.24834,0,0,124364722966
40.2045,24.8728,7.73006,71,70,70,2496,2800,0.48243,27,9.24834,0,0,124389595502
36.1857,27.6353,7.73006,71,70,70,2496,2800,0.48243,27,9.24834,0,0,124417232215
40.7403,24.5457,7.73006,71,70,70,2496,2800,0.48243,27,9.24834,0,0,124441777787
38.2423,26.1491,7.73006,71,70,70,2496,2800,0.48243,27,9.24834,0,0,124467927570
41.055,24.3576,7.73006,71,70,70,2496,2800,0.48243,27,9.24834,0,0,124492285000
37.2432,26.8506,7.73006,71,70,70,2496,2800,0.48243,27,9.24834,0,0,124519136689
38.6175,25.895,7.73006,71,70,70,2496,2800,0.48243,27,9.24834,0,0,124545035821
41.133,24.3114,4.79115,71,73,70,2554,2800,0.48243,28,9.24691,0,0,124569343388
35.4262,28.2277,4.79115,71,73,70,2554,2800,0.48243,28,9.24691,0,0,124597571229
41.5063,24.0927,4.79115,71,73,70,2554,2800,0.48243,28,9.24691,0,0,124621665305
38.914,25.6977,4.79115,71,73,70,2554,2800,0.48243,28,9.24691,0,0,124647362027
39.7642,25.1482,4.79115,71,73,70,2554,2800,0.48243,28,9.24691,0,0,124672510852
36.7434,27.2157,4.79115,71,73,70,2554,2800,0.48243,28,9.24691,0,0,124699726133
42.6713,23.435,4.79115,71,73,70,2554,2800,0.48243,28,9.24691,0,0,124723161463
36.3897,27.4803,4.79115,71,73,70,2554,2800,0.48243,28,9.24691,0,0,124750642223
39.1337,25.5534,4.79115,71,73,70,2554,2800,0.48243,28,9.24691,0,0,124776196749
39.0264,25.6237,4.79115,71,73,70,2554,2800,0.48243,28,9.24691,0,0,124801820244
41.2059,24.2684,4.79115,71,73,70,2554,2800,0.48243,28,9.24691,0,0,124826089147
29.02,34.459,4.79115,71,73,70,2554,2800,0.48243,28,9.24691,0,0,124860549372
40.2095,24.8697,4.79115,71,73,70,2554,2800,0.48243,28,9.24691,0,0,124885419023
41.5977,24.0398,4.79115,71,73,70,2554,2800,0.48243,28,9.24691,0,0,124909457865
37.4647,26.6918,4.79115,71,73,70,2554,2800,0.48243,28,9.24691,0,0,124936150957
34.7812,28.7512,4.79115,71,73,70,2554,2800,0.48243,28,9.24691,0,0,124964902821
41.1687,24.2903,4.79115,71,73,70,2554,2800,0.48243,28,9.24691,0,0,124989193626
40.7737,24.5256,4.79115,71,73,70,2554,2800,0.48243,28,9.24691,0,0,125013719943
38.6601,25.8665,4.79115,71,73,70,2554,2800,0.48243,28,9.24691,0,0,125039585031
37.9925,26.321,4.79115,71,73,70,2554,2800,0.48243,28,9.24691,0,0,125065914541
37.8135,26.4456,5.10328,70,71,70,2540,2800,0.48243,41,9.24661,0,0,125092352845
32.718,30.5642,5.10328,70,71,70,2540,2800,0.48243,41,9.24661,0,0,125122917500
41.6424,24.014,5.10328,70,71,70,2540,2800,0.48243,41,9.24661,0,0,125146933159
38.315,26.0994,5.10328,70,71,70,2540,2800,0.48243,41,9.24661,0,0,125173033910
40.7358,24.5485,5.10328,70,71,70,2540,2800,0.48243,41,9.24661,0,0,125197579893
40.6549,24.5973,5.10328,70,71,70,2540,2800,0.48243,41,9.24661,0,0,125222178555
36.3483,27.5116,5.10328,70,71,70,2540,2800,0.48243,41,9.24661,0,0,125249688991
39.4497,25.3487,5.10328,70,71,70,2540,2800,0.48243,41,9.24661,0,0,125275039804
37.9991,26.3164,5.10328,70,71,70,2540,2800,0.48243,41,9.24661,0,0,125301356480
40.4178,24.7416,5.10328,70,71,70,2540,2800,0.48243,41,9.24661,0,0,125326097610
39.5288,25.298,5.10328,70,71,70,2540,2800,0.48243,41,9.24661,0,0,125351396025
39.7886,25.1328,5.10328,70,71,70,2540,2800,0.48243,41,9.24661,0,0,125376529491
36.4225,27.4555,5.10328,70,71,70,2540,2800,0.48243,41,9.24661,0,0,125403985003
26.8273,37.2755,5.10328,70,71,70,2540,2800,0.48243,41,9.24661,0,0,125441262263
36.9549,27.06,5.10328,70,71,70,2540,2800,0.48243,41,9.24661,0,0,125468320400
42.1798,23.708,5.10328,70,71,70,2540,2800,0.48243,41,9.24661,0,0,125492030705
36.7588,27.2044,5.10328,70,71,70,2540,2800,0.48243,41,9.24661,0,0,125519235367
36.879,27.1157,5.10328,70,71,70,2540,2800,0.48243,41,9.24661,0,0,125546348938
36.7408,27.2177,5.10328,70,71,70,2540,2800,0.48243,41,9.24661,0,0,125573576052
34.8744,28.6744,5.75,70,69,74,2375,2800,0.48243,23,9.2472,0,0,125602242366
37.0923,26.9598,5.75,70,69,74,2375,2800,0.48243,23,9.2472,0,0,125629204182
36.8551,27.1333,5.75,70,69,74,2375,2800,0.48243,23,9.2472,0,0,125656338762
35.2878,28.3384,5.75,70,69,74,2375,2800,0.48243,23,9.2472,0,0,125684676881
37.4803,26.6807,5.75,70,69,74,2375,2800,0.48243,23,9.2472,0,0,125711357038
35.3996,28.2489,5.75,70,69,74,2375,2800,0.48243,23,9.2472,0,0,125739605759
33.4462,29.8987,5.75,70,69,74,2375,2800,0.48243,23,9.2472,0,0,125769504455
37.9684,26.3377,5.75,70,69,74,2375,2800,0.48243,23,9.2472,0,0,125795844074
35.3907,28.256,5.75,70,69,74,2375,2800,0.48243,23,9.2472,0,0,125824098876
39.1722,25.5283,5.75,70,69,74,2375,2800,0.48243,23,9.2472,0,0,125849628225
37.7197,26.5113,5.75,70,69,74,2375,2800,0.48243,23,9.2472,0,0,125876140367
37.4378,26.7109,5.75,70,69,74,2375,2800,0.48243,23,9.2472,0,0,125902851042
40.5508,24.6604,5.75,70,69,74,2375,2800,0.48243,23,9.2472,0,0,125927515247
33.4565,29.8896,5.75,70,69,74,2375,2800,0.48243,23,9.2472,0,0,125957401520
37.5687,26.6179,5.75,70,69,74,2375,2800,0.48243,23,9.2472,0,0,125984021966
38.4175,26.0298,5.75,70,69,74,2375,2800,0.48243,23,9.2472,0,0,126010049990
37.0232,27.0101,5.75,70,69,74,2375,2800,0.48243,23,9.2472,0,0,126037059626
39.0841,25.5859,5.75,70,69,74,2375,2800,0.48243,23,9.2472,0,0,126062644839
38.1108,26.2393,5.75,70,69,74,2375,2800,0.48243,23,9.2472,0,0,126088888207
38.9378,25.682,8.83436,70,68,74,2368,2800,0.48243,33,9.2467,0,0,126114567868
37.2477,26.8473,8.83436,70,68,74,2368,2800,0.48243,33,9.2467,0,0,126141415640
36.633,27.2978,8.83436,70,68,74,2368,2800,0.48243,33,9.2467,0,0,126168715701
41.2879,24.2202,8.83436,70,68,74,2368,2800,0.48243,33,9.2467,0,0,126192935232
36.7547,27.2074,8.83436,70,68,74,2368,2800,0.48243,33,9.2467,0,0,126220142448
38.5164,25.963,8.83436,70,68,74,2368,2800,0.48243,33,9.2467,0,0,126246103907
35.6089,28.0829,8.83436,70,68,74,2368,2800,0.48243,33,9.2467,0,0,126274189602
36.003,27.7754,8.83436,70,68,74,2368,2800,0.48243,33,9.2467,0,0,126301965786
40.0866,24.946,8.83436,70,68,74,2368,2800,0.48243,33,9.2467,0,0,126326912682
39.5167,25.3058,8.83436,70,68,74,2368,2800,0.48243,33,9.2467,0,0,126352218341
39.3676,25.4016,8.83436,70,68,74,2368,2800,0.48243,33,9.2467,0,0,126377621142
38.0399,26.2882,8.83436,70,68,74,2368,2800,0.48243,33,9.2467,0,0,126403910737
40.5479,24.6622,8.83436,70,68,74,2368,2800,0.48243,33,9.2467,0,0,126428572868
39.3754,25.3965,8.83436,70,68,74,2368,2800,0.48243,33,9.2467,0,0,126453969217
40.3392,24.7898,8.83436,70,68,74,2368,2800,0.48243,33,9.2467,0,0,126478760310
39.1162,25.5649,8.83436,70,68,74,2368,2800,0.48243,33,9.2467,0,0,126504325807
30.8828,32.3804,8.83436,70,68,74,2368,2800,0.48243,33,9.2467,0,0,126536707211
41.8378,23.9018,8.83436,70,68,74,2368,2800,0.48243,33,9.2467,0,0,126560609276
40.2571,24.8403,8.83436,70,68,74,2368,2800,0.48243,33,9.2467,0,0,126585448831
41.6848,23.9896,8.83436,70,68,74,2368,2800,0.48243,33,9.2467,0,0,126609442688
37.3256,26.7913,5.83942,70,71,71,2523,2800,0.48243,30,9.24536,0,0,126636230167
35.5899,28.0978,5.83942,70,71,71,2523,2800,0.48243,30,9.24536,0,0,126664330249
46.805,21.3653,5.83942,70,71,71,2523,2800,0.48243,30,9.24536,0,0,126685695495
39.8261,25.1091,5.83942,70,71,71,2523,2800,0.48243,30,9.24536,0,0,126710804324
36.3144,27.5373,5.83942,70,71,71,2523,2800,0.48243,30,9.24536,0,0,126738340919
36.3264,27.5282,5.83942,70,71,71,2523,2800,0.48243,30,9.24536,0,0,126765869659
45.1575,22.1447,5.83942,70,71,71,2523,2800,0.48243,30,9.24536,0,0,126788013866
36.3474,27.5123,5.83942,70,71,71,2523,2800,0.48243,30,9.24536,0,0,126815527748
38.1423,26.2176,5.83942,70,71,71,2523,2800,0.48243,30,9.24536,0,0,126841745408
38.5158,25.9634,5.83942,70,71,71,2523,2800,0.48243,30,9.24536,0,0,126867709552
43.1803,23.1587,5.83942,70,71,71,2523,2800,0.48243,30,9.24536,0,0,126890867471
37.4211,26.7229,5.83942,70,71,71,2523,2800,0.48243,30,9.24536,0,0,126917592533
41.1819,24.2825,5.83942,70,71,71,2523,2800,0.48243,30,9.24536,0,0,126941874922
33.9082,29.4914,5.83942,70,71,71,2523,2800,0.48243,30,9.24536,0,0,126971366494
37.9628,26.3416,5.83942,70,71,71,2523,2800,0.48243,30,9.24536,0,0,126997708888
44.6809,22.3809,5.83942,70,71,71,2523,2800,0.48243,30,9.24536,0,0,127020089710
26.4936,37.7449,5.83942,70,71,71,2523,2800,0.48243,30,9.24536,0,0,127057835358
41.9645,23.8297,5.83942,70,71,71,2523,2800,0.48243,30,9.24536,0,0,127081664547
44.5365,22.4535,5.83942,70,71,71,2523,2800,0.48243,30,9.24536,0,0,127104118265
36.4873,27.4068,5.83942,70,71,71,2523,2800,0.48243,30,9.24536,0,0,127131530396
43.6451,22.9121,4.98177,71,74,69,2365,2800,0.48243,37,9.24575,0,0,127154438406
35.9051,27.8512,4.98177,71,74,69,2365,2800,0.48243,37,9.24575,0,0,127182290833
37.2577,26.8401,4.98177,71,74,69,2365,2800,0.48243,37,9.24575,0,0,127209130751
40.2787,24.827,4.98177,71,74,69,2365,2800,0.48243,37,9.24575,0,0,127233958182
36.3683,27.4965,4.98177,71,74,69,2365,2800,0.48243,37,9.24575,0,0,127261455774
41.5353,24.0759,4.98177,71,74,69,2365,2800,0.48243,37,9.24575,0,0,127285531715
39.6624,25.2128,4.98177,71,74,69,2365,2800,0.48243,37,9.24575,0,0,127310744360
38.0009,26.3152,4.98177,71,74,69,2365,2800,0.48243,37,9.24575,0,0,127337060444
36.2309,27.6008,4.98177,71,74,69,2365,2800,0.48243,37,9.24575,0,0,127364659806
39.4967,25.3185,4.98177,71,74,69,2365,2800,0.48243,37,9.24575,0,0,127389978540
36.1136,27.6904,4.98177,71,74,69,2365,2800,0.48243,37,9.24575,0,0,127417671748
45.0051,22.2197,4.98177,71,74,69,2365,2800,0.48243,37,9.24575,0,0,127439891718
37.043,26.9957,4.98177,71,74,69,2365,2800,0.48243,37,9.24575,0,0,127466886826
43.1199,23.1911,4.98177,71,74,69,2365,2800,0.48243,37,9.24575,0,0,127490078238
37.5843,26.6068,4.98177,71,74,69,2365,2800,0.48243,37,9.24575,0,0,127516686311
38.2255,26.1606,4.98177,71,74,69,2365,2800,0.48243,37,9.24575,0,0,127542845080
36.7845,27.1853,4.98177,71,74,69,2365,2800,0.48243,37,9.24575,0,0,127570031297
39.4571,25.344,4.98177,71,74,69,2365,2800,0.48243,37,9.24575,0,0,127595376170
42.2794,23.6522,4.98177,71,74,69,2365,2800,0.48243,37,9.24575,0,0,127619028907
37.111,26.9462,4.98177,71,74,69,2365,2800,0.48243,37,9.24575,0,0,127645981646
32.6265,30.65,4.93827,70,68,69,2488,2800,0.48243,31,9.2447,0,0,127676625240
40.4524,24.7204,4.93827,70,68,69,2488,2800,0.48243,31,9.2447,0,0,127701345270
42.8379,23.3438,4.93827,70,68,69,2488,2800,0.48243,31,9.2447,0,0,127724689579
37.1555,26.9139,4.93827,70,68,69,2488,2800,0.48243,31,9.2447,0,0,127751604667
41.2722,24.2294,4.93827,70,68,69,2488,2800,0.48243,31,9.2447,0,0,127775834648
37.3204,26.795,4.93827,70,68,69,2488,2800,0.48243,31,9.2447,0,0,127802630182
43.8997,22.7792,4.93827,70,68,69,2488,2800,0.48243,31,9.2447,0,0,127825410062
36.7055,27.2439,4.93827,70,68,69,2488,2800,0.48243,31,9.2447,0,0,127852653737
38.8932,25.7114,4.93827,70,68,69,2488,2800,0.48243,31,9.2447,0,0,127878365558
39.7903,25.1318,4.93827,70,68,69,2488,2800,0.48243,31,9.2447,0,0,127903498052
34.467,29.0133,4.93827,70,68,69,2488,2800,0.48243,31,9.2447,0,0,127932512679
38.2047,26.1748,4.93827,70,68,69,2488,2800,0.48243,31,9.2447,0,0,127958687018
37.8363,26.4297,4.93827,70,68,69,2488,2800,0.48243,31,9.2447,0,0,127985116926
43.9349,22.7609,4.93827,70,68,69,2488,2800,0.48243,31,9.2447,0,0,128007878251
39.6293,25.2338,4.93827,70,68,69,2488,2800,0.48243,31,9.2447,0,0,128033111985
31.8158,31.4309,4.93827,70,68,69,2488,2800,0.48243,31,9.2447,0,0,128064543748
41.5528,24.0658,4.93827,70,68,69,2488,2800,0.48243,31,9.2447,0,0,128088610652
45.9861,21.7457,4.93827,70,68,69,2488,2800,0.48243,31,9.2447,0,0,128110356172
39.5483,25.2856,4.93827,70,68,69,2488,2800,0.48243,31,9.2447,0,0,128135641983
33.8464,29.5452,4.93827,70,68,69,2488,2800,0.48243,31,9.2447,0,0,128165192837
47.0292,21.2634,7.42996,70,69,67,2082,2800,0.48243,42,9.24409,0,0,128186450320
38.3453,26.0788,7.42996,70,69,67,2082,2800,0.48243,42,9.24409,0,0,128212531244
39.1217,25.5613,7.42996,70,69,67,2082,2800,0.48243,42,9.24409,0,0,128238091530
35.2418,28.3754,7.42996,70,69,67,2082,2800,0.48243,42,9.24409,0,0,128266467319
41.5541,24.065,7.42996,70,69,67,2082,2800,0.48243,42,9.24409,0,0,128290531549
39.6335,25.2312,7.42996,70,69,67,2082,2800,0.48243,42,9.24409,0,0,128315763219
39.1915,25.5157,7.42996,70,69,67,2082,2800,0.48243,42,9.24409,0,0,128341278311
38.1926,26.1831,7.42996,70,69,67,2082,2800,0.48243,42,9.24409,0,0,128367463019
36.4127,27.4629,7.42996,70,69,67,2082,2800,0.48243,42,9.24409,0,0,128394925975
42.9314,23.293,7.42996,70,69,67,2082,2800,0.48243,42,9.24409,0,0,128418218687
39.4763,25.3316,7.42996,70,69,67,2082,2800,0.48243,42,9.24409,0,0,128443550335
37.5472,26.6331,7.42996,70,69,67,2082,2800,0.48243,42,9.24409,0,0,128470183154
36.7853,27.1848,7.42996,70,69,67,2082,2800,0.48243,42,9.24409,0,0,128497369090
44.2395,22.6042,7.42996,70,69,67,2082,2800,0.48243,42,9.24409,0,0,128519972870
33.203,30.1178,7.42996,70,69,67,2082,2800,0.48243,42,9.24409,0,0,128550091288
43.3119,23.0884,7.42996,70,69,67,2082,2800,0.48243,42,9.24409,0,0,128573179727
36.6072,27.317,7.42996,70,69,67,2082,2800,0.48243,42,9.24409,0,0,128600497271
43.8106,22.8255,7.42996,70,69,67,2082,2800,0.48243,42,9.24409,0,0,128623322215
36.6463,27.2879,7.42996,70,69,67,2082,2800,0.48243,42,9.24409,0,0,128650610564
40.3642,24.7744,7.42996,70,69,67,2082,2800,0.48243,42,9.24409,0,0,128675390617
36.7137,27.2378,4.80888,70,70,65,1459,2800,0.48243,17,9.24142,0,0,128702625064
37.4799,26.681,4.80888,70,70,65,1459,2800,0.48243,17,9.24142,0,0,128729305953
41.4322,24.1358,4.80888,70,70,65,1459,2800,0.48243,17,9.24142,0,0,128753440445
36.832,27.1503,4.80888,70,70,65,1459,2800,0.48243,17,9.24142,0,0,128780591496
39.2144,25.5008,4.80888,70,70,65,1459,2800,0.48243,17,9.24142,0,0,128806093824
37.8551,26.4165,4.80888,70,70,65,1459,2800,0.48243,17,9.24142,0,0,128832511469
42.256,23.6653,4.80888,70,70,65,1459,2800,0.48243,17,9.24142,0,0,128856177091
36.8928,27.1055,4.80888,70,70,65,1459,2800,0.48243,17,9.24142,0,0,128883280843
40.2176,24.8647,4.80888,70,70,65,1459,2800,0.48243,17,9.24142,0,0,128908146596
37.1081,26.9483,4.80888,70,70,65,1459,2800,0.48243,17,9.24142,0,0,128935096079
35.3967,28.2512,4.80888,70,70,65,1459,2800,0.48243,17,9.24142,0,0,128963349369
42.4962,23.5315,4.80888,70,70,65,1459,2800,0.48243,17,9.24142,0,0,128986878574
43.2437,23.1248,4.80888,70,70,65,1459,2800,0.48243,17,9.24142,0,0,129010003231
35.6044,28.0864,4.80888,70,70,65,1459,2800,0.48243,17,9.24142,0,0,129038091010
35.132,28.4641,4.80888,70,70,65,1459,2800,0.48243,17,9.24142,0,0,129066555084
43.8532,22.8033,4.80888,70,70,65,1459,2800,0.48243,17,9.24142,0,0,129089359190
37.6546,26.5572,4.80888,70,70,65,1459,2800,0.48243,17,9.24142,0,0,129115915265
41.5969,24.0403,4.80888,70,70,65,1459,2800,0.48243,17,9.24142,0,0,129139955980
34.8444,28.699,4.80888,70,70,65,1459,2800,0.48243,17,9.24142,0,0,129168656358
38.036,26.2908,4.80888,70,70,65,1459,2800,0.48243,17,9.24142,0,0,129194955982
35.8943,27.8596,5.32688,69,71,65,1466,2800,0.48243,26,9.24802,0,0,129222806185
42.3893,23.5909,5.32688,69,71,65,1466,2800,0.48243,26,9.24802,0,0,129246397617
37.4017,26.7368,5.32688,69,71,65,1466,2800,0.48243,26,9.24802,0,0,129273134852
39.2913,25.4509,5.32688,69,71,65,1466,2800,0.48243,26,9.24802,0,0,129298585783
40.5477,24.6623,5.32688,69,71,65,1466,2800,0.48243,26,9.24802,0,0,129323248296
38.7341,25.8171,5.32688,69,71,65,1466,2800,0.48243,26,9.24802,0,0,129349065524
37.3111,26.8017,5.32688,69,71,65,1466,2800,0.48243,26,9.24802,0,0,129375867150
39.2491,25.4783,5.32688,69,71,65,1466,2800,0.48243,26,9.24802,0,0,129401346314
37.5407,26.6377,5.32688,69,71,65,1466,2800,0.48243,26,9.24802,0,0,129427985866
42.0423,23.7856,5.32688,69,71,65,1466,2800,0.48243,26,9.24802,0,0,129451769599
39.4075,25.3759,5.32688,69,71,65,1466,2800,0.48243,26,9.24802,0,0,129477144838
36.4985,27.3984,5.32688,69,71,65,1466,2800,0.48243,26,9.24802,0,0,129504544326
35.9101,27.8473,5.32688,69,71,65,1466,2800,0.48243,26,9.24802,0,0,129532391212
39.4595,25.3424,5.32688,69,71,65,1466,2800,0.48243,26,9.24802,0,0,129557734011
37.5459,26.6341,5.32688,69,71,65,1466,2800,0.48243,26,9.24802,0,0,129584368713
39.9754,25.0154,5.32688,69,71,65,1466,2800,0.48243,26,9.24802,0,0,129609383817
37.5442,26.6353,5.32688,69,71,65,1466,2800,0.48243,26,9.24802,0,0,129636019842
38.1969,26.1801,5.32688,69,71,65,1466,2800,0.48243,26,9.24802,0,0,129662201083
41.3599,24.178,5.32688,69,71,65,1466,2800,0.48243,26,9.24802,0,0,129686378605
37.258,26.8399,5.32688,69,71,65,1466,2800,0.48243,26,9.24802,0,0,129713226017
39.5401,25.2908,6.19684,69,65,63,1372,2800,0.48243,18,9.24812,0,0,129738509244
35.7044,28.0077,6.19684,69,65,63,1372,2800,0.48243,18,9.24812,0,0,129766518054
42.448,23.5583,6.19684,69,65,63,1372,2800,0.48243,18,9.24812,0,0,129790076034
38.6824,25.8515,6.19684,69,65,63,1372,2800,0.48243,18,9.24812,0,0,129815927136
38.7432,25.811,6.19684,69,65,63,1372,2800,0.48243,18,9.24812,0,0,129841737752
35.5771,28.108,6.19684,69,65,63,1372,2800,0.48243,18,9.24812,0,0,129869848354
36.6584,27.2789,6.19684,69,65,63,1372,2800,0.48243,18,9.24812,0,0,129897128156
40.5935,24.6345,6.19684,69,65,63,1372,2800,0.48243,18,9.24812,0,0,129921762416
38.3721,26.0606,6.19684,69,65,63,1372,2800,0.48243,18,9.24812,0,0,129947822650
37.0639,26.9804,6.19684,69,65,63,1372,2800,0.48243,18,9.24812,0,0,129974803722
38.472,25.9929,6.19684,69,65,63,1372,2800,0.48243,18,9.24812,0,0,130000797602
38.1711,26.1979,6.19684,69,65,63,1372,2800,0.48243,18,9.24812,0,0,130026994724
35.217,28.3954,6.19684,69,65,63,1372,2800,0.48243,18,9.24812,0,0,130055390310
38.2611,26.1362,6.19684,69,65,63,1372,2800,0.48243,18,9.24812,0,0,130081526176
37.8287,26.435,6.19684,69,65,63,1372,2800,0.48243,18,9.24812,0,0,130107963769
33.3413,29.9928,6.19684,69,65,63,1372,2800,0.48243,18,9.24812,0,0,130137957243
36.4898,27.4049,6.19684,69,65,63,1372,2800,0.48243,18,9.24812,0,0,130165360638
38.3641,26.066,6.19684,69,65,63,1372,2800,0.48243,18,9.24812,0,0,130191427605
36.115,27.6893,6.19684,69,65,63,1372,2800,0.48243,18,9.24812,0,0,130219124721
34.4364,29.039,7.27729,69,67,67,1917,2800,0.48243,21,9.24759,0,0,130248157552
39.9536,25.029,7.27729,69,67,67,1917,2800,0.48243,21,9.24759,0,0,130273185570
35.5713,28.1125,7.27729,69,67,67,1917,2800,0.48243,21,9.24759,0,0,130301299348
42.2255,23.6823,7.27729,69,67,67,1917,2800,0.48243,21,9.24759,0,0,130324982242
35.7237,27.9926,7.27729,69,67,67,1917,2800,0.48243,21,9.24759,0,0,130352974511
39.0125,25.6328,7.27729,69,67,67,1917,2800,0.48243,21,9.24759,0,0,130378607023
38.1951,26.1814,7.27729,69,67,67,1917,2800,0.48243,21,9.24759,0,0,130404790289
36.6929,27.2532,7.27729,69,67,67,1917,2800,0.48243,21,9.24759,0,0,130432042680
41.0351,24.3694,7.27729,69,67,67,1917,2800,0.48243,21,9.24759,0,0,130456413976
35.9308,27.8313,7.27729,69,67,67,1917,2800,0.48243,21,9.24759,0,0,130484243039
35.0225,28.553,7.27729,69,67,67,1917,2800,0.48243,21,9.24759,0,0,130512798024
37.8636,26.4106,7.27729,69,67,67,1917,2800,0.48243,21,9.24759,0,0,130539209007
34.343,29.1181,7.27729,69,67,67,1917,2800,0.48243,21,9.24759,0,0,130568328020
36.8698,27.1224,7.27729,69,67,67,1917,2800,0.48243,21,9.24759,0,0,130595450177
37.957,26.3456,7.27729,69,67,67,1917,2800,0.48243,21,9.24759,0,0,130621794866
39.8963,25.065,7.27729,69,67,67,1917,2800,0.48243,21,9.24759,0,0,130646861676
36.8477,27.1387,7.27729,69,67,67,1917,2800,0.48243,21,9.24759,0,0,130674000134
36.8804,27.1147,7.27729,69,67,67,1917,2800,0.48243,21,9.24759,0,0,130701115007
39.8727,25.0798,7.27729,69,67,67,1917,2800,0.48243,21,9.24759,0,0,130726200423
39.1,25.5754,6.3591,69,68,72,2478,2800,0.48243,22,9.24625,0,0,130751772381
39.2088,25.5045,6.3591,69,68,72,2478,2800,0.48243,22,9.24625,0,0,130777276292
34.5042,28.982,6.3591,69,68,72,2478,2800,0.48243,22,9.24625,0,0,130806258689
35.9396,27.8245,6.3591,69,68,72,2478,2800,0.48243,22,9.24625,0,0,130834082552
36.7332,27.2233,6.3591,69,68,72,2478,2800,0.48243,22,9.24625,0,0,130861306290
39.3874,25.3888,6.3591,69,68,72,2478,2800,0.48243,22,9.24625,0,0,130886697309
41.0963,24.3331,6.3591,69,68,72,2478,2800,0.48243,22,9.24625,0,0,130911031876
36.3369,27.5202,6.3591,69,68,72,2478,2800,0.48243,22,9.24625,0,0,130938550767
35.6132,28.0795,6.3591,69,68,72,2478,2800,0.48243,22,9.24625,0,0,130966632094
37.8194,26.4415,6.3591,69,68,72,2478,2800,0.48243,22,9.24625,0,0,130993071359
37.0238,27.0096,6.3591,69,68,72,2478,2800,0.48243,22,9.24625,0,0,131020082298
39.3584,25.4076,6.3591,69,68,72,2478,2800,0.48243,22,9.24625,0,0,131045490900
37.8834,26.3968,6.3591,69,68,72,2478,2800,0.48243,22,9.24625,0,0,131071887375
35.7759,27.9518,6.3591,69,68,72,2478,2800,0.48243,22,9.24625,0,0,131099837726
35.5919,28.0963,6.3591,69,68,72,2478,2800,0.48243,22,9.24625,0,0,131127935874
37.3626,26.7647,6.3591,69,68,72,2478,2800,0.48243,22,9.24625,0,0,131154700881
38.4596,26.0013,6.3591,69,68,72,2478,2800,0.48243,22,9.24625,0,0,131180702215
31.8356,31.4114,6.3591,69,68,72,2478,2800,0.48243,22,9.24625,0,0,131212113970
35.5533,28.1268,6.3591,69,68,72,2478,2800,0.48243,22,9.24625,0,0,131240244779
36.6819,27.2614,6.06436,70,71,72,2319,2800,0.48243,32,9.25247,0,0,131267504194
40.224,24.8608,6.06436,70,71,72,2319,2800,0.48243,32,9.25247,0,0,131292364747
35.9232,27.8372,6.06436,70,71,72,2319,2800,0.48243,32,9.25247,0,0,131320200784
38.5075,25.969,6.06436,70,71,72,2319,2800,0.48243,32,9.25247,0,0,131346170909
34.6311,28.8758,6.06436,70,71,72,2319,2800,0.48243,32,9.25247,0,0,131375045304
35.3545,28.285,6.06436,70,71,72,2319,2800,0.48243,32,9.25247,0,0,131403332436
37.7848,26.4657,6.06436,70,71,72,2319,2800,0.48243,32,9.25247,0,0,131429797420
34.5421,28.9501,6.06436,70,71,72,2319,2800,0.48243,32,9.25247,0,0,131458747156
34.213,29.2287,6.06436,70,71,72,2319,2800,0.48243,32,9.25247,0,0,131487976567
34.3867,29.081,6.06436,70,71,72,2319,2800,0.48243,32,9.25247,0,0,131517059312
33.1688,30.1488,6.06436,70,71,72,2319,2800,0.48243,32,9.25247,0,0,131547207036
34.1435,29.2881,6.06436,70,71,72,2319,2800,0.48243,32,9.25247,0,0,131576494135
35.5908,28.0971,6.06436,70,71,72,2319,2800,0.48243,32,9.25247,0,0,131604591632
32.4445,30.8218,6.06436,70,71,72,2319,2800,0.48243,32,9.25247,0,0,131635413500
32.0535,31.1978,6.06436,70,71,72,2319,2800,0.48243,32,9.25247,0,0,131666612676
30.7473,32.5232,6.06436,70,71,72,2319,2800,0.48243,32,9.25247,0,0,131699137460
32.6225,30.6537,6.06436,70,71,72,2319,2800,0.48243,32,9.25247,0,0,131729790331
32.466,30.8014,6.06436,70,71,72,2319,2800,0.48243,32,9.25247,0,0,131760601109
35.6627,28.0405,8.16078,70,70,69,1920,2800,0.48243,37,9.25092,0,0,131788633954
34.1921,29.2466,8.16078,70,70,69,1920,2800,0.48243,37,9.25092,0,0,131817879214
38.9162,25.6963,8.16078,70,70,69,1920,2800,0.48243,37,9.25092,0,0,131843576648
35.1702,28.4331,8.16078,70,70,69,1920,2800,0.48243,37,9.25092,0,0,131872008953
35.8883,27.8642,8.16078,70,70,69,1920,2800,0.48243,37,9.25092,0,0,131899875126
36.3231,27.5307,8.16078,70,70,69,1920,2800,0.48243,37,9.25092,0,0,131927406080
35.8919,27.8615,8.16078,70,70,69,1920,2800,0.48243,37,9.25092,0,0,131955267414
37.9198,26.3714,8.16078,70,70,69,1920,2800,0.48243,37,9.25092,0,0,131981637750
36.7747,27.1926,8.16078,70,70,69,1920,2800,0.48243,37,9.25092,0,0,132008831892
36.2967,27.5507,8.16078,70,70,69,1920,2800,0.48243,37,9.25092,0,0,132036383545
39.3653,25.4031,8.16078,70,70,69,1920,2800,0.48243,37,9.25092,0,0,132061787498
37.9529,26.3484,8.16078,70,70,69,1920,2800,0.48243,37,9.25092,0,0,132088136034
38.7218,25.8253,8.16078,70,70,69,1920,2800,0.48243,37,9.25092,0,0,132113961398
35.4538,28.2057,8.16078,70,70,69,1920,2800,0.48243,37,9.25092,0,0,132142166416
36.6689,27.271,8.16078,70,70,69,1920,2800,0.48243,37,9.25092,0,0,132169439607
39.8404,25.1002,8.16078,70,70,69,1920,2800,0.48243,37,9.25092,0,0,132194538878
38.7873,25.7817,8.16078,70,70,69,1920,2800,0.48243,37,9.25092,0,0,132220320470
42.024,23.7959,8.16078,70,70,69,1920,2800,0.48243,37,9.25092,0,0,132244116927
38.3512,26.0748,8.16078,70,70,69,1920,2800,0.48243,37,9.25092,0,0,132270198953
36.1,27.7008,6.48379,69,73,66,1980,2800,0.48243,26,9.24977,0,0,132297893694
44.159,22.6454,6.48379,69,73,66,1980,2800,0.48243,26,9.24977,0,0,132320539863
33.6611,29.7079,6.48379,69,73,66,1980,2800,0.48243,26,9.24977,0,0,132350247801
32.4098,30.8549,6.48379,69,73,66,1980,2800,0.48243,26,9.24977,0,0,132381102772
38.5807,25.9197,6.48379,69,73,66,1980,2800,0.48243,26,9.24977,0,0,132407021691
43.4138,23.0341,6.48379,69,73,66,1980,2800,0.48243,26,9.24977,0,0,132430055778
39.9773,25.0142,6.48379,69,73,66,1980,2800,0.48243,26,9.24977,0,0,132455071212
41.6731,23.9963,6.48379,69,73,66,1980,2800,0.48243,26,9.24977,0,0,132479068376
38.1548,26.209,6.48379,69,73,66,1980,2800,0.48243,26,9.24977,0,0,132505278141
37.645,26.564,6.48379,69,73,66,1980,2800,0.48243,26,9.24977,0,0,132531841951
40.562,24.6536,6.48379,69,73,66,1980,2800,0.48243,26,9.24977,0,0,132556496598
40.4383,24.729,6.48379,69,73,66,1980,2800,0.48243,26,9.24977,0,0,132581225354
39.3853,25.3902,6.48379,69,73,66,1980,2800,0.48243,26,9.24977,0,0,132606613869
32.3704,30.8924,6.48379,69,73,66,1980,2800,0.48243,26,9.24977,0,0,132637508804
39.063,25.5997,6.48379,69,73,66,1980,2800,0.48243,26,9.24977,0,0,132663108364
41.4231,24.1411,6.48379,69,73,66,1980,2800,0.48243,26,9.24977,0,0,132687249007
37.9825,26.3279,6.48379,69,73,66,1980,2800,0.48243,26,9.24977,0,0,132713576654
43.8288,22.816,6.48379,69,73,66,1980,2800,0.48243,26,9.24977,0,0,132736394244
37.256,26.8413,6.48379,69,73,66,1980,2800,0.48243,26,9.24977,0,0,132763236486
42.7383,23.3982,6.48379,69,73,66,1980,2800,0.48243,26,9.24977,0,0,132786636780
39.6117,25.2451,5.03067,69,72,65,1698,2800,0.48243,31,9.24926,0,0,132811878980
37.899,26.3859,5.03067,69,72,65,1698,2800,0.48243,31,9.24926,0,0,132838265026
37.9803,26.3294,5.03067,69,72,65,1698,2800,0.48243,31,9.24926,0,0,132864594976
42.4211,23.5732,5.03067,69,72,65,1698,2800,0.48243,31,9.24926,0,0,132888167694
33.804,29.5823,5.03067,69,72,65,1698,2800,0.48243,31,9.24926,0,0,132917750658
40.4627,24.7141,5.03067,69,72,65,1698,2800,0.48243,31,9.24926,0,0,132942464706
36.7625,27.2016,5.03067,69,72,65,1698,2800,0.48243,31,9.24926,0,0,132969667515
39.9341,25.0413,5.03067,69,72,65,1698,2800,0.48243,31,9.24926,0,0,132994709389
41.0667,24.3506,5.03067,69,72,65,1698,2800,0.48243,31,9.24926,0,0,133019058813
39.8511,25.0934,5.03067,69,72,65,1698,2800,0.48243,31,9.24926,0,0,133044152755
36.9349,27.0747,5.03067,69,72,65,1698,2800,0.48243,31,9.24926,0,0,133071228274
39.6062,25.2486,5.03067,69,72,65,1698,2800,0.48243,31,9.24926,0,0,133096476936
40.6091,24.625,5.03067,69,72,65,1698,2800,0.48243,31,9.24926,0,0,133121102048
38.3822,26.0538,5.03067,69,72,65,1698,2800,0.48243,31,9.24926,0,0,133147155981
39.1948,25.5136,5.03067,69,72,65,1698,2800,0.48243,31,9.24926,0,0,133172669650
33.5742,29.7848,5.03067,69,72,65,1698,2800,0.48243,31,9.24926,0,0,133202455074
37.1331,26.9302,5.03067,69,72,65,1698,2800,0.48243,31,9.24926,0,0,133229385140
43.5786,22.9471,5.03067,69,72,65,1698,2800,0.48243,31,9.24926,0,0,133252332745
40.1362,24.9151,5.03067,69,72,65,1698,2800,0.48243,31,9.24926,0,0,133277247691
36.8898,27.1078,5.03067,69,72,65,1698,2800,0.48243,31,9.24926,0,0,133304358125
38.3866,26.0507,4.52876,69,69,64,1535,2800,0.48243,17,9.25318,0,0,133330406889
41.1161,24.3214,4.52876,69,69,64,1535,2800,0.48243,17,9.25318,0,0,133354729363
38.5299,25.9539,4.52876,69,69,64,1535,2800,0.48243,17,9.25318,0,0,133380684039
38.9916,25.6466,4.52876,69,69,64,1535,2800,0.48243,17,9.25318,0,0,133406330698
37.2855,26.8201,4.52876,69,69,64,1535,2800,0.48243,17,9.25318,0,0,133433150768
40.8092,24.5043,4.52876,69,69,64,1535,2800,0.48243,17,9.25318,0,0,133457655023
38.0433,26.2858,4.52876,69,69,64,1535,2800,0.48243,17,9.25318,0,0,133483941402
40.5819,24.6415,4.52876,69,69,64,1535,2800,0.48243,17,9.25318,0,0,133508584518
37.4535,26.6998,4.52876,69,69,64,1535,2800,0.48243,17,9.25318,0,0,133535285274
41.582,24.0489,4.52876,69,69,64,1535,2800,0.48243,17,9.25318,0,0,133559334045
37.313,26.8003,4.52876,69,69,64,1535,2800,0.48243,17,9.25318,0,0,133586135380
40.0229,24.9857,4.52876,69,69,64,1535,2800,0.48243,17,9.25318,0,0,133611121108
36.0195,27.7627,4.52876,69,69,64,1535,2800,0.48243,17,9.25318,0,0,133638883857
39.0939,25.5794,4.52876,69,69,64,1535,2800,0.48243,17,9.25318,0,0,133664462137
39.6596,25.2145,4.52876,69,69,64,1535,2800,0.48243,17,9.25318,0,0,133689677657
39.8595,25.0881,4.52876,69,69,64,1535,2800,0.48243,17,9.25318,0,0,133714765016
38.792,25.7785,4.52876,69,69,64,1535,2800,0.48243,17,9.25318,0,0,133740543813
36.055,27.7354,4.52876,69,69,64,1535,2800,0.48243,17,9.25318,0,0,133768280162
44.2814,22.5829,4.52876,69,69,64,1535,2800,0.48243,17,9.25318,0,0,133790863133
39.0649,25.5984,4.52876,69,69,64,1535,2800,0.48243,17,9.25318,0,0,133816465548
40.0156,24.9902,6.67491,69,66,65,1637,2800,0.48243,26,9.25152,0,0,133841452309
37.8999,26.3853,6.67491,69,66,65,1637,2800,0.48243,26,9.25152,0,0,133867837683
36.3243,27.5298,6.67491,69,66,65,1637,2800,0.48243,26,9.25152,0,0,133895369168
39.4727,25.334,6.67491,69,66,65,1637,2800,0.48243,26,9.25152,0,0,133920702930
38.4443,26.0117,6.67491,69,66,65,1637,2800,0.48243,26,9.25152,0,0,133946714503
40.5537,24.6587,6.67491,69,66,65,1637,2800,0.48243,26,9.25152,0,0,133971372176
38.4007,26.0412,6.67491,69,66,65,1637,2800,0.48243,26,9.25152,0,0,133997414327
40.9628,24.4124,6.67491,69,66,65,1637,2800,0.48243,26,9.25152,0,0,134021826359
37.7715,26.475,6.67491,69,66,65,1637,2800,0.48243,26,9.25152,0,0,134048302033
39.2981,25.4465,6.67491,69,66,65,1637,2800,0.48243,26,9.25152,0,0,134073748456
37.3885,26.7462,6.67491,69,66,65,1637,2800,0.48243,26,9.25152,0,0,134100495228
40.0327,24.9796,6.67491,69,66,65,1637,2800,0.48243,26,9.25152,0,0,134125474735
39.1043,25.5727,6.67491,69,66,65,1637,2800,0.48243,26,9.25152,0,0,134151047685
38.7374,25.8148,6.67491,69,66,65,1637,2800,0.48243,26,9.25152,0,0,134176862730
37.8036,26.4525,6.67491,69,66,65,1637,2800,0.48243,26,9.25152,0,0,134203315691
37.7883,26.4632,6.67491,69,66,65,1637,2800,0.48243,26,9.25152,0,0,134229778942
42.0487,23.7819,6.67491,69,66,65,1637,2800,0.48243,26,9.25152,0,0,134253560862
37.8972,26.3872,6.67491,69,66,65,1637,2800,0.48243,26,9.25152,0,0,134279947990
38.2063,26.1737,6.67491,69,66,65,1637,2800,0.48243,26,9.25152,0,0,134306122278
38.0011,26.315,6.67491,69,66,65,1637,2800,0.48243,26,9.25152,0,0,134332440938
41.7773,23.9365,4.03917,69,69,64,1433,2800,0.48243,23,9.25067,0,0,134356374112
37.6317,26.5734,4.03917,69,69,64,1433,2800,0.48243,23,9.25067,0,0,134382948340
39.163,25.5343,4.03917,69,69,64,1433,2800,0.48243,23,9.25067,0,0,134408482147
37.3803,26.7521,4.03917,69,69,64,1433,2800,0.48243,23,9.25067,0,0,134435235492
37.4006,26.7375,4.03917,69,69,64,1433,2800,0.48243,23,9.25067,0,0,134461973378
40.3211,24.8009,4.03917,69,69,64,1433,2800,0.48243,23,9.25067,0,0,134486774060
39.2701,25.4647,4.03917,69,69,64,1433,2800,0.48243,23,9.25067,0,0,134512238777
39.4631,25.3401,4.03917,69,69,64,1433,2800,0.48243,23,9.25067,0,0,134537578970
38.4925,25.9791,4.03917,69,69,64,1433,2800,0.48243,23,9.25067,0,0,134563558123
41.4058,24.1512,4.03917,69,69,64,1433,2800,0.48243,23,9.25067,0,0,134587709316
36.095,27.7047,4.03917,69,69,64,1433,2800,0.48243,23,9.25067,0,0,134615414807
39.2678,25.4661,4.03917,69,69,64,1433,2800,0.48243,23,9.25067,0,0,134640881308
38.2801,26.1232,4.03917,69,69,64,1433,2800,0.48243,23,9.25067,0,0,134667004290
40.2409,24.8504,4.03917,69,69,64,1433,2800,0.48243,23,9.25067,0,0,134691854404
37.2831,26.8218,4.03917,69,69,64,1433,2800,0.48243,23,9.25067,0,0,134718676658
41.3547,24.181,4.03917,69,69,64,1433,2800,0.48243,23,9.25067,0,0,134742858188
37.5678,26.6185,4.03917,69,69,64,1433,2800,0.48243,23,9.25067,0,0,134769476970
37.5746,26.6137,4.03917,69,69,64,1433,2800,0.48243,23,9.25067,0,0,134796091305
41.5838,24.0478,4.03917,69,69,64,1433,2800,0.48243,23,9.25067,0,0,134820139294
36.4961,27.4002,4.03917,69,69,64,1433,2800,0.48243,23,9.25067,0,0,134847542488
40.7944,24.5132,3.81304,69,70,63,1356,2800,0.48243,15,9.2482,0,0,134872052564
35.1841,28.4219,3.81304,69,70,63,1356,2800,0.48243,15,9.2482,0,0,134900474610
42.9147,23.3021,3.81304,69,70,63,1356,2800,0.48243,15,9.2482,0,0,134923776990
28.8134,34.706,3.81304,69,70,63,1356,2800,0.48243,15,9.2482,0,0,134958482856
38.1215,26.2319,3.81304,69,70,63,1356,2800,0.48243,15,9.2482,0,0,134984715454
40.5382,24.6681,3.81304,69,70,63,1356,2800,0.48243,15,9.2482,0,0,135009383606
41.1947,24.275,3.81304,69,70,63,1356,2800,0.48243,15,9.2482,0,0,135033658561
43.356,23.0649,3.81304,69,70,63,1356,2800,0.48243,15,9.2482,0,0,135056723616
40.1359,24.9154,3.81304,69,70,63,1356,2800,0.48243,15,9.2482,0,0,135081639895
39.4233,25.3657,3.81304,69,70,63,1356,2800,0.48243,15,9.2482,0,0,135107005085
35.9878,27.7872,3.81304,69,70,63,1356,2800,0.48243,15,9.2482,0,0,135134792711
42.1274,23.7375,3.81304,69,70,63,1356,2800,0.48243,15,9.2482,0,0,135158530327
37.7084,26.5193,3.81304,69,70,63,1356,2800,0.48243,15,9.2482,0,0,135185052849
36.292,27.5543,3.81304,69,70,63,1356,2800,0.48243,15,9.2482,0,0,135212604813
39.0973,25.5772,3.81304,69,70,63,1356,2800,0.48243,15,9.2482,0,0,135238182522
38.3022,26.1081,3.81304,69,70,63,1356,2800,0.48243,15,9.2482,0,0,135264290626
43.1015,23.201,3.81304,69,70,63,1356,2800,0.48243,15,9.2482,0,0,135287491686
38.3072,26.1047,3.81304,69,70,63,1356,2800,0.48243,15,9.2482,0,0,135313596525
39.8288,25.1074,3.81304,69,70,63,1356,2800,0.48243,15,9.2482,0,0,135338704112
37.5412,26.6374,3.81304,69,70,63,1356,2800,0.48243,15,9.2482,0,0,135365345356
39.802,25.1244,4.63415,69,63,63,1278,2800,0.48243,18,9.25268,0,0,135390466399
37.6614,26.5524,4.63415,69,63,63,1278,2800,0.48243,18,9.25268,0,0,135417019398
39.2856,25.4546,4.63415,69,63,63,1278,2800,0.48243,18,9.25268,0,0,135442474357
38.4718,25.993,4.63415,69,63,63,1278,2800,0.48243,18,9.25268,0,0,135468467075
38.0881,26.2549,4.63415,69,63,63,1278,2800,0.48243,18,9.25268,0,0,135494723006
40.1408,24.9123,4.63415,69,63,63,1278,2800,0.48243,18,9.25268,0,0,135519634967
40.2542,24.8421,4.63415,69,63,63,1278,2800,0.48243,18,9.25268,0,0,135544477106
37.2377,26.8545,4.63415,69,63,63,1278,2800,0.48243,18,9.25268,0,0,135571331911
37.4186,26.7247,4.63415,69,63,63,1278,2800,0.48243,18,9.25268,0,0,135598056482
39.1956,25.5131,4.63415,69,63,63,1278,2800,0.48243,18,9.25268,0,0,135623570041
38.2073,26.173,4.63415,69,63,63,1278,2800,0.48243,18,9.25268,0,0,135649743247
40.8558,24.4763,4.63415,69,63,63,1278,2800,0.48243,18,9.25268,0,0,135674219801
38.8666,25.7291,4.63415,69,63,63,1278,2800,0.48243,18,9.25268,0,0,135699949325
40.4446,24.7252,4.63415,69,63,63,1278,2800,0.48243,18,9.25268,0,0,135724674004
38.6009,25.9061,4.63415,69,63,63,1278,2800,0.48243,18,9.25268,0,0,135750580419
38.701,25.8391,4.63415,69,63,63,1278,2800,0.48243,18,9.25268,0,0,135776419619
37.255,26.842,4.63415,69,63,63,1278,2800,0.48243,18,9.25268,0,0,135803262452
38.9806,25.6538,4.63415,69,63,63,1278,2800,0.48243,18,9.25268,0,0,135828915974
37.55,26.6312,4.63415,69,63,63,1278,2800,0.48243,18,9.25268,0,0,135855548011
35.5888,28.0987,4.63415,69,63,63,1278,2800,0.48243,18,9.25268,0,0,135883649525
39.0406,25.6144,6.70732,69,68,63,1009,2800,0.482433,16,9.3152,0,0,135909261178
41.1604,24.2952,6.70732,69,68,63,1009,2800,0.482433,16,9.3152,0,0,135933556712
41.7271,23.9652,6.70732,69,68,63,1009,2800,0.482433,16,9.3152,0,0,135957521846
40.5182,24.6803,6.70732,69,68,63,1009,2800,0.482433,16,9.3152,0,0,135982202061
38.8051,25.7698,6.70732,69,68,63,1009,2800,0.482433,16,9.3152,0,0,136007972472
37.289,26.8175,6.70732,69,68,63,1009,2800,0.482433,16,9.3152,0,0,136034790087
37.4487,26.7032,6.70732,69,68,63,1009,2800,0.482433,16,9.3152,0,0,136061493018
43.1982,23.1491,6.70732,69,68,63,1009,2800,0.482433,16,9.3152,0,0,136084644024
37.526,26.6482,6.70732,69,68,63,1009,2800,0.482433,16,9.3152,0,0,136111291560
38.8541,25.7373,6.70732,69,68,63,1009,2800,0.482433,16,9.3152,0,0,136137028979
36.4114,27.4639,6.70732,69,68,63,1009,2800,0.482433,16,9.3152,0,0,136164492687
42.5673,23.4922,6.70732,69,68,63,1009,2800,0.482433,16,9.3152,0,0,136187985094
34.6208,28.8844,6.70732,69,68,63,1009,2800,0.482433,16,9.3152,0,0,136216869938
40.2375,24.8524,6.70732,69,68,63,1009,2800,0.482433,16,9.3152,0,0,136241722306
40.8002,24.5097,6.70732,69,68,63,1009,2800,0.482433,16,9.3152,0,0,136266232533
39.8744,25.0787,6.70732,69,68,63,1009,2800,0.482433,16,9.3152,0,0,136291311196
37.8168,26.4433,6.70732,69,68,63,1009,2800,0.482433,16,9.3152,0,0,136317754749
39.2551,25.4744,6.70732,69,68,63,1009,2800,0.482433,16,9.3152,0,0,136343229195
36.9619,27.0549,6.70732,69,68,63,1009,2800,0.482433,16,9.3152,0,0,136370284436
39.4202,25.3677,6.70732,69,68,63,1009,2800,0.482433,16,9.3152,0,0,136395654816
35.1892,28.4178,4.90798,69,69,63,1040,2800,0.482433,25,9.31622,0,0,136424070140
34.8733,28.6752,4.90798,69,69,63,1040,2800,0.482433,25,9.31622,0,0,136452745701
37.0843,26.9656,4.90798,69,69,63,1040,2800,0.482433,25,9.31622,0,0,136479711114
39.2589,25.4719,4.90798,69,69,63,1040,2800,0.482433,25,9.31622,0,0,136505183155
41.8254,23.9089,4.90798,69,69,63,1040,2800,0.482433,25,9.31622,0,0,136529092604
43.3874,23.0482,4.90798,69,69,63,1040,2800,0.482433,25,9.31622,0,0,136552141138
41.8233,23.9101,4.90798,69,69,63,1040,2800,0.482433,25,9.31622,0,0,136576051178
39.4027,25.379,4.90798,69,69,63,1040,2800,0.482433,25,9.31622,0,0,136601430275
35.481,28.1841,4.90798,69,69,63,1040,2800,0.482433,25,9.31622,0,0,136629614685
43.1732,23.1625,4.90798,69,69,63,1040,2800,0.482433,25,9.31622,0,0,136652778896
36.2004,27.624,4.90798,69,69,63,1040,2800,0.482433,25,9.31622,0,0,136680401752
37.4399,26.7095,4.90798,69,69,63,1040,2800,0.482433,25,9.31622,0,0,136707111526
40.1674,24.8958,4.90798,69,69,63,1040,2800,0.482433,25,9.31622,0,0,136732007075
26.7614,37.3673,4.90798,69,69,63,1040,2800,0.482433,25,9.31622,0,0,136769374444
33.1571,30.1594,4.90798,69,69,63,1040,2800,0.482433,25,9.31622,0,0,136799534360
29.7021,33.6676,4.90798,69,69,63,1040,2800,0.482433,25,9.31622,0,0,136833202269
35.6503,28.0502,4.90798,69,69,63,1040,2800,0.482433,25,9.31622,0,0,136861252146
41.0317,24.3714,4.90798,69,69,63,1040,2800,0.482433,25,9.31622,0,0,136885623783
40.2845,24.8234,4.90798,69,69,63,1040,2800,0.482433,25,9.31622,0,0,136910449872
42.0895,23.7589,5.23752,69,69,63,1058,2800,0.482433,16,9.31499,0,0,136934206614
42.3211,23.6289,5.23752,69,69,63,1058,2800,0.482433,16,9.31499,0,0,136957835978
39.6653,25.211,5.23752,69,69,63,1058,2800,0.482433,16,9.31499,0,0,136983046869
39.9337,25.0415,5.23752,69,69,63,1058,2800,0.482433,16,9.31499,0,0,137008088703
37.1296,26.9327,5.23752,69,69,63,1058,2800,0.482433,16,9.31499,0,0,137035022106
35.4288,28.2256,5.23752,69,69,63,1058,2800,0.482433,16,9.31499,0,0,137063246992
44.4564,22.4939,5.23752,69,69,63,1058,2800,0.482433,16,9.31499,0,0,137085741596
36.4494,27.4353,5.23752,69,69,63,1058,2800,0.482433,16,9.31499,0,0,137113176881
38.6929,25.8445,5.23752,69,69,63,1058,2800,0.482433,16,9.31499,0,0,137139021641
37.1576,26.9124,5.23752,69,69,63,1058,2800,0.482433,16,9.31499,0,0,137165934104
43.537,22.969,5.23752,69,69,63,1058,2800,0.482433,16,9.31499,0,0,137188903951
33.8314,29.5583,5.23752,69,69,63,1058,2800,0.482433,16,9.31499,0,0,137218461617
42.6916,23.4238,5.23752,69,69,63,1058,2800,0.482433,16,9.31499,0,0,137241885796
37.5152,26.6559,5.23752,69,69,63,1058,2800,0.482433,16,9.31499,0,0,137268541758
37.63,26.5746,5.23752,69,69,63,1058,2800,0.482433,16,9.31499,0,0,137295117229
39.5852,25.262,5.23752,69,69,63,1058,2800,0.482433,16,9.31499,0,0,137320378525
41.3141,24.2048,5.23752,69,69,63,1058,2800,0.482433,16,9.31499,0,0,137344583539
28.6082,34.955,5.23752,69,69,63,1058,2800,0.482433,16,9.31499,0,0,137379538562
33.5596,29.7978,5.23752,69,69,63,1058,2800,0.482433,16,9.31499,0,0,137409336830
39.0844,25.5857,5.23752,69,69,63,1058,2800,0.482433,16,9.31499,0,0,137434924888
37.6775,26.541,4.81348,69,64,63,914,2800,0.482433,17,9.30704,0,0,137461464863
42.0237,23.7961,4.81348,69,64,63,914,2800,0.482433,17,9.30704,0,0,137485260288
41.7429,23.9562,4.81348,69,64,63,914,2800,0.482433,17,9.30704,0,0,137509216636
41.9752,23.8236,4.81348,69,64,63,914,2800,0.482433,17,9.30704,0,0,137533040795
40.8289,24.4924,4.81348,69,64,63,914,2800,0.482433,17,9.30704,0,0,137557532657
37.7676,26.4777,4.81348,69,64,63,914,2800,0.482433,17,9.30704,0,0,137584010324
38.5405,25.9468,4.81348,69,64,63,914,2800,0.482433,17,9.30704,0,0,137609958178
37.65,26.5604,4.81348,69,64,63,914,2800,0.482433,17,9.30704,0,0,137636518721
37.8133,26.4457,4.81348,69,64,63,914,2800,0.482433,17,9.30704,0,0,137662964599
37.4126,26.729,4.81348,69,64,63,914,2800,0.482433,17,9.30704,0,0,137689693869
39.6127,25.2444,4.81348,69,64,63,914,2800,0.482433,17,9.30704,0,0,137714938153
41.5393,24.0736,4.81348,69,64,63,914,2800,0.482433,17,9.30704,0,0,137739012241
38.578,25.9215,4.81348,69,64,63,914,2800,0.482433,17,9.30704,0,0,137764933815
41.2056,24.2686,4.81348,69,64,63,914,2800,0.482433,17,9.30704,0,0,137789202639
38.0478,26.2827,4.81348,69,64,63,914,2800,0.482433,17,9.30704,0,0,137815485611
40.3578,24.7784,4.81348,69,64,63,914,2800,0.482433,17,9.30704,0,0,137840263610
38.1608,26.2049,4.81348,69,64,63,914,2800,0.482433,17,9.30704,0,0,137866468997
34.5079,28.9789,4.81348,69,64,63,914,2800,0.482433,17,9.30704,0,0,137895449360
46.5779,21.4694,4.81348,69,64,63,914,2800,0.482433,17,9.30704,0,0,137916917599
37.4092,26.7314,4.81348,69,64,63,914,2800,0.482433,17,9.30704,0,0,137943652630
38.4023,26.0401,6.82382,69,63,62,1169,2800,0.482433,20,9.30628,0,0,137969689340
38.3777,26.0568,6.82382,69,63,62,1169,2800,0.482433,20,9.30628,0,0,137995746790
41.8845,23.8752,6.82382,69,63,62,1169,2800,0.482433,20,9.30628,0,0,138019621895
37.3798,26.7524,6.82382,69,63,62,1169,2800,0.482433,20,9.30628,0,0,138046374167
37.9953,26.3191,6.82382,69,63,62,1169,2800,0.482433,20,9.30628,0,0,138072693799
39.5972,25.2543,6.82382,69,63,62,1169,2800,0.482433,20,9.30628,0,0,138097947961
39.4945,25.32,6.82382,69,63,62,1169,2800,0.482433,20,9.30628,0,0,138123267856
38.9071,25.7022,6.82382,69,63,62,1169,2800,0.482433,20,9.30628,0,0,138148970510
38.5106,25.9668,6.82382,69,63,62,1169,2800,0.482433,20,9.30628,0,0,138174937971
38.632,25.8853,6.82382,69,63,62,1169,2800,0.482433,20,9.30628,0,0,138200823547
36.3132,27.5382,6.82382,69,63,62,1169,2800,0.482433,20,9.30628,0,0,138228363057
40.73,24.5519,6.82382,69,63,62,1169,2800,0.482433,20,9.30628,0,0,138252913910
40.0061,24.9962,6.82382,69,63,62,1169,2800,0.482433,20,9.30628,0,0,138277910028
36.3746,27.4917,6.82382,69,63,62,1169,2800,0.482433,20,9.30628,0,0,138305402219
40.9285,24.4329,6.82382,69,63,62,1169,2800,0.482433,20,9.30628,0,0,138329835782
39.5345,25.2943,6.82382,69,63,62,1169,2800,0.482433,20,9.30628,0,0,138355130490
38.2466,26.1461,6.82382,69,63,62,1169,2800,0.482433,20,9.30628,0,0,138381276395
37.2512,26.8448,6.82382,69,63,62,1169,2800,0.482433,20,9.30628,0,0,138408120741
39.4948,25.3198,6.82382,69,63,62,1169,2800,0.482433,20,9.30628,0,0,138433441338
40.5999,24.6306,6.82382,69,63,62,1169,2800,0.482433,20,9.30628,0,0,138458075066
37.8414,26.4261,3.93604,69,71,62,1137,2800,0.482433,21,9.30599,0,0,138484497881
38.3282,26.0904,3.93604,69,71,62,1137,2800,0.482433,21,9.30599,0,0,138510589033
39.1771,25.5251,3.93604,69,71,62,1137,2800,0.482433,21,9.30599,0,0,138536114414
37.5976,26.5974,3.93604,69,71,62,1137,2800,0.482433,21,9.30599,0,0,138562712168
39.1933,25.5146,3.93604,69,71,62,1137,2800,0.482433,21,9.30599,0,0,138588227830
39.488,25.3242,3.93604,69,71,62,1137,2800,0.482433,21,9.30599,0,0,138613551583
38.2181,26.1656,3.93604,69,71,62,1137,2800,0.482433,21,9.30599,0,0,138639717326
38.4754,25.9906,3.93604,69,71,62,1137,2800,0.482433,21,9.30599,0,0,138665708040
38.6832,25.851,3.93604,69,71,62,1137,2800,0.482433,21,9.30599,0,0,138691558831
41.7911,23.9285,3.93604,69,71,62,1137,2800,0.482433,21,9.30599,0,0,138715488048
36.8141,27.1635,3.93604,69,71,62,1137,2800,0.482433,21,9.30599,0,0,138742651402
37.9503,26.3502,3.93604,69,71,62,1137,2800,0.482433,21,9.30599,0,0,138769002162
36.7831,27.1864,3.93604,69,71,62,1137,2800,0.482433,21,9.30599,0,0,138796188429
37.0579,26.9848,3.93604,69,71,62,1137,2800,0.482433,21,9.30599,0,0,138823173579
37.5063,26.6622,3.93604,69,71,62,1137,2800,0.482433,21,9.30599,0,0,138849837055
40.2972,24.8156,3.93604,69,71,62,1137,2800,0.482433,21,9.30599,0,0,138874652865
36.532,27.3732,3.93604,69,71,62,1137,2800,0.482433,21,9.30599,0,0,138902026163
43.2102,23.1427,3.93604,69,71,62,1137,2800,0.482433,21,9.30599,0,0,138925169825
35.5195,28.1536,3.93604,69,71,62,1137,2800,0.482433,21,9.30599,0,0,138953323197
39.7395,25.1639,3.93604,69,71,62,1137,2800,0.482433,21,9.30599,0,0,138978489945
40.1115,24.9305,4.61725,69,64,64,1504,2800,0.482433,17,9.307,0,0,139003419518
38.8372,25.7485,4.61725,69,64,64,1504,2800,0.482433,17,9.307,0,0,139029168679
39.7175,25.1778,4.61725,69,64,64,1504,2800,0.482433,17,9.307,0,0,139054345577
41.7493,23.9525,4.61725,69,64,64,1504,2800,0.482433,17,9.307,0,0,139078298357
36.8727,27.1204,4.61725,69,64,64,1504,2800,0.482433,17,9.307,0,0,139105419823
33.2612,30.0651,4.61725,69,64,64,1504,2800,0.482433,17,9.307,0,0,139135485963
41.8868,23.8739,4.61725,69,64,64,1504,2800,0.482433,17,9.307,0,0,139159358383
38.448,26.0092,4.61725,69,64,64,1504,2800,0.482433,17,9.307,0,0,139185367512
30.6443,32.6325,4.61725,69,64,64,1504,2800,0.482433,17,9.307,0,0,139218001941
40.6884,24.577,4.61725,69,64,64,1504,2800,0.482433,17,9.307,0,0,139242577099
42.7597,23.3865,4.61725,69,64,64,1504,2800,0.482433,17,9.307,0,0,139265964549
45.3676,22.0422,4.61725,69,64,64,1504,2800,0.482433,17,9.307,0,0,139288006514
37.7644,26.48,4.61725,69,64,64,1504,2800,0.482433,17,9.307,0,0,139314487348
39.822,25.1118,4.61725,69,64,64,1504,2800,0.482433,17,9.307,0,0,139339600445
30.1859,33.1281,4.61725,69,64,64,1504,2800,0.482433,17,9.307,0,0,139372728220
42.1612,23.7185,4.61725,69,64,64,1504,2800,0.482433,17,9.307,0,0,139396447342
37.4126,26.729,4.61725,69,64,64,1504,2800,0.482433,17,9.307,0,0,139423177073
40.054,24.9663,4.61725,69,64,64,1504,2800,0.482433,17,9.307,0,0,139448141902
40.371,24.7703,4.61725,69,64,64,1504,2800,0.482433,17,9.307,0,0,139472914361
38.6958,25.8426,4.61725,69,64,64,1504,2800,0.482433,17,9.307,0,0,139498758269
40.6021,24.6293,4.6398,70,65,63,1246,2800,0.482433,24,9.30665,0,0,139523385535
38.0302,26.2949,4.6398,70,65,63,1246,2800,0.482433,24,9.30665,0,0,139549680270
37.2208,26.8667,4.6398,70,65,63,1246,2800,0.482433,24,9.30665,0,0,139576546286
41.5619,24.0605,4.6398,70,65,63,1246,2800,0.482433,24,9.30665,0,0,139600607580
34.5846,28.9146,4.6398,70,65,63,1246,2800,0.482433,24,9.30665,0,0,139629523142
40.0699,24.9564,4.6398,70,65,63,1246,2800,0.482433,24,9.30665,0,0,139654479095
37.6944,26.5292,4.6398,70,65,63,1246,2800,0.482433,24,9.30665,0,0,139681008139
38.6631,25.8644,4.6398,70,65,63,1246,2800,0.482433,24,9.30665,0,0,139706873097
41.8352,23.9033,4.6398,70,65,63,1246,2800,0.482433,24,9.30665,0,0,139730776655
38.5984,25.9078,4.6398,70,65,63,1246,2800,0.482433,24,9.30665,0,0,139756684794
39.9972,25.0017,4.6398,70,65,63,1246,2800,0.482433,24,9.30665,0,0,139781686182
35.8835,27.868,4.6398,70,65,63,1246,2800,0.482433,24,9.30665,0,0,139809554299
42.7315,23.4019,4.6398,70,65,63,1246,2800,0.482433,24,9.30665,0,0,139832956617
39.1171,25.5642,4.6398,70,65,63,1246,2800,0.482433,24,9.30665,0,0,139858520490
37.2442,26.8498,4.6398,70,65,63,1246,2800,0.482433,24,9.30665,0,0,139885371017
37.5508,26.6306,4.6398,70,65,63,1246,2800,0.482433,24,9.30665,0,0,139912001933
37.247,26.8478,4.6398,70,65,63,1246,2800,0.482433,24,9.30665,0,0,139938849604
39.5759,25.2679,4.6398,70,65,63,1246,2800,0.482433,24,9.30665,0,0,139964117783
41.5122,24.0893,4.6398,70,65,63,1246,2800,0.482433,24,9.30665,0,0,139988207330
39.1988,25.511,4.6398,70,65,63,1246,2800,0.482433,24,9.30665,0,0,140013721841
39.9552,25.0281,6.86274,69,65,62,1125,2800,0.482433,16,9.30069,0,0,140038746643
36.5298,27.3749,6.86274,69,65,62,1125,2800,0.482433,16,9.30069,0,0,140066121975
36.0815,27.715,6.86274,69,65,62,1125,2800,0.482433,16,9.30069,0,0,140093838527
40.1505,24.9063,6.86274,69,65,62,1125,2800,0.482433,16,9.30069,0,0,140118744125
39.8807,25.0748,6.86274,69,65,62,1125,2800,0.482433,16,9.30069,0,0,140143818450
39.7715,25.1436,6.86274,69,65,62,1125,2800,0.482433,16,9.30069,0,0,140168962215
37.9175,26.3731,6.86274,69,65,62,1125,2800,0.482433,16,9.30069,0,0,140195335687
41.1846,24.2809,6.86274,69,65,62,1125,2800,0.482433,16,9.30069,0,0,140219616894
35.9043,27.8519,6.86274,69,65,62,1125,2800,0.482433,16,9.30069,0,0,140247469080
39.7285,25.1708,6.86274,69,65,62,1125,2800,0.482433,16,9.30069,0,0,140272640367
37.4237,26.721,6.86274,69,65,62,1125,2800,0.482433,16,9.30069,0,0,140299361301
37.9613,26.3426,6.86274,69,65,62,1125,2800,0.482433,16,9.30069,0,0,140325703465
40.3342,24.7929,6.86274,69,65,62,1125,2800,0.482433,16,9.30069,0,0,140350497183
40.1501,24.9065,6.86274,69,65,62,1125,2800,0.482433,16,9.30069,0,0,140375403963
38.7959,25.7759,6.86274,69,65,62,1125,2800,0.482433,16,9.30069,0,0,140401180616
39.0037,25.6386,6.86274,69,65,62,1125,2800,0.482433,16,9.30069,0,0,140426820572
41.0921,24.3356,6.86274,69,65,62,1125,2800,0.482433,16,9.30069,0,0,140451154407
37.207,26.8767,6.86274,69,65,62,1125,2800,0.482433,16,9.30069,0,0,140478031685
38.3762,26.0578,6.86274,69,65,62,1125,2800,0.482433,16,9.30069,0,0,140504089375
39.1276,25.5574,6.86274,69,65,62,1125,2800,0.482433,16,9.30069,0,0,140529650893
38.164,26.2027,4.40636,69,71,63,1244,2800,0.482433,22,9.30058,0,0,140555849758
38.1766,26.1941,4.40636,69,71,63,1244,2800,0.482433,22,9.30058,0,0,140582044585
38.9731,25.6588,4.40636,69,71,63,1244,2800,0.482433,22,9.30058,0,0,140607703437
35.5444,28.1339,4.40636,69,71,63,1244,2800,0.482433,22,9.30058,0,0,140635837242
38.9203,25.6935,4.40636,69,71,63,1244,2800,0.482433,22,9.30058,0,0,140661532802
46.8477,21.3458,4.40636,69,71,63,1244,2800,0.482433,22,9.30058,0,0,140682877920
37.2119,26.8731,4.40636,69,71,63,1244,2800,0.482433,22,9.30058,0,0,140709750789
38.6307,25.8861,4.40636,69,71,63,1244,2800,0.482433,22,9.30058,0,0,140735636857
37.9245,26.3682,4.40636,69,71,63,1244,2800,0.482433,22,9.30058,0,0,140762005390
42.3575,23.6086,4.40636,69,71,63,1244,2800,0.482433,22,9.30058,0,0,140785613684
35.7619,27.9627,4.40636,69,71,63,1244,2800,0.482433,22,9.30058,0,0,140813576889
38.4148,26.0316,4.40636,69,71,63,1244,2800,0.482433,22,9.30058,0,0,140839608941
38.8758,25.7229,4.40636,69,71,63,1244,2800,0.482433,22,9.30058,0,0,140865331832
40.5266,24.6752,4.40636,69,71,63,1244,2800,0.482433,22,9.30058,0,0,140890007299
37.8784,26.4003,4.40636,69,71,63,1244,2800,0.482433,22,9.30058,0,0,140916407311
30.6238,32.6543,4.40636,69,71,63,1244,2800,0.482433,22,9.30058,0,0,140949061968
37.8502,26.4199,4.40636,69,71,63,1244,2800,0.482433,22,9.30058,0,0,140975482438
39.7385,25.1645,4.40636,69,71,63,1244,2800,0.482433,22,9.30058,0,0,141000647013
40.307,24.8096,4.40636,69,71,63,1244,2800,0.482433,22,9.30058,0,0,141025456891
41.0934,24.3348,4.40636,69,71,63,1244,2800,0.482433,22,9.30058,0,0,141049794744
29.8802,33.467,4.26309,69,65,62,1266,2800,0.482433,13,9.30006,0,0,141083260473
40.2517,24.8437,4.26309,69,65,62,1266,2800,0.482433,13,9.30006,0,0,141108102452
41.8917,23.8711,4.26309,69,65,62,1266,2800,0.482433,13,9.30006,0,0,141131974651
41.006,24.3867,4.26309,69,65,62,1266,2800,0.482433,13,9.30006,0,0,141156360995
38.7152,25.8296,4.26309,69,65,62,1266,2800,0.482433,13,9.30006,0,0,141182191148
38.7278,25.8213,4.26309,69,65,62,1266,2800,0.482433,13,9.30006,0,0,141208012554
38.5828,25.9183,4.26309,69,65,62,1266,2800,0.482433,13,9.30006,0,0,141233931454
40.3276,24.7969,4.26309,69,65,62,1266,2800,0.482433,13,9.30006,0,0,141258727927
38.8837,25.7177,4.26309,69,65,62,1266,2800,0.482433,13,9.30006,0,0,141284446721
39.2337,25.4883,4.26309,69,65,62,1266,2800,0.482433,13,9.30006,0,0,141309934622
35.9875,27.7874,4.26309,69,65,62,1266,2800,0.482433,13,9.30006,0,0,141337722728
37.7177,26.5127,4.26309,69,65,62,1266,2800,0.482433,13,9.30006,0,0,141364235372
38.3211,26.0953,4.26309,69,65,62,1266,2800,0.482433,13,9.30006,0,0,141390331684
37.4282,26.7178,4.26309,69,65,62,1266,2800,0.482433,13,9.30006,0,0,141417049182
41.9069,23.8624,4.26309,69,65,62,1266,2800,0.482433,13,9.30006,0,0,141440911362
39.5391,25.2914,4.26309,69,65,62,1266,2800,0.482433,13,9.30006,0,0,141466203205
42.2147,23.6884,4.26309,69,65,62,1266,2800,0.482433,13,9.30006,0,0,141489892832
37.5899,26.6029,4.26309,69,65,62,1266,2800,0.482433,13,9.30006,0,0,141516494893
39.8067,25.1214,4.26309,69,65,62,1266,2800,0.482433,13,9.30006,0,0,141541616326
37.2055,26.8777,4.26309,69,65,62,1266,2800,0.482433,13,9.30006,0,0,141568497301
37.0566,26.9858,4.5067,69,64,62,1279,2800,0.482433,19,9.29963,0,0,141595481930
39.096,25.578,4.5067,69,64,62,1279,2800,0.482433,19,9.29963,0,0,141621059008
39.1313,25.555,4.5067,69,64,62,1279,2800,0.482433,19,9.29963,0,0,141646614525
37.4708,26.6875,4.5067,69,64,62,1279,2800,0.482433,19,9.29963,0,0,141673301997
38.696,25.8425,4.5067,69,64,62,1279,2800,0.482433,19,9.29963,0,0,141699144583
41.3717,24.1711,4.5067,69,64,62,1279,2800,0.482433,19,9.29963,0,0,141723315813
37.8412,26.4262,4.5067,69,64,62,1279,2800,0.482433,19,9.29963,0,0,141749742655
38.3228,26.0941,4.5067,69,64,62,1279,2800,0.482433,19,9.29963,0,0,141775836713
38.0809,26.2599,4.5067,69,64,62,1279,2800,0.482433,19,9.29963,0,0,141802096743
37.9168,26.3735,4.5067,69,64,62,1279,2800,0.482433,19,9.29963,0,0,141828472720
41.4146,24.1461,4.5067,69,64,62,1279,2800,0.482433,19,9.29963,0,0,141852616549
40.017,24.9894,4.5067,69,64,62,1279,2800,0.482433,19,9.29963,0,0,141877606495
37.1739,26.9006,4.5067,69,64,62,1279,2800,0.482433,19,9.29963,0,0,141904507507
38.1885,26.1859,4.5067,69,64,62,1279,2800,0.482433,19,9.29963,0,0,141930693418
41.7221,23.9681,4.5067,69,64,62,1279,2800,0.482433,19,9.29963,0,0,141954661908
36.7241,27.2301,4.5067,69,64,62,1279,2800,0.482433,19,9.29963,0,0,141981894562
37.6461,26.5632,4.5067,69,64,62,1279,2800,0.482433,19,9.29963,0,0,142008457530
37.648,26.5619,4.5067,69,64,62,1279,2800,0.482433,19,9.29963,0,0,142035018524
40.5318,24.672,4.5067,69,64,62,1279,2800,0.482433,19,9.29963,0,0,142059692477
38.5395,25.9474,4.5067,69,64,62,1279,2800,0.482433,19,9.29963,0,0,142085645070
39.0563,25.6041,6.7402,70,66,62,1386,2800,0.482433,21,9.30425,0,0,142111243208
33.7373,29.6407,6.7402,70,66,62,1386,2800,0.482433,21,9.30425,0,0,142140885202
39.779,25.1389,6.7402,70,66,62,1386,2800,0.482433,21,9.30425,0,0,142166024128
39.1002,25.5753,6.7402,70,66,62,1386,2800,0.482433,21,9.30425,0,0,142191600385
38.0786,26.2614,6.7402,70,66,62,1386,2800,0.482433,21,9.30425,0,0,142217862278
34.7167,28.8046,6.7402,70,66,62,1386,2800,0.482433,21,9.30425,0,0,142246667733
38.1363,26.2217,6.7402,70,66,62,1386,2800,0.482433,21,9.30425,0,0,142272889560
38.4364,26.017,6.7402,70,66,62,1386,2800,0.482433,21,9.30425,0,0,142298904881
34.3984,29.0711,6.7402,70,66,62,1386,2800,0.482433,21,9.30425,0,0,142327977187
41.0683,24.3497,6.7402,70,66,62,1386,2800,0.482433,21,9.30425,0,0,142352326762
39.2459,25.4804,6.7402,70,66,62,1386,2800,0.482433,21,9.30425,0,0,142377807038
33.7696,29.6124,6.7402,70,66,62,1386,2800,0.482433,21,9.30425,0,0,142407422052
34.326,29.1324,6.7402,70,66,62,1386,2800,0.482433,21,9.30425,0,0,142436552888
41.552,24.0662,6.7402,70,66,62,1386,2800,0.482433,21,9.30425,0,0,142460620243
39.3962,25.3831,6.7402,70,66,62,1386,2800,0.482433,21,9.30425,0,0,142486003157
38.6969,25.8419,6.7402,70,66,62,1386,2800,0.482433,21,9.30425,0,0,142511845172
37.3353,26.7843,6.7402,70,66,62,1386,2800,0.482433,21,9.30425,0,0,142538630166
44.8511,22.296,6.7402,70,66,62,1386,2800,0.482433,21,9.30425,0,0,142560927351
37.62,26.5816,6.7402,70,66,62,1386,2800,0.482433,21,9.30425,0,0,142587511639
37.637,26.5696,5.42929,69,69,66,2140,2800,0.482433,26,9.3055,0,0,142614079836
39.7288,25.1706,5.42929,69,69,66,2140,2800,0.482433,26,9.3055,0,0,142639249620
36.1322,27.6762,5.42929,69,69,66,2140,2800,0.482433,26,9.3055,0,0,142666926588
41.5391,24.0737,5.42929,69,69,66,2140,2800,0.482433,26,9.3055,0,0,142691001067
37.004,27.0241,5.42929,69,69,66,2140,2800,0.482433,26,9.3055,0,0,142718024268
39.2397,25.4844,5.42929,69,69,66,2140,2800,0.482433,26,9.3055,0,0,142743508702
39.6319,25.2322,5.42929,69,69,66,2140,2800,0.482433,26,9.3055,0,0,142768741334
38.6145,25.897,5.42929,69,69,66,2140,2800,0.482433,26,9.3055,0,0,142794637992
39.8447,25.0974,5.42929,69,69,66,2140,2800,0.482433,26,9.3055,0,0,142819736141
35.4454,28.2124,5.42929,69,69,66,2140,2800,0.482433,26,9.3055,0,0,142847948153
42.25,23.6687,5.42929,69,69,66,2140,2800,0.482433,26,9.3055,0,0,142871617912
36.3308,27.5248,5.42929,69,69,66,2140,2800,0.482433,26,9.3055,0,0,142899144678
46.8893,21.3268,5.42929,69,69,66,2140,2800,0.482433,26,9.3055,0,0,142920471222
36.4529,27.4327,5.42929,69,69,66,2140,2800,0.482433,26,9.3055,0,0,142947904352
40.8831,24.46,5.42929,69,69,66,2140,2800,0.482433,26,9.3055,0,0,142972364835
36.6854,27.2588,5.42929,69,69,66,2140,2800,0.482433,26,9.3055,0,0,142999623198
41.0718,24.3476,5.42929,69,69,66,2140,2800,0.482433,26,9.3055,0,0,143023971911
40.1826,24.8864,5.42929,69,69,66,2140,2800,0.482433,26,9.3055,0,0,143048858684
37.6838,26.5366,5.42929,69,69,66,2140,2800,0.482433,26,9.3055,0,0,143075396064
38.6496,25.8735,5.42929,69,69,66,2140,2800,0.482433,26,9.3055,0,0,143101274267
41.6056,24.0352,5.76687,70,67,64,1817,2800,0.482433,44,9.30623,0,0,143125305013
36.7835,27.1861,5.76687,70,67,64,1817,2800,0.482433,44,9.30623,0,0,143152492032
38.5054,25.9704,5.76687,70,67,64,1817,2800,0.482433,44,9.30623,0,0,143178462508
40.5937,24.6344,5.76687,70,67,64,1817,2800,0.482433,44,9.30623,0,0,143203096697
36.5275,27.3766,5.76687,70,67,64,1817,2800,0.482433,44,9.30623,0,0,143230475005
40.0194,24.9879,5.76687,70,67,64,1817,2800,0.482433,44,9.30623,0,0,143255463128
37.786,26.4649,5.76687,70,67,64,1817,2800,0.482433,44,9.30623,0,0,143281928282
41.9228,23.8533,5.76687,70,67,64,1817,2800,0.482433,44,9.30623,0,0,143305782488
36.3029,27.546,5.76687,70,67,64,1817,2800,0.482433,44,9.30623,0,0,143333328329
40.4759,24.706,5.76687,70,67,64,1817,2800,0.482433,44,9.30623,0,0,143358032820
39.3776,25.3951,5.76687,70,67,64,1817,2800,0.482433,44,9.30623,0,0,143383430812
37.3906,26.7447,5.76687,70,67,64,1817,2800,0.482433,44,9.30623,0,0,143410173337
36.2626,27.5766,5.76687,70,67,64,1817,2800,0.482433,44,9.30623,0,0,143437751500
38.6301,25.8866,5.76687,70,67,64,1817,2800,0.482433,44,9.30623,0,0,143463638509
45.7042,21.8798,5.76687,70,67,64,1817,2800,0.482433,44,9.30623,0,0,143485517799
37.1393,26.9256,5.76687,70,67,64,1817,2800,0.482433,44,9.30623,0,0,143512445221
37.3146,26.7991,5.76687,70,67,64,1817,2800,0.482433,44,9.30623,0,0,143539243270
30.1443,33.1738,5.76687,70,67,64,1817,2800,0.482433,44,9.30623,0,0,143572418323
38.8083,25.7677,5.76687,70,67,64,1817,2800,0.482433,44,9.30623,0,0,143598185658
43.8312,22.8148,5.76687,70,67,64,1817,2800,0.482433,44,9.30623,0,0,143621005643
38.274,26.1274,5.09709,70,68,63,1411,2800,0.482433,15,9.30239,0,0,143647128275
36.0591,27.7323,5.09709,70,68,63,1411,2800,0.482433,15,9.30239,0,0,143674860867
42.3644,23.6047,5.09709,70,68,63,1411,2800,0.482433,15,9.30239,0,0,143698465585
41.0851,24.3397,5.09709,70,68,63,1411,2800,0.482433,15,9.30239,0,0,143722807245
37.0849,26.9652,5.09709,70,68,63,1411,2800,0.482433,15,9.30239,0,0,143749772357
37.6332,26.5723,5.09709,70,68,63,1411,2800,0.482433,15,9.30239,0,0,143776345033
39.2467,25.4798,5.09709,70,68,63,1411,2800,0.482433,15,9.30239,0,0,143801824197
44.329,22.5586,5.09709,70,68,63,1411,2800,0.482433,15,9.30239,0,0,143824384015
36.2301,27.6014,5.09709,70,68,63,1411,2800,0.482433,15,9.30239,0,0,143851984339
40.0503,24.9686,5.09709,70,68,63,1411,2800,0.482433,15,9.30239,0,0,143876954658
37.3678,26.761,5.09709,70,68,63,1411,2800,0.482433,15,9.30239,0,0,143903714706
36.4104,27.4647,5.09709,70,68,63,1411,2800,0.482433,15,9.30239,0,0,143931180678
43.0661,23.2201,5.09709,70,68,63,1411,2800,0.482433,15,9.30239,0,0,143954402046
38.7737,25.7907,5.09709,70,68,63,1411,2800,0.482433,15,9.30239,0,0,143980190761
39.0633,25.5995,5.09709,70,68,63,1411,2800,0.482433,15,9.30239,0,0,144005791484
37.5701,26.6169,5.09709,70,68,63,1411,2800,0.482433,15,9.30239,0,0,144032408122
43.447,23.0166,5.09709,70,68,63,1411,2800,0.482433,15,9.30239,0,0,144055424536
35.3897,28.2568,5.09709,70,68,63,1411,2800,0.482433,15,9.30239,0,0,144083683245
40.104,24.9352,5.09709,70,68,63,1411,2800,0.482433,15,9.30239,0,0,144108617307
36.9021,27.0988,5.09709,70,68,63,1411,2800,0.482433,15,9.30239,0,0,144135720538
36.4334,27.4474,7.13407,69,66,63,1592,2800,0.482433,25,9.30307,0,0,144163164379
44.337,22.5545,7.13407,69,66,63,1592,2800,0.482433,25,9.30307,0,0,144185719847
38.9785,25.6552,7.13407,69,66,63,1592,2800,0.482433,25,9.30307,0,0,144211375683
37.8546,26.4169,7.13407,69,66,63,1592,2800,0.482433,25,9.30307,0,0,144237791806
37.1012,26.9533,7.13407,69,66,63,1592,2800,0.482433,25,9.30307,0,0,144264745647
43.7272,22.8691,7.13407,69,66,63,1592,2800,0.482433,25,9.30307,0,0,144287616016
37.0733,26.9736,7.13407,69,66,63,1592,2800,0.482433,25,9.30307,0,0,144314589835
36.7636,27.2008,7.13407,69,66,63,1592,2800,0.482433,25,9.30307,0,0,144341789057
38.893,25.7116,7.13407,69,66,63,1592,2800,0.482433,25,9.30307,0,0,144367503693
39.331,25.4252,7.13407,69,66,63,1592,2800,0.482433,25,9.30307,0,0,144392928725
40.173,24.8924,7.13407,69,66,63,1592,2800,0.482433,25,9.30307,0,0,144417820909
33.9972,29.4142,7.13407,69,66,63,1592,2800,0.482433,25,9.30307,0,0,144447235276
41.8418,23.8995,7.13407,69,66,63,1592,2800,0.482433,25,9.30307,0,0,144471135738
37.647,26.5625,7.13407,69,66,63,1592,2800,0.482433,25,9.30307,0,0,144497697554
44.2871,22.5799,7.13407,69,66,63,1592,2800,0.482433,25,9.30307,0,0,144520278361
38.3173,26.0979,7.13407,69,66,63,1592,2800,0.482433,25,9.30307,0,0,144546375615
37.7735,26.4736,7.13407,69,66,63,1592,2800,0.482433,25,9.30307,0,0,144572851108
37.3802,26.7521,7.13407,69,66,63,1592,2800,0.482433,25,9.30307,0,0,144599602189
43.248,23.1225,7.13407,69,66,63,1592,2800,0.482433,25,9.30307,0,0,144622725593
36.5876,27.3317,7.13407,69,66,63,1592,2800,0.482433,25,9.30307,0,0,144650061962
37.9609,26.3429,5.62347,69,70,63,1705,2800,0.482433,15,9.30205,0,0,144676400629
37.9792,26.3302,5.62347,69,70,63,1705,2800,0.482433,15,9.30205,0,0,144702730960
41.3816,24.1653,5.62347,69,70,63,1705,2800,0.482433,15,9.30205,0,0,144726897532
38.5606,25.9332,5.62347,69,70,63,1705,2800,0.482433,15,9.30205,0,0,144752830408
38.5337,25.9513,5.62347,69,70,63,1705,2800,0.482433,15,9.30205,0,0,144778781658
39.2369,25.4862,5.62347,69,70,63,1705,2800,0.482433,15,9.30205,0,0,144804268436
35.5479,28.1311,5.62347,69,70,63,1705,2800,0.482433,15,9.30205,0,0,144832400859
43.4348,23.023,5.62347,69,70,63,1705,2800,0.482433,15,9.30205,0,0,144855425358
37.5063,26.6622,5.62347,69,70,63,1705,2800,0.482433,15,9.30205,0,0,144882086269
40.5618,24.6537,5.62347,69,70,63,1705,2800,0.482433,15,9.30205,0,0,144906740406
36.8514,27.136,5.62347,69,70,63,1705,2800,0.482433,15,9.30205,0,0,144933877010
41.9268,23.8511,5.62347,69,70,63,1705,2800,0.482433,15,9.30205,0,0,144957728490
36.5541,27.3567,5.62347,69,70,63,1705,2800,0.482433,15,9.30205,0,0,144985083895
42.8876,23.3168,5.62347,69,70,63,1705,2800,0.482433,15,9.30205,0,0,145008402044
35.7119,28.0019,5.62347,69,70,63,1705,2800,0.482433,15,9.30205,0,0,145036403712
40.7559,24.5363,5.62347,69,70,63,1705,2800,0.482433,15,9.30205,0,0,145060940468
39.7544,25.1544,5.62347,69,70,63,1705,2800,0.482433,15,9.30205,0,0,145086094863
40.1985,24.8766,5.62347,69,70,63,1705,2800,0.482433,15,9.30205,0,0,145110971597
38.6637,25.8641,5.62347,69,70,63,1705,2800,0.482433,15,9.30205,0,0,145136835874
35.8858,27.8662,5.62347,69,70,63,1705,2800,0.482433,15,9.30205,0,0,145164705032
40.9214,24.4371,5.50122,69,67,62,1502,2800,0.482433,26,9.30076,0,0,145189139717
38.4099,26.0349,5.50122,69,67,62,1502,2800,0.482433,26,9.30076,0,0,145215174514
40.4404,24.7278,5.50122,69,67,62,1502,2800,0.482433,26,9.30076,0,0,145239902148
36.5294,27.3752,5.50122,69,67,62,1502,2800,0.482433,26,9.30076,0,0,145267279303
41.3919,24.1593,5.50122,69,67,62,1502,2800,0.482433,26,9.30076,0,0,145291438912
37.5516,26.63,5.50122,69,67,62,1502,2800,0.482433,26,9.30076,0,0,145318068705
39.499,25.3171,5.50122,69,67,62,1502,2800,0.482433,26,9.30076,0,0,145343387869
39.0733,25.5929,5.50122,69,67,62,1502,2800,0.482433,26,9.30076,0,0,145368978994
34.9803,28.5875,5.50122,69,67,62,1502,2800,0.482433,26,9.30076,0,0,145397568163
38.3687,26.0629,5.50122,69,67,62,1502,2800,0.482433,26,9.30076,0,0,145423629790
38.1532,26.2101,5.50122,69,67,62,1502,2800,0.482433,26,9.30076,0,0,145449840768
41.3035,24.211,5.50122,69,67,62,1502,2800,0.482433,26,9.30076,0,0,145474051913
39.0907,25.5815,5.50122,69,67,62,1502,2800,0.482433,26,9.30076,0,0,145499635102
43.1521,23.1739,5.50122,69,67,62,1502,2800,0.482433,26,9.30076,0,0,145522808230
36.9084,27.0941,5.50122,69,67,62,1502,2800,0.482433,26,9.30076,0,0,145549902765
40.1606,24.9,5.50122,69,67,62,1502,2800,0.482433,26,9.30076,0,0,145574802182
36.1702,27.6471,5.50122,69,67,62,1502,2800,0.482433,26,9.30076,0,0,145602450336
37.2901,26.8168,5.50122,69,67,62,1502,2800,0.482433,26,9.30076,0,0,145629267180
39.9901,25.0062,5.50122,69,67,62,1502,2800,0.482433,26,9.30076,0,0,145654273276
37.577,26.612,5.50122,69,67,62,1502,2800,0.482433,26,9.30076,0,0,145680892660
29.4404,33.9669,6.08273,69,64,62,1399,2800,0.482433,24,9.29988,0,0,145714854710
40.0386,24.9759,6.08273,69,64,62,1399,2800,0.482433,24,9.29988,0,0,145739828897
38.1583,26.2066,6.08273,69,64,62,1399,2800,0.482433,24,9.29988,0,0,145766037801
42.6329,23.456,6.08273,69,64,62,1399,2800,0.482433,24,9.29988,0,0,145789491935
37.3789,26.7531,6.08273,69,64,62,1399,2800,0.482433,24,9.29988,0,0,145816246312
44.3471,22.5494,6.08273,69,64,62,1399,2800,0.482433,24,9.29988,0,0,145838795850
39.0509,25.6076,6.08273,69,64,62,1399,2800,0.482433,24,9.29988,0,0,145864404057
41.5555,24.0642,6.08273,69,64,62,1399,2800,0.482433,24,9.29988,0,0,145888467605
35.0533,28.528,6.08273,69,64,62,1399,2800,0.482433,24,9.29988,0,0,145916998285
39.7853,25.1349,6.08273,69,64,62,1399,2800,0.482433,24,9.29988,0,0,145942131740
38.3615,26.0678,6.08273,69,64,62,1399,2800,0.482433,24,9.29988,0,0,145968199769
34.1451,29.2868,6.08273,69,64,62,1399,2800,0.482433,24,9.29988,0,0,145997485496
44.942,22.2509,6.08273,69,64,62,1399,2800,0.482433,24,9.29988,0,0,146019738557
39.6227,25.238,6.08273,69,64,62,1399,2800,0.482433,24,9.29988,0,0,146044976509
36.5457,27.363,6.08273,69,64,62,1399,2800,0.482433,24,9.29988,0,0,146072339949
39.5094,25.3105,6.08273,69,64,62,1399,2800,0.482433,24,9.29988,0,0,146097650827
40.6049,24.6275,6.08273,69,64,62,1399,2800,0.482433,24,9.29988,0,0,146122278514
37.4519,26.7009,6.08273,69,64,62,1399,2800,0.482433,24,9.29988,0,0,146148980102
40.0976,24.9392,6.08273,69,64,62,1399,2800,0.482433,24,9.29988,0,0,146173919594
36.8934,27.1051,6.08273,69,64,62,1399,2800,0.482433,24,9.29988,0,0,146201028396
42.6055,23.4711,6.5534,69,68,63,1475,2800,0.482433,20,9.30015,0,0,146224497058
38.4885,25.9818,6.5534,69,68,63,1475,2800,0.482433,20,9.30015,0,0,146250477232
37.4946,26.6705,6.5534,69,68,63,1475,2800,0.482433,20,9.30015,0,0,146277149525
37.6407,26.567,6.5534,69,68,63,1475,2800,0.482433,20,9.30015,0,0,146303716641
35.4426,28.2146,6.5534,69,68,63,1475,2800,0.482433,20,9.30015,0,0,146331931918
41.1185,24.3199,6.5534,69,68,63,1475,2800,0.482433,20,9.30015,0,0,146356251838
38.1843,26.1887,6.5534,69,68,63,1475,2800,0.482433,20,9.30015,0,0,146382440674
39.9381,25.0387,6.5534,69,68,63,1475,2800,0.482433,20,9.30015,0,0,146407480193
38.0987,26.2476,6.5534,69,68,63,1475,2800,0.482433,20,9.30015,0,0,146433729011
42.7192,23.4087,6.5534,69,68,63,1475,2800,0.482433,20,9.30015,0,0,146457136980
36.9784,27.0428,6.5534,69,68,63,1475,2800,0.482433,20,9.30015,0,0,146484179788
41.8119,23.9166,6.5534,69,68,63,1475,2800,0.482433,20,9.30015,0,0,146508096851
34.4135,29.0583,6.5534,69,68,63,1475,2800,0.482433,20,9.30015,0,0,146537156884
41.3931,24.1586,6.5534,69,68,63,1475,2800,0.482433,20,9.30015,0,0,146561313116
38.1836,26.1892,6.5534,69,68,63,1475,2800,0.482433,20,9.30015,0,0,146587504617
38.2532,26.1416,6.5534,69,68,63,1475,2800,0.482433,20,9.30015,0,0,146613646535
36.8413,27.1435,6.5534,69,68,63,1475,2800,0.482433,20,9.30015,0,0,146640790633
40.4827,24.7019,6.5534,69,68,63,1475,2800,0.482433,20,9.30015,0,0,146665493200
41.264,24.2342,6.5534,69,68,63,1475,2800,0.482433,20,9.30015,0,0,146689727699
38.8078,25.768,6.5534,69,68,63,1475,2800,0.482433,20,9.30015,0,0,146715502318
38.3171,26.098,5.28256,69,69,63,1567,2800,0.482433,20,9.30014,0,0,146741594573
37.7297,26.5043,5.28256,69,69,63,1567,2800,0.482433,20,9.30014,0,0,146768098991
40.7922,24.5145,5.28256,69,69,63,1567,2800,0.482433,20,9.30014,0,0,146792613255
38.7242,25.8236,5.28256,69,69,63,1567,2800,0.482433,20,9.30014,0,0,146818437336
35.7762,27.9515,5.28256,69,69,63,1567,2800,0.482433,20,9.30014,0,0,146846388438
37.8082,26.4493,5.28256,69,69,63,1567,2800,0.482433,20,9.30014,0,0,146872838554
41.8692,23.8839,5.28256,69,69,63,1567,2800,0.482433,20,9.30014,0,0,146896723047
42.596,23.4764,5.28256,69,69,63,1567,2800,0.482433,20,9.30014,0,0,146920199053
38.0017,26.3146,5.28256,69,69,63,1567,2800,0.482433,20,9.30014,0,0,146946514777
37.5828,26.6079,5.28256,69,69,63,1567,2800,0.482433,20,9.30014,0,0,146973120895
38.165,26.202,5.28256,69,69,63,1567,2800,0.482433,20,9.30014,0,0,146999323928
40.6964,24.5722,5.28256,69,69,63,1567,2800,0.482433,20,9.30014,0,0,147023896832
36.9458,27.0666,5.28256,69,69,63,1567,2800,0.482433,20,9.30014,0,0,147050964897
41.8928,23.8705,5.28256,69,69,63,1567,2800,0.482433,20,9.30014,0,0,147074835253
36.8475,27.1389,5.28256,69,69,63,1567,2800,0.482433,20,9.30014,0,0,147101974623
42.789,23.3705,5.28256,69,69,63,1567,2800,0.482433,20,9.30014,0,0,147125344750
37.6343,26.5715,5.28256,69,69,63,1567,2800,0.482433,20,9.30014,0,0,147151916624
38.6101,25.9,5.28256,69,69,63,1567,2800,0.482433,20,9.30014,0,0,147177817430
38.943,25.6786,5.28256,69,69,63,1567,2800,0.482433,20,9.30014,0,0,147203495557
35.7898,27.9409,5.28256,69,69,63,1567,2800,0.482433,20,9.30014,0,0,147231444375
41.2441,24.2459,4.91401,69,67,62,1348,2800,0.482433,19,9.2991,0,0,147255683934
38.3549,26.0723,4.91401,69,67,62,1348,2800,0.482433,19,9.2991,0,0,147281757413
42.1612,23.7185,4.91401,69,67,62,1348,2800,0.482433,19,9.2991,0,0,147305475784
36.162,27.6533,4.91401,69,67,62,1348,2800,0.482433,19,9.2991,0,0,147333128256
38.8434,25.7444,4.91401,69,67,62,1348,2800,0.482433,19,9.2991,0,0,147358874141
37.4837,26.6782,4.91401,69,67,62,1348,2800,0.482433,19,9.2991,0,0,147385551754
37.3314,26.7871,4.91401,69,67,62,1348,2800,0.482433,19,9.2991,0,0,147412338982
39.6359,25.2297,4.91401,69,67,62,1348,2800,0.482433,19,9.2991,0,0,147437568889
36.5418,27.3659,4.91401,69,67,62,1348,2800,0.482433,19,9.2991,0,0,147464935174
43.5585,22.9576,4.91401,69,67,62,1348,2800,0.482433,19,9.2991,0,0,147487894090
39.733,25.168,4.91401,69,67,62,1348,2800,0.482433,19,9.2991,0,0,147513061439
37.3899,26.7452,4.91401,69,67,62,1348,2800,0.482433,19,9.2991,0,0,147539806959
35.0587,28.5236,4.91401,69,67,62,1348,2800,0.482433,19,9.2991,0,0,147568330515
42.6949,23.422,4.91401,69,67,62,1348,2800,0.482433,19,9.2991,0,0,147591752650
39.5889,25.2596,4.91401,69,67,62,1348,2800,0.482433,19,9.2991,0,0,147617014517
39.488,25.3241,4.91401,69,67,62,1348,2800,0.482433,19,9.2991,0,0,147642338039
38.5115,25.9663,4.91401,69,67,62,1348,2800,0.482433,19,9.2991,0,0,147668305780
40.0352,24.978,4.91401,69,67,62,1348,2800,0.482433,19,9.2991,0,0,147693283053
34.8628,28.6838,4.91401,69,67,62,1348,2800,0.482433,19,9.2991,0,0,147721967391
36.8438,27.1416,4.91401,69,67,62,1348,2800,0.482433,19,9.2991,0,0,147749116739
37.1976,26.8834,7.23926,69,63,63,1497,2800,0.482433,27,9.29923,0,0,147775994838
40.7416,24.5449,7.23926,69,63,63,1497,2800,0.482433,27,9.29923,0,0,147800539279
43.1403,23.1802,7.23926,69,63,63,1497,2800,0.482433,27,9.29923,0,0,147823719860
36.9871,27.0365,7.23926,69,63,63,1497,2800,0.482433,27,9.29923,0,0,147850756717
38.8453,25.7432,7.23926,69,63,63,1497,2800,0.482433,27,9.29923,0,0,147876501159
38.6876,25.8481,7.23926,69,63,63,1497,2800,0.482433,27,9.29923,0,0,147902349606
41.1339,24.3108,7.23926,69,63,63,1497,2800,0.482433,27,9.29923,0,0,147926661100
40.2029,24.8738,7.23926,69,63,63,1497,2800,0.482433,27,9.29923,0,0,147951534568
39.483,25.3274,7.23926,69,63,63,1497,2800,0.482433,27,9.29923,0,0,147976861006
37.2243,26.8642,7.23926,69,63,63,1497,2800,0.482433,27,9.29923,0,0,148003725960
36.0119,27.7686,7.23926,69,63,63,1497,2800,0.482433,27,9.29923,0,0,148031493237
43.5264,22.9746,7.23926,69,63,63,1497,2800,0.482433,27,9.29923,0,0,148054470498
38.0211,26.3012,7.23926,69,63,63,1497,2800,0.482433,27,9.29923,0,0,148080771484
39.9903,25.0061,7.23926,69,63,63,1497,2800,0.482433,27,9.29923,0,0,148105778442
32.7899,30.4972,7.23926,69,63,63,1497,2800,0.482433,27,9.29923,0,0,148136276423
34.0622,29.3581,7.23926,69,63,63,1497,2800,0.482433,27,9.29923,0,0,148165633854
44.9137,22.2649,7.23926,69,63,63,1497,2800,0.482433,27,9.29923,0,0,148187899238
40.0731,24.9544,7.23926,69,63,63,1497,2800,0.482433,27,9.29923,0,0,148212854560
38.3432,26.0803,7.23926,69,63,63,1497,2800,0.482433,27,9.29923,0,0,148238934882
31.1035,32.1508,7.23926,69,63,63,1497,2800,0.482433,27,9.29923,0,0,148271090894
35.8648,27.8825,6.18182,69,69,62,1369,2800,0.482433,21,9.29874,0,0,148298968758
40.6618,24.5931,6.18182,69,69,62,1369,2800,0.482433,21,9.29874,0,0,148323563023
41.1155,24.3217,6.18182,69,69,62,1369,2800,0.482433,21,9.29874,0,0,148347884936
41.875,23.8806,6.18182,69,69,62,1369,2800,0.482433,21,9.29874,0,0,148371764920
35.5683,28.115,6.18182,69,69,62,1369,2800,0.482433,21,9.29874,0,0,148399881332
43.0038,23.2537,6.18182,69,69,62,1369,2800,0.482433,21,9.29874,0,0,148423134951
36.615,27.3112,6.18182,69,69,62,1369,2800,0.482433,21,9.29874,0,0,148450447525
41.3107,24.2068,6.18182,69,69,62,1369,2800,0.482433,21,9.29874,0,0,148474654142
34.3185,29.1388,6.18182,69,69,62,1369,2800,0.482433,21,9.29874,0,0,148503793704
44.9417,22.251,6.18182,69,69,62,1369,2800,0.482433,21,9.29874,0,0,148526046404
35.4048,28.2447,6.18182,69,69,62,1369,2800,0.482433,21,9.29874,0,0,148554288953
38.8589,25.7341,6.18182,69,69,62,1369,2800,0.482433,21,9.29874,0,0,148580025240
41.1545,24.2987,6.18182,69,69,62,1369,2800,0.482433,21,9.29874,0,0,148604324270
36.4349,27.4462,6.18182,69,69,62,1369,2800,0.482433,21,9.29874,0,0,148631770636
42.2835,23.6499,6.18182,69,69,62,1369,2800,0.482433,21,9.29874,0,0,148655421299
39.7181,25.1774,6.18182,69,69,62,1369,2800,0.482433,21,9.29874,0,0,148680596904
41.125,24.3161,6.18182,69,69,62,1369,2800,0.482433,21,9.29874,0,0,148704915050
36.7613,27.2025,6.18182,69,69,62,1369,2800,0.482433,21,9.29874,0,0,148732117738
39.9261,25.0463,6.18182,69,69,62,1369,2800,0.482433,21,9.29874,0,0,148757165002
36.682,27.2613,6.18182,69,69,62,1369,2800,0.482433,21,9.29874,0,0,148784432953
40.7696,24.5281,4.58488,69,70,62,1372,2800,0.482433,25,9.29753,0,0,148808953108
36.8501,27.137,4.58488,69,70,62,1372,2800,0.482433,25,9.29753,0,0,148836092086
36.8995,27.1006,4.58488,69,70,62,1372,2800,0.482433,25,9.29753,0,0,148863191751
43.614,22.9284,4.58488,69,70,62,1372,2800,0.482433,25,9.29753,0,0,148886119639
37.3593,26.7671,4.58488,69,70,62,1372,2800,0.482433,25,9.29753,0,0,148912888142
38.6022,25.9052,4.58488,69,70,62,1372,2800,0.482433,25,9.29753,0,0,148938792704
37.3171,26.7974,4.58488,69,70,62,1372,2800,0.482433,25,9.29753,0,0,148965591905
42.2469,23.6704,4.58488,69,70,62,1372,2800,0.482433,25,9.29753,0,0,148989262076
36.8068,27.1689,4.58488,69,70,62,1372,2800,0.482433,25,9.29753,0,0,149016430890
40.4029,24.7507,4.58488,69,70,62,1372,2800,0.482433,25,9.29753,0,0,149041182840
36.5695,27.3452,4.58488,69,70,62,1372,2800,0.482433,25,9.29753,0,0,149068527785
40.7415,24.545,4.58488,69,70,62,1372,2800,0.482433,25,9.29753,0,0,149093072977
37.73,26.5041,4.58488,69,70,62,1372,2800,0.482433,25,9.29753,0,0,149119577275
42.6009,23.4737,4.58488,69,70,62,1372,2800,0.482433,25,9.29753,0,0,149143051147
33.8084,29.5785,4.58488,69,70,62,1372,2800,0.482433,25,9.29753,0,0,149172629672
37.9078,26.3798,4.58488,69,70,62,1372,2800,0.482433,25,9.29753,0,0,149199009637
39.706,25.1851,4.58488,69,70,62,1372,2800,0.482433,25,9.29753,0,0,149224196924
39.1457,25.5456,4.58488,69,70,62,1372,2800,0.482433,25,9.29753,0,0,149249741180
39.6612,25.2135,4.58488,69,70,62,1372,2800,0.482433,25,9.29753,0,0,149274956109
37.6143,26.5856,4.58488,69,70,62,1372,2800,0.482433,25,9.29753,0,0,149301549994
36.7809,27.188,4.89596,69,66,62,1740,2800,0.482433,20,9.2942,0,0,149328730501
43.3929,23.0452,4.89596,69,66,62,1740,2800,0.482433,20,9.2942,0,0,149351775859
41.6347,24.0184,4.89596,69,66,62,1740,2800,0.482433,20,9.2942,0,0,149375793812
36.7021,27.2464,4.89596,69,66,62,1740,2800,0.482433,20,9.2942,0,0,149403041654
39.9845,25.0097,4.89596,69,66,62,1740,2800,0.482433,20,9.2942,0,0,149428051839
40.0745,24.9535,4.89596,69,66,62,1740,2800,0.482433,20,9.2942,0,0,149453005858
39.2204,25.4969,4.89596,69,66,62,1740,2800,0.482433,20,9.2942,0,0,149478503357
38.0069,26.311,4.89596,69,66,62,1740,2800,0.482433,20,9.2942,0,0,149504814031
36.1755,27.643,4.89596,69,66,62,1740,2800,0.482433,20,9.2942,0,0,149532457326
43.4332,23.0239,4.89596,69,66,62,1740,2800,0.482433,20,9.2942,0,0,149555481554
37.4871,26.6759,4.89596,69,66,62,1740,2800,0.482433,20,9.2942,0,0,149582158426
39.7633,25.1488,4.89596,69,66,62,1740,2800,0.482433,20,9.2942,0,0,149607306398
34.2999,29.1546,4.89596,69,66,62,1740,2800,0.482433,20,9.2942,0,0,149636462822
34.2143,29.2275,4.89596,69,66,62,1740,2800,0.482433,20,9.2942,0,0,149665690189
41.951,23.8373,4.89596,69,66,62,1740,2800,0.482433,20,9.2942,0,0,149689527703
39.4784,25.3303,4.89596,69,66,62,1740,2800,0.482433,20,9.2942,0,0,149714859882
42.2188,23.6861,4.89596,69,66,62,1740,2800,0.482433,20,9.2942,0,0,149738543908
35.7628,27.962,4.89596,69,66,62,1740,2800,0.482433,20,9.2942,0,0,149766508305
40.7981,24.5109,4.89596,69,66,62,1740,2800,0.482433,20,9.2942,0,0,149791018461
38.3065,26.1052,4.89596,69,66,62,1740,2800,0.482433,20,9.2942,0,0,149817129371
43.2765,23.1072,7.38007,69,63,64,1963,2800,0.482433,25,9.29177,0,0,149840232367
35.2373,28.379,7.38007,69,63,64,1963,2800,0.482433,25,9.29177,0,0,149868611162
41.2889,24.2196,7.38007,69,63,64,1963,2800,0.482433,25,9.29177,0,0,149892829400
38.0517,26.2801,7.38007,69,63,64,1963,2800,0.482433,25,9.29177,0,0,149919112243
38.8156,25.7628,7.38007,69,63,64,1963,2800,0.482433,25,9.29177,0,0,149944874428
40.3483,24.7842,7.38007,69,63,64,1963,2800,0.482433,25,9.29177,0,0,149969657526
37.1111,26.9461,7.38007,69,63,64,1963,2800,0.482433,25,9.29177,0,0,149996605486
40.8442,24.4833,7.38007,69,63,64,1963,2800,0.482433,25,9.29177,0,0,150021089223
38.046,26.284,7.38007,69,63,64,1963,2800,0.482433,25,9.29177,0,0,150047373718
39.825,25.1098,7.38007,69,63,64,1963,2800,0.482433,25,9.29177,0,0,150072482608
36.8082,27.1679,7.38007,69,63,64,1963,2800,0.482433,25,9.29177,0,0,150099651543
41.3261,24.1978,7.38007,69,63,64,1963,2800,0.482433,25,9.29177,0,0,150123849974
37.365,26.763,7.38007,69,63,64,1963,2800,0.482433,25,9.29177,0,0,150150613248
31.2001,32.0512,7.38007,69,63,64,1963,2800,0.482433,25,9.29177,0,0,150182664343
41.8231,23.9103,7.38007,69,63,64,1963,2800,0.482433,25,9.29177,0,0,150206575455
39.3311,25.4252,7.38007,69,63,64,1963,2800,0.482433,25,9.29177,0,0,150231999376
43.425,23.0282,7.38007,69,63,64,1963,2800,0.482433,25,9.29177,0,0,150255029134
38.419,26.0288,7.38007,69,63,64,1963,2800,0.482433,25,9.29177,0,0,150281057780
39.2077,25.5052,7.38007,69,63,64,1963,2800,0.482433,25,9.29177,0,0,150306563504
37.7993,26.4555,7.38007,69,63,64,1963,2800,0.482433,25,9.29177,0,0,150333027887
40.2552,24.8415,5.02451,70,68,64,1978,2800,0.482433,25,9.29239,0,0,150357862421
36.7107,27.24,5.02451,70,68,64,1978,2800,0.482433,25,9.29239,0,0,150385103071
40.1975,24.8772,5.02451,70,68,64,1978,2800,0.482433,25,9.29239,0,0,150409979043
37.2083,26.8757,5.02451,70,68,64,1978,2800,0.482433,25,9.29239,0,0,150436853836
41.4209,24.1424,5.02451,70,68,64,1978,2800,0.482433,25,9.29239,0,0,150460998437
37.078,26.9702,5.02451,70,68,64,1978,2800,0.482433,25,9.29239,0,0,150487970021
41.9953,23.8122,5.02451,70,68,64,1978,2800,0.482433,25,9.29239,0,0,150511781707
38.8485,25.741,5.02451,70,68,64,1978,2800,0.482433,25,9.29239,0,0,150537521530
34.1364,29.2942,5.02451,70,68,64,1978,2800,0.482433,25,9.29239,0,0,150566817726
41.2329,24.2525,5.02451,70,68,64,1978,2800,0.482433,25,9.29239,0,0,150591069538
27.5777,36.2611,5.02451,70,68,64,1978,2800,0.482433,25,9.29239,0,0,150627330882
42.9985,23.2566,5.02451,70,68,64,1978,2800,0.482433,25,9.29239,0,0,150650589109
40.4649,24.7128,5.02451,70,68,64,1978,2800,0.482433,25,9.29239,0,0,150675303168
40.7285,24.5529,5.02451,70,68,64,1978,2800,0.482433,25,9.29239,0,0,150699855052
39.6112,25.2454,5.02451,70,68,64,1978,2800,0.482433,25,9.29239,0,0,150725100989
36.7572,27.2056,5.02451,70,68,64,1978,2800,0.482433,25,9.29239,0,0,150752305080
38.2011,26.1772,5.02451,70,68,64,1978,2800,0.482433,25,9.29239,0,0,150778484117
39.3415,25.4184,5.02451,70,68,64,1978,2800,0.482433,25,9.29239,0,0,150803903079
36.7267,27.2281,5.02451,70,68,64,1978,2800,0.482433,25,9.29239,0,0,150831132527
41.8487,23.8956,5.02451,70,68,64,1978,2800,0.482433,25,9.29239,0,0,150855031366
37.2847,26.8206,4.97573,70,69,65,1950,2800,0.482433,34,9.29324,0,0,150881848621
41.4981,24.0975,4.97573,70,69,65,1950,2800,0.482433,34,9.29324,0,0,150905947005
36.8977,27.1019,4.97573,70,69,65,1950,2800,0.482433,34,9.29324,0,0,150933048693
39.9796,25.0128,4.97573,70,69,65,1950,2800,0.482433,34,9.29324,0,0,150958062495
37.2265,26.8626,4.97573,70,69,65,1950,2800,0.482433,34,9.29324,0,0,150984923902
42.5491,23.5022,4.97573,70,69,65,1950,2800,0.482433,34,9.29324,0,0,151008428272
35.7856,27.9442,4.97573,70,69,65,1950,2800,0.482433,34,9.29324,0,0,151036371158
42.6769,23.4319,4.97573,70,69,65,1950,2800,0.482433,34,9.29324,0,0,151059804204
36.5119,27.3883,4.97573,70,69,65,1950,2800,0.482433,34,9.29324,0,0,151087193392
40.3657,24.7735,4.97573,70,69,65,1950,2800,0.482433,34,9.29324,0,0,151111965319
37.4897,26.674,4.97573,70,69,65,1950,2800,0.482433,34,9.29324,0,0,151138641329
37.961,26.3428,4.97573,70,69,65,1950,2800,0.482433,34,9.29324,0,0,151164985095
41.0461,24.3629,4.97573,70,69,65,1950,2800,0.482433,34,9.29324,0,0,151189345932
28.7286,34.8085,4.97573,70,69,65,1950,2800,0.482433,34,9.29324,0,0,151224157165
39.1308,25.5553,4.97573,70,69,65,1950,2800,0.482433,34,9.29324,0,0,151249711811
40.013,24.9919,4.97573,70,69,65,1950,2800,0.482433,34,9.29324,0,0,151274703160
41.1263,24.3154,4.97573,70,69,65,1950,2800,0.482433,34,9.29324,0,0,151299019583
43.5025,22.9872,4.97573,70,69,65,1950,2800,0.482433,34,9.29324,0,0,151322007393
36.521,27.3815,4.97573,70,69,65,1950,2800,0.482433,34,9.29324,0,0,151349388335
41.354,24.1814,4.97573,70,69,65,1950,2800,0.482433,34,9.29324,0,0,151373575395
34.1618,29.2725,5.12821,69,67,63,1938,2800,0.482433,33,9.29601,0,0,151402842356
43.7538,22.8552,5.12821,69,67,63,1938,2800,0.482433,33,9.29601,0,0,151425699241
36.0736,27.7211,5.12821,69,67,63,1938,2800,0.482433,33,9.29601,0,0,151453421995
42.6943,23.4223,5.12821,69,67,63,1938,2800,0.482433,33,9.29601,0,0,151476843689
32.3205,30.9401,5.12821,69,67,63,1938,2800,0.482433,33,9.29601,0,0,151507783318
40.6997,24.5702,5.12821,69,67,63,1938,2800,0.482433,33,9.29601,0,0,151532355140
42.9543,23.2806,5.12821,69,67,63,1938,2800,0.482433,33,9.29601,0,0,151555635910
39.5453,25.2874,5.12821,69,67,63,1938,2800,0.482433,33,9.29601,0,0,151580923244
37.1779,26.8977,5.12821,69,67,63,1938,2800,0.482433,33,9.29601,0,0,151607820840
36.3233,27.5305,5.12821,69,67,63,1938,2800,0.482433,33,9.29601,0,0,151635351032
41.6813,23.9916,5.12821,69,67,63,1938,2800,0.482433,33,9.29601,0,0,151659343066
37.0676,26.9777,5.12821,69,67,63,1938,2800,0.482433,33,9.29601,0,0,151686322365
41.7402,23.9577,5.12821,69,67,63,1938,2800,0.482433,33,9.29601,0,0,151710279975
35.7831,27.9462,5.12821,69,67,63,1938,2800,0.482433,33,9.29601,0,0,151738226689
40.86,24.4738,5.12821,69,67,63,1938,2800,0.482433,33,9.29601,0,0,151762700617
37.9863,26.3253,5.12821,69,67,63,1938,2800,0.482433,33,9.29601,0,0,151789026189
37.9305,26.364,5.12821,69,67,63,1938,2800,0.482433,33,9.29601,0,0,151815391126
42.894,23.3133,5.12821,69,67,63,1938,2800,0.482433,33,9.29601,0,0,151838706100
37.5657,26.62,5.12821,69,67,63,1938,2800,0.482433,33,9.29601,0,0,151865324141
41.5563,24.0637,5.12821,69,67,63,1938,2800,0.482433,33,9.29601,0,0,151889394301
39.2428,25.4824,7.61671,69,65,64,2028,2800,0.482433,23,9.29539,0,0,151914872183
38.5934,25.9112,7.61671,69,65,64,2028,2800,0.482433,23,9.29539,0,0,151940783949
36.9562,27.0591,7.61671,69,65,64,2028,2800,0.482433,23,9.29539,0,0,151967843409
43.5495,22.9624,7.61671,69,65,64,2028,2800,0.482433,23,9.29539,0,0,151990805200
34.8761,28.6729,7.61671,69,65,64,2028,2800,0.482433,23,9.29539,0,0,152019479449
41.364,24.1756,7.61671,69,65,64,2028,2800,0.482433,23,9.29539,0,0,152043655989
38.0874,26.2554,7.61671,69,65,64,2028,2800,0.482433,23,9.29539,0,0,152069911721
39.9204,25.0498,7.61671,69,65,64,2028,2800,0.482433,23,9.29539,0,0,152094961850
36.9625,27.0545,7.61671,69,65,64,2028,2800,0.482433,23,9.29539,0,0,152122016250
41.9771,23.8225,7.61671,69,65,64,2028,2800,0.482433,23,9.29539,0,0,152145839567
37.3053,26.8058,7.61671,69,65,64,2028,2800,0.482433,23,9.29539,0,0,152172644820
37.7603,26.4828,7.61671,69,65,64,2028,2800,0.482433,23,9.29539,0,0,152199130392
42.4782,23.5415,7.61671,69,65,64,2028,2800,0.482433,23,9.29539,0,0,152222671270
36.305,27.5445,7.61671,69,65,64,2028,2800,0.482433,23,9.29539,0,0,152250215038
40.6736,24.586,7.61671,69,65,64,2028,2800,0.482433,23,9.29539,0,0,152274802229
34.5186,28.9699,7.61671,69,65,64,2028,2800,0.482433,23,9.29539,0,0,152303773986
45.0897,22.178,7.61671,69,65,64,2028,2800,0.482433,23,9.29539,0,0,152325951245
36.7257,27.2289,7.61671,69,65,64,2028,2800,0.482433,23,9.29539,0,0,152353179050
38.6166,25.8956,7.61671,69,65,64,2028,2800,0.482433,23,9.29539,0,0,152379075748
37.2393,26.8533,7.61671,69,65,64,2028,2800,0.482433,23,9.29539,0,0,152405935052
38.0863,26.2562,4.54545,69,67,65,2092,2800,0.482433,41,9.294,0,0,152432186295
40.7347,24.5491,4.54545,69,67,65,2092,2800,0.482433,41,9.294,0,0,152456735584
39.7911,25.1313,4.54545,69,67,65,2092,2800,0.482433,41,9.294,0,0,152481868149
39.1932,25.5146,4.54545,69,67,65,2092,2800,0.482433,41,9.294,0,0,152507383220
37.6869,26.5344,4.54545,69,67,65,2092,2800,0.482433,41,9.294,0,0,152533916182
41.2832,24.2229,4.54545,69,67,65,2092,2800,0.482433,41,9.294,0,0,152558139680
37.4679,26.6895,4.54545,69,67,65,2092,2800,0.482433,41,9.294,0,0,152584830167
40.3771,24.7665,4.54545,69,67,65,2092,2800,0.482433,41,9.294,0,0,152609598197
36.0785,27.7173,4.54545,69,67,65,2092,2800,0.482433,41,9.294,0,0,152637315811
32.1173,31.1358,4.54545,69,67,65,2092,2800,0.482433,41,9.294,0,0,152668451559
44.0138,22.7202,4.54545,69,67,65,2092,2800,0.482433,41,9.294,0,0,152691171757
39.2596,25.4715,4.54545,69,67,65,2092,2800,0.482433,41,9.294,0,0,152716644218
41.0771,24.3445,4.54545,69,67,65,2092,2800,0.482433,41,9.294,0,0,152740987271
36.9589,27.0571,4.54545,69,67,65,2092,2800,0.482433,41,9.294,0,0,152768046650
42.3173,23.631,4.54545,69,67,65,2092,2800,0.482433,41,9.294,0,0,152791677387
37.9581,26.3448,4.54545,69,67,65,2092,2800,0.482433,41,9.294,0,0,152818022135
37.1054,26.9503,4.54545,69,67,65,2092,2800,0.482433,41,9.294,0,0,152844974323
37.5572,26.6261,4.54545,69,67,65,2092,2800,0.482433,41,9.294,0,0,152871600179
41.2061,24.2683,4.54545,69,67,65,2092,2800,0.482433,41,9.294,0,0,152895868541
37.638,26.5689,4.54545,69,67,65,2092,2800,0.482433,41,9.294,0,0,152922444834
38.3407,26.0819,4.78528,70,71,65,2333,2800,0.482433,37,9.29277,0,0,152948520768
37.4742,26.685,4.78528,70,71,65,2333,2800,0.482433,37,9.29277,0,0,152975205374
35.363,28.2781,4.78528,70,71,65,2333,2800,0.482433,37,9.29277,0,0,153003484863
44.8387,22.3022,4.78528,70,71,65,2333,2800,0.482433,37,9.29277,0,0,153025793268
36.498,27.3988,4.78528,70,71,65,2333,2800,0.482433,37,9.29277,0,0,153053184890
40.2684,24.8333,4.78528,70,71,65,2333,2800,0.482433,37,9.29277,0,0,153078019285
38.5978,25.9082,4.78528,70,71,65,2333,2800,0.482433,37,9.29277,0,0,153103926633
32.7453,30.5387,4.78528,70,71,65,2333,2800,0.482433,37,9.29277,0,0,153134464869
42.0876,23.76,4.78528,70,71,65,2333,2800,0.482433,37,9.29277,0,0,153158226631
37.5221,26.651,4.78528,70,71,65,2333,2800,0.482433,37,9.29277,0,0,153184877414
40.2214,24.8624,4.78528,70,71,65,2333,2800,0.482433,37,9.29277,0,0,153209740722
34.7522,28.7752,4.78528,70,71,65,2333,2800,0.482433,37,9.29277,0,0,153238515270
42.7114,23.413,4.78528,70,71,65,2333,2800,0.482433,37,9.29277,0,0,153261930021
36.3277,27.5272,4.78528,70,71,65,2333,2800,0.482433,37,9.29277,0,0,153289458230
42.8886,23.3162,4.78528,70,71,65,2333,2800,0.482433,37,9.29277,0,0,153312773744
37.1013,26.9533,4.78528,70,71,65,2333,2800,0.482433,37,9.29277,0,0,153339727535
36.8075,27.1684,4.78528,70,71,65,2333,2800,0.482433,37,9.29277,0,0,153366894496
43.2842,23.1031,4.78528,70,71,65,2333,2800,0.482433,37,9.29277,0,0,153389998655
34.6048,28.8977,4.78528,70,71,65,2333,2800,0.482433,37,9.29277,0,0,153418897856
41.8134,23.9158,4.78528,70,71,65,2333,2800,0.482433,37,9.29277,0,0,153442820239
36.5534,27.3572,6.17433,70,63,71,2477,2800,0.482433,29,9.29522,0,0,153470170023
42.4193,23.5742,6.17433,70,63,71,2477,2800,0.482433,29,9.29522,0,0,153493746889
38.2843,26.1204,6.17433,70,63,71,2477,2800,0.482433,29,9.29522,0,0,153519867476
39.4854,25.3258,6.17433,70,63,71,2477,2800,0.482433,29,9.29522,0,0,153545191590
36.2547,27.5826,6.17433,70,63,71,2477,2800,0.482433,29,9.29522,0,0,153572774972
42.0783,23.7652,6.17433,70,63,71,2477,2800,0.482433,29,9.29522,0,0,153596540872
38.6396,25.8802,6.17433,70,63,71,2477,2800,0.482433,29,9.29522,0,0,153622421780
36.828,27.1532,6.17433,70,63,71,2477,2800,0.482433,29,9.29522,0,0,153649575526
36.2571,27.5808,6.17433,70,63,71,2477,2800,0.482433,29,9.29522,0,0,153677155242
37.4831,26.6787,6.17433,70,63,71,2477,2800,0.482433,29,9.29522,0,0,153703836041
43.0595,23.2237,6.17433,70,63,71,2477,2800,0.482433,29,9.29522,0,0,153727060344
37.5987,26.5967,6.17433,70,63,71,2477,2800,0.482433,29,9.29522,0,0,153753656144
38.6725,25.8582,6.17433,70,63,71,2477,2800,0.482433,29,9.29522,0,0,153779514920
36.3026,27.5463,6.17433,70,63,71,2477,2800,0.482433,29,9.29522,0,0,153807061393
37.0146,27.0163,6.17433,70,63,71,2477,2800,0.482433,29,9.29522,0,0,153834077802
37.0164,27.0151,6.17433,70,63,71,2477,2800,0.482433,29,9.29522,0,0,153861093018
38.4882,25.982,6.17433,70,63,71,2477,2800,0.482433,29,9.29522,0,0,153887074805
37.6912,26.5314,6.17433,70,63,71,2477,2800,0.482433,29,9.29522,0,0,153913606665
36.362,27.5012,6.17433,70,63,71,2477,2800,0.482433,29,9.29522,0,0,153941107102
35.9817,27.7919,6.17433,70,63,71,2477,2800,0.482433,29,9.29522,0,0,153968903504
38.7784,25.7875,8.63309,71,67,73,2363,2800,0.482433,34,9.29546,0,0,153994686819
36.3463,27.5131,8.63309,71,67,73,2363,2800,0.482433,34,9.29546,0,0,154022200360
40.5392,24.6675,8.63309,71,67,73,2363,2800,0.482433,34,9.29546,0,0,154046869054
36.78,27.1887,8.63309,71,67,73,2363,2800,0.482433,34,9.29546,0,0,154074056924
37.9352,26.3607,8.63309,71,67,73,2363,2800,0.482433,34,9.29546,0,0,154100419606
31.8507,31.3965,8.63309,71,67,73,2363,2800,0.482433,34,9.29546,0,0,154131815872
34.8596,28.6865,8.63309,71,67,73,2363,2800,0.482433,34,9.29546,0,0,154160500901
37.9927,26.3209,8.63309,71,67,73,2363,2800,0.482433,34,9.29546,0,0,154186822165
39.9272,25.0456,8.63309,71,67,73,2363,2800,0.482433,34,9.29546,0,0,154211867666
37.2803,26.8238,8.63309,71,67,73,2363,2800,0.482433,34,9.29546,0,0,154238692716
36.1415,27.669,8.63309,71,67,73,2363,2800,0.482433,34,9.29546,0,0,154266363261
37.2486,26.8467,8.63309,71,67,73,2363,2800,0.482433,34,9.29546,0,0,154293208128
38.1325,26.2244,8.63309,71,67,73,2363,2800,0.482433,34,9.29546,0,0,154319433833
40.0931,24.942,8.63309,71,67,73,2363,2800,0.482433,34,9.29546,0,0,154344374537
37.3636,26.764,8.63309,71,67,73,2363,2800,0.482433,34,9.29546,0,0,154371141548
33.2709,30.0563,8.63309,71,67,73,2363,2800,0.482433,34,9.29546,0,0,154401195946
37.9411,26.3567,8.63309,71,67,73,2363,2800,0.482433,34,9.29546,0,0,154427553118
38.2492,26.1443,8.63309,71,67,73,2363,2800,0.482433,34,9.29546,0,0,154453699404
39.8452,25.0971,8.63309,71,67,73,2363,2800,0.482433,34,9.29546,0,0,154478800669
35.1011,28.4891,6.66667,71,72,71,2462,2800,0.482433,28,9.2957,0,0,154507285964
37.9857,26.3257,6.66667,71,72,71,2462,2800,0.482433,28,9.2957,0,0,154533613209
39.8145,25.1165,6.66667,71,72,71,2462,2800,0.482433,28,9.2957,0,0,154558728912
41.0629,24.3529,6.66667,71,72,71,2462,2800,0.482433,28,9.2957,0,0,154583082805
37.7461,26.4928,6.66667,71,72,71,2462,2800,0.482433,28,9.2957,0,0,154609574609
35.3818,28.2631,6.66667,71,72,71,2462,2800,0.482433,28,9.2957,0,0,154637839430
40.0364,24.9773,6.66667,71,72,71,2462,2800,0.482433,28,9.2957,0,0,154662815430
39.9643,25.0223,6.66667,71,72,71,2462,2800,0.482433,28,9.2957,0,0,154687838950
38.0374,26.2899,6.66667,71,72,71,2462,2800,0.482433,28,9.2957,0,0,154714129867
35.8977,27.8569,6.66667,71,72,71,2462,2800,0.482433,28,9.2957,0,0,154741986822
38.187,26.1869,6.66667,71,72,71,2462,2800,0.482433,28,9.2957,0,0,154768175127
39.2835,25.456,6.66667,71,72,71,2462,2800,0.482433,28,9.2957,0,0,154793628814
40.3495,24.7834,6.66667,71,72,71,2462,2800,0.482433,28,9.2957,0,0,154818414217
35.7881,27.9423,6.66667,71,72,71,2462,2800,0.482433,28,9.2957,0,0,154846355981
36.9714,27.0479,6.66667,71,72,71,2462,2800,0.482433,28,9.2957,0,0,154873405542
38.3028,26.1077,6.66667,71,72,71,2462,2800,0.482433,28,9.2957,0,0,154899514067
41.2621,24.2353,6.66667,71,72,71,2462,2800,0.482433,28,9.2957,0,0,154923748566
38.0917,26.2524,6.66667,71,72,71,2462,2800,0.482433,28,9.2957,0,0,154949999378
37.8242,26.4381,6.66667,71,72,71,2462,2800,0.482433,28,9.2957,0,0,154976439696
38.1421,26.2177,6.66667,71,72,71,2462,2800,0.482433,28,9.2957,0,0,155002658889
40.5229,24.6774,6.61853,70,68,71,2409,2800,0.482433,34,9.29972,0,0,155027333684
37.1812,26.8953,6.61853,70,68,71,2409,2800,0.482433,34,9.29972,0,0,155054231300
40.2747,24.8295,6.61853,70,68,71,2409,2800,0.482433,34,9.29972,0,0,155079059523
34.2244,29.2189,6.61853,70,68,71,2409,2800,0.482433,34,9.29972,0,0,155108280487
36.8295,27.1522,6.61853,70,68,71,2409,2800,0.482433,34,9.29972,0,0,155135431849
38.9626,25.6657,6.61853,70,68,71,2409,2800,0.482433,34,9.29972,0,0,155161097834
38.9485,25.675,6.61853,70,68,71,2409,2800,0.482433,34,9.29972,0,0,155186772726
39.4752,25.3323,6.61853,70,68,71,2409,2800,0.482433,34,9.29972,0,0,155212107208
37.5353,26.6416,6.61853,70,68,71,2409,2800,0.482433,34,9.29972,0,0,155238748403
37.6511,26.5596,6.61853,70,68,71,2409,2800,0.482433,34,9.29972,0,0,155265308756
36.7501,27.2108,6.61853,70,68,71,2409,2800,0.482433,34,9.29972,0,0,155292518557
39.8505,25.0938,6.61853,70,68,71,2409,2800,0.482433,34,9.29972,0,0,155317613210
39.2116,25.5027,6.61853,70,68,71,2409,2800,0.482433,34,9.29972,0,0,155343116800
32.3122,30.9481,6.61853,70,68,71,2409,2800,0.482433,34,9.29972,0,0,155374064966
36.9789,27.0425,6.61853,70,68,71,2409,2800,0.482433,34,9.29972,0,0,155401106501
38.282,26.1219,6.61853,70,68,71,2409,2800,0.482433,34,9.29972,0,0,155427228852
40.1497,24.9068,6.61853,70,68,71,2409,2800,0.482433,34,9.29972,0,0,155452137156
39.309,25.4394,6.61853,70,68,71,2409,2800,0.482433,34,9.29972,0,0,155477576806
36.7696,27.1964,6.61853,70,68,71,2409,2800,0.482433,34,9.29972,0,0,155504780756
41.1613,24.2947,6.05296,70,69,73,2403,2800,0.482433,30,9.29996,0,0,155529068986
38.3915,26.0475,6.05296,70,69,73,2403,2800,0.482433,30,9.29996,0,0,155555117389
39.679,25.2022,6.05296,70,69,73,2403,2800,0.482433,30,9.29996,0,0,155580319072
38.7347,25.8167,6.05296,70,69,73,2403,2800,0.482433,30,9.29996,0,0,155606135439
36.0621,27.7299,6.05296,70,69,73,2403,2800,0.482433,30,9.29996,0,0,155633864996
39.1888,25.5175,6.05296,70,69,73,2403,2800,0.482433,30,9.29996,0,0,155659384526
38.6188,25.8941,6.05296,70,69,73,2403,2800,0.482433,30,9.29996,0,0,155685278829
40.7878,24.5172,6.05296,70,69,73,2403,2800,0.482433,30,9.29996,0,0,155709796429
38.3996,26.0419,6.05296,70,69,73,2403,2800,0.482433,30,9.29996,0,0,155735839392
36.9989,27.0278,6.05296,70,69,73,2403,2800,0.482433,30,9.29996,0,0,155762865438
34.7971,28.738,6.05296,70,69,73,2403,2800,0.482433,30,9.29996,0,0,155791606302
34.8961,28.6565,6.05296,70,69,73,2403,2800,0.482433,30,9.29996,0,0,155820261726
39.1713,25.5289,6.05296,70,69,73,2403,2800,0.482433,30,9.29996,0,0,155845791104
38.2996,26.1099,6.05296,70,69,73,2403,2800,0.482433,30,9.29996,0,0,155871909177
41.8891,23.8726,6.05296,70,69,73,2403,2800,0.482433,30,9.29996,0,0,155895774674
37.0434,26.9954,6.05296,70,69,73,2403,2800,0.482433,30,9.29996,0,0,155922770334
39.8529,25.0922,6.05296,70,69,73,2403,2800,0.482433,30,9.29996,0,0,155947862011
38.4451,26.0111,6.05296,70,69,73,2403,2800,0.482433,30,9.29996,0,0,155973874416
37.2742,26.8282,6.05296,70,69,73,2403,2800,0.482433,30,9.29996,0,0,156000701018
40.4174,24.7418,6.05296,70,69,73,2403,2800,0.482433,30,9.29996,0,0,156025449812
40.494,24.695,8.04878,71,67,71,2475,2800,0.482433,20,9.30054,0,0,156050140968
38.1468,26.2145,8.04878,71,67,71,2475,2800,0.482433,20,9.30054,0,0,156076354691
34.0834,29.3398,8.04878,71,67,71,2475,2800,0.482433,20,9.30054,0,0,156105693627
42.8555,23.3342,8.04878,71,67,71,2475,2800,0.482433,20,9.30054,0,0,156129029730
37.4914,26.6728,8.04878,71,67,71,2475,2800,0.482433,20,9.30054,0,0,156155702514
38.3957,26.0446,8.04878,71,67,71,2475,2800,0.482433,20,9.30054,0,0,156181747520
37.637,26.5696,8.04878,71,67,71,2475,2800,0.482433,20,9.30054,0,0,156208316619
35.1284,28.467,8.04878,71,67,71,2475,2800,0.482433,20,9.30054,0,0,156236784702
41.4411,24.1307,8.04878,71,67,71,2475,2800,0.482433,20,9.30054,0,0,156260916137
38.7092,25.8336,8.04878,71,67,71,2475,2800,0.482433,20,9.30054,0,0,156286748575
38.2235,26.1619,8.04878,71,67,71,2475,2800,0.482433,20,9.30054,0,0,156312911582
37.9979,26.3173,8.04878,71,67,71,2475,2800,0.482433,20,9.30054,0,0,156339229249
41.6389,24.016,8.04878,71,67,71,2475,2800,0.482433,20,9.30054,0,0,156363244778
37.3169,26.7975,8.04878,71,67,71,2475,2800,0.482433,20,9.30054,0,0,156390043418
36.3739,27.4922,8.04878,71,67,71,2475,2800,0.482433,20,9.30054,0,0,156417536100
37.9094,26.3787,8.04878,71,67,71,2475,2800,0.482433,20,9.30054,0,0,156443913610
39.4638,25.3397,8.04878,71,67,71,2475,2800,0.482433,20,9.30054,0,0,156469253493
41.8389,23.9012,8.04878,71,67,71,2475,2800,0.482433,20,9.30054,0,0,156493155297
38.4714,25.9934,8.04878,71,67,71,2475,2800,0.482433,20,9.30054,0,0,156519148787
36.9558,27.0593,8.04878,71,67,71,2475,2800,0.482433,20,9.30054,0,0,156546210290
37.2449,26.8493,5.9466,71,73,72,2378,2800,0.482433,26,9.29956,0,0,156573058082
42.1363,23.7325,5.9466,71,73,72,2378,2800,0.482433,26,9.29956,0,0,156596791000
39.094,25.5794,5.9466,71,73,72,2378,2800,0.482433,26,9.29956,0,0,156622372266
36.8973,27.1022,5.9466,71,73,72,2378,2800,0.482433,26,9.29956,0,0,156649474275
38.2693,26.1306,5.9466,71,73,72,2378,2800,0.482433,26,9.29956,0,0,156675604471
39.0688,25.5959,5.9466,71,73,72,2378,2800,0.482433,26,9.29956,0,0,156701199573
39.0325,25.6197,5.9466,71,73,72,2378,2800,0.482433,26,9.29956,0,0,156726821094
39.291,25.4511,5.9466,71,73,72,2378,2800,0.482433,26,9.29956,0,0,156752272416
39.0129,25.6325,5.9466,71,73,72,2378,2800,0.482433,26,9.29956,0,0,156777904047
38.4613,26.0002,5.9466,71,73,72,2378,2800,0.482433,26,9.29956,0,0,156803904519
41.9283,23.8502,5.9466,71,73,72,2378,2800,0.482433,26,9.29956,0,0,156827754497
36.9481,27.065,5.9466,71,73,72,2378,2800,0.482433,26,9.29956,0,0,156854820809
38.3652,26.0653,5.9466,71,73,72,2378,2800,0.482433,26,9.29956,0,0,156880887436
37.2153,26.8706,5.9466,71,73,72,2378,2800,0.482433,26,9.29956,0,0,156907756357
37.8804,26.3989,5.9466,71,73,72,2378,2800,0.482433,26,9.29956,0,0,156934157381
40.3814,24.7639,5.9466,71,73,72,2378,2800,0.482433,26,9.29956,0,0,156958921254
37.8589,26.4139,5.9466,71,73,72,2378,2800,0.482433,26,9.29956,0,0,156985334891
41.5415,24.0723,5.9466,71,73,72,2378,2800,0.482433,26,9.29956,0,0,157009409190
35.2806,28.3442,5.9466,71,73,72,2378,2800,0.482433,26,9.29956,0,0,157037753259
40.7878,24.5171,5.9466,71,73,72,2378,2800,0.482433,26,9.29956,0,0,157062274586
38.5628,25.9317,6.12745,70,68,71,2463,2800,0.482433,32,9.29895,0,0,157088202012
35.3147,28.3168,6.12745,70,68,71,2463,2800,0.482433,32,9.29895,0,0,157116519882
38.8923,25.712,6.12745,70,68,71,2463,2800,0.482433,32,9.29895,0,0,157142231673
38.8178,25.7614,6.12745,70,68,71,2463,2800,0.482433,32,9.29895,0,0,157167994399
40.6608,24.5937,6.12745,70,68,71,2463,2800,0.482433,32,9.29895,0,0,157192586209
38.2789,26.124,6.12745,70,68,71,2463,2800,0.482433,32,9.29895,0,0,157218712067
41.4162,24.1451,6.12745,70,68,71,2463,2800,0.482433,32,9.29895,0,0,157242857248
36.5373,27.3693,6.12745,70,68,71,2463,2800,0.482433,32,9.29895,0,0,157270226669
43.4154,23.0333,6.12745,70,68,71,2463,2800,0.482433,32,9.29895,0,0,157293260946
37.0832,26.9664,6.12745,70,68,71,2463,2800,0.482433,32,9.29895,0,0,157320228683
38.6074,25.9018,6.12745,70,68,71,2463,2800,0.482433,32,9.29895,0,0,157346131102
36.6906,27.2549,6.12745,70,68,71,2463,2800,0.482433,32,9.29895,0,0,157373384475
38.1268,26.2283,6.12745,70,68,71,2463,2800,0.482433,32,9.29895,0,0,157399613646
40.1436,24.9106,6.12745,70,68,71,2463,2800,0.482433,32,9.29895,0,0,157424523222
38.1253,26.2293,6.12745,70,68,71,2463,2800,0.482433,32,9.29895,0,0,157450752764
39.2548,25.4746,6.12745,70,68,71,2463,2800,0.482433,32,9.29895,0,0,157476227380
38.7039,25.8372,6.12745,70,68,71,2463,2800,0.482433,32,9.29895,0,0,157502065939
41.6448,24.0126,6.12745,70,68,71,2463,2800,0.482433,32,9.29895,0,0,157526077600
38.4345,26.0183,6.12745,70,68,71,2463,2800,0.482433,32,9.29895,0,0,157552098110
37.9778,26.3312,6.12745,70,68,71,2463,2800,0.482433,32,9.29895,0,0,157578435043
37.7349,26.5007,5.76687,70,67,69,2348,2800,0.482433,19,9.29823,0,0,157604928631
41.1418,24.3062,5.76687,70,67,69,2348,2800,0.482433,19,9.29823,0,0,157629235115
37.127,26.9346,5.76687,70,67,69,2348,2800,0.482433,19,9.29823,0,0,157656169840
38.7053,25.8363,5.76687,70,67,69,2348,2800,0.482433,19,9.29823,0,0,157682006035
37.9314,26.3634,5.76687,70,67,69,2348,2800,0.482433,19,9.29823,0,0,157708369318
37.6882,26.5335,5.76687,70,67,69,2348,2800,0.482433,19,9.29823,0,0,157734905155
39.0698,25.5952,5.76687,70,67,69,2348,2800,0.482433,19,9.29823,0,0,157760500487
40.3017,24.8129,5.76687,70,67,69,2348,2800,0.482433,19,9.29823,0,0,157785313982
39.1533,25.5406,5.76687,70,67,69,2348,2800,0.482433,19,9.29823,0,0,157810854842
37.8079,26.4495,5.76687,70,67,69,2348,2800,0.482433,19,9.29823,0,0,157837303185
43.971,22.7422,5.76687,70,67,69,2348,2800,0.482433,19,9.29823,0,0,157860046927
37.0202,27.0123,5.76687,70,67,69,2348,2800,0.482433,19,9.29823,0,0,157887057876
38.8746,25.7238,5.76687,70,67,69,2348,2800,0.482433,19,9.29823,0,0,157912783322
35.2031,28.4066,5.76687,70,67,69,2348,2800,0.482433,19,9.29823,0,0,157941188216
40.4921,24.6961,5.76687,70,67,69,2348,2800,0.482433,19,9.29823,0,0,157965884531
40.4178,24.7416,5.76687,70,67,69,2348,2800,0.482433,19,9.29823,0,0,157990626943
38.6768,25.8553,5.76687,70,67,69,2348,2800,0.482433,19,9.29823,0,0,158016484127
38.0509,26.2806,5.76687,70,67,69,2348,2800,0.482433,19,9.29823,0,0,158042763943
39.8374,25.102,5.76687,70,67,69,2348,2800,0.482433,19,9.29823,0,0,158067866752
38.6469,25.8753,5.76687,70,67,69,2348,2800,0.482433,19,9.29823,0,0,158093743562
35.8134,27.9225,7.86241,69,67,65,1730,2800,0.482433,41,9.2976,0,0,158121664127
42.896,23.3122,7.86241,69,67,65,1730,2800,0.482433,41,9.2976,0,0,158144975885
38.7839,25.7839,7.86241,69,67,65,1730,2800,0.482433,41,9.2976,0,0,158170761284
41.7677,23.942,7.86241,69,67,65,1730,2800,0.482433,41,9.2976,0,0,158194704937
35.7229,27.9932,7.86241,69,67,65,1730,2800,0.482433,41,9.2976,0,0,158222695864
38.6506,25.8728,7.86241,69,67,65,1730,2800,0.482433,41,9.2976,0,0,158248568927
37.6962,26.5278,7.86241,69,67,65,1730,2800,0.482433,41,9.2976,0,0,158275097641
37.9069,26.3804,7.86241,69,67,65,1730,2800,0.482433,41,9.2976,0,0,158301477796
41.4005,24.1543,7.86241,69,67,65,1730,2800,0.482433,41,9.2976,0,0,158325632275
38.3852,26.0517,7.86241,69,67,65,1730,2800,0.482433,41,9.2976,0,0,158351685185
36.9207,27.0851,7.86241,69,67,65,1730,2800,0.482433,41,9.2976,0,0,158378769321
41.047,24.3623,7.86241,69,67,65,1730,2800,0.482433,41,9.2976,0,0,158403132792
39.3399,25.4195,7.86241,69,67,65,1730,2800,0.482433,41,9.2976,0,0,158428552204
40.1977,24.877,7.86241,69,67,65,1730,2800,0.482433,41,9.2976,0,0,158453428778
36.9459,27.0666,7.86241,69,67,65,1730,2800,0.482433,41,9.2976,0,0,158480495621
41.3196,24.2016,7.86241,69,67,65,1730,2800,0.482433,41,9.2976,0,0,158504698541
37.6622,26.5518,7.86241,69,67,65,1730,2800,0.482433,41,9.2976,0,0,158531249927
42.4421,23.5615,7.86241,69,67,65,1730,2800,0.482433,41,9.2976,0,0,158554811003
40.4108,24.7458,7.86241,69,67,65,1730,2800,0.482433,41,9.2976,0,0,158579560748
36.3548,27.5067,7.86241,69,67,65,1730,2800,0.482433,41,9.2976,0,0,158607070002
37.0618,26.9819,5.54187,68,71,63,1373,2800,0.482433,16,9.29692,0,0,158634047848
43.1833,23.1571,5.54187,68,71,63,1373,2800,0.482433,16,9.29692,0,0,158657204214
36.6478,27.2868,5.54187,68,71,63,1373,2800,0.482433,16,9.29692,0,0,158684490599
41.3275,24.197,5.54187,68,71,63,1373,2800,0.482433,16,9.29692,0,0,158708688590
35.7515,27.9709,5.54187,68,71,63,1373,2800,0.482433,16,9.29692,0,0,158736661433
36.3277,27.5272,5.54187,68,71,63,1373,2800,0.482433,16,9.29692,0,0,158764187437
42.7216,23.4073,5.54187,68,71,63,1373,2800,0.482433,16,9.29692,0,0,158787596448
39.6825,25.2,5.54187,68,71,63,1373,2800,0.482433,16,9.29692,0,0,158812794505
36.16,27.6549,5.54187,68,71,63,1373,2800,0.482433,16,9.29692,0,0,158840450523
39.1433,25.5472,5.54187,68,71,63,1373,2800,0.482433,16,9.29692,0,0,158865997355
41.2599,24.2366,5.54187,68,71,63,1373,2800,0.482433,16,9.29692,0,0,158890235240
37.3791,26.7529,5.54187,68,71,63,1373,2800,0.482433,16,9.29692,0,0,158916987553
38.2568,26.1391,5.54187,68,71,63,1373,2800,0.482433,16,9.29692,0,0,158943127687
36.4123,27.4632,5.54187,68,71,63,1373,2800,0.482433,16,9.29692,0,0,158970590824
42.577,23.4868,5.54187,68,71,63,1373,2800,0.482433,16,9.29692,0,0,158994079263
36.9583,27.0575,5.54187,68,71,63,1373,2800,0.482433,16,9.29692,0,0,159021136078
39.826,25.1092,5.54187,68,71,63,1373,2800,0.482433,16,9.29692,0,0,159046244567
39.3434,25.4172,5.54187,68,71,63,1373,2800,0.482433,16,9.29692,0,0,159071661735
36.8255,27.1551,5.54187,68,71,63,1373,2800,0.482433,16,9.29692,0,0,159098817044
38.3872,26.0504,5.54187,68,71,63,1373,2800,0.482433,16,9.29692,0,0,159124872840
41.2473,24.244,5.37241,69,68,63,1490,2800,0.482433,19,9.30088,0,0,159149111858
38.8456,25.7429,5.37241,69,68,63,1490,2800,0.482433,19,9.30088,0,0,159174854937
38.9394,25.6809,5.37241,69,68,63,1490,2800,0.482433,19,9.30088,0,0,159200535880
39.5949,25.2558,5.37241,69,68,63,1490,2800,0.482433,19,9.30088,0,0,159225793459
38.7159,25.8292,5.37241,69,68,63,1490,2800,0.482433,19,9.30088,0,0,159251621568
40.1474,24.9082,5.37241,69,68,63,1490,2800,0.482433,19,9.30088,0,0,159276530512
36.143,27.6679,5.37241,69,68,63,1490,2800,0.482433,19,9.30088,0,0,159304198092
42.2647,23.6604,5.37241,69,68,63,1490,2800,0.482433,19,9.30088,0,0,159327859296
37.2317,26.8588,5.37241,69,68,63,1490,2800,0.482433,19,9.30088,0,0,159354717448
40.6629,24.5924,5.37241,69,68,63,1490,2800,0.482433,19,9.30088,0,0,159379310750
36.0317,27.7534,5.37241,69,68,63,1490,2800,0.482433,19,9.30088,0,0,159407064882
38.897,25.7089,5.37241,69,68,63,1490,2800,0.482433,19,9.30088,0,0,159432773036
41.6564,24.0059,5.37241,69,68,63,1490,2800,0.482433,19,9.30088,0,0,159456779708
37.6278,26.5761,5.37241,69,68,63,1490,2800,0.482433,19,9.30088,0,0,159483355380
38.8981,25.7082,5.37241,69,68,63,1490,2800,0.482433,19,9.30088,0,0,159509063544
37.1752,26.8997,5.37241,69,68,63,1490,2800,0.482433,19,9.30088,0,0,159535963644
41.7141,23.9727,5.37241,69,68,63,1490,2800,0.482433,19,9.30088,0,0,159559936061
36.7909,27.1807,5.37241,69,68,63,1490,2800,0.482433,19,9.30088,0,0,159587117129
41.3841,24.1639,5.37241,69,68,63,1490,2800,0.482433,19,9.30088,0,0,159611283490
35.4989,28.1699,5.37241,69,68,63,1490,2800,0.482433,19,9.30088,0,0,159639457440
38.7855,25.7828,5.04926,69,63,63,1549,2800,0.482433,26,9.2991,0,0,159665234834
40.1663,24.8965,5.04926,69,63,63,1549,2800,0.482433,26,9.2991,0,0,159690131446
38.4922,25.9793,5.04926,69,63,63,1549,2800,0.482433,26,9.2991,0,0,159716110848
39.5156,25.3065,5.04926,69,63,63,1549,2800,0.482433,26,9.2991,0,0,159741417179
37.6798,26.5394,5.04926,69,63,63,1549,2800,0.482433,26,9.2991,0,0,159767957654
39.2654,25.4677,5.04926,69,63,63,1549,2800,0.482433,26,9.2991,0,0,159793425818
40.0441,24.9725,5.04926,69,63,63,1549,2800,0.482433,26,9.2991,0,0,159818400335
39.2078,25.5051,5.04926,69,63,63,1549,2800,0.482433,26,9.2991,0,0,159843905238
37.8464,26.4226,5.04926,69,63,63,1549,2800,0.482433,26,9.2991,0,0,159870327482
42.1512,23.7241,5.04926,69,63,63,1549,2800,0.482433,26,9.2991,0,0,159894050802
38.6748,25.8567,5.04926,69,63,63,1549,2800,0.482433,26,9.2991,0,0,159919907855
39.9645,25.0222,5.04926,69,63,63,1549,2800,0.482433,26,9.2991,0,0,159944931936
37.1712,26.9025,5.04926,69,63,63,1549,2800,0.482433,26,9.2991,0,0,159971833208
37.4554,26.6984,5.04926,69,63,63,1549,2800,0.482433,26,9.2991,0,0,159998531219
39.9196,25.0504,5.04926,69,63,63,1549,2800,0.482433,26,9.2991,0,0,160023582120
38.9398,25.6807,5.04926,69,63,63,1549,2800,0.482433,26,9.2991,0,0,160049264055
40.1483,24.9077,5.04926,69,63,63,1549,2800,0.482433,26,9.2991,0,0,160074170615
36.6199,27.3075,5.04926,69,63,63,1549,2800,0.482433,26,9.2991,0,0,160101479532
42.0283,23.7935,5.04926,69,63,63,1549,2800,0.482433,26,9.2991,0,0,160125272793
36.8746,27.1189,5.04926,69,63,63,1549,2800,0.482433,26,9.2991,0,0,160152397475
40.9129,24.4422,7.53086,69,69,64,1588,2800,0.482433,19,9.30044,0,0,160176834995
36.5694,27.3453,7.53086,69,69,64,1588,2800,0.482433,19,9.30044,0,0,160204180040
36.0336,27.7519,7.53086,69,69,64,1588,2800,0.482433,19,9.30044,0,0,160231931939
42.7561,23.3885,7.53086,69,69,64,1588,2800,0.482433,19,9.30044,0,0,160255322424
40.5822,24.6413,7.53086,69,69,64,1588,2800,0.482433,19,9.30044,0,0,160279963196
36.6119,27.3135,7.53086,69,69,64,1588,2800,0.482433,19,9.30044,0,0,160307278134
37.9996,26.316,7.53086,69,69,64,1588,2800,0.482433,19,9.30044,0,0,160333592255
41.7359,23.9602,7.53086,69,69,64,1588,2800,0.482433,19,9.30044,0,0,160357553952
39.4116,25.3732,7.53086,69,69,64,1588,2800,0.482433,19,9.30044,0,0,160382927218
36.6777,27.2645,7.53086,69,69,64,1588,2800,0.482433,19,9.30044,0,0,160410191492
39.556,25.2806,7.53086,69,69,64,1588,2800,0.482433,19,9.30044,0,0,160435474077
39.0688,25.5959,7.53086,69,69,64,1588,2800,0.482433,19,9.30044,0,0,160461070471
37.8523,26.4184,7.53086,69,69,64,1588,2800,0.482433,19,9.30044,0,0,160487487786
40.2007,24.8752,7.53086,69,69,64,1588,2800,0.482433,19,9.30044,0,0,160512363819
38.2092,26.1717,7.53086,69,69,64,1588,2800,0.482433,19,9.30044,0,0,160538535512
36.7213,27.2322,7.53086,69,69,64,1588,2800,0.482433,19,9.30044,0,0,160565767996
41.7807,23.9345,7.53086,69,69,64,1588,2800,0.482433,19,9.30044,0,0,160589703394
39.1361,25.5519,7.53086,69,69,64,1588,2800,0.482433,19,9.30044,0,0,160615255255
40.2035,24.8735,7.53086,69,69,64,1588,2800,0.482433,19,9.30044,0,0,160640129214
36.0978,27.7025,7.53086,69,69,64,1588,2800,0.482433,19,9.30044,0,0,160667835687
42.1773,23.7094,5.02451,69,70,63,1593,2800,0.482433,33,9.29974,0,0,160691542085
39.0114,25.6336,5.02451,69,70,63,1593,2800,0.482433,33,9.29974,0,0,160717174778
38.7773,25.7883,5.02451,69,70,63,1593,2800,0.482433,33,9.29974,0,0,160742963002
37.2242,26.8643,5.02451,69,70,63,1593,2800,0.482433,33,9.29974,0,0,160769828728
38.3653,26.0652,5.02451,69,70,63,1593,2800,0.482433,33,9.29974,0,0,160795894322
39.7385,25.1645,5.02451,69,70,63,1593,2800,0.482433,33,9.29974,0,0,160821060069
40.893,24.4541,5.02451,69,70,63,1593,2800,0.482433,33,9.29974,0,0,160845512687
37.1914,26.8879,5.02451,69,70,63,1593,2800,0.482433,33,9.29974,0,0,160872400725
39.695,25.1921,5.02451,69,70,63,1593,2800,0.482433,33,9.29974,0,0,160897593231
37.602,26.5943,5.02451,69,70,63,1593,2800,0.482433,33,9.29974,0,0,160924197887
39.3223,25.4309,5.02451,69,70,63,1593,2800,0.482433,33,9.29974,0,0,160949618612
38.314,26.1001,5.02451,69,70,63,1593,2800,0.482433,33,9.29974,0,0,160975718701
37.8387,26.4279,5.02451,69,70,63,1593,2800,0.482433,33,9.29974,0,0,161002146906
40.3644,24.7743,5.02451,69,70,63,1593,2800,0.482433,33,9.29974,0,0,161026921779
39.365,25.4033,5.02451,69,70,63,1593,2800,0.482433,33,9.29974,0,0,161052324971
31.5763,31.6693,5.02451,69,70,63,1593,2800,0.482433,33,9.29974,0,0,161083994409
40.7478,24.5412,5.02451,69,70,63,1593,2800,0.482433,33,9.29974,0,0,161108536005
40.7258,24.5544,5.02451,69,70,63,1593,2800,0.482433,33,9.29974,0,0,161133091306
42.672,23.4346,5.02451,69,70,63,1593,2800,0.482433,33,9.29974,0,0,161156525714
38.7482,25.8076,5.02451,69,70,63,1593,2800,0.482433,33,9.29974,0,0,161182336580
38.4192,26.0286,4.80296,69,67,63,1564,2800,0.482433,14,9.29827,0,0,161208363202
38.3469,26.0777,4.80296,69,67,63,1564,2800,0.482433,14,9.29827,0,0,161234440328
39.3432,25.4173,4.80296,69,67,63,1564,2800,0.482433,14,9.29827,0,0,161259858277
39.2959,25.448,4.80296,69,67,63,1564,2800,0.482433,14,9.29827,0,0,161285305752
38.3901,26.0484,4.80296,69,67,63,1564,2800,0.482433,14,9.29827,0,0,161311355998
38.8405,25.7464,4.80296,69,67,63,1564,2800,0.482433,14,9.29827,0,0,161337101292
36.1492,27.6631,4.80296,69,67,63,1564,2800,0.482433,14,9.29827,0,0,161364765686
40.0007,24.9996,4.80296,69,67,63,1564,2800,0.482433,14,9.29827,0,0,161389765040
39.3082,25.44,4.80296,69,67,63,1564,2800,0.482433,14,9.29827,0,0,161415205131
38.8757,25.723,4.80296,69,67,63,1564,2800,0.482433,14,9.29827,0,0,161440927482
38.9752,25.6573,4.80296,69,67,63,1564,2800,0.482433,14,9.29827,0,0,161466587596
37.8256,26.4371,4.80296,69,67,63,1564,2800,0.482433,14,9.29827,0,0,161493023956
40.0003,24.9998,4.80296,69,67,63,1564,2800,0.482433,14,9.29827,0,0,161518023430
40.0115,24.9928,4.80296,69,67,63,1564,2800,0.482433,14,9.29827,0,0,161543015911
37.1472,26.9199,4.80296,69,67,63,1564,2800,0.482433,14,9.29827,0,0,161569936109
40.6742,24.5856,4.80296,69,67,63,1564,2800,0.482433,14,9.29827,0,0,161594523921
39.3766,25.3958,4.80296,69,67,63,1564,2800,0.482433,14,9.29827,0,0,161619918317
36.3748,27.4915,4.80296,69,67,63,1564,2800,0.482433,14,9.29827,0,0,161647409726
37.2253,26.8635,4.80296,69,67,63,1564,2800,0.482433,14,9.29827,0,0,161674275412
37.9269,26.3665,4.80296,69,67,63,1564,2800,0.482433,14,9.29827,0,0,161700644777
42.6804,23.43,5.75275,69,64,63,1393,2800,0.482433,26,9.29692,0,0,161724071310
39.836,25.1029,5.75275,69,64,63,1393,2800,0.482433,26,9.29692,0,0,161749174409
39.17,25.5297,5.75275,69,64,63,1393,2800,0.482433,26,9.29692,0,0,161774704489
37.772,26.4746,5.75275,69,64,63,1393,2800,0.482433,26,9.29692,0,0,161801179561
40.7312,24.5512,5.75275,69,64,63,1393,2800,0.482433,26,9.29692,0,0,161825730795
38.5243,25.9577,5.75275,69,64,63,1393,2800,0.482433,26,9.29692,0,0,161851688377
39.9173,25.0518,5.75275,69,64,63,1393,2800,0.482433,26,9.29692,0,0,161876741101
38.426,26.024,5.75275,69,64,63,1393,2800,0.482433,26,9.29692,0,0,161902765118
36.7193,27.2336,5.75275,69,64,63,1393,2800,0.482433,26,9.29692,0,0,161929998924
41.4558,24.1221,5.75275,69,64,63,1393,2800,0.482433,26,9.29692,0,0,161954121122
37.3691,26.7601,5.75275,69,64,63,1393,2800,0.482433,26,9.29692,0,0,161980882142
40.0932,24.9419,5.75275,69,64,63,1393,2800,0.482433,26,9.29692,0,0,162005823567
37.6986,26.5262,5.75275,69,64,63,1393,2800,0.482433,26,9.29692,0,0,162032349636
41.0369,24.3683,5.75275,69,64,63,1393,2800,0.482433,26,9.29692,0,0,162056719539
38.6361,25.8825,5.75275,69,64,63,1393,2800,0.482433,26,9.29692,0,0,162082601309
38.2263,26.16,5.75275,69,64,63,1393,2800,0.482433,26,9.29692,0,0,162108761841
36.6702,27.2701,5.75275,69,64,63,1393,2800,0.482433,26,9.29692,0,0,162136032337
43.9765,22.7394,5.75275,69,64,63,1393,2800,0.482433,26,9.29692,0,0,162158771079
38.1951,26.1814,5.75275,69,64,63,1393,2800,0.482433,26,9.29692,0,0,162184953353
38.9844,25.6513,5.75275,69,64,63,1393,2800,0.482433,26,9.29692,0,0,162210609649
37.3008,26.8091,6.40394,69,65,62,1351,2800,0.482433,20,9.29788,0,0,162237413950
37.056,26.9862,6.40394,69,65,62,1351,2800,0.482433,20,9.29788,0,0,162264400863
41.4629,24.1179,6.40394,69,65,62,1351,2800,0.482433,20,9.29788,0,0,162288519836
40.179,24.8886,6.40394,69,65,62,1351,2800,0.482433,20,9.29788,0,0,162313409003
37.5588,26.6249,6.40394,69,65,62,1351,2800,0.482433,20,9.29788,0,0,162340032975
38.1022,26.2452,6.40394,69,65,62,1351,2800,0.482433,20,9.29788,0,0,162366278578
39.0799,25.5886,6.40394,69,65,62,1351,2800,0.482433,20,9.29788,0,0,162391867358
40.5078,24.6866,6.40394,69,65,62,1351,2800,0.482433,20,9.29788,0,0,162416555878
38.3742,26.0592,6.40394,69,65,62,1351,2800,0.482433,20,9.29788,0,0,162442615602
38.0342,26.2921,6.40394,69,65,62,1351,2800,0.482433,20,9.29788,0,0,162468907291
36.9414,27.0699,6.40394,69,65,62,1351,2800,0.482433,20,9.29788,0,0,162495976819
41.8255,23.9089,6.40394,69,65,62,1351,2800,0.482433,20,9.29788,0,0,162519885136
39.0741,25.5924,6.40394,69,65,62,1351,2800,0.482433,20,9.29788,0,0,162545478585
38.0192,26.3025,6.40394,69,65,62,1351,2800,0.482433,20,9.29788,0,0,162571780763
37.6941,26.5294,6.40394,69,65,62,1351,2800,0.482433,20,9.29788,0,0,162598311270
41.3325,24.194,6.40394,69,65,62,1351,2800,0.482433,20,9.29788,0,0,162622505213
38.5894,25.9139,6.40394,69,65,62,1351,2800,0.482433,20,9.29788,0,0,162648419043
39.0474,25.6099,6.40394,69,65,62,1351,2800,0.482433,20,9.29788,0,0,162674029754
38.4024,26.04,6.40394,69,65,62,1351,2800,0.482433,20,9.29788,0,0,162700070432
37.6175,26.5834,6.40394,69,65,62,1351,2800,0.482433,20,9.29788,0,0,162726656543
38.9883,25.6487,4.7619,69,72,61,1254,2800,0.482433,17,9.29633,0,0,162752302300
37.0147,27.0163,4.7619,69,72,61,1254,2800,0.482433,17,9.29633,0,0,162779318609
37.772,26.4746,4.7619,69,72,61,1254,2800,0.482433,17,9.29633,0,0,162805793251
37.9883,26.3239,4.7619,69,72,61,1254,2800,0.482433,17,9.29633,0,0,162832117511
39.2972,25.4471,4.7619,69,72,61,1254,2800,0.482433,17,9.29633,0,0,162857564585
38.5606,25.9332,4.7619,69,72,61,1254,2800,0.482433,17,9.29633,0,0,162883498623
39.5835,25.263,4.7619,69,72,61,1254,2800,0.482433,17,9.29633,0,0,162908761321
38.3325,26.0875,4.7619,69,72,61,1254,2800,0.482433,17,9.29633,0,0,162934848546
39.9302,25.0437,4.7619,69,72,61,1254,2800,0.482433,17,9.29633,0,0,162959893045
35.5959,28.0931,4.7619,69,72,61,1254,2800,0.482433,17,9.29633,0,0,162987987827
41.5489,24.068,4.7619,69,72,61,1254,2800,0.482433,17,9.29633,0,0,163012054751
39.6422,25.2256,4.7619,69,72,61,1254,2800,0.482433,17,9.29633,0,0,163037281352
36.7468,27.2132,4.7619,69,72,61,1254,2800,0.482433,17,9.29633,0,0,163064493768
41.712,23.9739,4.7619,69,72,61,1254,2800,0.482433,17,9.29633,0,0,163088467808
38.6107,25.8996,4.7619,69,72,61,1254,2800,0.482433,17,9.29633,0,0,163114367622
29.876,33.4717,4.7619,69,72,61,1254,2800,0.482433,17,9.29633,0,0,163147839232
40.9923,24.3948,4.7619,69,72,61,1254,2800,0.482433,17,9.29633,0,0,163172234332
37.9253,26.3676,4.7619,69,72,61,1254,2800,0.482433,17,9.29633,0,0,163198602134
40.1004,24.9374,4.7619,69,72,61,1254,2800,0.482433,17,9.29633,0,0,163223542898
39.5942,25.2562,4.7619,69,72,61,1254,2800,0.482433,17,9.29633,0,0,163248799715
39.1347,25.5528,5.66948,69,62,62,1429,2800,0.482433,25,9.29666,0,0,163274350754
38.8038,25.7707,5.66948,69,62,62,1429,2800,0.482433,25,9.29666,0,0,163300120454
39.4408,25.3545,5.66948,69,62,62,1429,2800,0.482433,25,9.29666,0,0,163325475115
38.0956,26.2498,5.66948,69,62,62,1429,2800,0.482433,25,9.29666,0,0,163351726518
36.6301,27.3,5.66948,69,62,62,1429,2800,0.482433,25,9.29666,0,0,163379025146
36.403,27.4702,5.66948,69,62,62,1429,2800,0.482433,25,9.29666,0,0,163406496157
36.7402,27.2181,5.66948,69,62,62,1429,2800,0.482433,25,9.29666,0,0,163433715797
37.1063,26.9496,5.66948,69,62,62,1429,2800,0.482433,25,9.29666,0,0,163460663597
36.921,27.0848,5.66948,69,62,62,1429,2800,0.482433,25,9.29666,0,0,163487749125
37.3992,26.7386,5.66948,69,62,62,1429,2800,0.482433,25,9.29666,0,0,163514488033
35.1719,28.4318,5.66948,69,62,62,1429,2800,0.482433,25,9.29666,0,0,163542919206
36.7491,27.2115,5.66948,69,62,62,1429,2800,0.482433,25,9.29666,0,0,163570131732
35.2419,28.3753,5.66948,69,62,62,1429,2800,0.482433,25,9.29666,0,0,163598506540
37.7164,26.5137,5.66948,69,62,62,1429,2800,0.482433,25,9.29666,0,0,163625021868
34.5151,28.9728,5.66948,69,62,62,1429,2800,0.482433,25,9.29666,0,0,163653993565
35.4231,28.2302,5.66948,69,62,62,1429,2800,0.482433,25,9.29666,0,0,163682224923
36.7191,27.2338,5.66948,69,62,62,1429,2800,0.482433,25,9.29666,0,0,163709457988
36.0519,27.7378,5.66948,69,62,62,1429,2800,0.482433,25,9.29666,0,0,163737195840
34.3026,29.1523,5.66948,69,62,62,1429,2800,0.482433,25,9.29666,0,0,163766350280
38.6969,25.8419,8.14095,69,66,63,1407,2800,0.482433,19,9.29702,0,0,163792190943
36.2937,27.553,8.14095,69,66,63,1407,2800,0.482433,19,9.29702,0,0,163819743648
37.2123,26.8728,8.14095,69,66,63,1407,2800,0.482433,19,9.29702,0,0,163846617398
35.699,28.012,8.14095,69,66,63,1407,2800,0.482433,19,9.29702,0,0,163874630257
36.9084,27.0941,8.14095,69,66,63,1407,2800,0.482433,19,9.29702,0,0,163901723038
37.4213,26.7227,8.14095,69,66,63,1407,2800,0.482433,19,9.29702,0,0,163928446577
38.7575,25.8015,8.14095,69,66,63,1407,2800,0.482433,19,9.29702,0,0,163954248287
35.2452,28.3727,8.14095,69,66,63,1407,2800,0.482433,19,9.29702,0,0,163982620309
36.7474,27.2128,8.14095,69,66,63,1407,2800,0.482433,19,9.29702,0,0,164009833106
36.6364,27.2953,8.14095,69,66,63,1407,2800,0.482433,19,9.29702,0,0,164037128849
28.1063,35.5792,8.14095,69,66,63,1407,2800,0.482433,19,9.29702,0,0,164072707963
35.7652,27.9602,8.14095,69,66,63,1407,2800,0.482433,19,9.29702,0,0,164100668923
36.4016,27.4713,8.14095,69,66,63,1407,2800,0.482433,19,9.29702,0,0,164128139804
36.3307,27.525,8.14095,69,66,63,1407,2800,0.482433,19,9.29702,0,0,164155665098
36.6919,27.254,8.14095,69,66,63,1407,2800,0.482433,19,9.29702,0,0,164182919533
38.1332,26.2239,8.14095,69,66,63,1407,2800,0.482433,19,9.29702,0,0,164209145228
39.177,25.5252,8.14095,69,66,63,1407,2800,0.482433,19,9.29702,0,0,164234671400
41.374,24.1697,8.14095,69,66,63,1407,2800,0.482433,19,9.29702,0,0,164258840016
35.5664,28.1164,8.14095,69,66,63,1407,2800,0.482433,19,9.29702,0,0,164286960065
39.9459,25.0339,6.33374,69,64,63,1490,2800,0.482433,22,9.2967,0,0,164311989476
39.0455,25.6111,6.33374,69,64,63,1490,2800,0.482433,22,9.2967,0,0,164337601549
41.1181,24.3202,6.33374,69,64,63,1490,2800,0.482433,22,9.2967,0,0,164361922511
38.4095,26.0352,6.33374,69,64,63,1490,2800,0.482433,22,9.2967,0,0,164387957347
37.8767,26.4014,6.33374,69,64,63,1490,2800,0.482433,22,9.2967,0,0,164414358822
38.311,26.1021,6.33374,69,64,63,1490,2800,0.482433,22,9.2967,0,0,164440460915
38.333,26.0872,6.33374,69,64,63,1490,2800,0.482433,22,9.2967,0,0,164466549343
40.3135,24.8056,6.33374,69,64,63,1490,2800,0.482433,22,9.2967,0,0,164491355324
36.3898,27.4802,6.33374,69,64,63,1490,2800,0.482433,22,9.2967,0,0,164518835934
36.2599,27.5787,6.33374,69,64,63,1490,2800,0.482433,22,9.2967,0,0,164546414697
39.5305,25.2969,6.33374,69,64,63,1490,2800,0.482433,22,9.2967,0,0,164571710748
38.8901,25.7135,6.33374,69,64,63,1490,2800,0.482433,22,9.2967,0,0,164597424422
42.563,23.4946,6.33374,69,64,63,1490,2800,0.482433,22,9.2967,0,0,164620921147
37.6877,26.5339,6.33374,69,64,63,1490,2800,0.482433,22,9.2967,0,0,164647454690
27.9438,35.7861,6.33374,69,64,63,1490,2800,0.482433,22,9.2967,0,0,164683240161
36.0194,27.7628,6.33374,69,64,63,1490,2800,0.482433,22,9.2967,0,0,164711003190
35.0658,28.5178,6.33374,69,64,63,1490,2800,0.482433,22,9.2967,0,0,164739522198
34.7017,28.817,6.33374,69,64,63,1490,2800,0.482433,22,9.2967,0,0,164768339075
35.9734,27.7983,6.33374,69,64,63,1490,2800,0.482433,22,9.2967,0,0,164796139133
34.9039,28.6501,5.96273,69,71,63,1367,2800,0.482433,32,9.29605,0,0,164824786632
36.0544,27.7358,5.96273,69,71,63,1367,2800,0.482433,32,9.29605,0,0,164852524064
37.4889,26.6745,5.96273,69,71,63,1367,2800,0.482433,32,9.29605,0,0,164879197990
34.9417,28.6191,5.96273,69,71,63,1367,2800,0.482433,32,9.29605,0,0,164907816835
35.1832,28.4227,5.96273,69,71,63,1367,2800,0.482433,32,9.29605,0,0,164936240253
32.1697,31.0851,5.96273,69,71,63,1367,2800,0.482433,32,9.29605,0,0,164967326588
36.3527,27.5083,5.96273,69,71,63,1367,2800,0.482433,32,9.29605,0,0,164994833647
36.295,27.552,5.96273,69,71,63,1367,2800,0.482433,32,9.29605,0,0,165022386963
35.4879,28.1786,5.96273,69,71,63,1367,2800,0.482433,32,9.29605,0,0,165050565361
36.2555,27.582,5.96273,69,71,63,1367,2800,0.482433,32,9.29605,0,0,165078148804
38.1155,26.236,5.96273,69,71,63,1367,2800,0.482433,32,9.29605,0,0,165104385720
34.5694,28.9273,5.96273,69,71,63,1367,2800,0.482433,32,9.29605,0,0,165133311080
40.7486,24.5407,5.96273,69,71,63,1367,2800,0.482433,32,9.29605,0,0,165157852845
37.5622,26.6225,5.96273,69,71,63,1367,2800,0.482433,32,9.29605,0,0,165184476277
39.4404,25.3547,5.96273,69,71,63,1367,2800,0.482433,32,9.29605,0,0,165209832220
38.8898,25.7137,5.96273,69,71,63,1367,2800,0.482433,32,9.29605,0,0,165235544381
42.0248,23.7955,5.96273,69,71,63,1367,2800,0.482433,32,9.29605,0,0,165259340107
39.306,25.4414,5.96273,69,71,63,1367,2800,0.482433,32,9.29605,0,0,165284782162
37.2401,26.8528,5.96273,69,71,63,1367,2800,0.482433,32,9.29605,0,0,165311641816
37.3514,26.7728,6.13497,69,68,62,1466,2800,0.482433,21,9.30198,0,0,165338407805
36.6939,27.2525,6.13497,69,68,62,1466,2800,0.482433,21,9.30198,0,0,165365660036
39.8932,25.0669,6.13497,69,68,62,1466,2800,0.482433,21,9.30198,0,0,165390726967
39.5749,25.2685,6.13497,69,68,62,1466,2800,0.482433,21,9.30198,0,0,165415996318
39.3084,25.4398,6.13497,69,68,62,1466,2800,0.482433,21,9.30198,0,0,165441437611
39.2405,25.4839,6.13497,69,68,62,1466,2800,0.482433,21,9.30198,0,0,165466919891
41.7324,23.9622,6.13497,69,68,62,1466,2800,0.482433,21,9.30198,0,0,165490882490
36.3441,27.5148,6.13497,69,68,62,1466,2800,0.482433,21,9.30198,0,0,165518397364
40.4688,24.7104,6.13497,69,68,62,1466,2800,0.482433,21,9.30198,0,0,165543107916
37.8211,26.4403,6.13497,69,68,62,1466,2800,0.482433,21,9.30198,0,0,165569550247
34.9785,28.589,6.13497,69,68,62,1466,2800,0.482433,21,9.30198,0,0,165598138134
40.8685,24.4687,6.13497,69,68,62,1466,2800,0.482433,21,9.30198,0,0,165622608426
35.6657,28.0381,6.13497,69,68,62,1466,2800,0.482433,21,9.30198,0,0,165650646401
35.9872,27.7877,6.13497,69,68,62,1466,2800,0.482433,21,9.30198,0,0,165678432965
36.7948,27.1778,6.13497,69,68,62,1466,2800,0.482433,21,9.30198,0,0,165705611788
35.4657,28.1963,6.13497,69,68,62,1466,2800,0.482433,21,9.30198,0,0,165733807349
37.5357,26.6413,6.13497,69,68,62,1466,2800,0.482433,21,9.30198,0,0,165760450166
37.1617,26.9094,6.13497,69,68,62,1466,2800,0.482433,21,9.30198,0,0,165787358682
35.4659,28.1961,6.13497,69,68,62,1466,2800,0.482433,21,9.30198,0,0,165815557670
37.0396,26.9982,7.79874,69,69,62,1412,2800,0.482433,16,9.30141,0,0,165842554782
36.2034,27.6217,7.79874,69,69,62,1412,2800,0.482433,16,9.30141,0,0,165870175454
32.5628,30.7099,7.79874,69,69,62,1412,2800,0.482433,16,9.30141,0,0,165900885313
37.8049,26.4516,7.79874,69,69,62,1412,2800,0.482433,16,9.30141,0,0,165927337913
36.6135,27.3123,7.79874,69,69,62,1412,2800,0.482433,16,9.30141,0,0,165954650508
35.3715,28.2713,7.79874,69,69,62,1412,2800,0.482433,16,9.30141,0,0,165982921069
37.2395,26.8532,7.79874,69,69,62,1412,2800,0.482433,16,9.30141,0,0,166009774622
37.0627,26.9813,7.79874,69,69,62,1412,2800,0.482433,16,9.30141,0,0,166036757327
39.4493,25.349,7.79874,69,69,62,1412,2800,0.482433,16,9.30141,0,0,166062105205
37.722,26.5097,7.79874,69,69,62,1412,2800,0.482433,16,9.30141,0,0,166088616476
39.0869,25.584,7.79874,69,69,62,1412,2800,0.482433,16,9.30141,0,0,166114199485
39.4694,25.3361,7.79874,69,69,62,1412,2800,0.482433,16,9.30141,0,0,166139536423
40.0704,24.9561,7.79874,69,69,62,1412,2800,0.482433,16,9.30141,0,0,166164492175
40.1528,24.9048,7.79874,69,69,62,1412,2800,0.482433,16,9.30141,0,0,166189397062
41.5816,24.0491,7.79874,69,69,62,1412,2800,0.482433,16,9.30141,0,0,166213446774
39.2688,25.4655,7.79874,69,69,62,1412,2800,0.482433,16,9.30141,0,0,166238912474
37.7278,26.5057,7.79874,69,69,62,1412,2800,0.482433,16,9.30141,0,0,166265418124
41.6595,24.0041,7.79874,69,69,62,1412,2800,0.482433,16,9.30141,0,0,166289423423
40.0394,24.9754,7.79874,69,69,62,1412,2800,0.482433,16,9.30141,0,0,166314400064
39.8538,25.0917,7.79874,69,69,62,1412,2800,0.482433,16,9.30141,0,0,166339492042
36.8615,27.1286,5.55556,69,64,61,1647,2800,0.482433,23,9.30276,0,0,166366619168
39.7974,25.1273,5.55556,69,64,61,1647,2800,0.482433,23,9.30276,0,0,166391747284
36.0849,27.7124,5.55556,69,64,61,1647,2800,0.482433,23,9.30276,0,0,166419459448
39.7753,25.1412,5.55556,69,64,61,1647,2800,0.482433,23,9.30276,0,0,166444601690
39.2118,25.5026,5.55556,69,64,61,1647,2800,0.482433,23,9.30276,0,0,166470103477
37.0265,27.0077,5.55556,69,64,61,1647,2800,0.482433,23,9.30276,0,0,166497111680
40.4041,24.7499,5.55556,69,64,61,1647,2800,0.482433,23,9.30276,0,0,166521861105
39.7454,25.1602,5.55556,69,64,61,1647,2800,0.482433,23,9.30276,0,0,166547021872
37.7311,26.5033,5.55556,69,64,61,1647,2800,0.482433,23,9.30276,0,0,166573525809
38.349,26.0763,5.55556,69,64,61,1647,2800,0.482433,23,9.30276,0,0,166599602415
41.2175,24.2615,5.55556,69,64,61,1647,2800,0.482433,23,9.30276,0,0,166623863564
39.0156,25.6307,5.55556,69,64,61,1647,2800,0.482433,23,9.30276,0,0,166649495415
38.5519,25.939,5.55556,69,64,61,1647,2800,0.482433,23,9.30276,0,0,166675433720
38.4754,25.9907,5.55556,69,64,61,1647,2800,0.482433,23,9.30276,0,0,166701425126
40.3844,24.762,5.55556,69,64,61,1647,2800,0.482433,23,9.30276,0,0,166726188437
38.2619,26.1357,5.55556,69,64,61,1647,2800,0.482433,23,9.30276,0,0,166752323171
40.4188,24.741,5.55556,69,64,61,1647,2800,0.482433,23,9.30276,0,0,166777064451
37.6664,26.5489,5.55556,69,64,61,1647,2800,0.482433,23,9.30276,0,0,166803613403
35.0591,28.5233,5.55556,69,64,61,1647,2800,0.482433,23,9.30276,0,0,166832136258
44.2106,22.619,5.55556,69,64,61,1647,2800,0.482433,23,9.30276,0,0,166854760095
37.6363,26.5701,4.42804,70,73,62,1765,2800,0.482433,13,9.30087,0,0,166881326860
27.6041,36.2265,4.42804,70,73,62,1765,2800,0.482433,13,9.30087,0,0,166917554220
40.3866,24.7607,4.42804,70,73,62,1765,2800,0.482433,13,9.30087,0,0,166942313694
38.5915,25.9124,4.42804,70,73,62,1765,2800,0.482433,13,9.30087,0,0,166968227143
46.7819,21.3758,4.42804,70,73,62,1765,2800,0.482433,13,9.30087,0,0,166989602839
37.8904,26.3919,4.42804,70,73,62,1765,2800,0.482433,13,9.30087,0,0,167015994966
39.9873,25.0079,4.42804,70,73,62,1765,2800,0.482433,13,9.30087,0,0,167041005130
37.6674,26.5481,4.42804,70,73,62,1765,2800,0.482433,13,9.30087,0,0,167067552138
31.4333,31.8134,4.42804,70,73,62,1765,2800,0.482433,13,9.30087,0,0,167099365817
45.1452,22.1508,4.42804,70,73,62,1765,2800,0.482433,13,9.30087,0,0,167121516817
41.9239,23.8527,4.42804,70,73,62,1765,2800,0.482433,13,9.30087,0,0,167145370141
39.2217,25.4961,4.42804,70,73,62,1765,2800,0.482433,13,9.30087,0,0,167170866317
36.009,27.7708,4.42804,70,73,62,1765,2800,0.482433,13,9.30087,0,0,167198637462
39.5669,25.2737,4.42804,70,73,62,1765,2800,0.482433,13,9.30087,0,0,167223911231
39.5769,25.2673,4.42804,70,73,62,1765,2800,0.482433,13,9.30087,0,0,167249178377
38.9576,25.6689,4.42804,70,73,62,1765,2800,0.482433,13,9.30087,0,0,167274847468
38.2554,26.1401,4.42804,70,73,62,1765,2800,0.482433,13,9.30087,0,0,167300988304
38.5281,25.9551,4.42804,70,73,62,1765,2800,0.482433,13,9.30087,0,0,167326944603
39.4158,25.3706,4.42804,70,73,62,1765,2800,0.482433,13,9.30087,0,0,167352313872
37.2779,26.8256,4.42804,70,73,62,1765,2800,0.482433,13,9.30087,0,0,167379146756
38.4184,26.0292,5.06635,69,62,64,1791,2800,0.482433,24,9.30364,0,0,167405170893
36.5852,27.3335,5.06635,69,62,64,1791,2800,0.482433,24,9.30364,0,0,167432503404
42.5849,23.4825,5.06635,69,62,64,1791,2800,0.482433,24,9.30364,0,0,167455985432
38.7289,25.8205,5.06635,69,62,64,1791,2800,0.482433,24,9.30364,0,0,167481806527
38.6656,25.8628,5.06635,69,62,64,1791,2800,0.482433,24,9.30364,0,0,167507671936
37.5712,26.6161,5.06635,69,62,64,1791,2800,0.482433,24,9.30364,0,0,167534286762
41.6818,23.9913,5.06635,69,62,64,1791,2800,0.482433,24,9.30364,0,0,167558279998
37.054,26.9876,5.06635,69,62,64,1791,2800,0.482433,24,9.30364,0,0,167585267793
38.6979,25.8412,5.06635,69,62,64,1791,2800,0.482433,24,9.30364,0,0,167611109487
35.7329,27.9854,5.06635,69,62,64,1791,2800,0.482433,24,9.30364,0,0,167639093952
37.4435,26.7069,5.06635,69,62,64,1791,2800,0.482433,24,9.30364,0,0,167665800900
40.8639,24.4715,5.06635,69,62,64,1791,2800,0.482433,24,9.30364,0,0,167690271252
39.0053,25.6376,5.06635,69,62,64,1791,2800,0.482433,24,9.30364,0,0,167715909344
40.4696,24.7099,5.06635,69,62,64,1791,2800,0.482433,24,9.30364,0,0,167740621189
36.338,27.5194,5.06635,69,62,64,1791,2800,0.482433,24,9.30364,0,0,167768139840
43.3117,23.0885,5.06635,69,62,64,1791,2800,0.482433,24,9.30364,0,0,167791230162
37.3701,26.7593,5.06635,69,62,64,1791,2800,0.482433,24,9.30364,0,0,167817988206
38.2849,26.12,5.06635,69,62,64,1791,2800,0.482433,24,9.30364,0,0,167844107521
38.6196,25.8936,5.06635,69,62,64,1791,2800,0.482433,24,9.30364,0,0,167870003478
40.5742,24.6462,5.06635,69,62,64,1791,2800,0.482433,24,9.30364,0,0,167894652995
38.878,25.7215,7.62608,70,63,67,2197,2800,0.482433,17,9.30435,0,0,167920371529
35.0117,28.5618,7.62608,70,63,67,2197,2800,0.482433,17,9.30435,0,0,167948932305
40.15,24.9066,7.62608,70,63,67,2197,2800,0.482433,17,9.30435,0,0,167973838995
36.3993,27.473,7.62608,70,63,67,2197,2800,0.482433,17,9.30435,0,0,168001311850
35.9523,27.8146,7.62608,70,63,67,2197,2800,0.482433,17,9.30435,0,0,168029128109
37.4458,26.7052,7.62608,70,63,67,2197,2800,0.482433,17,9.30435,0,0,168055834015
33.749,29.6305,7.62608,70,63,67,2197,2800,0.482433,17,9.30435,0,0,168085464408
34.8249,28.7151,7.62608,70,63,67,2197,2800,0.482433,17,9.30435,0,0,168114180165
35.9838,27.7903,7.62608,70,63,67,2197,2800,0.482433,17,9.30435,0,0,168141969404
35.3879,28.2583,7.62608,70,63,67,2197,2800,0.482433,17,9.30435,0,0,168170227903
39.0725,25.5935,7.62608,70,63,67,2197,2800,0.482433,17,9.30435,0,0,168195821512
37.9852,26.326,7.62608,70,63,67,2197,2800,0.482433,17,9.30435,0,0,168222149428
38.1304,26.2258,7.62608,70,63,67,2197,2800,0.482433,17,9.30435,0,0,168248375454
39.3118,25.4377,7.62608,70,63,67,2197,2800,0.482433,17,9.30435,0,0,168273813241
36.3217,27.5318,7.62608,70,63,67,2197,2800,0.482433,17,9.30435,0,0,168301343964
36.9917,27.0331,7.62608,70,63,67,2197,2800,0.482433,17,9.30435,0,0,168328378196
38.4419,26.0133,7.62608,70,63,67,2197,2800,0.482433,17,9.30435,0,0,168354390531
39.1603,25.536,7.62608,70,63,67,2197,2800,0.482433,17,9.30435,0,0,168379928305
38.2163,26.1669,7.62608,70,63,67,2197,2800,0.482433,17,9.30435,0,0,168406095831
37.3992,26.7385,5.93325,70,62,67,2092,2800,0.482433,39,9.30324,0,0,168432833887
40.0937,24.9416,5.93325,70,62,67,2092,2800,0.482433,39,9.30324,0,0,168457775503
38.3066,26.1052,5.93325,70,62,67,2092,2800,0.482433,39,9.30324,0,0,168483882145
39.468,25.337,5.93325,70,62,67,2092,2800,0.482433,39,9.30324,0,0,168509217870
37.1336,26.9298,5.93325,70,62,67,2092,2800,0.482433,39,9.30324,0,0,168536148157
40.0073,24.9954,5.93325,70,62,67,2092,2800,0.482433,39,9.30324,0,0,168561144215
37.9512,26.3496,5.93325,70,62,67,2092,2800,0.482433,39,9.30324,0,0,168587495626
39.7383,25.1647,5.93325,70,62,67,2092,2800,0.482433,39,9.30324,0,0,168612658667
39.6082,25.2473,5.93325,70,62,67,2092,2800,0.482433,39,9.30324,0,0,168637908240
36.8656,27.1255,5.93325,70,62,67,2092,2800,0.482433,39,9.30324,0,0,168665033884
38.9959,25.6437,5.93325,70,62,67,2092,2800,0.482433,39,9.30324,0,0,168690677016
40.0688,24.9571,5.93325,70,62,67,2092,2800,0.482433,39,9.30324,0,0,168715635243
40.2461,24.8471,5.93325,70,62,67,2092,2800,0.482433,39,9.30324,0,0,168740482622
36.5633,27.3498,5.93325,70,62,67,2092,2800,0.482433,39,9.30324,0,0,168767830242
41.3857,24.163,5.93325,70,62,67,2092,2800,0.482433,39,9.30324,0,0,168791994800
38.4022,26.0402,5.93325,70,62,67,2092,2800,0.482433,39,9.30324,0,0,168818033474
38.0193,26.3024,5.93325,70,62,67,2092,2800,0.482433,39,9.30324,0,0,168844338448
38.2391,26.1512,5.93325,70,62,67,2092,2800,0.482433,39,9.30324,0,0,168870488150
39.9718,25.0176,5.93325,70,62,67,2092,2800,0.482433,39,9.30324,0,0,168895505618
37.397,26.7401,5.93325,70,62,67,2092,2800,0.482433,39,9.30324,0,0,168922251780
38.1421,26.2177,6.01227,70,73,64,1749,2800,0.482433,25,9.3023,0,0,168948465041
38.0952,26.25,6.01227,70,73,64,1749,2800,0.482433,25,9.3023,0,0,168974714220
37.7949,26.4586,6.01227,70,73,64,1749,2800,0.482433,25,9.3023,0,0,169001173403
40.5614,24.654,6.01227,70,73,64,1749,2800,0.482433,25,9.3023,0,0,169025828582
35.9222,27.838,6.01227,70,73,64,1749,2800,0.482433,25,9.3023,0,0,169053665159
36.7662,27.1989,6.01227,70,73,64,1749,2800,0.482433,25,9.3023,0,0,169080864751
39.1868,25.5188,6.01227,70,73,64,1749,2800,0.482433,25,9.3023,0,0,169106384892
39.5536,25.2822,6.01227,70,73,64,1749,2800,0.482433,25,9.3023,0,0,169131666686
40.6704,24.5879,6.01227,70,73,64,1749,2800,0.482433,25,9.3023,0,0,169156256332
38.798,25.7745,6.01227,70,73,64,1749,2800,0.482433,25,9.3023,0,0,169182030009
37.5937,26.6002,6.01227,70,73,64,1749,2800,0.482433,25,9.3023,0,0,169208629946
37.8902,26.392,6.01227,70,73,64,1749,2800,0.482433,25,9.3023,0,0,169235022083
39.7877,25.1334,6.01227,70,73,64,1749,2800,0.482433,25,9.3023,0,0,169260156611
38.6964,25.8422,6.01227,70,73,64,1749,2800,0.482433,25,9.3023,0,0,169285999177
40.5608,24.6543,6.01227,70,73,64,1749,2800,0.482433,25,9.3023,0,0,169310655037
37.0369,27.0001,6.01227,70,73,64,1749,2800,0.482433,25,9.3023,0,0,169337654754
41.5738,24.0536,6.01227,70,73,64,1749,2800,0.482433,25,9.3023,0,0,169361707652
37.7697,26.4762,6.01227,70,73,64,1749,2800,0.482433,25,9.3023,0,0,169388184859
38.2154,26.1674,6.01227,70,73,64,1749,2800,0.482433,25,9.3023,0,0,169414351363
37.7776,26.4707,6.01227,70,73,64,1749,2800,0.482433,25,9.3023,0,0,169440826937
37.6553,26.5567,5.63035,69,67,63,1706,2800,0.482433,24,9.2986,0,0,169467380297
40.4949,24.6945,5.63035,69,67,63,1706,2800,0.482433,24,9.2986,0,0,169492074388
35.7021,28.0095,5.63035,69,67,63,1706,2800,0.482433,24,9.2986,0,0,169520084100
42.3936,23.5885,5.63035,69,67,63,1706,2800,0.482433,24,9.2986,0,0,169543674250
36.4753,27.4158,5.63035,69,67,63,1706,2800,0.482433,24,9.2986,0,0,169571089227
41.0962,24.3331,5.63035,69,67,63,1706,2800,0.482433,24,9.2986,0,0,169595423092
38.4229,26.0261,5.63035,69,67,63,1706,2800,0.482433,24,9.2986,0,0,169621457478
37.2439,26.85,5.63035,69,67,63,1706,2800,0.482433,24,9.2986,0,0,169648298718
42.5191,23.5188,5.63035,69,67,63,1706,2800,0.482433,24,9.2986,0,0,169671820029
35.7944,27.9373,5.63035,69,67,63,1706,2800,0.482433,24,9.2986,0,0,169699757185
37.562,26.6227,5.63035,69,67,63,1706,2800,0.482433,24,9.2986,0,0,169726378092
39.4387,25.3558,5.63035,69,67,63,1706,2800,0.482433,24,9.2986,0,0,169751736229
39.9743,25.0161,5.63035,69,67,63,1706,2800,0.482433,24,9.2986,0,0,169776752304
36.8288,27.1526,5.63035,69,67,63,1706,2800,0.482433,24,9.2986,0,0,169803904037
45.1481,22.1493,5.63035,69,67,63,1706,2800,0.482433,24,9.2986,0,0,169826055187
38.2043,26.1751,5.63035,69,67,63,1706,2800,0.482433,24,9.2986,0,0,169852231059
39.8471,25.0959,5.63035,69,67,63,1706,2800,0.482433,24,9.2986,0,0,169877326363
37.2646,26.8351,5.63035,69,67,63,1706,2800,0.482433,24,9.2986,0,0,169904162974
41.5423,24.0719,5.63035,69,67,63,1706,2800,0.482433,24,9.2986,0,0,169928233325
38.0139,26.3062,5.63035,69,67,63,1706,2800,0.482433,24,9.2986,0,0,169954544030
37.5758,26.6128,7.64488,69,65,63,1614,2800,0.482433,17,9.29964,0,0,169981154436
38.7951,25.7764,7.64488,69,65,63,1614,2800,0.482433,17,9.29964,0,0,170006930538
36.9808,27.0411,7.64488,69,65,63,1614,2800,0.482433,17,9.29964,0,0,170033973186
42.3502,23.6127,7.64488,69,65,63,1614,2800,0.482433,17,9.29964,0,0,170057585147
36.3611,27.5019,7.64488,69,65,63,1614,2800,0.482433,17,9.29964,0,0,170085087417
41.7221,23.9681,7.64488,69,65,63,1614,2800,0.482433,17,9.29964,0,0,170109054705
36.1589,27.6557,7.64488,69,65,63,1614,2800,0.482433,17,9.29964,0,0,170136711465
43.3826,23.0507,7.64488,69,65,63,1614,2800,0.482433,17,9.29964,0,0,170159761752
35.2559,28.364,7.64488,69,65,63,1614,2800,0.482433,17,9.29964,0,0,170188125638
40.5714,24.6479,7.64488,69,65,63,1614,2800,0.482433,17,9.29964,0,0,170212774425
40.8391,24.4863,7.64488,69,65,63,1614,2800,0.482433,17,9.29964,0,0,170237261738
35.1023,28.4882,7.64488,69,65,63,1614,2800,0.482433,17,9.29964,0,0,170265750369
43.5379,22.9685,7.64488,69,65,63,1614,2800,0.482433,17,9.29964,0,0,170288718592
36.6953,27.2515,7.64488,69,65,63,1614,2800,0.482433,17,9.29964,0,0,170315970843
42.5063,23.5259,7.64488,69,65,63,1614,2800,0.482433,17,9.29964,0,0,170339495851
35.5009,28.1683,7.64488,69,65,63,1614,2800,0.482433,17,9.29964,0,0,170367665984
43.2799,23.1054,7.64488,69,65,63,1614,2800,0.482433,17,9.29964,0,0,170390770223
36.1026,27.6988,7.64488,69,65,63,1614,2800,0.482433,17,9.29964,0,0,170418469773
38.9222,25.6923,7.64488,69,65,63,1614,2800,0.482433,17,9.29964,0,0,170444164021
39.691,25.1946,7.64488,69,65,63,1614,2800,0.482433,17,9.29964,0,0,170469362228
38.0312,26.2942,5.28256,69,67,62,1475,2800,0.482433,29,9.2987,0,0,170495654137
40.7291,24.5525,5.28256,69,67,62,1475,2800,0.482433,29,9.2987,0,0,170520204359
39.0529,25.6063,5.28256,69,67,62,1475,2800,0.482433,29,9.2987,0,0,170545811964
38.0838,26.2579,5.28256,69,67,62,1475,2800,0.482433,29,9.2987,0,0,170572070090
37.2156,26.8705,5.28256,69,67,62,1475,2800,0.482433,29,9.2987,0,0,170598940725
42.6191,23.4637,5.28256,69,67,62,1475,2800,0.482433,29,9.2987,0,0,170622403616
37.8358,26.43,5.28256,69,67,62,1475,2800,0.482433,29,9.2987,0,0,170648835909
39.9761,25.0149,5.28256,69,67,62,1475,2800,0.482433,29,9.2987,0,0,170673848638
37.0717,26.9748,5.28256,69,67,62,1475,2800,0.482433,29,9.2987,0,0,170700824391
41.3601,24.1779,5.28256,69,67,62,1475,2800,0.482433,29,9.2987,0,0,170725003646
38.2342,26.1546,5.28256,69,67,62,1475,2800,0.482433,29,9.2987,0,0,170751158769
38.9187,25.6946,5.28256,69,67,62,1475,2800,0.482433,29,9.2987,0,0,170776852385
35.518,28.1547,5.28256,69,67,62,1475,2800,0.482433,29,9.2987,0,0,170805008682
42.992,23.2602,5.28256,69,67,62,1475,2800,0.482433,29,9.2987,0,0,170828266850
38.344,26.0797,5.28256,69,67,62,1475,2800,0.482433,29,9.2987,0,0,170854349376
37.622,26.5802,5.28256,69,67,62,1475,2800,0.482433,29,9.2987,0,0,170880928334
39.748,25.1585,5.28256,69,67,62,1475,2800,0.482433,29,9.2987,0,0,170906087708
36.3934,27.4775,5.28256,69,67,62,1475,2800,0.482433,29,9.2987,0,0,170933565132
43.6961,22.8853,5.28256,69,67,62,1475,2800,0.482433,29,9.2987,0,0,170956451431
35.6884,28.0203,5.28256,69,67,62,1475,2800,0.482433,29,9.2987,0,0,170984475060
40.706,24.5664,5.01223,69,71,62,1347,2800,0.482433,25,9.29916,0,0,171009038937
35.112,28.4803,5.01223,69,71,62,1347,2800,0.482433,25,9.29916,0,0,171037518260
45.1464,22.1502,5.01223,69,71,62,1347,2800,0.482433,25,9.29916,0,0,171059668248
37.6538,26.5577,5.01223,69,71,62,1347,2800,0.482433,25,9.29916,0,0,171086226457
39.067,25.5971,5.01223,69,71,62,1347,2800,0.482433,25,9.29916,0,0,171111823552
38.7626,25.7981,5.01223,69,71,62,1347,2800,0.482433,25,9.29916,0,0,171137623298
36.4919,27.4034,5.01223,69,71,62,1347,2800,0.482433,25,9.29916,0,0,171165027134
42.5799,23.4852,5.01223,69,71,62,1347,2800,0.482433,25,9.29916,0,0,171188512297
37.8609,26.4125,5.01223,69,71,62,1347,2800,0.482433,25,9.29916,0,0,171214925704
39.3333,25.4237,5.01223,69,71,62,1347,2800,0.482433,25,9.29916,0,0,171240349565
35.946,27.8195,5.01223,69,71,62,1347,2800,0.482433,25,9.29916,0,0,171268170142
43.4641,23.0075,5.01223,69,71,62,1347,2800,0.482433,25,9.29916,0,0,171291176958
36.5184,27.3834,5.01223,69,71,62,1347,2800,0.482433,25,9.29916,0,0,171318561537
42.1718,23.7125,5.01223,69,71,62,1347,2800,0.482433,25,9.29916,0,0,171342273225
36.4297,27.4501,5.01223,69,71,62,1347,2800,0.482433,25,9.29916,0,0,171369724359
41.3555,24.1806,5.01223,69,71,62,1347,2800,0.482433,25,9.29916,0,0,171393904737
36.8338,27.1489,5.01223,69,71,62,1347,2800,0.482433,25,9.29916,0,0,171421054345
36.9362,27.0737,5.01223,69,71,62,1347,2800,0.482433,25,9.29916,0,0,171448127320
40.0002,24.9999,5.01223,69,71,62,1347,2800,0.482433,25,9.29916,0,0,171473127706
37.2701,26.8312,5.01223,69,71,62,1347,2800,0.482433,25,9.29916,0,0,171499966692
44.4334,22.5056,4.88998,69,68,62,1353,2800,0.482433,14,9.29886,0,0,171522467348
35.9991,27.7785,4.88998,69,68,62,1353,2800,0.482433,14,9.29886,0,0,171550244734
40.8861,24.4582,4.88998,69,68,62,1353,2800,0.482433,14,9.29886,0,0,171574702883
36.8679,27.1239,4.88998,69,68,62,1353,2800,0.482433,14,9.29886,0,0,171601826753
42.4569,23.5533,4.88998,69,68,62,1353,2800,0.482433,14,9.29886,0,0,171625379633
36.8342,27.1487,4.88998,69,68,62,1353,2800,0.482433,14,9.29886,0,0,171652528420
36.7509,27.2102,4.88998,69,68,62,1353,2800,0.482433,14,9.29886,0,0,171679739333
40.0399,24.9751,4.88998,69,68,62,1353,2800,0.482433,14,9.29886,0,0,171704714342
35.7204,27.9952,4.88998,69,68,62,1353,2800,0.482433,14,9.29886,0,0,171732710388
40.935,24.4289,4.88998,69,68,62,1353,2800,0.482433,14,9.29886,0,0,171757140945
38.5496,25.9406,4.88998,69,68,62,1353,2800,0.482433,14,9.29886,0,0,171783081756
40.229,24.8577,4.88998,69,68,62,1353,2800,0.482433,14,9.29886,0,0,171807939354
36.8882,27.1089,4.88998,69,68,62,1353,2800,0.482433,14,9.29886,0,0,171835047765
44.7315,22.3556,4.88998,69,68,62,1353,2800,0.482433,14,9.29886,0,0,171857403840
36.0824,27.7144,4.88998,69,68,62,1353,2800,0.482433,14,9.29886,0,0,171885119110
41.3628,24.1763,4.88998,69,68,62,1353,2800,0.482433,14,9.29886,0,0,171909296281
35.5393,28.1379,4.88998,69,68,62,1353,2800,0.482433,14,9.29886,0,0,171937434815
40.6988,24.5707,4.88998,69,68,62,1353,2800,0.482433,14,9.29886,0,0,171962004263
41.0023,24.3889,4.88998,69,68,62,1353,2800,0.482433,14,9.29886,0,0,171986392871
38.6879,25.8479,4.88998,69,68,62,1353,2800,0.482433,14,9.29886,0,0,172012244724
37.5931,26.6006,7.26601,69,61,61,1235,2800,0.482433,25,9.29961,0,0,172038842287
37.0894,26.9619,7.26601,69,61,61,1235,2800,0.482433,25,9.29961,0,0,172065804364
42.8998,23.3101,7.26601,69,61,61,1235,2800,0.482433,25,9.29961,0,0,172089116472
35.3956,28.2521,7.26601,69,61,61,1235,2800,0.482433,25,9.29961,0,0,172117366736
40.6823,24.5807,7.26601,69,61,61,1235,2800,0.482433,25,9.29961,0,0,172141947504
36.5135,27.3872,7.26601,69,61,61,1235,2800,0.482433,25,9.29961,0,0,172169335380
43.7841,22.8393,7.26601,69,61,61,1235,2800,0.482433,25,9.29961,0,0,172192177126
37.4017,26.7367,7.26601,69,61,61,1235,2800,0.482433,25,9.29961,0,0,172218912898
39.4866,25.3251,7.26601,69,61,61,1235,2800,0.482433,25,9.29961,0,0,172244238454
36.3278,27.5271,7.26601,69,61,61,1235,2800,0.482433,25,9.29961,0,0,172271764499
37.6605,26.553,7.26601,69,61,61,1235,2800,0.482433,25,9.29961,0,0,172298318670
41.8747,23.8808,7.26601,69,61,61,1235,2800,0.482433,25,9.29961,0,0,172322200027
35.9166,27.8423,7.26601,69,61,61,1235,2800,0.482433,25,9.29961,0,0,172350041533
39.5936,25.2566,7.26601,69,61,61,1235,2800,0.482433,25,9.29961,0,0,172375299212
38.3276,26.0908,7.26601,69,61,61,1235,2800,0.482433,25,9.29961,0,0,172401390074
41.4327,24.1356,7.26601,69,61,61,1235,2800,0.482433,25,9.29961,0,0,172425526359
37.8948,26.3889,7.26601,69,61,61,1235,2800,0.482433,25,9.29961,0,0,172451914128
39.8229,25.1112,7.26601,69,61,61,1235,2800,0.482433,25,9.29961,0,0,172477025282
36.1603,27.6547,7.26601,69,61,61,1235,2800,0.482433,25,9.29961,0,0,172504681400
41.505,24.0935,7.26601,69,61,61,1235,2800,0.482433,25,9.29961,0,0,172528776919
38.8063,25.769,4.53431,69,66,61,1276,2800,0.482433,12,9.30033,0,0,172554544544
39.6524,25.2192,4.53431,69,66,61,1276,2800,0.482433,12,9.30033,0,0,172579762949
37.7842,26.4661,4.53431,69,66,61,1276,2800,0.482433,12,9.30033,0,0,172606230178
36.5756,27.3406,4.53431,69,66,61,1276,2800,0.482433,12,9.30033,0,0,172633570073
43.5169,22.9796,4.53431,69,66,61,1276,2800,0.482433,12,9.30033,0,0,172656549748
36.8148,27.163,4.53431,69,66,61,1276,2800,0.482433,12,9.30033,0,0,172683713092
38.8747,25.7237,4.53431,69,66,61,1276,2800,0.482433,12,9.30033,0,0,172709437226
37.9338,26.3617,4.53431,69,66,61,1276,2800,0.482433,12,9.30033,0,0,172735799096
41.5729,24.0542,4.53431,69,66,61,1276,2800,0.482433,12,9.30033,0,0,172759855020
35.7546,27.9685,4.53431,69,66,61,1276,2800,0.482433,12,9.30033,0,0,172787823726
40.8145,24.5011,4.53431,69,66,61,1276,2800,0.482433,12,9.30033,0,0,172812323382
38.1494,26.2127,4.53431,69,66,61,1276,2800,0.482433,12,9.30033,0,0,172838536313
37.2262,26.8628,4.53431,69,66,61,1276,2800,0.482433,12,9.30033,0,0,172865400466
42.8635,23.3299,4.53431,69,66,61,1276,2800,0.482433,12,9.30033,0,0,172888729366
37.7119,26.5168,4.53431,69,66,61,1276,2800,0.482433,12,9.30033,0,0,172915246368
38.8399,25.7467,4.53431,69,66,61,1276,2800,0.482433,12,9.30033,0,0,172940994346
36.4164,27.4601,4.53431,69,66,61,1276,2800,0.482433,12,9.30033,0,0,172968453766
43.5413,22.9667,4.53431,69,66,61,1276,2800,0.482433,12,9.30033,0,0,172991422731
37.6241,26.5787,4.53431,69,66,61,1276,2800,0.482433,12,9.30033,0,0,173018000346
39.8069,25.1213,4.53431,69,66,61,1276,2800,0.482433,12,9.30033,0,0,173043123743
35.89,27.8629,5.26316,69,70,62,1347,2800,0.482433,25,9.29795,0,0,173070984436
40.6389,24.6069,5.26316,69,70,62,1347,2800,0.482433,25,9.29795,0,0,173095593347
38.1877,26.1865,5.26316,69,70,62,1347,2800,0.482433,25,9.29795,0,0,173121778847
39.355,25.4097,5.26316,69,70,62,1347,2800,0.482433,25,9.29795,0,0,173147188420
38.1605,26.2051,5.26316,69,70,62,1347,2800,0.482433,25,9.29795,0,0,173173393908
38.1248,26.2296,5.26316,69,70,62,1347,2800,0.482433,25,9.29795,0,0,173199625113
39.3513,25.4121,5.26316,69,70,62,1347,2800,0.482433,25,9.29795,0,0,173225036320
40.4741,24.7072,5.26316,69,70,62,1347,2800,0.482433,25,9.29795,0,0,173249743135
38.8973,25.7087,5.26316,69,70,62,1347,2800,0.482433,25,9.29795,0,0,173275454094
37.4313,26.7156,5.26316,69,70,62,1347,2800,0.482433,25,9.29795,0,0,173302168927
43.4465,23.0168,5.26316,69,70,62,1347,2800,0.482433,25,9.29795,0,0,173325185411
37.3692,26.76,5.26316,69,70,62,1347,2800,0.482433,25,9.29795,0,0,173351945699
39.8155,25.1158,5.26316,69,70,62,1347,2800,0.482433,25,9.29795,0,0,173377061201
36.1096,27.6934,5.26316,69,70,62,1347,2800,0.482433,25,9.29795,0,0,173404755281
37.2478,26.8472,5.26316,69,70,62,1347,2800,0.482433,25,9.29795,0,0,173431602732
42.5086,23.5246,5.26316,69,70,62,1347,2800,0.482433,25,9.29795,0,0,173455127750
37.1719,26.902,5.26316,69,70,62,1347,2800,0.482433,25,9.29795,0,0,173482029864
41.1438,24.305,5.26316,69,70,62,1347,2800,0.482433,25,9.29795,0,0,173506334856
37.0341,27.0021,5.26316,69,70,62,1347,2800,0.482433,25,9.29795,0,0,173533337568
41.8108,23.9173,5.26316,69,70,62,1347,2800,0.482433,25,9.29795,0,0,173557261735
35.5858,28.1011,4.68557,69,64,61,1221,2800,0.482433,15,9.29689,0,0,173585356046
40.7398,24.546,4.68557,69,64,61,1221,2800,0.482433,15,9.29689,0,0,173609902190
37.0154,27.0157,4.68557,69,64,61,1221,2800,0.482433,15,9.29689,0,0,173636918238
38.9419,25.6793,4.68557,69,64,61,1221,2800,0.482433,15,9.29689,0,0,173662598019
42.1876,23.7037,4.68557,69,64,61,1221,2800,0.482433,15,9.29689,0,0,173686302553
38.7727,25.7913,4.68557,69,64,61,1221,2800,0.482433,15,9.29689,0,0,173712095667
37.4392,26.71,4.68557,69,64,61,1221,2800,0.482433,15,9.29689,0,0,173738803947
36.4194,27.4579,4.68557,69,64,61,1221,2800,0.482433,15,9.29689,0,0,173766262024
43.2376,23.128,4.68557,69,64,61,1221,2800,0.482433,15,9.29689,0,0,173789391300
36.9632,27.054,4.68557,69,64,61,1221,2800,0.482433,15,9.29689,0,0,173816444177
40.5777,24.6441,4.68557,69,64,61,1221,2800,0.482433,15,9.29689,0,0,173841088735
36.9155,27.0889,4.68557,69,64,61,1221,2800,0.482433,15,9.29689,0,0,173868178091
41.8582,23.8902,4.68557,69,64,61,1221,2800,0.482433,15,9.29689,0,0,173892068284
38.11,26.2398,4.68557,69,64,61,1221,2800,0.482433,15,9.29689,0,0,173918308736
37.3399,26.781,4.68557,69,64,61,1221,2800,0.482433,15,9.29689,0,0,173945088842
40.4726,24.708,4.68557,69,64,61,1221,2800,0.482433,15,9.29689,0,0,173969799815
37.923,26.3692,4.68557,69,64,61,1221,2800,0.482433,15,9.29689,0,0,173996169680
39.4925,25.3212,4.68557,69,64,61,1221,2800,0.482433,15,9.29689,0,0,174021488464
39.1688,25.5305,4.68557,69,64,61,1221,2800,0.482433,15,9.29689,0,0,174047019806
32.6069,30.6684,4.68557,69,64,61,1221,2800,0.482433,15,9.29689,0,0,174077691021
41.1245,24.3164,6.56934,69,64,61,1104,2800,0.482433,16,9.29625,0,0,174102005010
43.3687,23.0581,6.56934,69,64,61,1104,2800,0.482433,16,9.29625,0,0,174125065185
39.815,25.1162,6.56934,69,64,61,1104,2800,0.482433,16,9.29625,0,0,174150179846
40.2715,24.8315,6.56934,69,64,61,1104,2800,0.482433,16,9.29625,0,0,174175011175
36.7751,27.1923,6.56934,69,64,61,1104,2800,0.482433,16,9.29625,0,0,174202204205
40.3802,24.7646,6.56934,69,64,61,1104,2800,0.482433,16,9.29625,0,0,174226969440
37.9603,26.3433,6.56934,69,64,61,1104,2800,0.482433,16,9.29625,0,0,174253312214
40.0454,24.9717,6.56934,69,64,61,1104,2800,0.482433,16,9.29625,0,0,174278284117
37.6261,26.5773,6.56934,69,64,61,1104,2800,0.482433,16,9.29625,0,0,174304861672
37.9727,26.3347,6.56934,69,64,61,1104,2800,0.482433,16,9.29625,0,0,174331198445
40.9817,24.4012,6.56934,69,64,61,1104,2800,0.482433,16,9.29625,0,0,174355598345
36.4715,27.4186,6.56934,69,64,61,1104,2800,0.482433,16,9.29625,0,0,174383017589
41.6496,24.0098,6.56934,69,64,61,1104,2800,0.482433,16,9.29625,0,0,174407027367
36.1507,27.662,6.56934,69,64,61,1104,2800,0.482433,16,9.29625,0,0,174434689376
42.0689,23.7705,6.56934,69,64,61,1104,2800,0.482433,16,9.29625,0,0,174458460336
36.9699,27.049,6.56934,69,64,61,1104,2800,0.482433,16,9.29625,0,0,174485511319
40.0254,24.9841,6.56934,69,64,61,1104,2800,0.482433,16,9.29625,0,0,174510496336
38.5547,25.9372,6.56934,69,64,61,1104,2800,0.482433,16,9.29625,0,0,174536430815
38.8354,25.7497,6.56934,69,64,61,1104,2800,0.482433,16,9.29625,0,0,174562182851
39.5794,25.2657,6.56934,69,64,61,1104,2800,0.482433,16,9.29625,0,0,174587453034
38.1498,26.2125,4.22886,69,61,61,1253,2800,0.482433,23,9.29467,0,0,174613660214
40.8872,24.4576,4.22886,69,61,61,1253,2800,0.482433,23,9.29467,0,0,174638118473
35.888,27.8645,4.22886,69,61,61,1253,2800,0.482433,23,9.29467,0,0,174665983604
43.8797,22.7896,4.22886,69,61,61,1253,2800,0.482433,23,9.29467,0,0,174688773072
36.3071,27.5428,4.22886,69,61,61,1253,2800,0.482433,23,9.29467,0,0,174716316639
40.9605,24.4138,4.22886,69,61,61,1253,2800,0.482433,23,9.29467,0,0,174740729904
35.579,28.1065,4.22886,69,61,61,1253,2800,0.482433,23,9.29467,0,0,174768838151
42.2386,23.675,4.22886,69,61,61,1253,2800,0.482433,23,9.29467,0,0,174792512759
38.0988,26.2475,4.22886,69,61,61,1253,2800,0.482433,23,9.29467,0,0,174818760275
39.7246,25.1733,4.22886,69,61,61,1253,2800,0.482433,23,9.29467,0,0,174843933385
37.4462,26.705,4.22886,69,61,61,1253,2800,0.482433,23,9.29467,0,0,174870638760
36.0725,27.7219,4.22886,69,61,61,1253,2800,0.482433,23,9.29467,0,0,174898360673
41.227,24.2559,4.22886,69,61,61,1253,2800,0.482433,23,9.29467,0,0,174922616552
28.601,34.9638,4.22886,69,61,61,1253,2800,0.482433,23,9.29467,0,0,174957580872
41.2021,24.2706,4.22886,69,61,61,1253,2800,0.482433,23,9.29467,0,0,174981852371
40.9246,24.4352,4.22886,69,61,61,1253,2800,0.482433,23,9.29467,0,0,175006288949
40.4013,24.7517,4.22886,69,61,61,1253,2800,0.482433,23,9.29467,0,0,175031039005
42.9001,23.31,4.22886,69,61,61,1253,2800,0.482433,23,9.29467,0,0,175054351244
38.137,26.2213,4.22886,69,61,61,1253,2800,0.482433,23,9.29467,0,0,175080572531
40.2929,24.8182,4.22886,69,61,61,1253,2800,0.482433,23,9.29467,0,0,175105391977
35.7161,27.9986,4.5177,69,73,61,1307,2800,0.482433,23,9.29264,0,0,175133388735
41.4374,24.1328,4.5177,69,73,61,1307,2800,0.482433,23,9.29264,0,0,175157520742
36.4966,27.3998,4.5177,69,73,61,1307,2800,0.482433,23,9.29264,0,0,175184922724
41.9057,23.8631,4.5177,69,73,61,1307,2800,0.482433,23,9.29264,0,0,175208787129
34.8931,28.659,4.5177,69,73,61,1307,2800,0.482433,23,9.29264,0,0,175237447692
43.1637,23.1676,4.5177,69,73,61,1307,2800,0.482433,23,9.29264,0,0,175260612244
38.144,26.2165,4.5177,69,73,61,1307,2800,0.482433,23,9.29264,0,0,175286829954
40.5803,24.6425,4.5177,69,73,61,1307,2800,0.482433,23,9.29264,0,0,175311475103
37.5585,26.6252,4.5177,69,73,61,1307,2800,0.482433,23,9.29264,0,0,175338099927
36.1736,27.6445,4.5177,69,73,61,1307,2800,0.482433,23,9.29264,0,0,175365741639
38.9001,25.7069,4.5177,69,73,61,1307,2800,0.482433,23,9.29264,0,0,175391448901
40.9504,24.4198,4.5177,69,73,61,1307,2800,0.482433,23,9.29264,0,0,175415869980
38.9412,25.6798,4.5177,69,73,61,1307,2800,0.482433,23,9.29264,0,0,175441549390
37.1289,26.9332,4.5177,69,73,61,1307,2800,0.482433,23,9.29264,0,0,175468482873
40.4265,24.7363,4.5177,69,73,61,1307,2800,0.482433,23,9.29264,0,0,175493218963
40.1822,24.8867,4.5177,69,73,61,1307,2800,0.482433,23,9.29264,0,0,175518107079
38.9405,25.6802,4.5177,69,73,61,1307,2800,0.482433,23,9.29264,0,0,175543787761
32.4865,30.7821,4.5177,69,73,61,1307,2800,0.482433,23,9.29264,0,0,175574571167
40.15,24.9066,4.5177,69,73,61,1307,2800,0.482433,23,9.29264,0,0,175599475513
42.379,23.5966,4.5177,69,73,61,1307,2800,0.482433,23,9.29264,0,0,175623075662
40.4939,24.6951,4.7619,69,63,61,1272,2800,0.482433,14,9.28898,0,0,175647769193
36.9239,27.0827,4.7619,69,63,61,1272,2800,0.482433,14,9.28898,0,0,175674851725
37.1271,26.9345,4.7619,69,63,61,1272,2800,0.482433,14,9.28898,0,0,175701786611
43.2681,23.1117,4.7619,69,63,61,1272,2800,0.482433,14,9.28898,0,0,175724899175
37.3339,26.7853,4.7619,69,63,61,1272,2800,0.482433,14,9.28898,0,0,175751684099
36.9589,27.0571,4.7619,69,63,61,1272,2800,0.482433,14,9.28898,0,0,175778740973
37.1593,26.9112,4.7619,69,63,61,1272,2800,0.482433,14,9.28898,0,0,175805651283
36.367,27.4974,4.7619,69,63,61,1272,2800,0.482433,14,9.28898,0,0,175833150567
41.2064,24.2681,4.7619,69,63,61,1272,2800,0.482433,14,9.28898,0,0,175857418870
43.0556,23.2258,4.7619,69,63,61,1272,2800,0.482433,14,9.28898,0,0,175880643414
37.1447,26.9218,4.7619,69,63,61,1272,2800,0.482433,14,9.28898,0,0,175907565325
41.125,24.3161,4.7619,69,63,61,1272,2800,0.482433,14,9.28898,0,0,175931882560
38.9531,25.6719,4.7619,69,63,61,1272,2800,0.482433,14,9.28898,0,0,175957553654
38.0327,26.2932,4.7619,69,63,61,1272,2800,0.482433,14,9.28898,0,0,175983846876
43.4533,23.0132,4.7619,69,63,61,1272,2800,0.482433,14,9.28898,0,0,176006862328
36.0358,27.7502,4.7619,69,63,61,1272,2800,0.482433,14,9.28898,0,0,176034611461
41.3748,24.1693,4.7619,69,63,61,1272,2800,0.482433,14,9.28898,0,0,176058783132
33.7341,29.6436,4.7619,69,63,61,1272,2800,0.482433,14,9.28898,0,0,176088426509
42.5765,23.4871,4.7619,69,63,61,1272,2800,0.482433,14,9.28898,0,0,176111915259
34.4885,28.9952,4.7619,69,63,61,1272,2800,0.482433,14,9.28898,0,0,176140913717
40.2832,24.8242,7.23039,69,60,61,1302,2800,0.482433,28,9.28724,0,0,176165734476
43.6176,22.9265,7.23039,69,60,61,1302,2800,0.482433,28,9.28724,0,0,176188659628
38.1916,26.1838,7.23039,69,60,61,1302,2800,0.482433,28,9.28724,0,0,176214844947
39.7956,25.1284,7.23039,69,60,61,1302,2800,0.482433,28,9.28724,0,0,176239972442
36.608,27.3164,7.23039,69,60,61,1302,2800,0.482433,28,9.28724,0,0,176267290897
41.7532,23.9503,7.23039,69,60,61,1302,2800,0.482433,28,9.28724,0,0,176291240732
35.3952,28.2524,7.23039,69,60,61,1302,2800,0.482433,28,9.28724,0,0,176319492138
42.4252,23.5709,7.23039,69,60,61,1302,2800,0.482433,28,9.28724,0,0,176343063242
33.3348,29.9987,7.23039,69,60,61,1302,2800,0.482433,28,9.28724,0,0,176373062187
45.3008,22.0747,7.23039,69,60,61,1302,2800,0.482433,28,9.28724,0,0,176395138436
37.5795,26.6102,7.23039,69,60,61,1302,2800,0.482433,28,9.28724,0,0,176421750085
40.2532,24.8428,7.23039,69,60,61,1302,2800,0.482433,28,9.28724,0,0,176446590772
36.8973,27.1023,7.23039,69,60,61,1302,2800,0.482433,28,9.28724,0,0,176473694675
40.2051,24.8725,7.23039,69,60,61,1302,2800,0.482433,28,9.28724,0,0,176498569435
40.3601,24.777,7.23039,69,60,61,1302,2800,0.482433,28,9.28724,0,0,176523343476
37.5472,26.6331,7.23039,69,60,61,1302,2800,0.482433,28,9.28724,0,0,176549979451
40.1191,24.9258,7.23039,69,60,61,1302,2800,0.482433,28,9.28724,0,0,176574903925
37.6644,26.5503,7.23039,69,60,61,1302,2800,0.482433,28,9.28724,0,0,176601454149
33.8942,29.5036,7.23039,69,60,61,1302,2800,0.482433,28,9.28724,0,0,176630957844
42.4345,23.5657,7.23039,69,60,61,1302,2800,0.482433,28,9.28724,0,0,176654535671
38.1336,26.2236,5.16605,70,72,61,1294,2800,0.482433,15,9.28757,0,0,176680749173
40.4707,24.7092,5.16605,70,72,61,1294,2800,0.482433,15,9.28757,0,0,176705457631
38.7925,25.7782,5.16605,70,72,61,1294,2800,0.482433,15,9.28757,0,0,176731236157
39.9032,25.0606,5.16605,70,72,61,1294,2800,0.482433,15,9.28757,0,0,176756298259
42.2382,23.6752,5.16605,70,72,61,1294,2800,0.482433,15,9.28757,0,0,176779973088
37.7033,26.5228,5.16605,70,72,61,1294,2800,0.482433,15,9.28757,0,0,176806496993
35.4526,28.2067,5.16605,70,72,61,1294,2800,0.482433,15,9.28757,0,0,176834702923
43.6081,22.9315,5.16605,70,72,61,1294,2800,0.482433,15,9.28757,0,0,176857634918
36.0588,27.7325,5.16605,70,72,61,1294,2800,0.482433,15,9.28757,0,0,176885368142
41.5774,24.0516,5.16605,70,72,61,1294,2800,0.482433,15,9.28757,0,0,176909418145
37.5722,26.6154,5.16605,70,72,61,1294,2800,0.482433,15,9.28757,0,0,176936036206
35.6793,28.0275,5.16605,70,72,61,1294,2800,0.482433,15,9.28757,0,0,176964062780
42.786,23.3721,5.16605,70,72,61,1294,2800,0.482433,15,9.28757,0,0,176987435612
41.6615,24.003,5.16605,70,72,61,1294,2800,0.482433,15,9.28757,0,0,177011438276
36.7267,27.2281,5.16605,70,72,61,1294,2800,0.482433,15,9.28757,0,0,177038666061
37.4754,26.6841,5.16605,70,72,61,1294,2800,0.482433,15,9.28757,0,0,177065351178
43.4497,23.0151,5.16605,70,72,61,1294,2800,0.482433,15,9.28757,0,0,177088367692
35.5594,28.122,5.16605,70,72,61,1294,2800,0.482433,15,9.28757,0,0,177116488783
39.1762,25.5257,5.16605,70,72,61,1294,2800,0.482433,15,9.28757,0,0,177142014775
38.5308,25.9533,5.16605,70,72,61,1294,2800,0.482433,15,9.28757,0,0,177167973560
39.0398,25.6149,4.82077,69,61,61,1240,2800,0.482433,26,9.28669,0,0,177193584541
39.4772,25.3311,4.82077,69,61,61,1240,2800,0.482433,26,9.28669,0,0,177218914095
42.3092,23.6355,4.82077,69,61,61,1240,2800,0.482433,26,9.28669,0,0,177242550151
34.6435,28.8654,4.82077,69,61,61,1240,2800,0.482433,26,9.28669,0,0,177271415819
36.8716,27.1211,4.82077,69,61,61,1240,2800,0.482433,26,9.28669,0,0,177298537576
42.4775,23.5419,4.82077,69,61,61,1240,2800,0.482433,26,9.28669,0,0,177322078844
42.0067,23.8057,4.82077,69,61,61,1240,2800,0.482433,26,9.28669,0,0,177345884498
37.2087,26.8754,4.82077,69,61,61,1240,2800,0.482433,26,9.28669,0,0,177372761385
37.9774,26.3314,4.82077,69,61,61,1240,2800,0.482433,26,9.28669,0,0,177399093330
43.6564,22.9061,4.82077,69,61,61,1240,2800,0.482433,26,9.28669,0,0,177421999557
36.3145,27.5372,4.82077,69,61,61,1240,2800,0.482433,26,9.28669,0,0,177449535480
36.4121,27.4634,4.82077,69,61,61,1240,2800,0.482433,26,9.28669,0,0,177476998987
32.4477,30.8188,4.82077,69,61,61,1240,2800,0.482433,26,9.28669,0,0,177507818521
42.054,23.7789,4.82077,69,61,61,1240,2800,0.482433,26,9.28669,0,0,177531597476
42.5357,23.5097,4.82077,69,61,61,1240,2800,0.482433,26,9.28669,0,0,177555107135
40.5722,24.6474,4.82077,69,61,61,1240,2800,0.482433,26,9.28669,0,0,177579755881
37.1127,26.9449,4.82077,69,61,61,1240,2800,0.482433,26,9.28669,0,0,177606700455
36.3487,27.5113,4.82077,69,61,61,1240,2800,0.482433,26,9.28669,0,0,177634212333
42.0831,23.7625,4.82077,69,61,61,1240,2800,0.482433,26,9.28669,0,0,177657974275
36.0405,27.7465,4.82077,69,61,61,1240,2800,0.482433,26,9.28669,0,0,177685731584
42.71,23.4137,5.26961,69,63,62,1284,2800,0.482433,17,9.28659,0,0,177709136747
36.6148,27.3114,5.26961,69,63,62,1284,2800,0.482433,17,9.28659,0,0,177736449772
37.0688,26.9769,5.26961,69,63,62,1284,2800,0.482433,17,9.28659,0,0,177763425264
41.564,24.0593,5.26961,69,63,62,1284,2800,0.482433,17,9.28659,0,0,177787486939
39.4853,25.3259,5.26961,69,63,62,1284,2800,0.482433,17,9.28659,0,0,177812810832
37.5871,26.6049,5.26961,69,63,62,1284,2800,0.482433,17,9.28659,0,0,177839415959
40.1339,24.9166,5.26961,69,63,62,1284,2800,0.482433,17,9.28659,0,0,177864332758
41.0571,24.3563,5.26961,69,63,62,1284,2800,0.482433,17,9.28659,0,0,177888690137
36.8714,27.1213,5.26961,69,63,62,1284,2800,0.482433,17,9.28659,0,0,177915810782
39.675,25.2048,5.26961,69,63,62,1284,2800,0.482433,17,9.28659,0,0,177941015451
37.1863,26.8916,5.26961,69,63,62,1284,2800,0.482433,17,9.28659,0,0,177967907386
40.7352,24.5488,5.26961,69,63,62,1284,2800,0.482433,17,9.28659,0,0,177992457808
37.9825,26.3279,5.26961,69,63,62,1284,2800,0.482433,17,9.28659,0,0,178018785173
41.1198,24.3192,5.26961,69,63,62,1284,2800,0.482433,17,9.28659,0,0,178043105594
38.3271,26.0912,5.26961,69,63,62,1284,2800,0.482433,17,9.28659,0,0,178069195684
36.3641,27.4996,5.26961,69,63,62,1284,2800,0.482433,17,9.28659,0,0,178096698716
39.293,25.4498,5.26961,69,63,62,1284,2800,0.482433,17,9.28659,0,0,178122147393
42.3729,23.6,5.26961,69,63,62,1284,2800,0.482433,17,9.28659,0,0,178145747883
37.6429,26.5655,5.26961,69,63,62,1284,2800,0.482433,17,9.28659,0,0,178172313896
37.6271,26.5766,5.26961,69,63,62,1284,2800,0.482433,17,9.28659,0,0,178198896811
39.3174,25.434,6.41975,69,65,61,1322,2800,0.482433,23,9.28637,0,0,178224323808
40.9154,24.4407,6.41975,69,65,61,1322,2800,0.482433,23,9.28637,0,0,178248766417
40.2923,24.8186,6.41975,69,65,61,1322,2800,0.482433,23,9.28637,0,0,178273584581
35.4138,28.2376,6.41975,69,65,61,1322,2800,0.482433,23,9.28637,0,0,178301821279
42.413,23.5777,6.41975,69,65,61,1322,2800,0.482433,23,9.28637,0,0,178325398786
36.2184,27.6103,6.41975,69,65,61,1322,2800,0.482433,23,9.28637,0,0,178353009479
42.396,23.5871,6.41975,69,65,61,1322,2800,0.482433,23,9.28637,0,0,178376596484
36.4941,27.4017,6.41975,69,65,61,1322,2800,0.482433,23,9.28637,0,0,178403999077
37.2443,26.8497,6.41975,69,65,61,1322,2800,0.482433,23,9.28637,0,0,178430848993
40.7359,24.5484,6.41975,69,65,61,1322,2800,0.482433,23,9.28637,0,0,178455397271
36.2125,27.6148,6.41975,69,65,61,1322,2800,0.482433,23,9.28637,0,0,178483013384
43.2601,23.116,6.41975,69,65,61,1322,2800,0.482433,23,9.28637,0,0,178506130687
35.875,27.8746,6.41975,69,65,61,1322,2800,0.482433,23,9.28637,0,0,178534005366
43.8572,22.8013,6.41975,69,65,61,1322,2800,0.482433,23,9.28637,0,0,178556805524
35.6029,28.0876,6.41975,69,65,61,1322,2800,0.482433,23,9.28637,0,0,178584894655
40.832,24.4906,6.41975,69,65,61,1322,2800,0.482433,23,9.28637,0,0,178609384223
37.165,26.907,6.41975,69,65,61,1322,2800,0.482433,23,9.28637,0,0,178636291306
37.0584,26.9844,6.41975,69,65,61,1322,2800,0.482433,23,9.28637,0,0,178663279372
42.6829,23.4286,6.41975,69,65,61,1322,2800,0.482433,23,9.28637,0,0,178686706226
40.0561,24.965,6.41975,69,65,61,1322,2800,0.482433,23,9.28637,0,0,178711677337
37.938,26.3588,4.57355,69,70,61,1370,2800,0.482433,22,9.28802,0,0,178738031693
37.1123,26.9452,4.57355,69,70,61,1370,2800,0.482433,22,9.28802,0,0,178764975345
41.046,24.3629,4.57355,69,70,61,1370,2800,0.482433,22,9.28802,0,0,178789339868
38.2964,26.1121,4.57355,69,70,61,1370,2800,0.482433,22,9.28802,0,0,178815450938
37.8664,26.4086,4.57355,69,70,61,1370,2800,0.482433,22,9.28802,0,0,178841858584
37.0475,26.9924,4.57355,69,70,61,1370,2800,0.482433,22,9.28802,0,0,178868852771
44.0257,22.714,4.57355,69,70,61,1370,2800,0.482433,22,9.28802,0,0,178891567619
34.8455,28.6981,4.57355,69,70,61,1370,2800,0.482433,22,9.28802,0,0,178920266895
41.7823,23.9336,4.57355,69,70,61,1370,2800,0.482433,22,9.28802,0,0,178944199748
37.1208,26.9391,4.57355,69,70,61,1370,2800,0.482433,22,9.28802,0,0,178971138671
37.5038,26.6639,4.57355,69,70,61,1370,2800,0.482433,22,9.28802,0,0,178997802659
34.8592,28.6869,4.57355,69,70,61,1370,2800,0.482433,22,9.28802,0,0,179026489171
40.7365,24.548,4.57355,69,70,61,1370,2800,0.482433,22,9.28802,0,0,179051039272
41.7237,23.9672,4.57355,69,70,61,1370,2800,0.482433,22,9.28802,0,0,179075006449
41.2404,24.248,4.57355,69,70,61,1370,2800,0.482433,22,9.28802,0,0,179099255015
39.2037,25.5078,4.57355,69,70,61,1370,2800,0.482433,22,9.28802,0,0,179124764095
37.3032,26.8074,4.57355,69,70,61,1370,2800,0.482433,22,9.28802,0,0,179151571332
41.2577,24.2379,4.57355,69,70,61,1370,2800,0.482433,22,9.28802,0,0,179175808005
37.087,26.9636,4.57355,69,70,61,1370,2800,0.482433,22,9.28802,0,0,179202771374
37.0352,27.0014,4.57355,69,70,61,1370,2800,0.482433,22,9.28802,0,0,179229775820
41.2195,24.2603,4.87805,69,65,61,1362,2800,0.482433,16,9.2901,0,0,179254035025
39.2204,25.4969,4.87805,69,65,61,1362,2800,0.482433,16,9.2901,0,0,179279530570
38.5662,25.9295,4.87805,69,65,61,1362,2800,0.482433,16,9.2901,0,0,179305461813
38.0681,26.2687,4.87805,69,65,61,1362,2800,0.482433,16,9.2901,0,0,179331731230
43.0022,23.2546,4.87805,69,65,61,1362,2800,0.482433,16,9.2901,0,0,179354984668
37.7081,26.5195,4.87805,69,65,61,1362,2800,0.482433,16,9.2901,0,0,179381506900
38.1707,26.1981,4.87805,69,65,61,1362,2800,0.482433,16,9.2901,0,0,179407702418
37.5222,26.6509,4.87805,69,65,61,1362,2800,0.482433,16,9.2901,0,0,179434355375
42.6825,23.4288,4.87805,69,65,61,1362,2800,0.482433,16,9.2901,0,0,179457785585
36.8549,27.1334,4.87805,69,65,61,1362,2800,0.482433,16,9.2901,0,0,179484919924
40.8262,24.4941,4.87805,69,65,61,1362,2800,0.482433,16,9.2901,0,0,179509410975
34.8042,28.7322,4.87805,69,65,61,1362,2800,0.482433,16,9.2901,0,0,179538145056
38.9738,25.6583,4.87805,69,65,61,1362,2800,0.482433,16,9.2901,0,0,179563802405
41.6524,24.0082,4.87805,69,65,61,1362,2800,0.482433,16,9.2901,0,0,179587810599
40.5025,24.6899,4.87805,69,65,61,1362,2800,0.482433,16,9.2901,0,0,179612502587
35.0443,28.5353,4.87805,69,65,61,1362,2800,0.482433,16,9.2901,0,0,179641036673
38.0911,26.2529,4.87805,69,65,61,1362,2800,0.482433,16,9.2901,0,0,179667291272
43.1694,23.1646,4.87805,69,65,61,1362,2800,0.482433,16,9.2901,0,0,179690456695
38.4177,26.0297,4.87805,69,65,61,1362,2800,0.482433,16,9.2901,0,0,179716484639
39.2745,25.4618,4.87805,69,65,61,1362,2800,0.482433,16,9.2901,0,0,179741950729
36.1453,27.6661,6.39606,69,60,60,1360,2800,0.482433,29,9.28901,0,0,179769614232
42.9903,23.2611,6.39606,69,60,60,1360,2800,0.482433,29,9.28901,0,0,179792873761
37.5145,26.6564,6.39606,69,60,60,1360,2800,0.482433,29,9.28901,0,0,179819532479
38.5786,25.9211,6.39606,69,60,60,1360,2800,0.482433,29,9.28901,0,0,179845452861
37.8464,26.4226,6.39606,69,60,60,1360,2800,0.482433,29,9.28901,0,0,179871876027
37.7257,26.5071,6.39606,69,60,60,1360,2800,0.482433,29,9.28901,0,0,179898382418
44.0717,22.6903,6.39606,69,60,60,1360,2800,0.482433,29,9.28901,0,0,179921074523
34.8536,28.6914,6.39606,69,60,60,1360,2800,0.482433,29,9.28901,0,0,179949767057
39.1256,25.5587,6.39606,69,60,60,1360,2800,0.482433,29,9.28901,0,0,179975324748
38.9572,25.6692,6.39606,69,60,60,1360,2800,0.482433,29,9.28901,0,0,180000996203
39.3582,25.4077,6.39606,69,60,60,1360,2800,0.482433,29,9.28901,0,0,180026404024
36.0017,27.7765,6.39606,69,60,60,1360,2800,0.482433,29,9.28901,0,0,180054180769
41.4817,24.107,6.39606,69,60,60,1360,2800,0.482433,29,9.28901,0,0,180078286246
40.4527,24.7202,6.39606,69,60,60,1360,2800,0.482433,29,9.28901,0,0,180103005835
37.2478,26.8472,6.39606,69,60,60,1360,2800,0.482433,29,9.28901,0,0,180129854128
39.6327,25.2317,6.39606,69,60,60,1360,2800,0.482433,29,9.28901,0,0,180155085408
39.3548,25.4099,6.39606,69,60,60,1360,2800,0.482433,29,9.28901,0,0,180180496665
40.9659,24.4105,6.39606,69,60,60,1360,2800,0.482433,29,9.28901,0,0,180204907665
37.3815,26.7512,6.39606,69,60,60,1360,2800,0.482433,29,9.28901,0,0,180231657964
41.5098,24.0907,6.39606,69,60,60,1360,2800,0.482433,29,9.28901,0,0,180255750537
36.3227,27.531,6.15006,69,65,60,1338,2800,0.482433,15,9.28795,0,0,180283280870
38.5484,25.9414,6.15006,69,65,60,1338,2800,0.482433,15,9.28795,0,0,180309222452
36.5446,27.3639,6.15006,69,65,60,1338,2800,0.482433,15,9.28795,0,0,180336585490
37.0365,27.0004,6.15006,69,65,60,1338,2800,0.482433,15,9.28795,0,0,180363586129
41.3904,24.1602,6.15006,69,65,60,1338,2800,0.482433,15,9.28795,0,0,180387747301
41.5771,24.0517,6.15006,69,65,60,1338,2800,0.482433,15,9.28795,0,0,180411799688
38.4279,26.0228,6.15006,69,65,60,1338,2800,0.482433,15,9.28795,0,0,180437821711
37.1118,26.9456,6.15006,69,65,60,1338,2800,0.482433,15,9.28795,0,0,180464769190
39.5742,25.269,6.15006,69,65,60,1338,2800,0.482433,15,9.28795,0,0,180490037128
39.3809,25.393,6.15006,69,65,60,1338,2800,0.482433,15,9.28795,0,0,180515430271
32.7464,30.5377,6.15006,69,65,60,1338,2800,0.482433,15,9.28795,0,0,180545969459
41.5341,24.0766,6.15006,69,65,60,1338,2800,0.482433,15,9.28795,0,0,180570047184
42.7503,23.3917,6.15006,69,65,60,1338,2800,0.482433,15,9.28795,0,0,180593437179
39.5027,25.3147,6.15006,69,65,60,1338,2800,0.482433,15,9.28795,0,0,180618751674
39.1317,25.5547,6.15006,69,65,60,1338,2800,0.482433,15,9.28795,0,0,180644307893
37.5047,26.6633,6.15006,69,65,60,1338,2800,0.482433,15,9.28795,0,0,180670972371
39.6419,25.2258,6.15006,69,65,60,1338,2800,0.482433,15,9.28795,0,0,180696199543
41.2756,24.2274,6.15006,69,65,60,1338,2800,0.482433,15,9.28795,0,0,180720425296
39.3795,25.3939,6.15006,69,65,60,1338,2800,0.482433,15,9.28795,0,0,180745820272
37.6389,26.5683,6.15006,69,65,60,1338,2800,0.482433,15,9.28795,0,0,180772389952
36.0444,27.7435,5.35932,69,70,60,1283,2800,0.482433,22,9.28848,0,0,180800131301
43.4059,23.0383,5.35932,69,70,60,1283,2800,0.482433,22,9.28848,0,0,180823169506
37.7986,26.456,5.35932,69,70,60,1283,2800,0.482433,22,9.28848,0,0,180849626244
39.5788,25.266,5.35932,69,70,60,1283,2800,0.482433,22,9.28848,0,0,180874891818
35.9902,27.7854,5.35932,69,70,60,1283,2800,0.482433,22,9.28848,0,0,180902679724
38.0792,26.2611,5.35932,69,70,60,1283,2800,0.482433,22,9.28848,0,0,180928941386
42.9945,23.2588,5.35932,69,70,60,1283,2800,0.482433,22,9.28848,0,0,180952198882
38.436,26.0173,5.35932,69,70,60,1283,2800,0.482433,22,9.28848,0,0,180978215465
36.914,27.09,5.35932,69,70,60,1283,2800,0.482433,22,9.28848,0,0,181005306293
39.179,25.5238,5.35932,69,70,60,1283,2800,0.482433,22,9.28848,0,0,181030830983
41.6235,24.0249,5.35932,69,70,60,1283,2800,0.482433,22,9.28848,0,0,181054855819
37.7303,26.5039,5.35932,69,70,60,1283,2800,0.482433,22,9.28848,0,0,181081359405
39.6032,25.2505,5.35932,69,70,60,1283,2800,0.482433,22,9.28848,0,0,181106611123
37.2545,26.8424,5.35932,69,70,60,1283,2800,0.482433,22,9.28848,0,0,181133452903
39.8839,25.0728,5.35932,69,70,60,1283,2800,0.482433,22,9.28848,0,0,181158525395
37.1061,26.9497,5.35932,69,70,60,1283,2800,0.482433,22,9.28848,0,0,181185477603
40.8872,24.4575,5.35932,69,70,60,1283,2800,0.482433,22,9.28848,0,0,181209934299
36.1886,27.633,5.35932,69,70,60,1283,2800,0.482433,22,9.28848,0,0,181237566342
35.8085,27.9263,5.35932,69,70,60,1283,2800,0.482433,22,9.28848,0,0,181265493299
40.608,24.6257,5.35932,69,70,60,1283,2800,0.482433,22,9.28848,0,0,181290125454
41.8771,23.8794,4.99391,69,64,60,1177,2800,0.482433,14,9.28786,0,0,181314000319
40.3375,24.7908,4.99391,69,64,60,1177,2800,0.482433,14,9.28786,0,0,181338790120
37.5202,26.6523,4.99391,69,64,60,1177,2800,0.482433,14,9.28786,0,0,181365442395
38.7376,25.8147,4.99391,69,64,60,1177,2800,0.482433,14,9.28786,0,0,181391257339
39.011,25.6338,4.99391,69,64,60,1177,2800,0.482433,14,9.28786,0,0,181416891815
40.3814,24.7639,4.99391,69,64,60,1177,2800,0.482433,14,9.28786,0,0,181441656910
35.8599,27.8863,4.99391,69,64,60,1177,2800,0.482433,14,9.28786,0,0,181469543671
42.802,23.3634,4.99391,69,64,60,1177,2800,0.482433,14,9.28786,0,0,181492905804
36.7122,27.2389,4.99391,69,64,60,1177,2800,0.482433,14,9.28786,0,0,181520146433
40.416,24.7427,4.99391,69,64,60,1177,2800,0.482433,14,9.28786,0,0,181544889276
38.9936,25.6452,4.99391,69,64,60,1177,2800,0.482433,14,9.28786,0,0,181570533420
36.3168,27.5355,4.99391,69,64,60,1177,2800,0.482433,14,9.28786,0,0,181598071206
41.2693,24.2311,4.99391,69,64,60,1177,2800,0.482433,14,9.28786,0,0,181622302509
37.1864,26.8916,4.99391,69,64,60,1177,2800,0.482433,14,9.28786,0,0,181649192851
39.5618,25.2769,4.99391,69,64,60,1177,2800,0.482433,14,9.28786,0,0,181674470848
37.4554,26.6984,4.99391,69,64,60,1177,2800,0.482433,14,9.28786,0,0,181701168980
40.7276,24.5534,4.99391,69,64,60,1177,2800,0.482433,14,9.28786,0,0,181725722307
38.5484,25.9414,4.99391,69,64,60,1177,2800,0.482433,14,9.28786,0,0,181751663699
40.1686,24.895,4.99391,69,64,60,1177,2800,0.482433,14,9.28786,0,0,181776558527
37.0559,26.9863,4.99391,69,64,60,1177,2800,0.482433,14,9.28786,0,0,181803553485
39.207,25.5057,6.78175,69,63,60,1292,2800,0.482433,17,9.28783,0,0,181829053989
39.0197,25.6281,6.78175,69,63,60,1292,2800,0.482433,17,9.28783,0,0,181854681111
40.6807,24.5817,6.78175,69,63,60,1292,2800,0.482433,17,9.28783,0,0,181879263763
36.5482,27.3611,6.78175,69,63,60,1292,2800,0.482433,17,9.28783,0,0,181906622985
38.5799,25.9202,6.78175,69,63,60,1292,2800,0.482433,17,9.28783,0,0,181932543427
40.3757,24.7673,6.78175,69,63,60,1292,2800,0.482433,17,9.28783,0,0,181957312870
39.0111,25.6337,6.78175,69,63,60,1292,2800,0.482433,17,9.28783,0,0,181982946605
38.4852,25.984,6.78175,69,63,60,1292,2800,0.482433,17,9.28783,0,0,182008929684
37.6151,26.5851,6.78175,69,63,60,1292,2800,0.482433,17,9.28783,0,0,182035515224
41.8086,23.9185,6.78175,69,63,60,1292,2800,0.482433,17,9.28783,0,0,182059433190
37.6741,26.5434,6.78175,69,63,60,1292,2800,0.482433,17,9.28783,0,0,182085979797
39.1032,25.5734,6.78175,69,63,60,1292,2800,0.482433,17,9.28783,0,0,182111551274
36.7009,27.2473,6.78175,69,63,60,1292,2800,0.482433,17,9.28783,0,0,182138801041
38.8169,25.762,6.78175,69,63,60,1292,2800,0.482433,17,9.28783,0,0,182164562254
41.0883,24.3378,6.78175,69,63,60,1292,2800,0.482433,17,9.28783,0,0,182188900949
40.2357,24.8535,6.78175,69,63,60,1292,2800,0.482433,17,9.28783,0,0,182213753648
38.136,26.2219,6.78175,69,63,60,1292,2800,0.482433,17,9.28783,0,0,182239976748
36.3705,27.4948,6.78175,69,63,60,1292,2800,0.482433,17,9.28783,0,0,182267470231
43.1614,23.1688,6.78175,69,63,60,1292,2800,0.482433,17,9.28783,0,0,182290640965
36.7953,27.1774,6.78175,69,63,60,1292,2800,0.482433,17,9.28783,0,0,182317822964
38.3203,26.0959,4.54545,69,61,60,1211,2800,0.482433,22,9.28815,0,0,182343914587
38.5313,25.9529,4.54545,69,61,60,1211,2800,0.482433,22,9.28815,0,0,182369867460
38.6491,25.8738,4.54545,69,61,60,1211,2800,0.482433,22,9.28815,0,0,182395742858
41.3421,24.1884,4.54545,69,61,60,1211,2800,0.482433,22,9.28815,0,0,182419929648
38.4973,25.9759,4.54545,69,61,60,1211,2800,0.482433,22,9.28815,0,0,182445906947
37.4962,26.6693,4.54545,69,61,60,1211,2800,0.482433,22,9.28815,0,0,182472577166
36.627,27.3023,4.54545,69,61,60,1211,2800,0.482433,22,9.28815,0,0,182499878308
44.148,22.6511,4.54545,69,61,60,1211,2800,0.482433,22,9.28815,0,0,182522531431
37.5363,26.6409,4.54545,69,61,60,1211,2800,0.482433,22,9.28815,0,0,182549172024
40.5681,24.6499,4.54545,69,61,60,1211,2800,0.482433,22,9.28815,0,0,182573822113
34.687,28.8292,4.54545,69,61,60,1211,2800,0.482433,22,9.28815,0,0,182602652244
34.0447,29.3732,4.54545,69,61,60,1211,2800,0.482433,22,9.28815,0,0,182632025324
40.513,24.6834,4.54545,69,61,60,1211,2800,0.482433,22,9.28815,0,0,182656707473
40.5023,24.69,4.54545,69,61,60,1211,2800,0.482433,22,9.28815,0,0,182681397828
40.7323,24.5505,4.54545,69,61,60,1211,2800,0.482433,22,9.28815,0,0,182705948250
40.8962,24.4522,4.54545,69,61,60,1211,2800,0.482433,22,9.28815,0,0,182730400287
40.1023,24.9362,4.54545,69,61,60,1211,2800,0.482433,22,9.28815,0,0,182755337695
39.5416,25.2898,4.54545,69,61,60,1211,2800,0.482433,22,9.28815,0,0,182780627644
38.239,26.1513,4.54545,69,61,60,1211,2800,0.482433,22,9.28815,0,0,182806780522
37.4921,26.6723,4.54545,69,61,60,1211,2800,0.482433,22,9.28815,0,0,182833456492
41.5445,24.0706,4.55105,69,71,60,1253,2800,0.482433,13,9.28694,0,0,182857523237
38.6807,25.8527,4.55105,69,71,60,1253,2800,0.482433,13,9.28694,0,0,182883374910
37.6654,26.5496,4.55105,69,71,60,1253,2800,0.482433,13,9.28694,0,0,182909925835
38.0747,26.2642,4.55105,69,71,60,1253,2800,0.482433,13,9.28694,0,0,182936189010
34.6033,28.899,4.55105,69,71,60,1253,2800,0.482433,13,9.28694,0,0,182965088241
42.4141,23.577,4.55105,69,71,60,1253,2800,0.482433,13,9.28694,0,0,182988666229
41.3878,24.1617,4.55105,69,71,60,1253,2800,0.482433,13,9.28694,0,0,183012828753
38.5494,25.9408,4.55105,69,71,60,1253,2800,0.482433,13,9.28694,0,0,183038770214
37.8808,26.3986,4.55105,69,71,60,1253,2800,0.482433,13,9.28694,0,0,183065169425
40.9649,24.4111,4.55105,69,71,60,1253,2800,0.482433,13,9.28694,0,0,183089578532
38.7782,25.7877,4.55105,69,71,60,1253,2800,0.482433,13,9.28694,0,0,183115369030
37.6004,26.5954,4.55105,69,71,60,1253,2800,0.482433,13,9.28694,0,0,183141962575
38.7776,25.7881,4.55105,69,71,60,1253,2800,0.482433,13,9.28694,0,0,183167751260
40.6442,24.6038,4.55105,69,71,60,1253,2800,0.482433,13,9.28694,0,0,183192355794
36.4417,27.4411,4.55105,69,71,60,1253,2800,0.482433,13,9.28694,0,0,183219796749
42.029,23.7931,4.55105,69,71,60,1253,2800,0.482433,13,9.28694,0,0,183243591112
36.952,27.0621,4.55105,69,71,60,1253,2800,0.482433,13,9.28694,0,0,183270653246
38.6037,25.9042,4.55105,69,71,60,1253,2800,0.482433,13,9.28694,0,0,183296556466
37.1302,26.9323,4.55105,69,71,60,1253,2800,0.482433,13,9.28694,0,0,183323489428
40.8693,24.4682,4.55105,69,71,60,1253,2800,0.482433,13,9.28694,0,0,183347959850
32.0216,31.2289,4.31034,69,59,60,1283,2800,0.482433,28,9.28676,0,0,183379185787
42.4133,23.5775,4.31034,69,59,60,1283,2800,0.482433,28,9.28676,0,0,183402764105
42.1848,23.7052,4.31034,69,59,60,1283,2800,0.482433,28,9.28676,0,0,183426470383
41.169,24.2901,4.31034,69,59,60,1283,2800,0.482433,28,9.28676,0,0,183450761718
37.2404,26.8526,4.31034,69,59,60,1283,2800,0.482433,28,9.28676,0,0,183477612907
40.6857,24.5786,4.31034,69,59,60,1283,2800,0.482433,28,9.28676,0,0,183502191061
40.4398,24.7281,4.31034,69,59,60,1283,2800,0.482433,28,9.28676,0,0,183526921991
39.2848,25.4552,4.31034,69,59,60,1283,2800,0.482433,28,9.28676,0,0,183552375748
36.5469,27.3621,4.31034,69,59,60,1283,2800,0.482433,28,9.28676,0,0,183579738636
38.9728,25.6589,4.31034,69,59,60,1283,2800,0.482433,28,9.28676,0,0,183605397328
35.9927,27.7834,4.31034,69,59,60,1283,2800,0.482433,28,9.28676,0,0,183633183090
41.2122,24.2647,4.31034,69,59,60,1283,2800,0.482433,28,9.28676,0,0,183657447525
37.6933,26.5299,4.31034,69,59,60,1283,2800,0.482433,28,9.28676,0,0,183683975948
41.0575,24.3561,4.31034,69,59,60,1283,2800,0.482433,28,9.28676,0,0,183708331885
36.286,27.5588,4.31034,69,59,60,1283,2800,0.482433,28,9.28676,0,0,183735892454
40.6249,24.6154,4.31034,69,59,60,1283,2800,0.482433,28,9.28676,0,0,183760507938
40.1645,24.8976,4.31034,69,59,60,1283,2800,0.482433,28,9.28676,0,0,183785407104
38.1698,26.1987,4.31034,69,59,60,1283,2800,0.482433,28,9.28676,0,0,183811604045
39.3134,25.4366,4.31034,69,59,60,1283,2800,0.482433,28,9.28676,0,0,183837042393
38.5704,25.9266,4.31034,69,59,60,1283,2800,0.482433,28,9.28676,0,0,183862971442
39.1824,25.5217,6.65845,69,64,61,1366,2800,0.482433,13,9.28896,0,0,183888491282
37.5292,26.6459,6.65845,69,64,61,1366,2800,0.482433,13,9.28896,0,0,183915135673
39.0298,25.6214,6.65845,69,64,61,1366,2800,0.482433,13,9.28896,0,0,183940759128
38.6852,25.8497,6.65845,69,64,61,1366,2800,0.482433,13,9.28896,0,0,183966608326
41.6397,24.0155,6.65845,69,64,61,1366,2800,0.482433,13,9.28896,0,0,183990623724
38.1129,26.2379,6.65845,69,64,61,1366,2800,0.482433,13,9.28896,0,0,184016862133
38.0778,26.262,6.65845,69,64,61,1366,2800,0.482433,13,9.28896,0,0,184043125459
37.7442,26.4941,6.65845,69,64,61,1366,2800,0.482433,13,9.28896,0,0,184069618295
41.9004,23.8661,6.65845,69,64,61,1366,2800,0.482433,13,9.28896,0,0,184093485004
36.3072,27.5427,6.65845,69,64,61,1366,2800,0.482433,13,9.28896,0,0,184121027530
40.6575,24.5957,6.65845,69,64,61,1366,2800,0.482433,13,9.28896,0,0,184145623607
30.6047,32.6747,6.65845,69,64,61,1366,2800,0.482433,13,9.28896,0,0,184178300416
42.6697,23.4358,6.65845,69,64,61,1366,2800,0.482433,13,9.28896,0,0,184201734844
44.459,22.4926,6.65845,69,64,61,1366,2800,0.482433,13,9.28896,0,0,184224228487
38.3994,26.0421,6.65845,69,64,61,1366,2800,0.482433,13,9.28896,0,0,184250271128
41.4294,24.1374,6.65845,69,64,61,1366,2800,0.482433,13,9.28896,0,0,184274409387
36.0638,27.7286,6.65845,69,64,61,1366,2800,0.482433,13,9.28896,0,0,184302136659
43.758,22.853,6.65845,69,64,61,1366,2800,0.482433,13,9.28896,0,0,184324991459
36.6821,27.2613,6.65845,69,64,61,1366,2800,0.482433,13,9.28896,0,0,184352251245
40.6344,24.6097,6.65845,69,64,61,1366,2800,0.482433,13,9.28896,0,0,184376864374
36.7367,27.2207,4.43896,69,61,60,1292,2800,0.482433,30,9.28864,0,0,184404083663
39.9213,25.0493,4.43896,69,61,60,1292,2800,0.482433,30,9.28864,0,0,184429133642
35.7559,27.9674,4.43896,69,61,60,1292,2800,0.482433,30,9.28864,0,0,184457099602
38.2798,26.1234,4.43896,69,61,60,1292,2800,0.482433,30,9.28864,0,0,184483224939
41.7836,23.9328,4.43896,69,61,60,1292,2800,0.482433,30,9.28864,0,0,184507157452
39.4857,25.3256,4.43896,69,61,60,1292,2800,0.482433,30,9.28864,0,0,184532484581
40.8938,24.4536,4.43896,69,61,60,1292,2800,0.482433,30,9.28864,0,0,184556936608
37.6532,26.5581,4.43896,69,61,60,1292,2800,0.482433,30,9.28864,0,0,184583496300
40.0723,24.9549,4.43896,69,61,60,1292,2800,0.482433,30,9.28864,0,0,184608451511
37.3078,26.8041,4.43896,69,61,60,1292,2800,0.482433,30,9.28864,0,0,184635254419
37.1019,26.9528,4.43896,69,61,60,1292,2800,0.482433,30,9.28864,0,0,184662207779
40.1558,24.903,4.43896,69,61,60,1292,2800,0.482433,30,9.28864,0,0,184687112646
39.8451,25.0972,4.43896,69,61,60,1292,2800,0.482433,30,9.28864,0,0,184712210335
38.9695,25.6611,4.43896,69,61,60,1292,2800,0.482433,30,9.28864,0,0,184737870128
37.3492,26.7743,4.43896,69,61,60,1292,2800,0.482433,30,9.28864,0,0,184764644382
42.4676,23.5473,4.43896,69,61,60,1292,2800,0.482433,30,9.28864,0,0,184788192864
36.3074,27.5426,4.43896,69,61,60,1292,2800,0.482433,30,9.28864,0,0,184815735169
39.9937,25.0039,4.43896,69,61,60,1292,2800,0.482433,30,9.28864,0,0,184840739302
37.6519,26.5591,4.43896,69,61,60,1292,2800,0.482433,30,9.28864,0,0,184867298373
41.5179,24.086,4.43896,69,61,60,1292,2800,0.482433,30,9.28864,0,0,184891386096
38.6087,25.9009,4.06404,69,70,60,1212,2800,0.482433,13,9.2885,0,0,184917285820
39.2142,25.5009,4.06404,69,70,60,1212,2800,0.482433,13,9.2885,0,0,184942788729
36.4624,27.4255,4.06404,69,70,60,1212,2800,0.482433,13,9.2885,0,0,184970213153
39.1193,25.5628,4.06404,69,70,60,1212,2800,0.482433,13,9.2885,0,0,184995776435
39.1163,25.5648,4.06404,69,70,60,1212,2800,0.482433,13,9.2885,0,0,185021341050
37.9367,26.3597,4.06404,69,70,60,1212,2800,0.482433,13,9.2885,0,0,185047701017
39.3651,25.4032,4.06404,69,70,60,1212,2800,0.482433,13,9.2885,0,0,185073104188
37.6977,26.5268,4.06404,69,70,60,1212,2800,0.482433,13,9.2885,0,0,185099630988
40.6164,24.6206,4.06404,69,70,60,1212,2800,0.482433,13,9.2885,0,0,185124251522
39.1941,25.5141,4.06404,69,70,60,1212,2800,0.482433,13,9.2885,0,0,185149766443
37.9071,26.3803,4.06404,69,70,60,1212,2800,0.482433,13,9.2885,0,0,185176146598
36.9378,27.0725,4.06404,69,70,60,1212,2800,0.482433,13,9.2885,0,0,185203219232
37.1186,26.9406,4.06404,69,70,60,1212,2800,0.482433,13,9.2885,0,0,185230162062
39.2822,25.4568,4.06404,69,70,60,1212,2800,0.482433,13,9.2885,0,0,185255618634
38.8161,25.7625,4.06404,69,70,60,1212,2800,0.482433,13,9.2885,0,0,185281380329
36.6867,27.2578,4.06404,69,70,60,1212,2800,0.482433,13,9.2885,0,0,185308638731
37.259,26.8392,4.06404,69,70,60,1212,2800,0.482433,13,9.2885,0,0,185335480121
31.3682,31.8794,4.06404,69,70,60,1212,2800,0.482433,13,9.2885,0,0,185367358843
39.2563,25.4736,4.06404,69,70,60,1212,2800,0.482433,13,9.2885,0,0,185392836524
38.1226,26.2312,4.66583,69,62,61,1216,2800,0.482433,17,9.2888,0,0,185419063081
36.2595,27.5789,4.66583,69,62,61,1216,2800,0.482433,17,9.2888,0,0,185446642586
38.7213,25.8256,4.66583,69,62,61,1216,2800,0.482433,17,9.2888,0,0,185472470284
40.5523,24.6595,4.66583,69,62,61,1216,2800,0.482433,17,9.2888,0,0,185497128178
38.098,26.2481,4.66583,69,62,61,1216,2800,0.482433,17,9.2888,0,0,185523377256
37.7241,26.5082,4.66583,69,62,61,1216,2800,0.482433,17,9.2888,0,0,185549884850
37.8212,26.4402,4.66583,69,62,61,1216,2800,0.482433,17,9.2888,0,0,185576325739
37.368,26.7609,4.66583,69,62,61,1216,2800,0.482433,17,9.2888,0,0,185603086508
38.188,26.1862,4.66583,69,62,61,1216,2800,0.482433,17,9.2888,0,0,185629273140
36.9858,27.0374,4.66583,69,62,61,1216,2800,0.482433,17,9.2888,0,0,185656310117
36.0922,27.7068,4.66583,69,62,61,1216,2800,0.482433,17,9.2888,0,0,185684016570
37.7212,26.5103,4.66583,69,62,61,1216,2800,0.482433,17,9.2888,0,0,185710527029
37.2194,26.8677,4.66583,69,62,61,1216,2800,0.482433,17,9.2888,0,0,185737395310
38.1701,26.1985,4.66583,69,62,61,1216,2800,0.482433,17,9.2888,0,0,185763595437
39.5828,25.2635,4.66583,69,62,61,1216,2800,0.482433,17,9.2888,0,0,185788859257
36.6313,27.2991,4.66583,69,62,61,1216,2800,0.482433,17,9.2888,0,0,185816157334
38.4506,26.0074,4.66583,69,62,61,1216,2800,0.482433,17,9.2888,0,0,185842164780
38.5955,25.9097,4.66583,69,62,61,1216,2800,0.482433,17,9.2888,0,0,185868075985
39.2925,25.4501,4.66583,69,62,61,1216,2800,0.482433,17,9.2888,0,0,185893528519
39.3129,25.4369,8.36502,69,59,62,1627,2800,0.482433,23,9.28637,0,0,185918962058
37.5972,26.5977,8.36502,69,59,62,1627,2800,0.482433,23,9.28637,0,0,185945560893
39.5116,25.309,8.36502,69,59,62,1627,2800,0.482433,23,9.28637,0,0,185970870950
40.2659,24.8349,8.36502,69,59,62,1627,2800,0.482433,23,9.28637,0,0,185995704483
38.9818,25.653,8.36502,69,59,62,1627,2800,0.482433,23,9.28637,0,0,186021357403
36.8335,27.1492,8.36502,69,59,62,1627,2800,0.482433,23,9.28637,0,0,186048507643
38.628,25.888,8.36502,69,59,62,1627,2800,0.482433,23,9.28637,0,0,186074394793
37.6879,26.5337,8.36502,69,59,62,1627,2800,0.482433,23,9.28637,0,0,186100928916
38.5151,25.9639,8.36502,69,59,62,1627,2800,0.482433,23,9.28637,0,0,186126894223
39.9628,25.0233,8.36502,69,59,62,1627,2800,0.482433,23,9.28637,0,0,186151917281
39.286,25.4544,8.36502,69,59,62,1627,2800,0.482433,23,9.28637,0,0,186177370627
37.7088,26.519,8.36502,69,59,62,1627,2800,0.482433,23,9.28637,0,0,186203889683
40.8828,24.4602,8.36502,69,59,62,1627,2800,0.482433,23,9.28637,0,0,186228350056
38.1547,26.2091,8.36502,69,59,62,1627,2800,0.482433,23,9.28637,0,0,186254559570
38.0692,26.268,8.36502,69,59,62,1627,2800,0.482433,23,9.28637,0,0,186280827905
37.591,26.6021,8.36502,69,59,62,1627,2800,0.482433,23,9.28637,0,0,186307429966
38.5182,25.9618,8.36502,69,59,62,1627,2800,0.482433,23,9.28637,0,0,186333391776
36.0682,27.7253,8.36502,69,59,62,1627,2800,0.482433,23,9.28637,0,0,186361118928
39.5383,25.292,8.36502,69,59,62,1627,2800,0.482433,23,9.28637,0,0,186386410130
38.946,25.6766,8.36502,69,59,62,1627,2800,0.482433,23,9.28637,0,0,186412089550
39.3614,25.4056,5.97561,70,64,62,1572,2800,0.482433,20,9.28657,0,0,186437493243
39.0424,25.6132,5.97561,70,64,62,1572,2800,0.482433,20,9.28657,0,0,186463106138
37.6502,26.5603,5.97561,70,64,62,1572,2800,0.482433,20,9.28657,0,0,186489665779
40.1501,24.9065,5.97561,70,64,62,1572,2800,0.482433,20,9.28657,0,0,186514573181
37.9258,26.3673,5.97561,70,64,62,1572,2800,0.482433,20,9.28657,0,0,186540940943
38.8314,25.7524,5.97561,70,64,62,1572,2800,0.482433,20,9.28657,0,0,186566693209
41.037,24.3682,5.97561,70,64,62,1572,2800,0.482433,20,9.28657,0,0,186591061069
38.2207,26.1638,5.97561,70,64,62,1572,2800,0.482433,20,9.28657,0,0,186617224878
38.0004,26.3155,5.97561,70,64,62,1572,2800,0.482433,20,9.28657,0,0,186643540952
37.6162,26.5843,5.97561,70,64,62,1572,2800,0.482433,20,9.28657,0,0,186670125601
42.445,23.5599,5.97561,70,64,62,1572,2800,0.482433,20,9.28657,0,0,186693685494
37.7538,26.4874,5.97561,70,64,62,1572,2800,0.482433,20,9.28657,0,0,186720173481
38.6806,25.8528,5.97561,70,64,62,1572,2800,0.482433,20,9.28657,0,0,186746027669
39.2614,25.4703,5.97561,70,64,62,1572,2800,0.482433,20,9.28657,0,0,186771496484
39.3362,25.4218,5.97561,70,64,62,1572,2800,0.482433,20,9.28657,0,0,186796920334
38.3113,26.102,5.97561,70,64,62,1572,2800,0.482433,20,9.28657,0,0,186823021977
39.0368,25.6168,5.97561,70,64,62,1572,2800,0.482433,20,9.28657,0,0,186848639491
39.2451,25.4809,5.97561,70,64,62,1572,2800,0.482433,20,9.28657,0,0,186874120338
37.2723,26.8296,5.97561,70,64,62,1572,2800,0.482433,20,9.28657,0,0,186900950658
39.8437,25.0981,5.97561,70,64,62,1572,2800,0.482433,20,9.28657,0,0,186926049839
40.6756,24.5848,5.66502,69,70,62,1585,2800,0.482433,28,9.28628,0,0,186950633072
36.8241,27.1561,5.66502,69,70,62,1585,2800,0.482433,28,9.28628,0,0,186977788622
39.6047,25.2496,5.66502,69,70,62,1585,2800,0.482433,28,9.28628,0,0,187003038346
40.6439,24.6039,5.66502,69,70,62,1585,2800,0.482433,28,9.28628,0,0,187027644081
38.1471,26.2143,5.66502,69,70,62,1585,2800,0.482433,28,9.28628,0,0,187053859146
39.8937,25.0666,5.66502,69,70,62,1585,2800,0.482433,28,9.28628,0,0,187078924324
37.8375,26.4288,5.66502,69,70,62,1585,2800,0.482433,28,9.28628,0,0,187105354713
40.0609,24.962,5.66502,69,70,62,1585,2800,0.482433,28,9.28628,0,0,187130316096
36.4938,27.4019,5.66502,69,70,62,1585,2800,0.482433,28,9.28628,0,0,187157717447
41.4301,24.137,5.66502,69,70,62,1585,2800,0.482433,28,9.28628,0,0,187181855004
37.2601,26.8383,5.66502,69,70,62,1585,2800,0.482433,28,9.28628,0,0,187208693398
37.7059,26.521,5.66502,69,70,62,1585,2800,0.482433,28,9.28628,0,0,187235215820
40.5281,24.6742,5.66502,69,70,62,1585,2800,0.482433,28,9.28628,0,0,187259888401
37.3029,26.8075,5.66502,69,70,62,1585,2800,0.482433,28,9.28628,0,0,187286697010
39.6884,25.1963,5.66502,69,70,62,1585,2800,0.482433,28,9.28628,0,0,187311894085
37.6757,26.5423,5.66502,69,70,62,1585,2800,0.482433,28,9.28628,0,0,187338436093
35.3435,28.2937,5.66502,69,70,62,1585,2800,0.482433,28,9.28628,0,0,187366729037
40.9357,24.4285,5.66502,69,70,62,1585,2800,0.482433,28,9.28628,0,0,187391159464
38.6928,25.8446,5.66502,69,70,62,1585,2800,0.482433,28,9.28628,0,0,187417002491
38.4353,26.0177,5.66502,69,70,62,1585,2800,0.482433,28,9.28628,0,0,187443025485
38.2963,26.1122,5.73871,70,65,61,1329,2800,0.482433,19,9.28558,0,0,187469133870
41.7138,23.9729,5.73871,70,65,61,1329,2800,0.482433,19,9.28558,0,0,187493106278
37.8512,26.4192,5.73871,70,65,61,1329,2800,0.482433,19,9.28558,0,0,187519527519
39.2468,25.4798,5.73871,70,65,61,1329,2800,0.482433,19,9.28558,0,0,187545006133
37.4366,26.7118,5.73871,70,65,61,1329,2800,0.482433,19,9.28558,0,0,187571718962
38.9851,25.6508,5.73871,70,65,61,1329,2800,0.482433,19,9.28558,0,0,187597369978
39.0911,25.5813,5.73871,70,65,61,1329,2800,0.482433,19,9.28558,0,0,187622952477
37.0207,27.0119,5.73871,70,65,61,1329,2800,0.482433,19,9.28558,0,0,187649964747
37.2065,26.877,5.73871,70,65,61,1329,2800,0.482433,19,9.28558,0,0,187676840612
38.5147,25.9641,5.73871,70,65,61,1329,2800,0.482433,19,9.28558,0,0,187702804256
38.9388,25.6814,5.73871,70,65,61,1329,2800,0.482433,19,9.28558,0,0,187728485890
37.8943,26.3892,5.73871,70,65,61,1329,2800,0.482433,19,9.28558,0,0,187754876234
37.8376,26.4287,5.73871,70,65,61,1329,2800,0.482433,19,9.28558,0,0,187781304459
37.0536,26.9879,5.73871,70,65,61,1329,2800,0.482433,19,9.28558,0,0,187808292424
36.8213,27.1582,5.73871,70,65,61,1329,2800,0.482433,19,9.28558,0,0,187835450999
39.582,25.264,5.73871,70,65,61,1329,2800,0.482433,19,9.28558,0,0,187860714699
39.3663,25.4024,5.73871,70,65,61,1329,2800,0.482433,19,9.28558,0,0,187886117631
40.0084,24.9948,5.73871,70,65,61,1329,2800,0.482433,19,9.28558,0,0,187911112957
36.6479,27.2867,5.73871,70,65,61,1329,2800,0.482433,19,9.28558,0,0,187938400635
39.8713,25.0807,5.73871,70,65,61,1329,2800,0.482433,19,9.28558,0,0,187963485429
41.6131,24.0309,8.0292,69,66,62,1639,2800,0.482433,22,9.28508,0,0,187987512419
36.9021,27.0987,8.0292,69,66,62,1639,2800,0.482433,22,9.28508,0,0,188014610741
37.6266,26.577,8.0292,69,66,62,1639,2800,0.482433,22,9.28508,0,0,188041188877
38.5784,25.9212,8.0292,69,66,62,1639,2800,0.482433,22,9.28508,0,0,188067109840
40.3749,24.7678,8.0292,69,66,62,1639,2800,0.482433,22,9.28508,0,0,188091877089
39.6424,25.2255,8.0292,69,66,62,1639,2800,0.482433,22,9.28508,0,0,188117102698
37.4603,26.6949,8.0292,69,66,62,1639,2800,0.482433,22,9.28508,0,0,188143799366
39.5784,25.2663,8.0292,69,66,62,1639,2800,0.482433,22,9.28508,0,0,188169064780
38.4714,25.9933,8.0292,69,66,62,1639,2800,0.482433,22,9.28508,0,0,188195058279
39.7641,25.1483,8.0292,69,66,62,1639,2800,0.482433,22,9.28508,0,0,188220209348
39.0063,25.6369,8.0292,69,66,62,1639,2800,0.482433,22,9.28508,0,0,188245844104
37.1789,26.897,8.0292,69,66,62,1639,2800,0.482433,22,9.28508,0,0,188272740768
40.1238,24.9228,8.0292,69,66,62,1639,2800,0.482433,22,9.28508,0,0,188297666043
37.6506,26.56,8.0292,69,66,62,1639,2800,0.482433,22,9.28508,0,0,188324225424
40.1067,24.9335,8.0292,69,66,62,1639,2800,0.482433,22,9.28508,0,0,188349157923
35.188,28.4188,8.0292,69,66,62,1639,2800,0.482433,22,9.28508,0,0,188377578576
38.91,25.7003,8.0292,69,66,62,1639,2800,0.482433,22,9.28508,0,0,188403277372
40.2668,24.8344,8.0292,69,66,62,1639,2800,0.482433,22,9.28508,0,0,188428113190
37.9761,26.3323,8.0292,69,66,62,1639,2800,0.482433,22,9.28508,0,0,188454444353
39.6047,25.2495,8.0292,69,66,62,1639,2800,0.482433,22,9.28508,0,0,188479698805
37.2613,26.8375,6.45554,70,64,62,1547,2800,0.482433,16,9.2851,0,0,188506532180
40.353,24.7813,6.45554,70,64,62,1547,2800,0.482433,16,9.2851,0,0,188531313556
37.9458,26.3534,6.45554,70,64,62,1547,2800,0.482433,16,9.2851,0,0,188557667221
39.6947,25.1923,6.45554,70,64,62,1547,2800,0.482433,16,9.2851,0,0,188582861470
37.2982,26.811,6.45554,70,64,62,1547,2800,0.482433,16,9.2851,0,0,188609671371
38.5141,25.9645,6.45554,70,64,62,1547,2800,0.482433,16,9.2851,0,0,188635635896
40.0674,24.9579,6.45554,70,64,62,1547,2800,0.482433,16,9.2851,0,0,188660594434
37.2115,26.8734,6.45554,70,64,62,1547,2800,0.482433,16,9.2851,0,0,188687467974
39.9951,25.003,6.45554,70,64,62,1547,2800,0.482433,16,9.2851,0,0,188712471757
39.2442,25.4815,6.45554,70,64,62,1547,2800,0.482433,16,9.2851,0,0,188737953496
39.1047,25.5724,6.45554,70,64,62,1547,2800,0.482433,16,9.2851,0,0,188763524913
38.6192,25.8939,6.45554,70,64,62,1547,2800,0.482433,16,9.2851,0,0,188789419237
38.5625,25.9319,6.45554,70,64,62,1547,2800,0.482433,16,9.2851,0,0,188815351501
38.51,25.9673,6.45554,70,64,62,1547,2800,0.482433,16,9.2851,0,0,188841323230
37.4844,26.6778,6.45554,70,64,62,1547,2800,0.482433,16,9.2851,0,0,188867997476
40.779,24.5224,6.45554,70,64,62,1547,2800,0.482433,16,9.2851,0,0,188892519805
40.8034,24.5078,6.45554,70,64,62,1547,2800,0.482433,16,9.2851,0,0,188917027537
36.5054,27.3932,6.45554,70,64,62,1547,2800,0.482433,16,9.2851,0,0,188944422416
36.8746,27.1189,6.45554,70,64,62,1547,2800,0.482433,16,9.2851,0,0,188971540335
40.5425,24.6655,6.45554,70,64,62,1547,2800,0.482433,16,9.2851,0,0,188996209479
38.781,25.7858,6.46341,69,68,61,1372,2800,0.482433,28,9.28666,0,0,189021991402
38.0052,26.3122,6.46341,69,68,61,1372,2800,0.482433,28,9.28666,0,0,189048305232
38.47,25.9943,6.46341,69,68,61,1372,2800,0.482433,28,9.28666,0,0,189074299302
38.9806,25.6538,6.46341,69,68,61,1372,2800,0.482433,28,9.28666,0,0,189099952603
40.9866,24.3982,6.46341,69,68,61,1372,2800,0.482433,28,9.28666,0,0,189124351401
38.3066,26.1051,6.46341,69,68,61,1372,2800,0.482433,28,9.28666,0,0,189150456850
38.0461,26.2839,6.46341,69,68,61,1372,2800,0.482433,28,9.28666,0,0,189176742798
39.2717,25.4636,6.46341,69,68,61,1372,2800,0.482433,28,9.28666,0,0,189202205642
38.9618,25.6662,6.46341,69,68,61,1372,2800,0.482433,28,9.28666,0,0,189227871977
39.0693,25.5955,6.46341,69,68,61,1372,2800,0.482433,28,9.28666,0,0,189253468612
39.8497,25.0943,6.46341,69,68,61,1372,2800,0.482433,28,9.28666,0,0,189278561953
37.3944,26.742,6.46341,69,68,61,1372,2800,0.482433,28,9.28666,0,0,189305303826
41.3144,24.2047,6.46341,69,68,61,1372,2800,0.482433,28,9.28666,0,0,189329509020
39.382,25.3923,6.46341,69,68,61,1372,2800,0.482433,28,9.28666,0,0,189354901512
37.3288,26.7889,6.46341,69,68,61,1372,2800,0.482433,28,9.28666,0,0,189381690364
39.3908,25.3866,6.46341,69,68,61,1372,2800,0.482433,28,9.28666,0,0,189407076944
37.3197,26.7955,6.46341,69,68,61,1372,2800,0.482433,28,9.28666,0,0,189433872458
42.1276,23.7374,6.46341,69,68,61,1372,2800,0.482433,28,9.28666,0,0,189457610426
37.9014,26.3843,6.46341,69,68,61,1372,2800,0.482433,28,9.28666,0,0,189483994668
42.143,23.7288,6.46341,69,68,61,1372,2800,0.482433,28,9.28666,0,0,189507727456
35.917,27.842,6.14251,69,66,61,1446,2800,0.482433,16,9.28615,0,0,189535565847
39.9394,25.0379,6.14251,69,66,61,1446,2800,0.482433,16,9.28615,0,0,189560604515
39.3882,25.3883,6.14251,69,66,61,1446,2800,0.482433,16,9.28615,0,0,189585994081
39.8585,25.0888,6.14251,69,66,61,1446,2800,0.482433,16,9.28615,0,0,189611081761
36.1542,27.6593,6.14251,69,66,61,1446,2800,0.482433,16,9.28615,0,0,189638740765
42.4616,23.5507,6.14251,69,66,61,1446,2800,0.482433,16,9.28615,0,0,189662291772
37.7609,26.4824,6.14251,69,66,61,1446,2800,0.482433,16,9.28615,0,0,189688775410
38.4607,26.0006,6.14251,69,66,61,1446,2800,0.482433,16,9.28615,0,0,189714775723
38.2194,26.1648,6.14251,69,66,61,1446,2800,0.482433,16,9.28615,0,0,189740940283
34.2673,29.1823,6.14251,69,66,61,1446,2800,0.482433,16,9.28615,0,0,189770122535
43.4387,23.0209,6.14251,69,66,61,1446,2800,0.482433,16,9.28615,0,0,189793144249
38.7973,25.775,6.14251,69,66,61,1446,2800,0.482433,16,9.28615,0,0,189818920070
39.402,25.3794,6.14251,69,66,61,1446,2800,0.482433,16,9.28615,0,0,189844298264
37.5591,26.6247,6.14251,69,66,61,1446,2800,0.482433,16,9.28615,0,0,189870923449
41.158,24.2966,6.14251,69,66,61,1446,2800,0.482433,16,9.28615,0,0,189895220616
39.4002,25.3806,6.14251,69,66,61,1446,2800,0.482433,16,9.28615,0,0,189920601265
36.7447,27.2148,6.14251,69,66,61,1446,2800,0.482433,16,9.28615,0,0,189947817348
39.9573,25.0267,6.14251,69,66,61,1446,2800,0.482433,16,9.28615,0,0,189972843473
36.5547,27.3563,6.14251,69,66,61,1446,2800,0.482433,16,9.28615,0,0,190000199859
42.0159,23.8005,6.14251,69,66,61,1446,2800,0.482433,16,9.28615,0,0,190024002528
40.0144,24.991,7.25707,69,64,61,1380,2800,0.482433,22,9.28628,0,0,190048991973
36.7001,27.2479,7.25707,69,64,61,1380,2800,0.482433,22,9.28628,0,0,190076239716
38.6489,25.874,7.25707,69,64,61,1380,2800,0.482433,22,9.28628,0,0,190102113731
40.9662,24.4104,7.25707,69,64,61,1380,2800,0.482433,22,9.28628,0,0,190126524441
38.1015,26.2457,7.25707,69,64,61,1380,2800,0.482433,22,9.28628,0,0,190152770394
38.5947,25.9103,7.25707,69,64,61,1380,2800,0.482433,22,9.28628,0,0,190178681318
38.5068,25.9694,7.25707,69,64,61,1380,2800,0.482433,22,9.28628,0,0,190204650853
38.8928,25.7117,7.25707,69,64,61,1380,2800,0.482433,22,9.28628,0,0,190230363215
38.0775,26.2622,7.25707,69,64,61,1380,2800,0.482433,22,9.28628,0,0,190256625378
40.6441,24.6038,7.25707,69,64,61,1380,2800,0.482433,22,9.28628,0,0,190281228869
36.5071,27.3919,7.25707,69,64,61,1380,2800,0.482433,22,9.28628,0,0,190308622876
39.31,25.4388,7.25707,69,64,61,1380,2800,0.482433,22,9.28628,0,0,190334060613
37.7072,26.5201,7.25707,69,64,61,1380,2800,0.482433,22,9.28628,0,0,190360581943
39.6922,25.1938,7.25707,69,64,61,1380,2800,0.482433,22,9.28628,0,0,190385775511
40.1444,24.9101,7.25707,69,64,61,1380,2800,0.482433,22,9.28628,0,0,190410685447
37.339,26.7816,7.25707,69,64,61,1380,2800,0.482433,22,9.28628,0,0,190437468077
40.4948,24.6945,7.25707,69,64,61,1380,2800,0.482433,22,9.28628,0,0,190462162650
37.9066,26.3807,7.25707,69,64,61,1380,2800,0.482433,22,9.28628,0,0,190488543566
41.3273,24.1971,7.25707,69,64,61,1380,2800,0.482433,22,9.28628,0,0,190512739773
37.2611,26.8376,7.25707,69,64,61,1380,2800,0.482433,22,9.28628,0,0,190539580432
36.0825,27.7143,5.03686,69,65,61,1420,2800,0.482433,22,9.28631,0,0,190567292466
42.7714,23.3801,5.03686,69,65,61,1420,2800,0.482433,22,9.28631,0,0,190590672321
38.8009,25.7726,5.03686,69,65,61,1420,2800,0.482433,22,9.28631,0,0,190616444916
39.5174,25.3053,5.03686,69,65,61,1420,2800,0.482433,22,9.28631,0,0,190641750605
37.3086,26.8034,5.03686,69,65,61,1420,2800,0.482433,22,9.28631,0,0,190668554334
42.838,23.3438,5.03686,69,65,61,1420,2800,0.482433,22,9.28631,0,0,190691898182
36.0512,27.7383,5.03686,69,65,61,1420,2800,0.482433,22,9.28631,0,0,190719637497
38.3086,26.1038,5.03686,69,65,61,1420,2800,0.482433,22,9.28631,0,0,190745741384
39.3438,25.417,5.03686,69,65,61,1420,2800,0.482433,22,9.28631,0,0,190771159664
40.6024,24.6291,5.03686,69,65,61,1420,2800,0.482433,22,9.28631,0,0,190795787962
38.5766,25.9224,5.03686,69,65,61,1420,2800,0.482433,22,9.28631,0,0,190821710157
38.401,26.041,5.03686,69,65,61,1420,2800,0.482433,22,9.28631,0,0,190847751687
38.4641,25.9983,5.03686,69,65,61,1420,2800,0.482433,22,9.28631,0,0,190873750015
39.4683,25.3368,5.03686,69,65,61,1420,2800,0.482433,22,9.28631,0,0,190899087213
38.8342,25.7505,5.03686,69,65,61,1420,2800,0.482433,22,9.28631,0,0,190924837516
37.4919,26.6724,5.03686,69,65,61,1420,2800,0.482433,22,9.28631,0,0,190951509679
39.1052,25.5721,5.03686,69,65,61,1420,2800,0.482433,22,9.28631,0,0,190977082719
38.7273,25.8216,5.03686,69,65,61,1420,2800,0.482433,22,9.28631,0,0,191002905919
39.6098,25.2463,5.03686,69,65,61,1420,2800,0.482433,22,9.28631,0,0,191028151656
40.9858,24.3987,5.03686,69,65,61,1420,2800,0.482433,22,9.28631,0,0,191052553489
37.0659,26.9789,5.17879,69,69,61,1397,2800,0.482433,13,9.28846,0,0,191079530122
39.7355,25.1664,5.17879,69,69,61,1397,2800,0.482433,13,9.28846,0,0,191104695248
35.493,28.1745,5.17879,69,69,61,1397,2800,0.482433,13,9.28846,0,0,191132872875
41.5117,24.0896,5.17879,69,69,61,1397,2800,0.482433,13,9.28846,0,0,191156960138
39.786,25.1345,5.17879,69,69,61,1397,2800,0.482433,13,9.28846,0,0,191182095457
37.7262,26.5068,5.17879,69,69,61,1397,2800,0.482433,13,9.28846,0,0,191208601748
37.9035,26.3828,5.17879,69,69,61,1397,2800,0.482433,13,9.28846,0,0,191234985911
39.6436,25.2248,5.17879,69,69,61,1397,2800,0.482433,13,9.28846,0,0,191260210718
39.7197,25.1764,5.17879,69,69,61,1397,2800,0.482433,13,9.28846,0,0,191285387044
38.498,25.9753,5.17879,69,69,61,1397,2800,0.482433,13,9.28846,0,0,191311362329
39.35,25.4129,5.17879,69,69,61,1397,2800,0.482433,13,9.28846,0,0,191336775700
33.3535,29.9818,5.17879,69,69,61,1397,2800,0.482433,13,9.28846,0,0,191366757272
45.3732,22.0395,5.17879,69,69,61,1397,2800,0.482433,13,9.28846,0,0,191388797083
38.7236,25.8241,5.17879,69,69,61,1397,2800,0.482433,13,9.28846,0,0,191414621205
38.8562,25.7359,5.17879,69,69,61,1397,2800,0.482433,13,9.28846,0,0,191440358574
37.5862,26.6055,5.17879,69,69,61,1397,2800,0.482433,13,9.28846,0,0,191466963099
41.0832,24.3408,5.17879,69,69,61,1397,2800,0.482433,13,9.28846,0,0,191491305591
37.8119,26.4467,5.17879,69,69,61,1397,2800,0.482433,13,9.28846,0,0,191517751219
40.582,24.6415,5.17879,69,69,61,1397,2800,0.482433,13,9.28846,0,0,191542394004
37.2399,26.8529,5.17879,69,69,61,1397,2800,0.482433,13,9.28846,0,0,191569248158
40.1981,24.8768,5.25031,69,60,61,1410,2800,0.482433,29,9.28895,0,0,191594123209
38.3905,26.0481,5.25031,69,60,61,1410,2800,0.482433,29,9.28895,0,0,191620172633
36.439,27.4431,5.25031,69,60,61,1410,2800,0.482433,29,9.28895,0,0,191647615492
39.2094,25.5041,5.25031,69,60,61,1410,2800,0.482433,29,9.28895,0,0,191673120224
37.7837,26.4665,5.25031,69,60,61,1410,2800,0.482433,29,9.28895,0,0,191699585769
39.9041,25.0601,5.25031,69,60,61,1410,2800,0.482433,29,9.28895,0,0,191724646558
41.059,24.3552,5.25031,69,60,61,1410,2800,0.482433,29,9.28895,0,0,191749002305
36.2088,27.6176,5.25031,69,60,61,1410,2800,0.482433,29,9.28895,0,0,191776620492
37.7913,26.4611,5.25031,69,60,61,1410,2800,0.482433,29,9.28895,0,0,191803080898
42.2799,23.6519,5.25031,69,60,61,1410,2800,0.482433,29,9.28895,0,0,191826733044
40.369,24.7715,5.25031,69,60,61,1410,2800,0.482433,29,9.28895,0,0,191851504100
39.3877,25.3886,5.25031,69,60,61,1410,2800,0.482433,29,9.28895,0,0,191876893977
36.459,27.4281,5.25031,69,60,61,1410,2800,0.482433,29,9.28895,0,0,191904321487
39.1919,25.5155,5.25031,69,60,61,1410,2800,0.482433,29,9.28895,0,0,191929837931
38.5651,25.9302,5.25031,69,60,61,1410,2800,0.482433,29,9.28895,0,0,191955768723
39.6847,25.1986,5.25031,69,60,61,1410,2800,0.482433,29,9.28895,0,0,191980967772
39.0776,25.5901,5.25031,69,60,61,1410,2800,0.482433,29,9.28895,0,0,192006558235
36.3227,27.531,5.25031,69,60,61,1410,2800,0.482433,29,9.28895,0,0,192034087716
42.2,23.6967,5.25031,69,60,61,1410,2800,0.482433,29,9.28895,0,0,192057785708
37.5819,26.6085,5.25031,69,60,61,1410,2800,0.482433,29,9.28895,0,0,192084400684
40.6101,24.6244,7.37101,69,65,61,1410,2800,0.482433,14,9.28906,0,0,192109018111
36.8293,27.1523,7.37101,69,65,61,1410,2800,0.482433,14,9.28906,0,0,192136170305
41.1192,24.3195,7.37101,69,65,61,1410,2800,0.482433,14,9.28906,0,0,192160490174
38.2831,26.1212,7.37101,69,65,61,1410,2800,0.482433,14,9.28906,0,0,192186611192
38.1282,26.2273,7.37101,69,65,61,1410,2800,0.482433,14,9.28906,0,0,192212839622
37.7485,26.4911,7.37101,69,65,61,1410,2800,0.482433,14,9.28906,0,0,192239330495
37.9085,26.3793,7.37101,69,65,61,1410,2800,0.482433,14,9.28906,0,0,192265709898
40.8604,24.4736,7.37101,69,65,61,1410,2800,0.482433,14,9.28906,0,0,192290183817
38.6123,25.8985,7.37101,69,65,61,1410,2800,0.482433,14,9.28906,0,0,192316082769
40.4582,24.7169,7.37101,69,65,61,1410,2800,0.482433,14,9.28906,0,0,192340799973
36.2687,27.572,7.37101,69,65,61,1410,2800,0.482433,14,9.28906,0,0,192368372004
41.6543,24.0072,7.37101,69,65,61,1410,2800,0.482433,14,9.28906,0,0,192392392071
36.9926,27.0324,7.37101,69,65,61,1410,2800,0.482433,14,9.28906,0,0,192419413579
39.0773,25.5903,7.37101,69,65,61,1410,2800,0.482433,14,9.28906,0,0,192445002389
37.6487,26.5614,7.37101,69,65,61,1410,2800,0.482433,14,9.28906,0,0,192471564726
40.7945,24.5131,7.37101,69,65,61,1410,2800,0.482433,14,9.28906,0,0,192496077497
39.4572,25.3439,7.37101,69,65,61,1410,2800,0.482433,14,9.28906,0,0,192521421207
37.7131,26.516,7.37101,69,65,61,1410,2800,0.482433,14,9.28906,0,0,192547939441
39.4092,25.3748,7.37101,69,65,61,1410,2800,0.482433,14,9.28906,0,0,192573313418
37.5954,26.599,7.37101,69,65,61,1410,2800,0.482433,14,9.28906,0,0,192599914928
42.3166,23.6314,5.15337,69,64,61,1432,2800,0.482433,30,9.28962,0,0,192623544212
35.9244,27.8362,5.15337,69,64,61,1432,2800,0.482433,30,9.28962,0,0,192651380609
41.2385,24.2492,5.15337,69,64,61,1432,2800,0.482433,30,9.28962,0,0,192675629415
36.6882,27.2567,5.15337,69,64,61,1432,2800,0.482433,30,9.28962,0,0,192702887857
42.2346,23.6772,5.15337,69,64,61,1432,2800,0.482433,30,9.28962,0,0,192726564890
36.256,27.5816,5.15337,69,64,61,1432,2800,0.482433,30,9.28962,0,0,192754146439
37.8902,26.392,5.15337,69,64,61,1432,2800,0.482433,30,9.28962,0,0,192780538126
40.8632,24.4719,5.15337,69,64,61,1432,2800,0.482433,30,9.28962,0,0,192805011042
39.9329,25.042,5.15337,69,64,61,1432,2800,0.482433,30,9.28962,0,0,192830053086
37.0007,27.0265,5.15337,69,64,61,1432,2800,0.482433,30,9.28962,0,0,192857079023
39.5145,25.3072,5.15337,69,64,61,1432,2800,0.482433,30,9.28962,0,0,192882387858
40.4329,24.7323,5.15337,69,64,61,1432,2800,0.482433,30,9.28962,0,0,192907119239
35.5178,28.1549,5.15337,69,64,61,1432,2800,0.482433,30,9.28962,0,0,192935274564
41.7943,23.9267,5.15337,69,64,61,1432,2800,0.482433,30,9.28962,0,0,192959201416
36.2509,27.5855,5.15337,69,64,61,1432,2800,0.482433,30,9.28962,0,0,192986788485
40.9858,24.3987,5.15337,69,64,61,1432,2800,0.482433,30,9.28962,0,0,193011186531
37.4946,26.6705,5.15337,69,64,61,1432,2800,0.482433,30,9.28962,0,0,193037857442
41.6525,24.0081,5.15337,69,64,61,1432,2800,0.482433,30,9.28962,0,0,193061865646
37.5168,26.6547,5.15337,69,64,61,1432,2800,0.482433,30,9.28962,0,0,193088520136
39.2419,25.4829,5.15337,69,64,61,1432,2800,0.482433,30,9.28962,0,0,193114006123
39.123,25.5604,4.80888,69,68,61,1444,2800,0.482433,15,9.28886,0,0,193139565458
36.8492,27.1376,4.80888,69,68,61,1444,2800,0.482433,15,9.28886,0,0,193166701641
41.0852,24.3396,4.80888,69,68,61,1444,2800,0.482433,15,9.28886,0,0,193191042680
37.6502,26.5603,4.80888,69,68,61,1444,2800,0.482433,15,9.28886,0,0,193217602572
40.44,24.728,4.80888,69,68,61,1444,2800,0.482433,15,9.28886,0,0,193242331428
35.7854,27.9443,4.80888,69,68,61,1444,2800,0.482433,15,9.28886,0,0,193270275097
41.6705,23.9978,4.80888,69,68,61,1444,2800,0.482433,15,9.28886,0,0,193294274034
39.3116,25.4378,4.80888,69,68,61,1444,2800,0.482433,15,9.28886,0,0,193319712842
38.1887,26.1857,4.80888,69,68,61,1444,2800,0.482433,15,9.28886,0,0,193345899103
36.7266,27.2282,4.80888,69,68,61,1444,2800,0.482433,15,9.28886,0,0,193373125937
41.3946,24.1577,4.80888,69,68,61,1444,2800,0.482433,15,9.28886,0,0,193397284143
30.4016,32.893,4.80888,69,68,61,1444,2800,0.482433,15,9.28886,0,0,193430177898
41.6585,24.0047,4.80888,69,68,61,1444,2800,0.482433,15,9.28886,0,0,193454194388
38.1637,26.2029,4.80888,69,68,61,1444,2800,0.482433,15,9.28886,0,0,193480385288
38.3127,26.101,4.80888,69,68,61,1444,2800,0.482433,15,9.28886,0,0,193506486039
36.5804,27.337,4.80888,69,68,61,1444,2800,0.482433,15,9.28886,0,0,193533823930
42.1625,23.7178,4.80888,69,68,61,1444,2800,0.482433,15,9.28886,0,0,193557542562
37.4594,26.6956,4.80888,69,68,61,1444,2800,0.482433,15,9.28886,0,0,193584237166
40.3442,24.7867,4.80888,69,68,61,1444,2800,0.482433,15,9.28886,0,0,193609024122
34.7258,28.797,4.80888,69,68,61,1444,2800,0.482433,15,9.28886,0,0,193637824187
44.0592,22.6967,5.44135,69,63,62,1366,2800,0.482433,19,9.28968,0,0,193660518126
36.9838,27.0389,5.44135,69,63,62,1366,2800,0.482433,19,9.28968,0,0,193687558379
36.3521,27.5088,5.44135,69,63,62,1366,2800,0.482433,19,9.28968,0,0,193715066320
41.3569,24.1797,5.44135,69,63,62,1366,2800,0.482433,19,9.28968,0,0,193739247419
36.5912,27.329,5.44135,69,63,62,1366,2800,0.482433,19,9.28968,0,0,193766575181
41.1574,24.297,5.44135,69,63,62,1366,2800,0.482433,19,9.28968,0,0,193790874201
36.087,27.7108,5.44135,69,63,62,1366,2800,0.482433,19,9.28968,0,0,193818583911
41.1279,24.3144,5.44135,69,63,62,1366,2800,0.482433,19,9.28968,0,0,193842898240
40.8762,24.4641,5.44135,69,63,62,1366,2800,0.482433,19,9.28968,0,0,193867363201
41.843,23.8989,5.44135,69,63,62,1366,2800,0.482433,19,9.28968,0,0,193891261980
37.1037,26.9515,5.44135,69,63,62,1366,2800,0.482433,19,9.28968,0,0,193918213968
38.8837,25.7177,5.44135,69,63,62,1366,2800,0.482433,19,9.28968,0,0,193943933103
37.3018,26.8083,5.44135,69,63,62,1366,2800,0.482433,19,9.28968,0,0,193970742332
42.1571,23.7208,5.44135,69,63,62,1366,2800,0.482433,19,9.28968,0,0,193994461454
38.1499,26.2124,5.44135,69,63,62,1366,2800,0.482433,19,9.28968,0,0,194020673514
38.2322,26.156,5.44135,69,63,62,1366,2800,0.482433,19,9.28968,0,0,194046830520
38.5989,25.9075,5.44135,69,63,62,1366,2800,0.482433,19,9.28968,0,0,194072737757
37.1135,26.9444,5.44135,69,63,62,1366,2800,0.482433,19,9.28968,0,0,194099683513
39.3669,25.402,5.44135,69,63,62,1366,2800,0.482433,19,9.28968,0,0,194125086014
40.6452,24.6032,5.44135,69,63,62,1366,2800,0.482433,19,9.28968,0,0,194149692982
38.1551,26.2088,7.30198,69,62,61,1454,2800,0.482433,23,9.29003,0,0,194175897076
36.9885,27.0354,7.30198,69,62,61,1454,2800,0.482433,23,9.29003,0,0,194202933663
42.3112,23.6344,7.30198,69,62,61,1454,2800,0.482433,23,9.29003,0,0,194226568577
37.7305,26.5038,7.30198,69,62,61,1454,2800,0.482433,23,9.29003,0,0,194253072253
37.8365,26.4295,7.30198,69,62,61,1454,2800,0.482433,23,9.29003,0,0,194279502833
37.9511,26.3497,7.30198,69,62,61,1454,2800,0.482433,23,9.29003,0,0,194305851288
41.1633,24.2935,7.30198,69,62,61,1454,2800,0.482433,23,9.29003,0,0,194330145589
39.0083,25.6355,7.30198,69,62,61,1454,2800,0.482433,23,9.29003,0,0,194355781748
38.1194,26.2333,7.30198,69,62,61,1454,2800,0.482433,23,9.29003,0,0,194382014517
38.556,25.9363,7.30198,69,62,61,1454,2800,0.482433,23,9.29003,0,0,194407951029
29.9236,33.4185,7.30198,69,62,61,1454,2800,0.482433,23,9.29003,0,0,194441369780
39.3149,25.4357,7.30198,69,62,61,1454,2800,0.482433,23,9.29003,0,0,194466807095
38.2288,26.1583,7.30198,69,62,61,1454,2800,0.482433,23,9.29003,0,0,194492964793
42.5898,23.4798,7.30198,69,62,61,1454,2800,0.482433,23,9.29003,0,0,194516444165
38.9033,25.7047,7.30198,69,62,61,1454,2800,0.482433,23,9.29003,0,0,194542150676
34.726,28.7969,7.30198,69,62,61,1454,2800,0.482433,23,9.29003,0,0,194570947635
40.9921,24.395,7.30198,69,62,61,1454,2800,0.482433,23,9.29003,0,0,194595341744
37.8901,26.3921,7.30198,69,62,61,1454,2800,0.482433,23,9.29003,0,0,194621734342
41.3002,24.213,7.30198,69,62,61,1454,2800,0.482433,23,9.29003,0,0,194645946700
37.3261,26.7909,7.30198,69,62,61,1454,2800,0.482433,23,9.29003,0,0,194672741061
42.5927,23.4782,5.69007,69,67,61,1452,2800,0.482433,27,9.29206,0,0,194696217168
38.0036,26.3133,5.69007,69,67,61,1452,2800,0.482433,27,9.29206,0,0,194722531238
40.0566,24.9647,5.69007,69,67,61,1452,2800,0.482433,27,9.29206,0,0,194747496018
37.5196,26.6527,5.69007,69,67,61,1452,2800,0.482433,27,9.29206,0,0,194774148163
38.0062,26.3115,5.69007,69,67,61,1452,2800,0.482433,27,9.29206,0,0,194800460270
39.9417,25.0365,5.69007,69,67,61,1452,2800,0.482433,27,9.29206,0,0,194825497866
35.0939,28.495,5.69007,69,67,61,1452,2800,0.482433,27,9.29206,0,0,194853991436
41.4881,24.1033,5.69007,69,67,61,1452,2800,0.482433,27,9.29206,0,0,194878097103
41.1228,24.3174,5.69007,69,67,61,1452,2800,0.482433,27,9.29206,0,0,194902413746
37.758,26.4844,5.69007,69,67,61,1452,2800,0.482433,27,9.29206,0,0,194928897746
38.7699,25.7932,5.69007,69,67,61,1452,2800,0.482433,27,9.29206,0,0,194954690398
40.2108,24.8689,5.69007,69,67,61,1452,2800,0.482433,27,9.29206,0,0,194979559969
38.2162,26.1669,5.69007,69,67,61,1452,2800,0.482433,27,9.29206,0,0,195005727054
35.3965,28.2514,5.69007,69,67,61,1452,2800,0.482433,27,9.29206,0,0,195033978199
41.5603,24.0614,5.69007,69,67,61,1452,2800,0.482433,27,9.29206,0,0,195058040706
40.8086,24.5047,5.69007,69,67,61,1452,2800,0.482433,27,9.29206,0,0,195082545622
38.1676,26.2002,5.69007,69,67,61,1452,2800,0.482433,27,9.29206,0,0,195108745849
35.1808,28.4246,5.69007,69,67,61,1452,2800,0.482433,27,9.29206,0,0,195137169618
44.4186,22.5131,5.69007,69,67,61,1452,2800,0.482433,27,9.29206,0,0,195159684070
37.804,26.4522,5.69007,69,67,61,1452,2800,0.482433,27,9.29206,0,0,195186140368
39.1628,25.5344,5.55556,69,67,61,1480,2800,0.482433,19,9.29174,0,0,195211670328
36.9747,27.0456,5.55556,69,67,61,1480,2800,0.482433,19,9.29174,0,0,195238716302
40.9645,24.4114,5.55556,69,67,61,1480,2800,0.482433,19,9.29174,0,0,195263129536
37.5634,26.6217,5.55556,69,67,61,1480,2800,0.482433,19,9.29174,0,0,195289749431
40.9478,24.4214,5.55556,69,67,61,1480,2800,0.482433,19,9.29174,0,0,195314171461
37.8539,26.4174,5.55556,69,67,61,1480,2800,0.482433,19,9.29174,0,0,195340589277
36.7939,27.1784,5.55556,69,67,61,1480,2800,0.482433,19,9.29174,0,0,195367767870
42.3049,23.6379,5.55556,69,67,61,1480,2800,0.482433,19,9.29174,0,0,195391406270
39.1376,25.5509,5.55556,69,67,61,1480,2800,0.482433,19,9.29174,0,0,195416957320
34.3048,29.1504,5.55556,69,67,61,1480,2800,0.482433,19,9.29174,0,0,195446107592
39.9176,25.0516,5.55556,69,67,61,1480,2800,0.482433,19,9.29174,0,0,195471160306
31.2132,32.0377,5.55556,69,67,61,1480,2800,0.482433,19,9.29174,0,0,195503197174
40.1004,24.9374,5.55556,69,67,61,1480,2800,0.482433,19,9.29174,0,0,195528134752
41.4131,24.1469,5.55556,69,67,61,1480,2800,0.482433,19,9.29174,0,0,195552282609
39.2205,25.4969,5.55556,69,67,61,1480,2800,0.482433,19,9.29174,0,0,195577779025
38.8408,25.7461,5.55556,69,67,61,1480,2800,0.482433,19,9.29174,0,0,195603525581
38.3877,26.05,5.55556,69,67,61,1480,2800,0.482433,19,9.29174,0,0,195629576869
38.4251,26.0246,5.55556,69,67,61,1480,2800,0.482433,19,9.29174,0,0,195655601908
38.5037,25.9715,5.55556,69,67,61,1480,2800,0.482433,19,9.29174,0,0,195681572484
38.8663,25.7292,5.55556,69,67,61,1480,2800,0.482433,19,9.29174,0,0,195707304363
38.6936,25.844,6.44769,69,63,62,1475,2800,0.482433,30,9.29061,0,0,195733145777
37.7676,26.4777,6.44769,69,63,62,1475,2800,0.482433,30,9.29061,0,0,195759625739
40.7414,24.545,6.44769,69,63,62,1475,2800,0.482433,30,9.29061,0,0,195784169328
37.408,26.7322,6.44769,69,63,62,1475,2800,0.482433,30,9.29061,0,0,195810901954
38.9744,25.6579,6.44769,69,63,62,1475,2800,0.482433,30,9.29061,0,0,195836559523
44.2343,22.6069,6.44769,69,63,62,1475,2800,0.482433,30,9.29061,0,0,195859166879
38.4373,26.0164,6.44769,69,63,62,1475,2800,0.482433,30,9.29061,0,0,195885183712
39.047,25.6101,6.44769,69,63,62,1475,2800,0.482433,30,9.29061,0,0,195910793341
35.5233,28.1505,6.44769,69,63,62,1475,2800,0.482433,30,9.29061,0,0,195938946713
40.7167,24.5599,6.44769,69,63,62,1475,2800,0.482433,30,9.29061,0,0,195963504689
38.9414,25.6796,6.44769,69,63,62,1475,2800,0.482433,30,9.29061,0,0,195989184379
39.5166,25.3058,6.44769,69,63,62,1475,2800,0.482433,30,9.29061,0,0,196014491361
35.8531,27.8916,6.44769,69,63,62,1475,2800,0.482433,30,9.29061,0,0,196042382080
41.3085,24.2081,6.44769,69,63,62,1475,2800,0.482433,30,9.29061,0,0,196066591061
40.5899,24.6367,6.44769,69,63,62,1475,2800,0.482433,30,9.29061,0,0,196091227835
36.9567,27.0587,6.44769,69,63,62,1475,2800,0.482433,30,9.29061,0,0,196118288106
41.4481,24.1266,6.44769,69,63,62,1475,2800,0.482433,30,9.29061,0,0,196142414342
36.0861,27.7115,6.44769,69,63,62,1475,2800,0.482433,30,9.29061,0,0,196170124602
41.0047,24.3874,6.44769,69,63,62,1475,2800,0.482433,30,9.29061,0,0,196194513501
37.1623,26.909,6.44769,69,63,62,1475,2800,0.482433,30,9.29061,0,0,196221425854
39.6397,25.2272,6.65025,69,64,62,1449,2800,0.482433,20,9.29022,0,0,196246649238
37.7311,26.5033,6.65025,69,64,62,1449,2800,0.482433,20,9.29022,0,0,196273152664
37.1658,26.9065,6.65025,69,64,62,1449,2800,0.482433,20,9.29022,0,0,196300059598
40.0602,24.9624,6.65025,69,64,62,1449,2800,0.482433,20,9.29022,0,0,196325022203
41.3652,24.1749,6.65025,69,64,62,1449,2800,0.482433,20,9.29022,0,0,196349198352
38.7676,25.7947,6.65025,69,64,62,1449,2800,0.482433,20,9.29022,0,0,196374993850
36.3776,27.4894,6.65025,69,64,62,1449,2800,0.482433,20,9.29022,0,0,196402482355
42.9181,23.3002,6.65025,69,64,62,1449,2800,0.482433,20,9.29022,0,0,196425783472
38.3569,26.0709,6.65025,69,64,62,1449,2800,0.482433,20,9.29022,0,0,196451853636
39.3738,25.3976,6.65025,69,64,62,1449,2800,0.482433,20,9.29022,0,0,196477252399
35.079,28.5071,6.65025,69,64,62,1449,2800,0.482433,20,9.29022,0,0,196505759144
41.9606,23.8319,6.65025,69,64,62,1449,2800,0.482433,20,9.29022,0,0,196529591348
39.0926,25.5803,6.65025,69,64,62,1449,2800,0.482433,20,9.29022,0,0,196555171622
38.3706,26.0616,6.65025,69,64,62,1449,2800,0.482433,20,9.29022,0,0,196581234842
37.0488,26.9914,6.65025,69,64,62,1449,2800,0.482433,20,9.29022,0,0,196608226805
37.8313,26.4331,6.65025,69,64,62,1449,2800,0.482433,20,9.29022,0,0,196634658807
42.4262,23.5703,6.65025,69,64,62,1449,2800,0.482433,20,9.29022,0,0,196658229992
37.5603,26.6239,6.65025,69,64,62,1449,2800,0.482433,20,9.29022,0,0,196684855457
40.2142,24.8669,6.65025,69,64,62,1449,2800,0.482433,20,9.29022,0,0,196709721290
36.8284,27.153,6.65025,69,64,62,1449,2800,0.482433,20,9.29022,0,0,196736875808
42.7068,23.4155,5.74572,69,69,61,1397,2800,0.482433,30,9.28883,0,0,196760288645
37.1141,26.9439,5.74572,69,69,61,1397,2800,0.482433,30,9.28883,0,0,196787233269
38.6714,25.8589,5.74572,69,69,61,1397,2800,0.482433,30,9.28883,0,0,196813091665
38.2355,26.1537,5.74572,69,69,61,1397,2800,0.482433,30,9.28883,0,0,196839246237
37.1746,26.9001,5.74572,69,69,61,1397,2800,0.482433,30,9.28883,0,0,196866146116
42.3898,23.5906,5.74572,69,69,61,1397,2800,0.482433,30,9.28883,0,0,196889736657
38.6327,25.8848,5.74572,69,69,61,1397,2800,0.482433,30,9.28883,0,0,196915622525
37.9712,26.3358,5.74572,69,69,61,1397,2800,0.482433,30,9.28883,0,0,196941957455
37.1357,26.9282,5.74572,69,69,61,1397,2800,0.482433,30,9.28883,0,0,196968887581
42.0094,23.8042,5.74572,69,69,61,1397,2800,0.482433,30,9.28883,0,0,196992691322
37.4353,26.7127,5.74572,69,69,61,1397,2800,0.482433,30,9.28883,0,0,197019403720
39.0053,25.6375,5.74572,69,69,61,1397,2800,0.482433,30,9.28883,0,0,197045042204
36.4344,27.4466,5.74572,69,69,61,1397,2800,0.482433,30,9.28883,0,0,197072488899
41.3791,24.1668,5.74572,69,69,61,1397,2800,0.482433,30,9.28883,0,0,197096657485
38.6499,25.8733,5.74572,69,69,61,1397,2800,0.482433,30,9.28883,0,0,197122531400
38.0501,26.2812,5.74572,69,69,61,1397,2800,0.482433,30,9.28883,0,0,197148810705
40.1704,24.894,5.74572,69,69,61,1397,2800,0.482433,30,9.28883,0,0,197173704832
37.89,26.3922,5.74572,69,69,61,1397,2800,0.482433,30,9.28883,0,0,197200097631
40.1648,24.8974,5.74572,69,69,61,1397,2800,0.482433,30,9.28883,0,0,197224996787
38.657,25.8685,5.74572,69,69,61,1397,2800,0.482433,30,9.28883,0,0,197250866223
39.2057,25.5065,5.87515,69,68,60,1442,2800,0.482433,14,9.28921,0,0,197276371386
37.1217,26.9384,5.87515,69,68,60,1442,2800,0.482433,14,9.28921,0,0,197303310740
41.9388,23.8443,5.87515,69,68,60,1442,2800,0.482433,14,9.28921,0,0,197327155628
36.9803,27.0415,5.87515,69,68,60,1442,2800,0.482433,14,9.28921,0,0,197354197595
40.2148,24.8665,5.87515,69,68,60,1442,2800,0.482433,14,9.28921,0,0,197379063198
36.7165,27.2357,5.87515,69,68,60,1442,2800,0.482433,14,9.28921,0,0,197406299509
41.0038,24.388,5.87515,69,68,60,1442,2800,0.482433,14,9.28921,0,0,197430688588
36.26,27.5786,5.87515,69,68,60,1442,2800,0.482433,14,9.28921,0,0,197458266831
41.4814,24.1072,5.87515,69,68,60,1442,2800,0.482433,14,9.28921,0,0,197482374402
38.7999,25.7733,5.87515,69,68,60,1442,2800,0.482433,14,9.28921,0,0,197508156324
36.8218,27.1578,5.87515,69,68,60,1442,2800,0.482433,14,9.28921,0,0,197535305873
42.3705,23.6014,5.87515,69,68,60,1442,2800,0.482433,14,9.28921,0,0,197558908035
36.9861,27.0372,5.87515,69,68,60,1442,2800,0.482433,14,9.28921,0,0,197585946455
40.2368,24.8528,5.87515,69,68,60,1442,2800,0.482433,14,9.28921,0,0,197610798182
33.1108,30.2016,5.87515,69,68,60,1442,2800,0.482433,14,9.28921,0,0,197641000839
41.7469,23.9539,5.87515,69,68,60,1442,2800,0.482433,14,9.28921,0,0,197664953800
41.0544,24.3579,5.87515,69,68,60,1442,2800,0.482433,14,9.28921,0,0,197689312201
39.4614,25.3412,5.87515,69,68,60,1442,2800,0.482433,14,9.28921,0,0,197714653798
38.6017,25.9056,5.87515,69,68,60,1442,2800,0.482433,14,9.28921,0,0,197740559723
35.957,27.811,5.87515,69,68,60,1442,2800,0.482433,14,9.28921,0,0,197768373357
42.7041,23.4169,7.32601,69,63,61,1434,2800,0.482433,25,9.28896,0,0,197791787988
37.2726,26.8293,7.32601,69,63,61,1434,2800,0.482433,25,9.28896,0,0,197818617916
40.4404,24.7278,7.32601,69,63,61,1434,2800,0.482433,25,9.28896,0,0,197843345080
37.5377,26.6399,7.32601,69,63,61,1434,2800,0.482433,25,9.28896,0,0,197869986996
40.4226,24.7387,7.32601,69,63,61,1434,2800,0.482433,25,9.28896,0,0,197894726172
37.3647,26.7632,7.32601,69,63,61,1434,2800,0.482433,25,9.28896,0,0,197921488403
40.6783,24.5831,7.32601,69,63,61,1434,2800,0.482433,25,9.28896,0,0,197946071176
38.1828,26.1898,7.32601,69,63,61,1434,2800,0.482433,25,9.28896,0,0,197972261354
39.1944,25.5139,7.32601,69,63,61,1434,2800,0.482433,25,9.28896,0,0,197997775123
38.8992,25.7074,7.32601,69,63,61,1434,2800,0.482433,25,9.28896,0,0,198023483097
39.7204,25.176,7.32601,69,63,61,1434,2800,0.482433,25,9.28896,0,0,198048660756
38.8169,25.762,7.32601,69,63,61,1434,2800,0.482433,25,9.28896,0,0,198074421939
35.8513,27.893,7.32601,69,63,61,1434,2800,0.482433,25,9.28896,0,0,198102316155
41.8143,23.9152,7.32601,69,63,61,1434,2800,0.482433,25,9.28896,0,0,198126230293
37.3984,26.7391,7.32601,69,63,61,1434,2800,0.482433,25,9.28896,0,0,198152971134
38.3236,26.0936,7.32601,69,63,61,1434,2800,0.482433,25,9.28896,0,0,198179065353
37.328,26.7895,7.32601,69,63,61,1434,2800,0.482433,25,9.28896,0,0,198205853292
42.5431,23.5056,7.32601,69,63,61,1434,2800,0.482433,25,9.28896,0,0,198229358934
35.3709,28.2718,7.32601,69,63,61,1434,2800,0.482433,25,9.28896,0,0,198257632461
40.2029,24.8738,7.32601,69,63,61,1434,2800,0.482433,25,9.28896,0,0,198282511209
37.2277,26.8617,5.4321,69,63,62,1476,2800,0.482433,22,9.28862,0,0,198309368649
40.2441,24.8484,5.4321,69,63,62,1476,2800,0.482433,22,9.28862,0,0,198334215377
40.3602,24.7769,5.4321,69,63,62,1476,2800,0.482433,22,9.28862,0,0,198358993115
38.4468,26.01,5.4321,69,63,62,1476,2800,0.482433,22,9.28862,0,0,198385003186
39.8403,25.1002,5.4321,69,63,62,1476,2800,0.482433,22,9.28862,0,0,198410102938
37.7482,26.4913,5.4321,69,63,62,1476,2800,0.482433,22,9.28862,0,0,198436595304
39.443,25.353,5.4321,69,63,62,1476,2800,0.482433,22,9.28862,0,0,198461947530
37.7625,26.4813,5.4321,69,63,62,1476,2800,0.482433,22,9.28862,0,0,198488429606
39.9677,25.0202,5.4321,69,63,62,1476,2800,0.482433,22,9.28862,0,0,198513451823
37.3386,26.7819,5.4321,69,63,62,1476,2800,0.482433,22,9.28862,0,0,198540231848
38.1118,26.2386,5.4321,69,63,62,1476,2800,0.482433,22,9.28862,0,0,198566470627
41.4575,24.1211,5.4321,69,63,62,1476,2800,0.482433,22,9.28862,0,0,198590593257
39.6848,25.1986,5.4321,69,63,62,1476,2800,0.482433,22,9.28862,0,0,198615791173
38.9809,25.6536,5.4321,69,63,62,1476,2800,0.482433,22,9.28862,0,0,198641444775
36.0418,27.7455,5.4321,69,63,62,1476,2800,0.482433,22,9.28862,0,0,198669190301
43.9923,22.7312,5.4321,69,63,62,1476,2800,0.482433,22,9.28862,0,0,198691921650
36.5853,27.3334,5.4321,69,63,62,1476,2800,0.482433,22,9.28862,0,0,198719255484
39.5833,25.2632,5.4321,69,63,62,1476,2800,0.482433,22,9.28862,0,0,198744519465
37.6208,26.581,5.4321,69,63,62,1476,2800,0.482433,22,9.28862,0,0,198771101348
40.6078,24.6258,5.4321,69,63,62,1476,2800,0.482433,22,9.28862,0,0,198795728073
37.6935,26.5298,5.30864,69,71,62,1500,2800,0.482433,29,9.2887,0,0,198822257999
38.7869,25.7819,5.30864,69,71,62,1500,2800,0.482433,29,9.2887,0,0,198848038358
38.5024,25.9724,5.30864,69,71,62,1500,2800,0.482433,29,9.2887,0,0,198874010638
37.7645,26.4799,5.30864,69,71,62,1500,2800,0.482433,29,9.2887,0,0,198900490470
40.6704,24.5879,5.30864,69,71,62,1500,2800,0.482433,29,9.2887,0,0,198925079123
38.0469,26.2833,5.30864,69,71,62,1500,2800,0.482433,29,9.2887,0,0,198951362667
40.6397,24.6065,5.30864,69,71,62,1500,2800,0.482433,29,9.2887,0,0,198975971017
35.6656,28.0382,5.30864,69,71,62,1500,2800,0.482433,29,9.2887,0,0,199004011858
43.7048,22.8808,5.30864,69,71,62,1500,2800,0.482433,29,9.2887,0,0,199026889521
37.3001,26.8096,5.30864,69,71,62,1500,2800,0.482433,29,9.2887,0,0,199053699192
41.2106,24.2656,5.30864,69,71,62,1500,2800,0.482433,29,9.2887,0,0,199077965180
35.3239,28.3095,5.30864,69,71,62,1500,2800,0.482433,29,9.2887,0,0,199106276759
42.106,23.7496,5.30864,69,71,62,1500,2800,0.482433,29,9.2887,0,0,199130024214
38.4372,26.0165,5.30864,69,71,62,1500,2800,0.482433,29,9.2887,0,0,199156040857
38.7805,25.7862,5.30864,69,71,62,1500,2800,0.482433,29,9.2887,0,0,199181827448
36.939,27.0717,5.30864,69,71,62,1500,2800,0.482433,29,9.2887,0,0,199208901084
38.8448,25.7434,5.30864,69,71,62,1500,2800,0.482433,29,9.2887,0,0,199234642921
37.4578,26.6967,5.30864,69,71,62,1500,2800,0.482433,29,9.2887,0,0,199261339990
40.6767,24.5841,5.30864,69,71,62,1500,2800,0.482433,29,9.2887,0,0,199285926390
39.8259,25.1093,5.30864,69,71,62,1500,2800,0.482433,29,9.2887,0,0,199311038255
37.7344,26.501,5.04305,69,67,61,1519,2800,0.482433,13,9.28897,0,0,199337536151
40.6121,24.6232,5.04305,69,67,61,1519,2800,0.482433,13,9.28897,0,0,199362158728
37.792,26.4606,5.04305,69,67,61,1519,2800,0.482433,13,9.28897,0,0,199388618993
39.7257,25.1726,5.04305,69,67,61,1519,2800,0.482433,13,9.28897,0,0,199413791822
37.2029,26.8796,5.04305,69,67,61,1519,2800,0.482433,13,9.28897,0,0,199440671905
34.0672,29.3537,5.04305,69,67,61,1519,2800,0.482433,13,9.28897,0,0,199470025829
46.3637,21.5686,5.04305,69,67,61,1519,2800,0.482433,13,9.28897,0,0,199491594727
35.7684,27.9576,5.04305,69,67,61,1519,2800,0.482433,13,9.28897,0,0,199519552582
40.9263,24.4342,5.04305,69,67,61,1519,2800,0.482433,13,9.28897,0,0,199543987317
38.7914,25.7789,5.04305,69,67,61,1519,2800,0.482433,13,9.28897,0,0,199569766314
41.0286,24.3733,5.04305,69,67,61,1519,2800,0.482433,13,9.28897,0,0,199594139934
38.2798,26.1235,5.04305,69,67,61,1519,2800,0.482433,13,9.28897,0,0,199620263147
36.7478,27.2125,5.04305,69,67,61,1519,2800,0.482433,13,9.28897,0,0,199647477026
38.8058,25.7693,5.04305,69,67,61,1519,2800,0.482433,13,9.28897,0,0,199673246505
41.1721,24.2883,5.04305,69,67,61,1519,2800,0.482433,13,9.28897,0,0,199697534955
37.2439,26.85,5.04305,69,67,61,1519,2800,0.482433,13,9.28897,0,0,199724383939
39.5151,25.3068,5.04305,69,67,61,1519,2800,0.482433,13,9.28897,0,0,199749690921
36.937,27.0731,5.04305,69,67,61,1519,2800,0.482433,13,9.28897,0,0,199776764967
36.0051,27.7738,5.04305,69,67,61,1519,2800,0.482433,13,9.28897,0,0,199804540550
43.8006,22.8307,5.04305,69,67,61,1519,2800,0.482433,13,9.28897,0,0,199827372518
39.1872,25.5185,7.25707,69,60,61,1434,2800,0.482433,29,9.28813,0,0,199852889673
40.3447,24.7864,7.25707,69,60,61,1434,2800,0.482433,29,9.28813,0,0,199877675667
36.1312,27.6769,7.25707,69,60,61,1434,2800,0.482433,29,9.28813,0,0,199905353286
42.2285,23.6807,7.25707,69,60,61,1434,2800,0.482433,29,9.28813,0,0,199929033666
36.6425,27.2907,7.25707,69,60,61,1434,2800,0.482433,29,9.28813,0,0,199956324239
42.6806,23.4298,7.25707,69,60,61,1434,2800,0.482433,29,9.28813,0,0,199979754880
29.0056,34.4761,7.25707,69,60,61,1434,2800,0.482433,29,9.28813,0,0,200014230082
33.8617,29.5318,7.25707,69,60,61,1434,2800,0.482433,29,9.28813,0,0,200043762552
41.0985,24.3318,7.25707,69,60,61,1434,2800,0.482433,29,9.28813,0,0,200068094323
43.3348,23.0761,7.25707,69,60,61,1434,2800,0.482433,29,9.28813,0,0,200091170780
37.1422,26.9235,7.25707,69,60,61,1434,2800,0.482433,29,9.28813,0,0,200118095576
40.0275,24.9828,7.25707,69,60,61,1434,2800,0.482433,29,9.28813,0,0,200143077658
37.9297,26.3645,7.25707,69,60,61,1434,2800,0.482433,29,9.28813,0,0,200169443015
32.9509,30.3482,7.25707,69,60,61,1434,2800,0.482433,29,9.28813,0,0,200199791605
44.0072,22.7235,7.25707,69,60,61,1434,2800,0.482433,29,9.28813,0,0,200222514959
39.308,25.4401,7.25707,69,60,61,1434,2800,0.482433,29,9.28813,0,0,200247954920
36.7973,27.1759,7.25707,69,60,61,1434,2800,0.482433,29,9.28813,0,0,200275131359
39.1469,25.5448,7.25707,69,60,61,1434,2800,0.482433,29,9.28813,0,0,200300676617
40.6603,24.594,7.25707,69,60,61,1434,2800,0.482433,29,9.28813,0,0,200325270210
38.4621,25.9996,7.25707,69,60,61,1434,2800,0.482433,29,9.28813,0,0,200351273508
40.4692,24.7102,5.43478,69,70,61,1401,2800,0.482433,20,9.28765,0,0,200375980714
37.7685,26.4771,5.43478,69,70,61,1401,2800,0.482433,20,9.28765,0,0,200402459894
40.4883,24.6985,5.43478,69,70,61,1401,2800,0.482433,20,9.28765,0,0,200427158314
37.7639,26.4803,5.43478,69,70,61,1401,2800,0.482433,20,9.28765,0,0,200453637875
38.9733,25.6586,5.43478,69,70,61,1401,2800,0.482433,20,9.28765,0,0,200479297378
36.406,27.468,5.43478,69,70,61,1401,2800,0.482433,20,9.28765,0,0,200506765163
36.8195,27.1595,5.43478,69,70,61,1401,2800,0.482433,20,9.28765,0,0,200533923839
43.1127,23.195,5.43478,69,70,61,1401,2800,0.482433,20,9.28765,0,0,200557119218
39.8809,25.0746,5.43478,69,70,61,1401,2800,0.482433,20,9.28765,0,0,200582194505
37.2403,26.8527,5.43478,69,70,61,1401,2800,0.482433,20,9.28765,0,0,200609046735
38.2566,26.1393,5.43478,69,70,61,1401,2800,0.482433,20,9.28765,0,0,200635186920
39.0863,25.5844,5.43478,69,70,61,1401,2800,0.482433,20,9.28765,0,0,200660770941
38.7949,25.7766,5.43478,69,70,61,1401,2800,0.482433,20,9.28765,0,0,200686548786
39.1318,25.5547,5.43478,69,70,61,1401,2800,0.482433,20,9.28765,0,0,200712104874
37.3865,26.7476,5.43478,69,70,61,1401,2800,0.482433,20,9.28765,0,0,200738851587
40.8139,24.5014,5.43478,69,70,61,1401,2800,0.482433,20,9.28765,0,0,200763352686
38.9585,25.6683,5.43478,69,70,61,1401,2800,0.482433,20,9.28765,0,0,200789021877
38.4115,26.0338,5.43478,69,70,61,1401,2800,0.482433,20,9.28765,0,0,200815055632
38.8216,25.7588,5.43478,69,70,61,1401,2800,0.482433,20,9.28765,0,0,200840816154
37.3735,26.757,5.43478,69,70,61,1401,2800,0.482433,20,9.28765,0,0,200867573697
42.3118,23.6341,5.04305,69,65,62,1394,2800,0.482433,24,9.28632,0,0,200891206417
39.5178,25.305,5.04305,69,65,62,1394,2800,0.482433,24,9.28632,0,0,200916512036
38.2688,26.131,5.04305,69,65,62,1394,2800,0.482433,24,9.28632,0,0,200942642372
34.9736,28.593,5.04305,69,65,62,1394,2800,0.482433,24,9.28632,0,0,200971236120
42.9707,23.2717,5.04305,69,65,62,1394,2800,0.482433,24,9.28632,0,0,200994507973
38.1367,26.2215,5.04305,69,65,62,1394,2800,0.482433,24,9.28632,0,0,201020728828
38.2803,26.1231,5.04305,69,65,62,1394,2800,0.482433,24,9.28632,0,0,201046853384
38.14,26.2192,5.04305,69,65,62,1394,2800,0.482433,24,9.28632,0,0,201073072607
42.0462,23.7834,5.04305,69,65,62,1394,2800,0.482433,24,9.28632,0,0,201096855679
37.7016,26.5241,5.04305,69,65,62,1394,2800,0.482433,24,9.28632,0,0,201123380044
39.5679,25.273,5.04305,69,65,62,1394,2800,0.482433,24,9.28632,0,0,201148653653
37.4818,26.6796,5.04305,69,65,62,1394,2800,0.482433,24,9.28632,0,0,201175332688
37.1952,26.8852,5.04305,69,65,62,1394,2800,0.482433,24,9.28632,0,0,201202218251
42.3757,23.5984,5.04305,69,65,62,1394,2800,0.482433,24,9.28632,0,0,201225817148
37.0857,26.9646,5.04305,69,65,62,1394,2800,0.482433,24,9.28632,0,0,201252781769
37.14,26.9251,5.04305,69,65,62,1394,2800,0.482433,24,9.28632,0,0,201279707488
39.4624,25.3406,5.04305,69,65,62,1394,2800,0.482433,24,9.28632,0,0,201305049625
38.9345,25.6842,5.04305,69,65,62,1394,2800,0.482433,24,9.28632,0,0,201330733613
39.1421,25.548,5.04305,69,65,62,1394,2800,0.482433,24,9.28632,0,0,201356280775
41.0584,24.3556,5.04305,69,65,62,1394,2800,0.482433,24,9.28632,0,0,201380639107
37.4888,26.6746,5.4254,69,67,62,1379,2800,0.482433,14,9.28904,0,0,201407311320
37.0303,27.0049,5.4254,69,67,62,1379,2800,0.482433,14,9.28904,0,0,201434316908
40.2593,24.839,5.4254,69,67,62,1379,2800,0.482433,14,9.28904,0,0,201459157354
38.9025,25.7053,5.4254,69,67,62,1379,2800,0.482433,14,9.28904,0,0,201484861771
38.4899,25.9808,5.4254,69,67,62,1379,2800,0.482433,14,9.28904,0,0,201510842536
37.6598,26.5535,5.4254,69,67,62,1379,2800,0.482433,14,9.28904,0,0,201537396016
41.4223,24.1416,5.4254,69,67,62,1379,2800,0.482433,14,9.28904,0,0,201561539474
36.6775,27.2647,5.4254,69,67,62,1379,2800,0.482433,14,9.28904,0,0,201588803498
40.2263,24.8594,5.4254,69,67,62,1379,2800,0.482433,14,9.28904,0,0,201613662909
34.2429,29.2031,5.4254,69,67,62,1379,2800,0.482433,14,9.28904,0,0,201642867393
38.6746,25.8568,5.4254,69,67,62,1379,2800,0.482433,14,9.28904,0,0,201668724677
41.5991,24.039,5.4254,69,67,62,1379,2800,0.482433,14,9.28904,0,0,201692764390
37.8318,26.4328,5.4254,69,67,62,1379,2800,0.482433,14,9.28904,0,0,201719196442
37.6072,26.5907,5.4254,69,67,62,1379,2800,0.482433,14,9.28904,0,0,201745787904
38.7509,25.8059,5.4254,69,67,62,1379,2800,0.482433,14,9.28904,0,0,201771593611
38.9192,25.6942,5.4254,69,67,62,1379,2800,0.482433,14,9.28904,0,0,201797287728
42.3355,23.6208,5.4254,69,67,62,1379,2800,0.482433,14,9.28904,0,0,201820907504
41.1798,24.2838,5.4254,69,67,62,1379,2800,0.482433,14,9.28904,0,0,201845192478
34.5572,28.9376,5.4254,69,67,62,1379,2800,0.482433,14,9.28904,0,0,201874131253
45.3644,22.0437,5.4254,69,67,62,1379,2800,0.482433,14,9.28904,0,0,201896179881
37.0928,26.9594,7.53086,69,61,62,1355,2800,0.482433,29,9.28916,0,0,201923133051
40.4873,24.6991,7.53086,69,61,62,1355,2800,0.482433,29,9.28916,0,0,201947833344
35.399,28.2494,7.53086,69,61,62,1355,2800,0.482433,29,9.28916,0,0,201976082355
40.1361,24.9152,7.53086,69,61,62,1355,2800,0.482433,29,9.28916,0,0,202000998052
41.39,24.1604,7.53086,69,61,62,1355,2800,0.482433,29,9.28916,0,0,202025158382
39.5558,25.2807,7.53086,69,61,62,1355,2800,0.482433,29,9.28916,0,0,202050441609
40.5698,24.6488,7.53086,69,61,62,1355,2800,0.482433,29,9.28916,0,0,202075089744
36.925,27.0819,7.53086,69,61,62,1355,2800,0.482433,29,9.28916,0,0,202102170854
41.0033,24.3883,7.53086,69,61,62,1355,2800,0.482433,29,9.28916,0,0,202126560424
38.2381,26.1519,7.53086,69,61,62,1355,2800,0.482433,29,9.28916,0,0,202152713102
37.7161,26.5139,7.53086,69,61,62,1355,2800,0.482433,29,9.28916,0,0,202179226747
39.5434,25.2887,7.53086,69,61,62,1355,2800,0.482433,29,9.28916,0,0,202204515064
40.8029,24.5081,7.53086,69,61,62,1355,2800,0.482433,29,9.28916,0,0,202229023216
36.2464,27.5889,7.53086,69,61,62,1355,2800,0.482433,29,9.28916,0,0,202256611908
38.3538,26.0731,7.53086,69,61,62,1355,2800,0.482433,29,9.28916,0,0,202282686891
38.3428,26.0805,7.53086,69,61,62,1355,2800,0.482433,29,9.28916,0,0,202308766161
39.3438,25.4169,7.53086,69,61,62,1355,2800,0.482433,29,9.28916,0,0,202334184531
41.0696,24.3489,7.53086,69,61,62,1355,2800,0.482433,29,9.28916,0,0,202358532503
37.2245,26.864,7.53086,69,61,62,1355,2800,0.482433,29,9.28916,0,0,202385397307
39.8032,25.1236,7.53086,69,61,62,1355,2800,0.482433,29,9.28916,0,0,202410524451
37.5375,26.6401,4.80296,69,72,61,1203,2800,0.482433,12,9.2894,0,0,202437160967
38.5914,25.9125,4.80296,69,72,61,1203,2800,0.482433,12,9.2894,0,0,202463073614
38.1229,26.231,4.80296,69,72,61,1203,2800,0.482433,12,9.2894,0,0,202489304519
41.1341,24.3107,4.80296,69,72,61,1203,2800,0.482433,12,9.2894,0,0,202513615582
36.5128,27.3877,4.80296,69,72,61,1203,2800,0.482433,12,9.2894,0,0,202541003077
36.9292,27.0788,4.80296,69,72,61,1203,2800,0.482433,12,9.2894,0,0,202568083415
41.7792,23.9354,4.80296,69,72,61,1203,2800,0.482433,12,9.2894,0,0,202592019855
38.7167,25.8287,4.80296,69,72,61,1203,2800,0.482433,12,9.2894,0,0,202617846962
38.6403,25.8797,4.80296,69,72,61,1203,2800,0.482433,12,9.2894,0,0,202643728121
37.3976,26.7397,4.80296,69,72,61,1203,2800,0.482433,12,9.2894,0,0,202670466548
39.8708,25.081,4.80296,69,72,61,1203,2800,0.482433,12,9.2894,0,0,202695549248
38.7026,25.8381,4.80296,69,72,61,1203,2800,0.482433,12,9.2894,0,0,202721385673
39.3364,25.4218,4.80296,69,72,61,1203,2800,0.482433,12,9.2894,0,0,202746808481
37.9782,26.3309,4.80296,69,72,61,1203,2800,0.482433,12,9.2894,0,0,202773138813
42.3109,23.6346,4.80296,69,72,61,1203,2800,0.482433,12,9.2894,0,0,202796773957
37.2933,26.8145,4.80296,69,72,61,1203,2800,0.482433,12,9.2894,0,0,202823589088
39.3488,25.4138,4.80296,69,72,61,1203,2800,0.482433,12,9.2894,0,0,202849002349
35.0677,28.5163,4.80296,69,72,61,1203,2800,0.482433,12,9.2894,0,0,202877519102
42.3061,23.6373,4.80296,69,72,61,1203,2800,0.482433,12,9.2894,0,0,202901156812
40.5442,24.6644,4.80296,69,72,61,1203,2800,0.482433,12,9.2894,0,0,202925825596
37.7806,26.4686,5.03685,69,61,61,1190,2800,0.482433,28,9.2906,0,0,202952289478
38.7831,25.7844,5.03685,69,61,61,1190,2800,0.482433,28,9.2906,0,0,202978076209
33.8994,29.4991,5.03685,69,61,61,1190,2800,0.482433,28,9.2906,0,0,203007575205
36.837,27.1466,5.03685,69,61,61,1190,2800,0.482433,28,9.2906,0,0,203034720987
44.6948,22.374,5.03685,69,61,61,1190,2800,0.482433,28,9.2906,0,0,203057095015
39.6693,25.2084,5.03685,69,61,61,1190,2800,0.482433,28,9.2906,0,0,203082303401
38.0142,26.306,5.03685,69,61,61,1190,2800,0.482433,28,9.2906,0,0,203108609978
37.7032,26.5229,5.03685,69,61,61,1190,2800,0.482433,28,9.2906,0,0,203135134594
41.5887,24.045,5.03685,69,61,61,1190,2800,0.482433,28,9.2906,0,0,203159178936
38.9662,25.6633,5.03685,69,61,61,1190,2800,0.482433,28,9.2906,0,0,203184842827
38.1475,26.214,5.03685,69,61,61,1190,2800,0.482433,28,9.2906,0,0,203211055919
37.911,26.3776,5.03685,69,61,61,1190,2800,0.482433,28,9.2906,0,0,203237434100
34.8753,28.6736,5.03685,69,61,61,1190,2800,0.482433,28,9.2906,0,0,203266109160
42.0443,23.7844,5.03685,69,61,61,1190,2800,0.482433,28,9.2906,0,0,203289892763
36.4785,27.4134,5.03685,69,61,61,1190,2800,0.482433,28,9.2906,0,0,203317306577
40.2172,24.865,5.03685,69,61,61,1190,2800,0.482433,28,9.2906,0,0,203342171640
38.9012,25.7061,5.03685,69,61,61,1190,2800,0.482433,28,9.2906,0,0,203367877329
40.6321,24.6111,5.03685,69,61,61,1190,2800,0.482433,28,9.2906,0,0,203392490428
38.6035,25.9044,5.03685,69,61,61,1190,2800,0.482433,28,9.2906,0,0,203418395091
38.421,26.0274,5.03685,69,61,61,1190,2800,0.482433,28,9.2906,0,0,203444426141
37.6936,26.5297,5.72473,69,64,62,1247,2800,0.482433,13,9.29318,0,0,203470956768
41.2048,24.269,5.72473,69,64,62,1247,2800,0.482433,13,9.29318,0,0,203495222736
37.5145,26.6564,5.72473,69,64,62,1247,2800,0.482433,13,9.29318,0,0,203521879309
36.8468,27.1394,5.72473,69,64,62,1247,2800,0.482433,13,9.29318,0,0,203549018378
39.1086,25.5698,5.72473,69,64,62,1247,2800,0.482433,13,9.29318,0,0,203574588333
38.0769,26.2626,5.72473,69,64,62,1247,2800,0.482433,13,9.29318,0,0,203600850146
40.7978,24.5111,5.72473,69,64,62,1247,2800,0.482433,13,9.29318,0,0,203625361945
39.0256,25.6242,5.72473,69,64,62,1247,2800,0.482433,13,9.29318,0,0,203650988406
37.5446,26.635,5.72473,69,64,62,1247,2800,0.482433,13,9.29318,0,0,203677623809
39.4052,25.3773,5.72473,69,64,62,1247,2800,0.482433,13,9.29318,0,0,203702999379
37.2765,26.8265,5.72473,69,64,62,1247,2800,0.482433,13,9.29318,0,0,203729826753
38.6317,25.8855,5.72473,69,64,62,1247,2800,0.482433,13,9.29318,0,0,203755713522
38.902,25.7056,5.72473,69,64,62,1247,2800,0.482433,13,9.29318,0,0,203781419232
38.5007,25.9736,5.72473,69,64,62,1247,2800,0.482433,13,9.29318,0,0,203807392122
40.4724,24.7082,5.72473,69,64,62,1247,2800,0.482433,13,9.29318,0,0,203832100230
37.4163,26.7263,5.72473,69,64,62,1247,2800,0.482433,13,9.29318,0,0,203858826955
38.3584,26.0699,5.72473,69,64,62,1247,2800,0.482433,13,9.29318,0,0,203884899162
39.0103,25.6342,5.72473,69,64,62,1247,2800,0.482433,13,9.29318,0,0,203910532736
40.6176,24.6199,5.72473,69,64,62,1247,2800,0.482433,13,9.29318,0,0,203935153099
38.1357,26.2222,5.72473,69,64,62,1247,2800,0.482433,13,9.29318,0,0,203961379626
40.4206,24.7399,8.08824,69,63,62,1362,2800,0.482433,27,9.29362,0,0,203986114604
40.1089,24.9321,8.08824,69,63,62,1362,2800,0.482433,27,9.29362,0,0,204011047804
28.4315,35.1722,8.08824,69,63,62,1362,2800,0.482433,27,9.29362,0,0,204046219874
38.6522,25.8718,8.08824,69,63,62,1362,2800,0.482433,27,9.29362,0,0,204072091084
40.6969,24.5719,8.08824,69,63,62,1362,2800,0.482433,27,9.29362,0,0,204096662896
38.6548,25.87,8.08824,69,63,62,1362,2800,0.482433,27,9.29362,0,0,204122534136
39.103,25.5735,8.08824,69,63,62,1362,2800,0.482433,27,9.29362,0,0,204148107397
37.0814,26.9677,8.08824,69,63,62,1362,2800,0.482433,27,9.29362,0,0,204175075384
38.8335,25.751,8.08824,69,63,62,1362,2800,0.482433,27,9.29362,0,0,204200826519
42.0275,23.7939,8.08824,69,63,62,1362,2800,0.482433,27,9.29362,0,0,204224622064
33.362,29.9742,8.08824,69,63,62,1362,2800,0.482433,27,9.29362,0,0,204254596232
40.5396,24.6672,8.08824,69,63,62,1362,2800,0.482433,27,9.29362,0,0,204279262051
37.3937,26.7425,8.08824,69,63,62,1362,2800,0.482433,27,9.29362,0,0,204306006800
41.3652,24.1749,8.08824,69,63,62,1362,2800,0.482433,27,9.29362,0,0,204330181006
40.2002,24.8755,8.08824,69,63,62,1362,2800,0.482433,27,9.29362,0,0,204355057619
36.6111,27.3141,8.08824,69,63,62,1362,2800,0.482433,27,9.29362,0,0,204382372538
39.2176,25.4987,8.08824,69,63,62,1362,2800,0.482433,27,9.29362,0,0,204407870147
36.6803,27.2626,8.08824,69,63,62,1362,2800,0.482433,27,9.29362,0,0,204435132186
40.047,24.9706,8.08824,69,63,62,1362,2800,0.482433,27,9.29362,0,0,204460104049
37.4562,26.6979,8.08824,69,63,62,1362,2800,0.482433,27,9.29362,0,0,204486807991
36.8008,27.1733,5.89651,69,70,62,1299,2800,0.482433,20,9.29345,0,0,204513976766
38.1932,26.1827,5.89651,69,70,62,1299,2800,0.482433,20,9.29345,0,0,204540158809
41.2437,24.2461,5.89651,69,70,62,1299,2800,0.482433,20,9.29345,0,0,204564406002
37.1544,26.9147,5.89651,69,70,62,1299,2800,0.482433,20,9.29345,0,0,204591321320
41.2076,24.2674,5.89651,69,70,62,1299,2800,0.482433,20,9.29345,0,0,204615587870
37.3999,26.738,5.89651,69,70,62,1299,2800,0.482433,20,9.29345,0,0,204642325515
35.51,28.161,5.89651,69,70,62,1299,2800,0.482433,20,9.29345,0,0,204670487844
37.4396,26.7097,5.89651,69,70,62,1299,2800,0.482433,20,9.29345,0,0,204697197777
35.9263,27.8347,5.89651,69,70,62,1299,2800,0.482433,20,9.29345,0,0,204725032721
38.9545,25.671,5.89651,69,70,62,1299,2800,0.482433,20,9.29345,0,0,204750703485
37.7619,26.4817,5.89651,69,70,62,1299,2800,0.482433,20,9.29345,0,0,204777186553
37.9019,26.3839,5.89651,69,70,62,1299,2800,0.482433,20,9.29345,0,0,204803570796
40.7062,24.5663,5.89651,69,70,62,1299,2800,0.482433,20,9.29345,0,0,204828137839
36.5766,27.3399,5.89651,69,70,62,1299,2800,0.482433,20,9.29345,0,0,204855478005
40.0641,24.96,5.89651,69,70,62,1299,2800,0.482433,20,9.29345,0,0,204880436793
38.0421,26.2867,5.89651,69,70,62,1299,2800,0.482433,20,9.29345,0,0,204906725175
41.0235,24.3763,5.89651,69,70,62,1299,2800,0.482433,20,9.29345,0,0,204931101230
39.0199,25.628,5.89651,69,70,62,1299,2800,0.482433,20,9.29345,0,0,204956729364
38.3991,26.0423,5.89651,69,70,62,1299,2800,0.482433,20,9.29345,0,0,204982770492
38.2928,26.1146,5.89651,69,70,62,1299,2800,0.482433,20,9.29345,0,0,205008892713
36.9393,27.0714,7.10843,69,66,62,1403,2800,0.482433,22,9.29221,0,0,205035958895
40.9303,24.4318,7.10843,69,66,62,1403,2800,0.482433,22,9.29221,0,0,205060392197
39.9626,25.0234,7.10843,69,66,62,1403,2800,0.482433,22,9.29221,0,0,205085413833
37.5637,26.6215,7.10843,69,66,62,1403,2800,0.482433,22,9.29221,0,0,205112040631
39.181,25.5226,7.10843,69,66,62,1403,2800,0.482433,22,9.29221,0,0,205137558928
41.5932,24.0424,7.10843,69,66,62,1403,2800,0.482433,22,9.29221,0,0,205161601007
37.8713,26.4052,7.10843,69,66,62,1403,2800,0.482433,22,9.29221,0,0,205188006278
38.5956,25.9097,7.10843,69,66,62,1403,2800,0.482433,22,9.29221,0,0,205213915850
38.3473,26.0774,7.10843,69,66,62,1403,2800,0.482433,22,9.29221,0,0,205239994159
36.9917,27.0331,7.10843,69,66,62,1403,2800,0.482433,22,9.29221,0,0,205267026297
36.0257,27.758,7.10843,69,66,62,1403,2800,0.482433,22,9.29221,0,0,205294785259
40.6759,24.5846,7.10843,69,66,62,1403,2800,0.482433,22,9.29221,0,0,205319370576
37.1925,26.8872,7.10843,69,66,62,1403,2800,0.482433,22,9.29221,0,0,205346259686
41.2759,24.2272,7.10843,69,66,62,1403,2800,0.482433,22,9.29221,0,0,205370485338
40.1867,24.8839,7.10843,69,66,62,1403,2800,0.482433,22,9.29221,0,0,205395370137
39.5064,25.3124,7.10843,69,66,62,1403,2800,0.482433,22,9.29221,0,0,205420682919
37.5588,26.6249,7.10843,69,66,62,1403,2800,0.482433,22,9.29221,0,0,205447307914
38.4385,26.0156,7.10843,69,66,62,1403,2800,0.482433,22,9.29221,0,0,205473323965
41.5807,24.0496,7.10843,69,66,62,1403,2800,0.482433,22,9.29221,0,0,205497375691
37.8716,26.405,7.10843,69,66,62,1403,2800,0.482433,22,9.29221,0,0,205523785422
39.532,25.2959,6.34921,69,66,62,1401,2800,0.482433,28,9.29241,0,0,205549075551
36.7222,27.2315,6.34921,69,66,62,1401,2800,0.482433,28,9.29241,0,0,205576307354
38.4273,26.0232,6.34921,69,66,62,1401,2800,0.482433,28,9.29241,0,0,205602329677
39.1496,25.5431,6.34921,69,66,62,1401,2800,0.482433,28,9.29241,0,0,205627873894
38.0936,26.2511,6.34921,69,66,62,1401,2800,0.482433,28,9.29241,0,0,205654125247
36.8484,27.1382,6.34921,69,66,62,1401,2800,0.482433,28,9.29241,0,0,205681262512
39.012,25.6331,6.34921,69,66,62,1401,2800,0.482433,28,9.29241,0,0,205706898290
41.2746,24.2279,6.34921,69,66,62,1401,2800,0.482433,28,9.29241,0,0,205731126017
41.03,24.3724,6.34921,69,66,62,1401,2800,0.482433,28,9.29241,0,0,205755497753
36.4817,27.411,6.34921,69,66,62,1401,2800,0.482433,28,9.29241,0,0,205782910065
37.6693,26.5468,6.34921,69,66,62,1401,2800,0.482433,28,9.29241,0,0,205809454979
38.9777,25.6557,6.34921,69,66,62,1401,2800,0.482433,28,9.29241,0,0,205835110864
41.0657,24.3512,6.34921,69,66,62,1401,2800,0.482433,28,9.29241,0,0,205859463165
39.3703,25.3999,6.34921,69,66,62,1401,2800,0.482433,28,9.29241,0,0,205884865695
37.555,26.6276,6.34921,69,66,62,1401,2800,0.482433,28,9.29241,0,0,205911491150
38.7892,25.7804,6.34921,69,66,62,1401,2800,0.482433,28,9.29241,0,0,205937271940
40.9329,24.4302,6.34921,69,66,62,1401,2800,0.482433,28,9.29241,0,0,205961703068
38.8747,25.7237,6.34921,69,66,62,1401,2800,0.482433,28,9.29241,0,0,205987428184
38.6324,25.885,6.34921,69,66,62,1401,2800,0.482433,28,9.29241,0,0,206013310896
35.5657,28.1169,6.34921,69,66,62,1401,2800,0.482433,28,9.29241,0,0,206041435804
42.9786,23.2674,8.29268,69,66,61,1353,2800,0.482433,17,9.2915,0,0,206064698179
37.3513,26.7728,8.29268,69,66,61,1353,2800,0.482433,17,9.2915,0,0,206091471832
37.3087,26.8034,8.29268,69,66,61,1353,2800,0.482433,17,9.2915,0,0,206118275241
38.6544,25.8703,8.29268,69,66,61,1353,2800,0.482433,17,9.2915,0,0,206144143846
38.8926,25.7119,8.29268,69,66,61,1353,2800,0.482433,17,9.2915,0,0,206169857350
42.235,23.6771,8.29268,69,66,61,1353,2800,0.482433,17,9.2915,0,0,206193536177
38.2456,26.1468,8.29268,69,66,61,1353,2800,0.482433,17,9.2915,0,0,206219681591
39.9328,25.0421,8.29268,69,66,61,1353,2800,0.482433,17,9.2915,0,0,206244724447
32.887,30.4072,8.29268,69,66,61,1353,2800,0.482433,17,9.2915,0,0,206275132088
37.85,26.42,8.29268,69,66,61,1353,2800,0.482433,17,9.2915,0,0,206301550675
39.9891,25.0068,8.29268,69,66,61,1353,2800,0.482433,17,9.2915,0,0,206326558425
41.2306,24.2538,8.29268,69,66,61,1353,2800,0.482433,17,9.2915,0,0,206350814254
37.5218,26.6512,8.29268,69,66,61,1353,2800,0.482433,17,9.2915,0,0,206377464716
37.1303,26.9322,8.29268,69,66,61,1353,2800,0.482433,17,9.2915,0,0,206404396906
39.1032,25.5734,8.29268,69,66,61,1353,2800,0.482433,17,9.2915,0,0,206429971440
38.8001,25.7732,8.29268,69,66,61,1353,2800,0.482433,17,9.2915,0,0,206455742662
39.1493,25.5432,8.29268,69,66,61,1353,2800,0.482433,17,9.2915,0,0,206481286057
39.4723,25.3342,8.29268,69,66,61,1353,2800,0.482433,17,9.2915,0,0,206506621341
39.7442,25.1609,8.29268,69,66,61,1353,2800,0.482433,17,9.2915,0,0,206531781437
35.9867,27.7881,8.29268,69,66,61,1353,2800,0.482433,17,9.2915,0,0,206559574192
40.7624,24.5324,5.98291,69,73,62,1510,2800,0.482433,22,9.29318,0,0,206584102813
37.8812,26.3983,5.98291,69,73,62,1510,2800,0.482433,22,9.29318,0,0,206610502955
38.1681,26.1999,5.98291,69,73,62,1510,2800,0.482433,22,9.29318,0,0,206636701439
41.4418,24.1302,5.98291,69,73,62,1510,2800,0.482433,22,9.29318,0,0,206660832745
38.93,25.6871,5.98291,69,73,62,1510,2800,0.482433,22,9.29318,0,0,206686519228
39.289,25.4524,5.98291,69,73,62,1510,2800,0.482433,22,9.29318,0,0,206711972975
36.2565,27.5812,5.98291,69,73,62,1510,2800,0.482433,22,9.29318,0,0,206739553131
41.9854,23.8178,5.98291,69,73,62,1510,2800,0.482433,22,9.29318,0,0,206763371178
37.5347,26.642,5.98291,69,73,62,1510,2800,0.482433,22,9.29318,0,0,206790013205
39.1633,25.5341,5.98291,69,73,62,1510,2800,0.482433,22,9.29318,0,0,206815549306
35.286,28.3398,5.98291,69,73,62,1510,2800,0.482433,22,9.29318,0,0,206843888176
35.8306,27.9091,5.98291,69,73,62,1510,2800,0.482433,22,9.29318,0,0,206871797249
39.8643,25.0851,5.98291,69,73,62,1510,2800,0.482433,22,9.29318,0,0,206896883797
41.0655,24.3513,5.98291,69,73,62,1510,2800,0.482433,22,9.29318,0,0,206921234494
35.2475,28.3708,5.98291,69,73,62,1510,2800,0.482433,22,9.29318,0,0,206949604983
39.7326,25.1682,5.98291,69,73,62,1510,2800,0.482433,22,9.29318,0,0,206974773985
38.286,26.1192,5.98291,69,73,62,1510,2800,0.482433,22,9.29318,0,0,207000892810
39.9337,25.0415,5.98291,69,73,62,1510,2800,0.482433,22,9.29318,0,0,207025936367
38.8944,25.7107,5.98291,69,73,62,1510,2800,0.482433,22,9.29318,0,0,207051645392
36.6093,27.3154,5.98291,69,73,62,1510,2800,0.482433,22,9.29318,0,0,207078966813
39.7359,25.1662,5.61661,69,64,63,1438,2800,0.482433,14,9.29168,0,0,207104129754
38.775,25.7898,5.61661,69,64,63,1438,2800,0.482433,14,9.29168,0,0,207129918820
38.3175,26.0977,5.61661,69,64,63,1438,2800,0.482433,14,9.29168,0,0,207156017717
37.9139,26.3756,5.61661,69,64,63,1438,2800,0.482433,14,9.29168,0,0,207182391610
36.7525,27.209,5.61661,69,64,63,1438,2800,0.482433,14,9.29168,0,0,207209601592
38.2721,26.1287,5.61661,69,64,63,1438,2800,0.482433,14,9.29168,0,0,207235729874
40.2968,24.8159,5.61661,69,64,63,1438,2800,0.482433,14,9.29168,0,0,207260546315
35.189,28.418,5.61661,69,64,63,1438,2800,0.482433,14,9.29168,0,0,207288964674
39.1262,25.5583,5.61661,69,64,63,1438,2800,0.482433,14,9.29168,0,0,207314524089
39.791,25.1313,5.61661,69,64,63,1438,2800,0.482433,14,9.29168,0,0,207339655871
43.2595,23.1163,5.61661,69,64,63,1438,2800,0.482433,14,9.29168,0,0,207362773385
32.9364,30.3616,5.61661,69,64,63,1438,2800,0.482433,14,9.29168,0,0,207393133427
39.1281,25.5571,5.61661,69,64,63,1438,2800,0.482433,14,9.29168,0,0,207418690577
37.9552,26.3469,5.61661,69,64,63,1438,2800,0.482433,14,9.29168,0,0,207445039153
36.3902,27.4799,5.61661,69,64,63,1438,2800,0.482433,14,9.29168,0,0,207472519151
39.6002,25.2524,5.61661,69,64,63,1438,2800,0.482433,14,9.29168,0,0,207497772412
39.5615,25.2771,5.61661,69,64,63,1438,2800,0.482433,14,9.29168,0,0,207523049186
39.8975,25.0642,5.61661,69,64,63,1438,2800,0.482433,14,9.29168,0,0,207548114374
36.4033,27.47,5.61661,69,64,63,1438,2800,0.482433,14,9.29168,0,0,207575584013
37.9909,26.3221,5.61661,69,64,63,1438,2800,0.482433,14,9.29168,0,0,207601907571
40.242,24.8497,5.9322,69,66,63,1402,2800,0.482433,27,9.29171,0,0,207626756203
38.0246,26.2988,5.9322,69,66,63,1402,2800,0.482433,27,9.29171,0,0,207653055977
32.3449,30.9168,5.9322,69,66,63,1402,2800,0.482433,27,9.29171,0,0,207683972693
36.6016,27.3212,5.9322,69,66,63,1402,2800,0.482433,27,9.29171,0,0,207711292821
38.3005,26.1093,5.9322,69,66,63,1402,2800,0.482433,27,9.29171,0,0,207737402789
38.6103,25.8998,5.9322,69,66,63,1402,2800,0.482433,27,9.29171,0,0,207763303214
38.5734,25.9246,5.9322,69,66,63,1402,2800,0.482433,27,9.29171,0,0,207789228535
38.4152,26.0313,5.9322,69,66,63,1402,2800,0.482433,27,9.29171,0,0,207815258493
39.509,25.3107,5.9322,69,66,63,1402,2800,0.482433,27,9.29171,0,0,207840570394
42.877,23.3225,5.9322,69,66,63,1402,2800,0.482433,27,9.29171,0,0,207863893633
37.158,26.9121,5.9322,69,66,63,1402,2800,0.482433,27,9.29171,0,0,207890806567
41.0191,24.3789,5.9322,69,66,63,1402,2800,0.482433,27,9.29171,0,0,207915183985
37.4828,26.6789,5.9322,69,66,63,1402,2800,0.482433,27,9.29171,0,0,207941864222
32.8504,30.441,5.9322,69,66,63,1402,2800,0.482433,27,9.29171,0,0,207972305366
42.5972,23.4757,5.9322,69,66,63,1402,2800,0.482433,27,9.29171,0,0,207995782044
38.8395,25.747,5.9322,69,66,63,1402,2800,0.482433,27,9.29171,0,0,208021528740
38.4328,26.0195,5.9322,69,66,63,1402,2800,0.482433,27,9.29171,0,0,208047549220
37.4521,26.7008,5.9322,69,66,63,1402,2800,0.482433,27,9.29171,0,0,208074250938
34.6691,28.8441,5.9322,69,66,63,1402,2800,0.482433,27,9.29171,0,0,208103099264
40.398,24.7537,8.09102,69,66,62,1374,2800,0.482433,22,9.292,0,0,208127849310
40.1753,24.8909,8.09102,69,66,62,1374,2800,0.482433,22,9.292,0,0,208152738588
36.6252,27.3036,8.09102,69,66,62,1374,2800,0.482433,22,9.292,0,0,208180045682
41.71,23.9751,8.09102,69,66,62,1374,2800,0.482433,22,9.292,0,0,208204018440
36.8225,27.1573,8.09102,69,66,62,1374,2800,0.482433,22,9.292,0,0,208231176915
38.5666,25.9291,8.09102,69,66,62,1374,2800,0.482433,22,9.292,0,0,208257105983
40.2322,24.8557,8.09102,69,66,62,1374,2800,0.482433,22,9.292,0,0,208281961457
36.6787,27.2638,8.09102,69,66,62,1374,2800,0.482433,22,9.292,0,0,208309226883
39.2395,25.4845,8.09102,69,66,62,1374,2800,0.482433,22,9.292,0,0,208334711347
38.3305,26.0889,8.09102,69,66,62,1374,2800,0.482433,22,9.292,0,0,208360801067
34.492,28.9922,8.09102,69,66,62,1374,2800,0.482433,22,9.292,0,0,208389792982
37.6564,26.5559,8.09102,69,66,62,1374,2800,0.482433,22,9.292,0,0,208416349678
37.9159,26.3742,8.09102,69,66,62,1374,2800,0.482433,22,9.292,0,0,208442723110
36.9359,27.0739,8.09102,69,66,62,1374,2800,0.482433,22,9.292,0,0,208469796897
40.6667,24.5901,8.09102,69,66,62,1374,2800,0.482433,22,9.292,0,0,208494387414
39.3532,25.4109,8.09102,69,66,62,1374,2800,0.482433,22,9.292,0,0,208519797558
40.0412,24.9742,8.09102,69,66,62,1374,2800,0.482433,22,9.292,0,0,208544772377
38.8225,25.7583,8.09102,69,66,62,1374,2800,0.482433,22,9.292,0,0,208570531336
40.9435,24.4239,8.09102,69,66,62,1374,2800,0.482433,22,9.292,0,0,208594957054
38.4016,26.0406,8.09102,69,66,62,1374,2800,0.482433,22,9.292,0,0,208621000737
38.7982,25.7744,5.98291,69,70,62,1406,2800,0.482433,18,9.29285,0,0,208646773913
37.3014,26.8086,5.98291,69,70,62,1406,2800,0.482433,18,9.29285,0,0,208673582141
35.9957,27.7811,5.98291,69,70,62,1406,2800,0.482433,18,9.29285,0,0,208701362082
42.7049,23.4165,5.98291,69,70,62,1406,2800,0.482433,18,9.29285,0,0,208724778156
37.2187,26.8682,5.98291,69,70,62,1406,2800,0.482433,18,9.29285,0,0,208751647358
39.7461,25.1597,5.98291,69,70,62,1406,2800,0.482433,18,9.29285,0,0,208776807684
38.1785,26.1928,5.98291,69,70,62,1406,2800,0.482433,18,9.29285,0,0,208802999155
42.4646,23.549,5.98291,69,70,62,1406,2800,0.482433,18,9.29285,0,0,208826548999
38.3587,26.0697,5.98291,69,70,62,1406,2800,0.482433,18,9.29285,0,0,208852619714
39.5855,25.2618,5.98291,69,70,62,1406,2800,0.482433,18,9.29285,0,0,208877881480
35.7061,28.0064,5.98291,69,70,62,1406,2800,0.482433,18,9.29285,0,0,208905887365
43.0242,23.2428,5.98291,69,70,62,1406,2800,0.482433,18,9.29285,0,0,208929132117
38.1008,26.2461,5.98291,69,70,62,1406,2800,0.482433,18,9.29285,0,0,208955376838
37.7739,26.4733,5.98291,69,70,62,1406,2800,0.482433,18,9.29285,0,0,208981851139
35.1739,28.4302,5.98291,69,70,62,1406,2800,0.482433,18,9.29285,0,0,209010281741
37.8253,26.4373,5.98291,69,70,62,1406,2800,0.482433,18,9.29285,0,0,209036719424
37.8841,26.3963,5.98291,69,70,62,1406,2800,0.482433,18,9.29285,0,0,209063115348
41.236,24.2506,5.98291,69,70,62,1406,2800,0.482433,18,9.29285,0,0,209087366388
40.7402,24.5458,5.98291,69,70,62,1406,2800,0.482433,18,9.29285,0,0,209111912552
35.9804,27.7929,5.98291,69,70,62,1406,2800,0.482433,18,9.29285,0,0,209139709355
42.2316,23.6789,5.61661,69,64,62,1380,2800,0.482433,20,9.29702,0,0,209163385937
41.0793,24.3431,5.61661,69,64,62,1380,2800,0.482433,20,9.29702,0,0,209187727547
36.5041,27.3942,5.61661,69,64,62,1380,2800,0.482433,20,9.29702,0,0,209215121795
37.9829,26.3276,5.61661,69,64,62,1380,2800,0.482433,20,9.29702,0,0,209241451154
37.6665,26.5488,5.61661,69,64,62,1380,2800,0.482433,20,9.29702,0,0,209268000687
36.4287,27.4509,5.61661,69,64,62,1380,2800,0.482433,20,9.29702,0,0,209295451621
40.61,24.6245,5.61661,69,64,62,1380,2800,0.482433,20,9.29702,0,0,209320075390
38.1481,26.2136,5.61661,69,64,62,1380,2800,0.482433,20,9.29702,0,0,209346289393
39.6307,25.233,5.61661,69,64,62,1380,2800,0.482433,20,9.29702,0,0,209371523898
39.8811,25.0745,5.61661,69,64,62,1380,2800,0.482433,20,9.29702,0,0,209396596861
39.9794,25.0129,5.61661,69,64,62,1380,2800,0.482433,20,9.29702,0,0,209421610582
38.9124,25.6988,5.61661,69,64,62,1380,2800,0.482433,20,9.29702,0,0,209447311682
37.9782,26.3309,5.61661,69,64,62,1380,2800,0.482433,20,9.29702,0,0,209473641623
39.557,25.28,5.61661,69,64,62,1380,2800,0.482433,20,9.29702,0,0,209498920391
37.6931,26.53,5.61661,69,64,62,1380,2800,0.482433,20,9.29702,0,0,209525452682
42.1902,23.7022,5.61661,69,64,62,1380,2800,0.482433,20,9.29702,0,0,209549156245
36.0905,27.7081,5.61661,69,64,62,1380,2800,0.482433,20,9.29702,0,0,209576863910
39.9137,25.054,5.61661,69,64,62,1380,2800,0.482433,20,9.29702,0,0,209601915773
38.0742,26.2645,5.61661,69,64,62,1380,2800,0.482433,20,9.29702,0,0,209628182855
31.0512,32.2048,5.61661,69,64,62,1380,2800,0.482433,20,9.29702,0,0,209660391596
40.2628,24.8368,5.73171,69,66,62,1489,2800,0.482433,19,9.29633,0,0,209685230549
41.1312,24.3124,5.73171,69,66,62,1489,2800,0.482433,19,9.29633,0,0,209709537143
37.2719,26.8298,5.73171,69,66,62,1489,2800,0.482433,19,9.29633,0,0,209736368374
41.1728,24.2879,5.73171,69,66,62,1489,2800,0.482433,19,9.29633,0,0,209760657346
38.7272,25.8216,5.73171,69,66,62,1489,2800,0.482433,19,9.29633,0,0,209786478882
37.8356,26.4301,5.73171,69,66,62,1489,2800,0.482433,19,9.29633,0,0,209812909041
38.9247,25.6906,5.73171,69,66,62,1489,2800,0.482433,19,9.29633,0,0,209838601025
39.5409,25.2903,5.73171,69,66,62,1489,2800,0.482433,19,9.29633,0,0,209863890192
39.6436,25.2247,5.73171,69,66,62,1489,2800,0.482433,19,9.29633,0,0,209889116282
37.457,26.6973,5.73171,69,66,62,1489,2800,0.482433,19,9.29633,0,0,209915813812
39.4386,25.3559,5.73171,69,66,62,1489,2800,0.482433,19,9.29633,0,0,209941170457
37.6556,26.5565,5.73171,69,66,62,1489,2800,0.482433,19,9.29633,0,0,209967725069
40.9158,24.4405,5.73171,69,66,62,1489,2800,0.482433,19,9.29633,0,0,209992168149
40.7314,24.5511,5.73171,69,66,62,1489,2800,0.482433,19,9.29633,0,0,210016717719
36.419,27.4582,5.73171,69,66,62,1489,2800,0.482433,19,9.29633,0,0,210044176558
38.0938,26.251,5.73171,69,66,62,1489,2800,0.482433,19,9.29633,0,0,210070427470
41.1359,24.3097,5.73171,69,66,62,1489,2800,0.482433,19,9.29633,0,0,210094739265
37.7998,26.4552,5.73171,69,66,62,1489,2800,0.482433,19,9.29633,0,0,210121193689
38.9952,25.6442,5.73171,69,66,62,1489,2800,0.482433,19,9.29633,0,0,210146839385
36.7537,27.2082,5.73171,69,66,62,1489,2800,0.482433,19,9.29633,0,0,210174050890
43.554,22.96,7.50307,69,63,62,1508,2800,0.482433,28,9.29481,0,0,210197008413
36.8414,27.1434,7.50307,69,63,62,1508,2800,0.482433,28,9.29481,0,0,210224151960
39.7792,25.1387,7.50307,69,63,62,1508,2800,0.482433,28,9.29481,0,0,210249290335
36.7857,27.1845,7.50307,69,63,62,1508,2800,0.482433,28,9.29481,0,0,210276476192
15.2101,65.746,7.50307,69,63,62,1508,2800,0.482433,28,9.29481,0,0,210342223067
16.0961,62.1268,7.50307,69,63,62,1508,2800,0.482433,28,9.29481,0,0,210404347025
27.5926,36.2416,7.50307,69,63,62,1508,2800,0.482433,28,9.29481,0,0,210440588902
32.1653,31.0894,7.50307,69,63,62,1508,2800,0.482433,28,9.29481,0,0,210471678743
30.9471,32.3132,7.50307,69,63,62,1508,2800,0.482433,28,9.29481,0,0,210503994885
34.4211,29.052,7.50307,69,63,62,1508,2800,0.482433,28,9.29481,0,0,210533045300
37.514,26.6567,7.50307,69,63,62,1508,2800,0.482433,28,9.29481,0,0,210559701553
38.5843,25.9173,7.50307,69,63,62,1508,2800,0.482433,28,9.29481,0,0,210585619601
40.6359,24.6088,7.50307,69,63,62,1508,2800,0.482433,28,9.29481,0,0,210610229103
9.46511,105.651,7.50307,69,63,62,1508,2800,0.482433,28,9.29481,0,0,210715881630
29.4751,33.9269,6.16279,69,72,60,800,2800,0.482433,16,9.29578,0,0,210749806360
31.7865,31.4599,6.16279,69,72,60,800,2800,0.482433,16,9.29578,0,0,210781267227
33.1507,30.1653,6.16279,69,72,60,800,2800,0.482433,16,9.29578,0,0,210811432914
39.1662,25.5322,6.16279,69,72,60,800,2800,0.482433,16,9.29578,0,0,210836964778
37.3726,26.7575,6.16279,69,72,60,800,2800,0.482433,16,9.29578,0,0,210863722270
29.7656,33.5959,6.16279,69,72,60,800,2800,0.482433,16,9.29578,0,0,210897319225
40.7191,24.5585,6.16279,69,72,60,800,2800,0.482433,16,9.29578,0,0,210921877101
41.2905,24.2186,6.16279,69,72,60,800,2800,0.482433,16,9.29578,0,0,210946096091
38.3497,26.0758,6.16279,69,72,60,800,2800,0.482433,16,9.29578,0,0,210972172676
41.7922,23.9279,6.16279,69,72,60,800,2800,0.482433,16,9.29578,0,0,210996101622
37.249,26.8464,6.16279,69,72,60,800,2800,0.482433,16,9.29578,0,0,211022946990
38.5794,25.9206,6.16279,69,72,60,800,2800,0.482433,16,9.29578,0,0,211048868634
39.4982,25.3176,6.16279,69,72,60,800,2800,0.482433,16,9.29578,0,0,211074186987
37.5423,26.6366,6.16279,69,72,60,800,2800,0.482433,16,9.29578,0,0,211100824074
42.2953,23.6433,6.16279,69,72,60,800,2800,0.482433,16,9.29578,0,0,211124465971
38.2254,26.1606,6.16279,69,72,60,800,2800,0.482433,16,9.29578,0,0,211150626905
38.2314,26.1565,6.16279,69,72,60,800,2800,0.482433,16,9.29578,0,0,211176785293
38.5522,25.9389,6.16279,69,72,60,800,2800,0.482433,16,9.29578,0,0,211202724200
38.6473,25.875,6.16279,69,72,60,800,2800,0.482433,16,9.29578,0,0,211228600890
41.2005,24.2716,5.4254,65,63,62,1325,2800,0.482433,19,9.29548,0,0,211252870596
36.1297,27.678,5.4254,65,63,62,1325,2800,0.482433,19,9.29548,0,0,211280550469
39.7387,25.1644,5.4254,65,63,62,1325,2800,0.482433,19,9.29548,0,0,211305712598
39.2721,25.4634,5.4254,65,63,62,1325,2800,0.482433,19,9.29548,0,0,211331178408
38.921,25.6931,5.4254,65,63,62,1325,2800,0.482433,19,9.29548,0,0,211356870301
39.3942,25.3845,5.4254,65,63,62,1325,2800,0.482433,19,9.29548,0,0,211382254257
36.399,27.4732,5.4254,65,63,62,1325,2800,0.482433,19,9.29548,0,0,211409728875
38.852,25.7387,5.4254,65,63,62,1325,2800,0.482433,19,9.29548,0,0,211435467917
40.9948,24.3933,5.4254,65,63,62,1325,2800,0.482433,19,9.29548,0,0,211459861014
38.0422,26.2866,5.4254,65,63,62,1325,2800,0.482433,19,9.29548,0,0,211486147232
38.1116,26.2388,5.4254,65,63,62,1325,2800,0.482433,19,9.29548,0,0,211512386663
37.6266,26.5769,5.4254,65,63,62,1325,2800,0.482433,19,9.29548,0,0,211538964088
41.3573,24.1795,5.4254,65,63,62,1325,2800,0.482433,19,9.29548,0,0,211563143243
40.095,24.9408,5.4254,65,63,62,1325,2800,0.482433,19,9.29548,0,0,211588084618
38.168,26.1999,5.4254,65,63,62,1325,2800,0.482433,19,9.29548,0,0,211614285096
36.3994,27.473,5.4254,65,63,62,1325,2800,0.482433,19,9.29548,0,0,211641759263
38.1852,26.1881,5.4254,65,63,62,1325,2800,0.482433,19,9.29548,0,0,211667946206
42.044,23.7846,5.4254,65,63,62,1325,2800,0.482433,19,9.29548,0,0,211691731933
33.4141,29.9275,5.4254,65,63,62,1325,2800,0.482433,19,9.29548,0,0,211721658702
41.185,24.2807,5.4254,65,63,62,1325,2800,0.482433,19,9.29548,0,0,211745943876
39.6239,25.2373,6.63391,66,68,62,1327,2800,0.482433,15,9.2924,0,0,211771178622
40.4188,24.741,6.63391,66,68,62,1327,2800,0.482433,15,9.2924,0,0,211795918950
38.1103,26.2396,6.63391,66,68,62,1327,2800,0.482433,15,9.2924,0,0,211822159803
33.0572,30.2506,6.63391,66,68,62,1327,2800,0.482433,15,9.2924,0,0,211852408867
43.0118,23.2494,6.63391,66,68,62,1327,2800,0.482433,15,9.2924,0,0,211875658548
36.2106,27.6162,6.63391,66,68,62,1327,2800,0.482433,15,9.2924,0,0,211903275313
42.8684,23.3272,6.63391,66,68,62,1327,2800,0.482433,15,9.2924,0,0,211926602630
38.5323,25.9523,6.63391,66,68,62,1327,2800,0.482433,15,9.2924,0,0,211952556115
38.8663,25.7292,6.63391,66,68,62,1327,2800,0.482433,15,9.2924,0,0,211978286380
27.1868,36.7825,6.63391,66,68,62,1327,2800,0.482433,15,9.2924,0,0,212015067369
39.6237,25.2374,6.63391,66,68,62,1327,2800,0.482433,15,9.2924,0,0,212040305551
38.7742,25.7903,6.63391,66,68,62,1327,2800,0.482433,15,9.2924,0,0,212066095909
42.5914,23.4789,6.63391,66,68,62,1327,2800,0.482433,15,9.2924,0,0,212089575252
40.5159,24.6817,6.63391,66,68,62,1327,2800,0.482433,15,9.2924,0,0,212114258052
39.212,25.5024,6.63391,66,68,62,1327,2800,0.482433,15,9.2924,0,0,212139760320
36.2698,27.5711,6.63391,66,68,62,1327,2800,0.482433,15,9.2924,0,0,212167331469
42.8058,23.3613,6.63391,66,68,62,1327,2800,0.482433,15,9.2924,0,0,212190692409
38.9384,25.6816,6.63391,66,68,62,1327,2800,0.482433,15,9.2924,0,0,212216374404
39.1672,25.5316,6.63391,66,68,62,1327,2800,0.482433,15,9.2924,0,0,212241906387
37.8803,26.399,6.63391,66,68,62,1327,2800,0.482433,15,9.2924,0,0,212268309415
39.5184,25.3047,5.93939,67,62,62,1344,2800,0.482433,29,9.29056,0,0,212293610125
38.2622,26.1354,5.93939,67,62,62,1344,2800,0.482433,29,9.29056,0,0,212319745730
39.0121,25.6331,5.93939,67,62,62,1344,2800,0.482433,29,9.29056,0,0,212345379134
38.55,25.9403,5.93939,67,62,62,1344,2800,0.482433,29,9.29056,0,0,212371320245
39.6897,25.1955,5.93939,67,62,62,1344,2800,0.482433,29,9.29056,0,0,212396515066
39.9413,25.0367,5.93939,67,62,62,1344,2800,0.482433,29,9.29056,0,0,212421552632
35.8091,27.9259,5.93939,67,62,62,1344,2800,0.482433,29,9.29056,0,0,212449479839
40.9833,24.4002,5.93939,67,62,62,1344,2800,0.482433,29,9.29056,0,0,212473878977
36.426,27.4529,5.93939,67,62,62,1344,2800,0.482433,29,9.29056,0,0,212501334209
39.4155,25.3707,5.93939,67,62,62,1344,2800,0.482433,29,9.29056,0,0,212526702375
39.5028,25.3147,5.93939,67,62,62,1344,2800,0.482433,29,9.29056,0,0,212552017522
40.1589,24.9011,5.93939,67,62,62,1344,2800,0.482433,29,9.29056,0,0,212576920435
37.5271,26.6474,5.93939,67,62,62,1344,2800,0.482433,29,9.29056,0,0,212603566729
39.5436,25.2886,5.93939,67,62,62,1344,2800,0.482433,29,9.29056,0,0,212628855877
38.8074,25.7682,5.93939,67,62,62,1344,2800,0.482433,29,9.29056,0,0,212654624184
38.9476,25.6755,5.93939,67,62,62,1344,2800,0.482433,29,9.29056,0,0,212680299817
38.3374,26.0842,5.93939,67,62,62,1344,2800,0.482433,29,9.29056,0,0,212706384126
36.8488,27.1379,5.93939,67,62,62,1344,2800,0.482433,29,9.29056,0,0,212733523325
42.8956,23.3124,5.93939,67,62,62,1344,2800,0.482433,29,9.29056,0,0,212756835203
36.9641,27.0533,5.93939,67,62,62,1344,2800,0.482433,29,9.29056,0,0,212783890846
40.1724,24.8927,5.48781,67,72,62,1322,2800,0.482433,28,9.29016,0,0,212808782377
37.7928,26.4601,5.48781,67,72,62,1322,2800,0.482433,28,9.29016,0,0,212835241961
39.9372,25.0393,5.48781,67,72,62,1322,2800,0.482433,28,9.29016,0,0,212860283144
39.1166,25.5646,5.48781,67,72,62,1322,2800,0.482433,28,9.29016,0,0,212885846336
39.0707,25.5946,5.48781,67,72,62,1322,2800,0.482433,28,9.29016,0,0,212911441287
37.3254,26.7914,5.48781,67,72,62,1322,2800,0.482433,28,9.29016,0,0,212938233786
39.7541,25.1547,5.48781,67,72,62,1322,2800,0.482433,28,9.29016,0,0,212963387259
37.686,26.5351,5.48781,67,72,62,1322,2800,0.482433,28,9.29016,0,0,212989924489
38.9522,25.6725,5.48781,67,72,62,1322,2800,0.482433,28,9.29016,0,0,213015597326
39.7834,25.1361,5.48781,67,72,62,1322,2800,0.482433,28,9.29016,0,0,213040732325
36.1529,27.6603,5.48781,67,72,62,1322,2800,0.482433,28,9.29016,0,0,213068392732
42.5151,23.521,5.48781,67,72,62,1322,2800,0.482433,28,9.29016,0,0,213091914053
38.4206,26.0277,5.48781,67,72,62,1322,2800,0.482433,28,9.29016,0,0,213117941406
39.5284,25.2983,5.48781,67,72,62,1322,2800,0.482433,28,9.29016,0,0,213143240803
37.7853,26.4653,5.48781,67,72,62,1322,2800,0.482433,28,9.29016,0,0,213169705837
39.2301,25.4906,5.48781,67,72,62,1322,2800,0.482433,28,9.29016,0,0,213195197725
38.2428,26.1487,5.48781,67,72,62,1322,2800,0.482433,28,9.29016,0,0,213221345524
38.5133,25.965,5.48781,67,72,62,1322,2800,0.482433,28,9.29016,0,0,213247312463
39.2792,25.4587,5.48781,67,72,62,1322,2800,0.482433,28,9.29016,0,0,213272771149
35.2932,28.3341,5.48781,67,72,62,1322,2800,0.482433,28,9.29016,0,0,213301108817
42.3882,23.5915,5.47445,68,64,62,1294,2800,0.482433,19,9.28909,0,0,213324696081
40.3004,24.8136,5.47445,68,64,62,1294,2800,0.482433,19,9.28909,0,0,213349509847
38.4639,25.9984,5.47445,68,64,62,1294,2800,0.482433,19,9.28909,0,0,213375510019
35.8129,27.9229,5.47445,68,64,62,1294,2800,0.482433,19,9.28909,0,0,213403432217
40.8528,24.4782,5.47445,68,64,62,1294,2800,0.482433,19,9.28909,0,0,213427911796
38.8278,25.7547,5.47445,68,64,62,1294,2800,0.482433,19,9.28909,0,0,213453666097
38.7981,25.7745,5.47445,68,64,62,1294,2800,0.482433,19,9.28909,0,0,213479441817
36.8056,27.1698,5.47445,68,64,62,1294,2800,0.482433,19,9.28909,0,0,213506610251
36.9583,27.0575,5.47445,68,64,62,1294,2800,0.482433,19,9.28909,0,0,213533669450
43.2617,23.1151,5.47445,68,64,62,1294,2800,0.482433,19,9.28909,0,0,213556785090
35.8848,27.8669,5.47445,68,64,62,1294,2800,0.482433,19,9.28909,0,0,213584651223
39.2241,25.4946,5.47445,68,64,62,1294,2800,0.482433,19,9.28909,0,0,213610146297
35.8541,27.8908,5.47445,68,64,62,1294,2800,0.482433,19,9.28909,0,0,213638036204
34.9105,28.6446,5.47445,68,64,62,1294,2800,0.482433,19,9.28909,0,0,213666682471
39.8894,25.0693,5.47445,68,64,62,1294,2800,0.482433,19,9.28909,0,0,213691751806
38.2546,26.1406,5.47445,68,64,62,1294,2800,0.482433,19,9.28909,0,0,213717893884
36.9326,27.0764,5.47445,68,64,62,1294,2800,0.482433,19,9.28909,0,0,213744970005
37.0875,26.9632,5.47445,68,64,62,1294,2800,0.482433,19,9.28909,0,0,213771933153
38.8696,25.7271,5.47445,68,64,62,1294,2800,0.482433,19,9.28909,0,0,213797660433
39.8234,25.1108,5.47445,68,64,62,1294,2800,0.482433,19,9.28909,0,0,213822777989
39.2055,25.5066,8.33333,69,64,62,1501,2800,0.482433,16,9.28592,0,0,213848278203
40.516,24.6816,8.33333,69,64,62,1501,2800,0.482433,16,9.28592,0,0,213872959090
35.7684,27.9577,8.33333,69,64,62,1501,2800,0.482433,16,9.28592,0,0,213900916844
45.061,22.1921,8.33333,69,64,62,1501,2800,0.482433,16,9.28592,0,0,213923108941
40.1219,24.924,8.33333,69,64,62,1501,2800,0.482433,16,9.28592,0,0,213948035569
37.9573,26.3454,8.33333,69,64,62,1501,2800,0.482433,16,9.28592,0,0,213974381960
40.9465,24.4221,8.33333,69,64,62,1501,2800,0.482433,16,9.28592,0,0,213998802589
39.5157,25.3064,8.33333,69,64,62,1501,2800,0.482433,16,9.28592,0,0,214024109239
39.5783,25.2664,8.33333,69,64,62,1501,2800,0.482433,16,9.28592,0,0,214049376887
37.2978,26.8113,8.33333,69,64,62,1501,2800,0.482433,16,9.28592,0,0,214076186958
38.4665,25.9967,8.33333,69,64,62,1501,2800,0.482433,16,9.28592,0,0,214102184375
41.0895,24.3371,8.33333,69,64,62,1501,2800,0.482433,16,9.28592,0,0,214126521667
37.1463,26.9206,8.33333,69,64,62,1501,2800,0.482433,16,9.28592,0,0,214153441574
37.3365,26.7835,8.33333,69,64,62,1501,2800,0.482433,16,9.28592,0,0,214180226178
40.0924,24.9424,8.33333,69,64,62,1501,2800,0.482433,16,9.28592,0,0,214205167884
36.6196,27.3078,8.33333,69,64,62,1501,2800,0.482433,16,9.28592,0,0,214232476441
41.2866,24.2209,8.33333,69,64,62,1501,2800,0.482433,16,9.28592,0,0,214256697625
37.0573,26.9853,8.33333,69,64,62,1501,2800,0.482433,16,9.28592,0,0,214283683085
37.1728,26.9014,8.33333,69,64,62,1501,2800,0.482433,16,9.28592,0,0,214310586351
38.8498,25.7402,8.33333,69,64,62,1501,2800,0.482433,16,9.28592,0,0,214336330253
45.3627,22.0445,5.16605,69,61,62,1557,2800,0.482433,27,9.2866,0,0,214358372488
32.8431,30.4478,5.16605,69,61,62,1557,2800,0.482433,27,9.2866,0,0,214388819263
29.9736,33.3627,5.16605,69,61,62,1557,2800,0.482433,27,9.2866,0,0,214422180967
42.6316,23.4568,5.16605,69,61,62,1557,2800,0.482433,27,9.2866,0,0,214445640462
35.6497,28.0507,5.16605,69,61,62,1557,2800,0.482433,27,9.2866,0,0,214473689838
43.6541,22.9073,5.16605,69,61,62,1557,2800,0.482433,27,9.2866,0,0,214496598841
33.9111,29.4889,5.16605,69,61,62,1557,2800,0.482433,27,9.2866,0,0,214526086285
41.4789,24.1086,5.16605,69,61,62,1557,2800,0.482433,27,9.2866,0,0,214550196591
37.9166,26.3736,5.16605,69,61,62,1557,2800,0.482433,27,9.2866,0,0,214576570154
35.6556,28.0461,5.16605,69,61,62,1557,2800,0.482433,27,9.2866,0,0,214604615934
38.5111,25.9665,5.16605,69,61,62,1557,2800,0.482433,27,9.2866,0,0,214630583264
36.5287,27.3757,5.16605,69,61,62,1557,2800,0.482433,27,9.2866,0,0,214657957985
37.1818,26.8949,5.16605,69,61,62,1557,2800,0.482433,27,9.2866,0,0,214684854057
36.9005,27.0999,5.16605,69,61,62,1557,2800,0.482433,27,9.2866,0,0,214711954614
37.2879,26.8183,5.16605,69,61,62,1557,2800,0.482433,27,9.2866,0,0,214738772770
37.3779,26.7538,5.16605,69,61,62,1557,2800,0.482433,27,9.2866,0,0,214765526536
39.9011,25.062,5.16605,69,61,62,1557,2800,0.482433,27,9.2866,0,0,214790589690
37.2643,26.8354,5.16605,69,61,62,1557,2800,0.482433,27,9.2866,0,0,214817425660
39.1964,25.5126,5.16605,69,61,62,1557,2800,0.482433,27,9.2866,0,0,214842943878
35.8515,27.8929,6.2422,69,72,64,1697,2800,0.482433,23,9.28811,0,0,214870830980
39.4322,25.36,6.2422,69,72,64,1697,2800,0.482433,23,9.28811,0,0,214896192403
37.833,26.432,6.2422,69,72,64,1697,2800,0.482433,23,9.28811,0,0,214922622952
38.5601,25.9335,6.2422,69,72,64,1697,2800,0.482433,23,9.28811,0,0,214948557742
37.1851,26.8925,6.2422,69,72,64,1697,2800,0.482433,23,9.28811,0,0,214975449276
38.0725,26.2656,6.2422,69,72,64,1697,2800,0.482433,23,9.28811,0,0,215001715357
39.7497,25.1574,6.2422,69,72,64,1697,2800,0.482433,23,9.28811,0,0,215026874250
36.1619,27.6534,6.2422,69,72,64,1697,2800,0.482433,23,9.28811,0,0,215054528265
37.8579,26.4146,6.2422,69,72,64,1697,2800,0.482433,23,9.28811,0,0,215080944087
39.9597,25.0252,6.2422,69,72,64,1697,2800,0.482433,23,9.28811,0,0,215105969420
40.9901,24.3962,6.2422,69,72,64,1697,2800,0.482433,23,9.28811,0,0,215130366063
37.3413,26.78,6.2422,69,72,64,1697,2800,0.482433,23,9.28811,0,0,215157145457
39.2057,25.5065,6.2422,69,72,64,1697,2800,0.482433,23,9.28811,0,0,215182651321
39.6279,25.2348,6.2422,69,72,64,1697,2800,0.482433,23,9.28811,0,0,215207886397
35.8812,27.8697,6.2422,69,72,64,1697,2800,0.482433,23,9.28811,0,0,215235756919
40.6415,24.6054,6.2422,69,72,64,1697,2800,0.482433,23,9.28811,0,0,215260362504
39.4951,25.3196,6.2422,69,72,64,1697,2800,0.482433,23,9.28811,0,0,215285682870
37.5514,26.6302,6.2422,69,72,64,1697,2800,0.482433,23,9.28811,0,0,215312312313
38.4886,25.9817,6.2422,69,72,64,1697,2800,0.482433,23,9.28811,0,0,215338293850
41.7074,23.9765,6.2422,69,72,64,1697,2800,0.482433,23,9.28811,0,0,215362278550
37.5623,26.6224,6.31835,70,62,63,1619,2800,0.482433,24,9.28934,0,0,215388893575
37.7385,26.4981,6.31835,70,62,63,1619,2800,0.482433,24,9.28934,0,0,215415391842
37.7206,26.5107,6.31835,70,62,63,1619,2800,0.482433,24,9.28934,0,0,215441903984
38.6103,25.8998,6.31835,70,62,63,1619,2800,0.482433,24,9.28934,0,0,215467802906
40.9071,24.4456,6.31835,70,62,63,1619,2800,0.482433,24,9.28934,0,0,215492250816
40.3855,24.7614,6.31835,70,62,63,1619,2800,0.482433,24,9.28934,0,0,215517012183
36.2747,27.5674,6.31835,70,62,63,1619,2800,0.482433,24,9.28934,0,0,215544578413
39.5594,25.2784,6.31835,70,62,63,1619,2800,0.482433,24,9.28934,0,0,215569856380
40.5876,24.638,6.31835,70,62,63,1619,2800,0.482433,24,9.28934,0,0,215594496480
38.057,26.2764,6.31835,70,62,63,1619,2800,0.482433,24,9.28934,0,0,215620772059
34.3621,29.1019,6.31835,70,62,63,1619,2800,0.482433,24,9.28934,0,0,215649874281
37.9317,26.3632,6.31835,70,62,63,1619,2800,0.482433,24,9.28934,0,0,215676237744
37.7995,26.4554,6.31835,70,62,63,1619,2800,0.482433,24,9.28934,0,0,215702693371
38.8406,25.7462,6.31835,70,62,63,1619,2800,0.482433,24,9.28934,0,0,215728439416
36.7261,27.2286,6.31835,70,62,63,1619,2800,0.482433,24,9.28934,0,0,215755670627
38.6454,25.8763,6.31835,70,62,63,1619,2800,0.482433,24,9.28934,0,0,215781544963
36.8399,27.1445,6.31835,70,62,63,1619,2800,0.482433,24,9.28934,0,0,215808690263
40.236,24.8534,6.31835,70,62,63,1619,2800,0.482433,24,9.28934,0,0,215833543283
40.8604,24.4736,6.31835,70,62,63,1619,2800,0.482433,24,9.28934,0,0,215858017512
37.5571,26.6261,6.31835,70,62,63,1619,2800,0.482433,24,9.28934,0,0,215884646423
40.2703,24.8322,7.89793,70,66,63,1602,2800,0.482433,15,9.28964,0,0,215909477211
36.9082,27.0943,7.89793,70,66,63,1602,2800,0.482433,15,9.28964,0,0,215936572127
41.9277,23.8506,7.89793,70,66,63,1602,2800,0.482433,15,9.28964,0,0,215960421093
37.2718,26.8299,7.89793,70,66,63,1602,2800,0.482433,15,9.28964,0,0,215987251512
38.271,26.1294,7.89793,70,66,63,1602,2800,0.482433,15,9.28964,0,0,216013382410
39.5253,25.3003,7.89793,70,66,63,1602,2800,0.482433,15,9.28964,0,0,216038682999
37.6875,26.534,7.89793,70,66,63,1602,2800,0.482433,15,9.28964,0,0,216065215590
38.7108,25.8326,7.89793,70,66,63,1602,2800,0.482433,15,9.28964,0,0,216091048748
40.6586,24.5951,7.89793,70,66,63,1602,2800,0.482433,15,9.28964,0,0,216115645046
36.8789,27.1158,7.89793,70,66,63,1602,2800,0.482433,15,9.28964,0,0,216142759679
37.6014,26.5948,7.89793,70,66,63,1602,2800,0.482433,15,9.28964,0,0,216169355067
39.8341,25.1041,7.89793,70,66,63,1602,2800,0.482433,15,9.28964,0,0,216194460761
40.6618,24.5931,7.89793,70,66,63,1602,2800,0.482433,15,9.28964,0,0,216219054604
34.7593,28.7693,7.89793,70,66,63,1602,2800,0.482433,15,9.28964,0,0,216247824062
39.0577,25.6031,7.89793,70,66,63,1602,2800,0.482433,15,9.28964,0,0,216273427349
40.433,24.7323,7.89793,70,66,63,1602,2800,0.482433,15,9.28964,0,0,216298161426
40.0745,24.9535,7.89793,70,66,63,1602,2800,0.482433,15,9.28964,0,0,216323114423
37.1538,26.9151,7.89793,70,66,63,1602,2800,0.482433,15,9.28964,0,0,216350030794
40.3908,24.7581,7.89793,70,66,63,1602,2800,0.482433,15,9.28964,0,0,216374788845
37.9174,26.3731,7.89793,70,66,63,1602,2800,0.482433,15,9.28964,0,0,216401169140
40.0945,24.9411,5.40541,69,63,65,1959,2800,0.482433,26,9.28896,0,0,216426102440
37.9487,26.3514,5.40541,69,63,65,1959,2800,0.482433,26,9.28896,0,0,216452455174
38.6537,25.8708,5.40541,69,63,65,1959,2800,0.482433,26,9.28896,0,0,216478326724
36.4225,27.4556,5.40541,69,63,65,1959,2800,0.482433,26,9.28896,0,0,216505783278
41.7879,23.9304,5.40541,69,63,65,1959,2800,0.482433,26,9.28896,0,0,216529713857
37.2222,26.8657,5.40541,69,63,65,1959,2800,0.482433,26,9.28896,0,0,216556579453
40.8216,24.4969,5.40541,69,63,65,1959,2800,0.482433,26,9.28896,0,0,216581074671
37.3284,26.7893,5.40541,69,63,65,1959,2800,0.482433,26,9.28896,0,0,216607866218
35.2805,28.3443,5.40541,69,63,65,1959,2800,0.482433,26,9.28896,0,0,216636210738
40.1924,24.8803,5.40541,69,63,65,1959,2800,0.482433,26,9.28896,0,0,216661091249
37.6105,26.5883,5.40541,69,63,65,1959,2800,0.482433,26,9.28896,0,0,216687679975
38.8106,25.7662,5.40541,69,63,65,1959,2800,0.482433,26,9.28896,0,0,216713446739
37.8734,26.4038,5.40541,69,63,65,1959,2800,0.482433,26,9.28896,0,0,216739851370
40.2332,24.8551,5.40541,69,63,65,1959,2800,0.482433,26,9.28896,0,0,216764706303
39.9637,25.0227,5.40541,69,63,65,1959,2800,0.482433,26,9.28896,0,0,216789727739
34.2905,29.1626,5.40541,69,63,65,1959,2800,0.482433,26,9.28896,0,0,216818892658
39.0483,25.6093,5.40541,69,63,65,1959,2800,0.482433,26,9.28896,0,0,216844502989
37.3657,26.7625,5.40541,69,63,65,1959,2800,0.482433,26,9.28896,0,0,216871264138
41.5575,24.063,5.40541,69,63,65,1959,2800,0.482433,26,9.28896,0,0,216895327797
35.6567,28.0452,5.40541,69,63,65,1959,2800,0.482433,26,9.28896,0,0,216923378847
37.9724,26.3349,6.28019,70,71,68,2351,2800,0.482433,21,9.28929,0,0,216949709178
40.2748,24.8294,6.28019,70,71,68,2351,2800,0.482433,21,9.28929,0,0,216974539184
42.4479,23.5583,6.28019,70,71,68,2351,2800,0.482433,21,9.28929,0,0,216998097405
38.3576,26.0705,6.28019,70,71,68,2351,2800,0.482433,21,9.28929,0,0,217024169561
37.9824,26.328,6.28019,70,71,68,2351,2800,0.482433,21,9.28929,0,0,217050498300
39.3237,25.43,6.28019,70,71,68,2351,2800,0.482433,21,9.28929,0,0,217075928071
35.4198,28.2328,6.28019,70,71,68,2351,2800,0.482433,21,9.28929,0,0,217104161023
42.5453,23.5043,6.28019,70,71,68,2351,2800,0.482433,21,9.28929,0,0,217127663709
37.5951,26.5992,6.28019,70,71,68,2351,2800,0.482433,21,9.28929,0,0,217154264788
40.4566,24.7179,6.28019,70,71,68,2351,2800,0.482433,21,9.28929,0,0,217178983696
38.8898,25.7137,6.28019,70,71,68,2351,2800,0.482433,21,9.28929,0,0,217204697891
38.0973,26.2485,6.28019,70,71,68,2351,2800,0.482433,21,9.28929,0,0,217230946168
38.4263,26.0239,6.28019,70,71,68,2351,2800,0.482433,21,9.28929,0,0,217256970656
35.1296,28.466,6.28019,70,71,68,2351,2800,0.482433,21,9.28929,0,0,217285436774
40.6633,24.5922,6.28019,70,71,68,2351,2800,0.482433,21,9.28929,0,0,217310029385
36.3268,27.5279,6.28019,70,71,68,2351,2800,0.482433,21,9.28929,0,0,217337557304
42.6456,23.4491,6.28019,70,71,68,2351,2800,0.482433,21,9.28929,0,0,217361005948
39.3443,25.4167,6.28019,70,71,68,2351,2800,0.482433,21,9.28929,0,0,217386424489
37.4361,26.7122,6.28019,70,71,68,2351,2800,0.482433,21,9.28929,0,0,217413136837
38.3241,26.0932,6.28019,70,71,68,2351,2800,0.482433,21,9.28929,0,0,217439234001
40.1102,24.9313,5.88235,70,63,70,2391,2800,0.482433,26,9.29661,0,0,217464163173
39.0135,25.6321,5.88235,70,63,70,2391,2800,0.482433,26,9.29661,0,0,217489793872
33.4272,29.9157,5.88235,70,63,70,2391,2800,0.482433,26,9.29661,0,0,217519711123
38.4092,26.0355,5.88235,70,63,70,2391,2800,0.482433,26,9.29661,0,0,217545744998
38.6068,25.9022,5.88235,70,63,70,2391,2800,0.482433,26,9.29661,0,0,217571649160
40.7161,24.5603,5.88235,70,63,70,2391,2800,0.482433,26,9.29661,0,0,217596210242
39.4649,25.339,5.88235,70,63,70,2391,2800,0.482433,26,9.29661,0,0,217621549153
38.2427,26.1488,5.88235,70,63,70,2391,2800,0.482433,26,9.29661,0,0,217647698394
38.1164,26.2354,5.88235,70,63,70,2391,2800,0.482433,26,9.29661,0,0,217673935040
39.0244,25.625,5.88235,70,63,70,2391,2800,0.482433,26,9.29661,0,0,217699559096
37.142,26.9237,5.88235,70,63,70,2391,2800,0.482433,26,9.29661,0,0,217726484394
40.1711,24.8935,5.88235,70,63,70,2391,2800,0.482433,26,9.29661,0,0,217751377068
37.487,26.6759,5.88235,70,63,70,2391,2800,0.482433,26,9.29661,0,0,217778054160
37.6523,26.5588,5.88235,70,63,70,2391,2800,0.482433,26,9.29661,0,0,217804613811
40.3859,24.7611,5.88235,70,63,70,2391,2800,0.482433,26,9.29661,0,0,217829375018
39.0529,25.6063,5.88235,70,63,70,2391,2800,0.482433,26,9.29661,0,0,217854981492
40.6614,24.5933,5.88235,70,63,70,2391,2800,0.482433,26,9.29661,0,0,217879576136
37.5859,26.6057,5.88235,70,63,70,2391,2800,0.482433,26,9.29661,0,0,217906180402
40.3164,24.8038,5.88235,70,63,70,2391,2800,0.482433,26,9.29661,0,0,217930985050
38.4628,25.9992,5.88235,70,63,70,2391,2800,0.482433,26,9.29661,0,0,217956990342
36.7876,27.183,8.08824,70,65,69,2497,2800,0.482433,27,9.29742,0,0,217984169075
40.4878,24.6988,8.08824,70,65,69,2497,2800,0.482433,27,9.29742,0,0,218008868807
36.236,27.5968,8.08824,70,65,69,2497,2800,0.482433,27,9.29742,0,0,218036463771
43.4618,23.0087,8.08824,70,65,69,2497,2800,0.482433,27,9.29742,0,0,218059474133
39.4765,25.3315,8.08824,70,65,69,2497,2800,0.482433,27,9.29742,0,0,218084806011
38.4912,25.98,8.08824,70,65,69,2497,2800,0.482433,27,9.29742,0,0,218110786977
36.159,27.6556,8.08824,70,65,69,2497,2800,0.482433,27,9.29742,0,0,218138441844
39.991,25.0056,8.08824,70,65,69,2497,2800,0.482433,27,9.29742,0,0,218163448271
39.5341,25.2946,8.08824,70,65,69,2497,2800,0.482433,27,9.29742,0,0,218188744081
37.707,26.5203,8.08824,70,65,69,2497,2800,0.482433,27,9.29742,0,0,218215265171
38.9407,25.6801,8.08824,70,65,69,2497,2800,0.482433,27,9.29742,0,0,218240944320
38.397,26.0437,8.08824,70,65,69,2497,2800,0.482433,27,9.29742,0,0,218266991380
41.5265,24.081,8.08824,70,65,69,2497,2800,0.482433,27,9.29742,0,0,218291072040
37.4739,26.6852,8.08824,70,65,69,2497,2800,0.482433,27,9.29742,0,0,218317756646
40.4842,24.701,8.08824,70,65,69,2497,2800,0.482433,27,9.29742,0,0,218342457861
35.4943,28.1735,8.08824,70,65,69,2497,2800,0.482433,27,9.29742,0,0,218370631030
44.4646,22.4898,8.08824,70,65,69,2497,2800,0.482433,27,9.29742,0,0,218393121427
36.5336,27.372,8.08824,70,65,69,2497,2800,0.482433,27,9.29742,0,0,218420494294
37.8546,26.4169,8.08824,70,65,69,2497,2800,0.482433,27,9.29742,0,0,218446911378
39.5272,25.299,8.08824,70,65,69,2497,2800,0.482433,27,9.29742,0,0,218472213601
39.3166,25.4346,5.63725,70,73,69,2459,2800,0.482433,31,9.29838,0,0,218497645707
38.8131,25.7645,5.63725,70,73,69,2459,2800,0.482433,31,9.29838,0,0,218523409826
37.9614,26.3425,5.63725,70,73,69,2459,2800,0.482433,31,9.29838,0,0,218549752991
40.3351,24.7923,5.63725,70,73,69,2459,2800,0.482433,31,9.29838,0,0,218574546248
35.0077,28.5651,5.63725,70,73,69,2459,2800,0.482433,31,9.29838,0,0,218603109890
42.18,23.7079,5.63725,70,73,69,2459,2800,0.482433,31,9.29838,0,0,218626818302
38.4295,26.0217,5.63725,70,73,69,2459,2800,0.482433,31,9.29838,0,0,218652840144
39.193,25.5148,5.63725,70,73,69,2459,2800,0.482433,31,9.29838,0,0,218678356168
37.7629,26.481,5.63725,70,73,69,2459,2800,0.482433,31,9.29838,0,0,218704839216
42.6421,23.451,5.63725,70,73,69,2459,2800,0.482433,31,9.29838,0,0,218728288011
37.9365,26.3598,5.63725,70,73,69,2459,2800,0.482433,31,9.29838,0,0,218754648659
38.5712,25.9261,5.63725,70,73,69,2459,2800,0.482433,31,9.29838,0,0,218780575623
36.5481,27.3612,5.63725,70,73,69,2459,2800,0.482433,31,9.29838,0,0,218807937049
41.3461,24.1861,5.63725,70,73,69,2459,2800,0.482433,31,9.29838,0,0,218832122616
37.7719,26.4747,5.63725,70,73,69,2459,2800,0.482433,31,9.29838,0,0,218858599563
39.4904,25.3226,5.63725,70,73,69,2459,2800,0.482433,31,9.29838,0,0,218883921773
40.733,24.5501,5.63725,70,73,69,2459,2800,0.482433,31,9.29838,0,0,218908471854
35.6796,28.0272,5.63725,70,73,69,2459,2800,0.482433,31,9.29838,0,0,218936499179
38.9975,25.6427,5.63725,70,73,69,2459,2800,0.482433,31,9.29838,0,0,218962142562
36.7948,27.1778,5.63725,70,73,69,2459,2800,0.482433,31,9.29838,0,0,218989328568
39.6576,25.2158,5.39877,70,66,67,2063,2800,0.482433,23,9.30087,0,0,219014537265
37.8746,26.4029,5.39877,70,66,67,2063,2800,0.482433,23,9.30087,0,0,219040940844
42.0309,23.792,5.39877,70,66,67,2063,2800,0.482433,23,9.30087,0,0,219064733183
39.2738,25.4623,5.39877,70,66,67,2063,2800,0.482433,23,9.30087,0,0,219090195085
38.3064,26.1053,5.39877,70,66,67,2063,2800,0.482433,23,9.30087,0,0,219116301607
39.116,25.565,5.39877,70,66,67,2063,2800,0.482433,23,9.30087,0,0,219141865801
37.0318,27.0038,5.39877,70,66,67,2063,2800,0.482433,23,9.30087,0,0,219168871429
40.4404,24.7277,5.39877,70,66,67,2063,2800,0.482433,23,9.30087,0,0,219193598372
37.6628,26.5514,5.39877,70,66,67,2063,2800,0.482433,23,9.30087,0,0,219220151972
40.668,24.5894,5.39877,70,66,67,2063,2800,0.482433,23,9.30087,0,0,219244741117
36.931,27.0775,5.39877,70,66,67,2063,2800,0.482433,23,9.30087,0,0,219271818770
41.3886,24.1612,5.39877,70,66,67,2063,2800,0.482433,23,9.30087,0,0,219295980573
38.7315,25.8188,5.39877,70,66,67,2063,2800,0.482433,23,9.30087,0,0,219321798372
37.8573,26.415,5.39877,70,66,67,2063,2800,0.482433,23,9.30087,0,0,219348214264
38.6052,25.9032,5.39877,70,66,67,2063,2800,0.482433,23,9.30087,0,0,219374117294
35.2519,28.3673,5.39877,70,66,67,2063,2800,0.482433,23,9.30087,0,0,219402484136
44.1844,22.6324,5.39877,70,66,67,2063,2800,0.482433,23,9.30087,0,0,219425118212
37.9543,26.3475,5.39877,70,66,67,2063,2800,0.482433,23,9.30087,0,0,219451465846
39.3984,25.3818,5.39877,70,66,67,2063,2800,0.482433,23,9.30087,0,0,219476849311
37.4522,26.7007,5.39877,70,66,67,2063,2800,0.482433,23,9.30087,0,0,219503549596
42.1932,23.7005,5.52147,69,68,65,1973,2800,0.482433,29,9.30095,0,0,219527250695
38.4192,26.0286,5.52147,69,68,65,1973,2800,0.482433,29,9.30095,0,0,219553278689
37.6624,26.5517,5.52147,69,68,65,1973,2800,0.482433,29,9.30095,0,0,219579831197
38.2366,26.153,5.52147,69,68,65,1973,2800,0.482433,29,9.30095,0,0,219605984236
39.0186,25.6288,5.52147,69,68,65,1973,2800,0.482433,29,9.30095,0,0,219631613411
37.0316,27.0039,5.52147,69,68,65,1973,2800,0.482433,29,9.30095,0,0,219658618178
37.6635,26.5509,5.52147,69,68,65,1973,2800,0.482433,29,9.30095,0,0,219685168222
38.3176,26.0977,5.52147,69,68,65,1973,2800,0.482433,29,9.30095,0,0,219711266578
40.191,24.8812,5.52147,69,68,65,1973,2800,0.482433,29,9.30095,0,0,219736147840
41.221,24.2595,5.52147,69,68,65,1973,2800,0.482433,29,9.30095,0,0,219760406765
37.8342,26.4311,5.52147,69,68,65,1973,2800,0.482433,29,9.30095,0,0,219786839298
39.3998,25.3808,5.52147,69,68,65,1973,2800,0.482433,29,9.30095,0,0,219812221581
36.5535,27.3571,5.52147,69,68,65,1973,2800,0.482433,29,9.30095,0,0,219839577236
43.3391,23.0739,5.52147,69,68,65,1973,2800,0.482433,29,9.30095,0,0,219862652530
38.7208,25.8259,5.52147,69,68,65,1973,2800,0.482433,29,9.30095,0,0,219888478104
37.1144,26.9437,5.52147,69,68,65,1973,2800,0.482433,29,9.30095,0,0,219915422748
37.9126,26.3765,5.52147,69,68,65,1973,2800,0.482433,29,9.30095,0,0,219941799968
42.3078,23.6363,5.52147,69,68,65,1973,2800,0.482433,29,9.30095,0,0,219965436324
38.7991,25.7738,5.52147,69,68,65,1973,2800,0.482433,29,9.30095,0,0,219991210001
37.2183,26.8685,5.52147,69,68,65,1973,2800,0.482433,29,9.30095,0,0,220018084103
40.4182,24.7413,7.62608,69,65,67,2036,2800,0.482433,28,9.29983,0,0,220042820864
37.6023,26.5941,7.62608,69,65,67,2036,2800,0.482433,28,9.29983,0,0,220069415291
40.3619,24.7758,7.62608,69,65,67,2036,2800,0.482433,28,9.29983,0,0,220094191436
37.9084,26.3794,7.62608,69,65,67,2036,2800,0.482433,28,9.29983,0,0,220120571301
40.2425,24.8494,7.62608,69,65,67,2036,2800,0.482433,28,9.29983,0,0,220145420313
36.7361,27.2211,7.62608,69,65,67,2036,2800,0.482433,28,9.29983,0,0,220172642407
41.3684,24.173,7.62608,69,65,67,2036,2800,0.482433,28,9.29983,0,0,220196815751
38.4452,26.0111,7.62608,69,65,67,2036,2800,0.482433,28,9.29983,0,0,220222827535
36.6439,27.2897,7.62608,69,65,67,2036,2800,0.482433,28,9.29983,0,0,220250117296
40.1865,24.884,7.62608,69,65,67,2036,2800,0.482433,28,9.29983,0,0,220275000272
36.6803,27.2626,7.62608,69,65,67,2036,2800,0.482433,28,9.29983,0,0,220302263303
43.3906,23.0465,7.62608,69,65,67,2036,2800,0.482433,28,9.29983,0,0,220325310715
36.3446,27.5144,7.62608,69,65,67,2036,2800,0.482433,28,9.29983,0,0,220352825198
41.561,24.061,7.62608,69,65,67,2036,2800,0.482433,28,9.29983,0,0,220376886913
33.6321,29.7335,7.62608,69,65,67,2036,2800,0.482433,28,9.29983,0,0,220406621101
38.2618,26.1357,7.62608,69,65,67,2036,2800,0.482433,28,9.29983,0,0,220432756456
41.1368,24.3091,7.62608,69,65,67,2036,2800,0.482433,28,9.29983,0,0,220457066688
39.2821,25.4569,7.62608,69,65,67,2036,2800,0.482433,28,9.29983,0,0,220482522839
40.4383,24.729,7.62608,69,65,67,2036,2800,0.482433,28,9.29983,0,0,220507253058
42.0837,23.7622,7.62608,69,65,67,2036,2800,0.482433,28,9.29983,0,0,220531018527
37.0696,26.9763,5.52826,69,74,65,1881,2800,0.482433,20,9.29895,0,0,220557992055
39.0343,25.6185,5.52826,69,74,65,1881,2800,0.482433,20,9.29895,0,0,220583610841
38.78,25.7865,5.52826,69,74,65,1881,2800,0.482433,20,9.29895,0,0,220609396000
36.4836,27.4096,5.52826,69,74,65,1881,2800,0.482433,20,9.29895,0,0,220636805716
42.3836,23.594,5.52826,69,74,65,1881,2800,0.482433,20,9.29895,0,0,220660401868
36.9773,27.0436,5.52826,69,74,65,1881,2800,0.482433,20,9.29895,0,0,220687446329
41.0895,24.3371,5.52826,69,74,65,1881,2800,0.482433,20,9.29895,0,0,220711783771
36.2731,27.5686,5.52826,69,74,65,1881,2800,0.482433,20,9.29895,0,0,220739352235
44.382,22.5316,5.52826,69,74,65,1881,2800,0.482433,20,9.29895,0,0,220761884841
36.3132,27.5382,5.52826,69,74,65,1881,2800,0.482433,20,9.29895,0,0,220789423931
36.6101,27.3149,5.52826,69,74,65,1881,2800,0.482433,20,9.29895,0,0,220816738789
38.398,26.0431,5.52826,69,74,65,1881,2800,0.482433,20,9.29895,0,0,220842782933
36.7509,27.2102,5.52826,69,74,65,1881,2800,0.482433,20,9.29895,0,0,220869992625
44.5048,22.4695,5.52826,69,74,65,1881,2800,0.482433,20,9.29895,0,0,220892462142
37.5651,26.6205,5.52826,69,74,65,1881,2800,0.482433,20,9.29895,0,0,220919084371
39.2159,25.4999,5.52826,69,74,65,1881,2800,0.482433,20,9.29895,0,0,220944583553
35.3796,28.2649,5.52826,69,74,65,1881,2800,0.482433,20,9.29895,0,0,220972847823
44.6856,22.3786,5.52826,69,74,65,1881,2800,0.482433,20,9.29895,0,0,220995227402
37.698,26.5266,5.52826,69,74,65,1881,2800,0.482433,20,9.29895,0,0,221021753751
39.6318,25.2323,5.52826,69,74,65,1881,2800,0.482433,20,9.29895,0,0,221046991612
36.549,27.3605,5.73171,69,63,64,1700,2800,0.482433,38,9.30014,0,0,221074348189
42.4526,23.5557,5.73171,69,63,64,1700,2800,0.482433,38,9.30014,0,0,221097904756
38.0227,26.3001,5.73171,69,63,64,1700,2800,0.482433,38,9.30014,0,0,221124203819
38.4787,25.9884,5.73171,69,63,64,1700,2800,0.482433,38,9.30014,0,0,221150192499
38.777,25.7885,5.73171,69,63,64,1700,2800,0.482433,38,9.30014,0,0,221175982537
36.6672,27.2723,5.73171,69,63,64,1700,2800,0.482433,38,9.30014,0,0,221203255216
42.6799,23.4302,5.73171,69,63,64,1700,2800,0.482433,38,9.30014,0,0,221226685857
36.479,27.413,5.73171,69,63,64,1700,2800,0.482433,38,9.30014,0,0,221254099020
39.7133,25.1805,5.73171,69,63,64,1700,2800,0.482433,38,9.30014,0,0,221279279885
37.3029,26.8076,5.73171,69,63,64,1700,2800,0.482433,38,9.30014,0,0,221306088133
38.4843,25.9846,5.73171,69,63,64,1700,2800,0.482433,38,9.30014,0,0,221332073437
41.6767,23.9942,5.73171,69,63,64,1700,2800,0.482433,38,9.30014,0,0,221356068587
38.3164,26.0985,5.73171,69,63,64,1700,2800,0.482433,38,9.30014,0,0,221382166512
38.1678,26.2001,5.73171,69,63,64,1700,2800,0.482433,38,9.30014,0,0,221408367771
36.3094,27.5411,5.73171,69,63,64,1700,2800,0.482433,38,9.30014,0,0,221435908343
37.2385,26.8539,5.73171,69,63,64,1700,2800,0.482433,38,9.30014,0,0,221462763158
38.9484,25.675,5.73171,69,63,64,1700,2800,0.482433,38,9.30014,0,0,221488439052
42.3666,23.6035,5.73171,69,63,64,1700,2800,0.482433,38,9.30014,0,0,221512040643
39.3822,25.3922,5.73171,69,63,64,1700,2800,0.482433,38,9.30014,0,0,221537434287
41.1388,24.3079,5.73171,69,63,64,1700,2800,0.482433,38,9.30014,0,0,221561750800
36.8837,27.1123,5.50796,69,68,64,1524,2800,0.482433,13,9.29959,0,0,221588855635
40.2376,24.8524,5.50796,69,68,64,1524,2800,0.482433,13,9.29959,0,0,221613707873
35.2745,28.3491,5.50796,69,68,64,1524,2800,0.482433,13,9.29959,0,0,221642056801
41.2805,24.2245,5.50796,69,68,64,1524,2800,0.482433,13,9.29959,0,0,221666282604
39.3291,25.4265,5.50796,69,68,64,1524,2800,0.482433,13,9.29959,0,0,221691707306
35.6966,28.0139,5.50796,69,68,64,1524,2800,0.482433,13,9.29959,0,0,221719724232
40.8773,24.4634,5.50796,69,68,64,1524,2800,0.482433,13,9.29959,0,0,221744185998
36.7853,27.1848,5.50796,69,68,64,1524,2800,0.482433,13,9.29959,0,0,221771372706
41.0837,24.3406,5.50796,69,68,64,1524,2800,0.482433,13,9.29959,0,0,221795712632
37.0009,27.0264,5.50796,69,68,64,1524,2800,0.482433,13,9.29959,0,0,221822740162
38.6978,25.8413,5.50796,69,68,64,1524,2800,0.482433,13,9.29959,0,0,221848581656
38.9981,25.6423,5.50796,69,68,64,1524,2800,0.482433,13,9.29959,0,0,221874223646
40.616,24.6209,5.50796,69,68,64,1524,2800,0.482433,13,9.29959,0,0,221898843318
40.3444,24.7866,5.50796,69,68,64,1524,2800,0.482433,13,9.29959,0,0,221923631375
38.9168,25.6958,5.50796,69,68,64,1524,2800,0.482433,13,9.29959,0,0,221949328448
37.8214,26.44,5.50796,69,68,64,1524,2800,0.482433,13,9.29959,0,0,221975767303
37.111,26.9462,5.50796,69,68,64,1524,2800,0.482433,13,9.29959,0,0,222002714242
41.768,23.9418,5.50796,69,68,64,1524,2800,0.482433,13,9.29959,0,0,222026655571
37.9903,26.3225,5.50796,69,68,64,1524,2800,0.482433,13,9.29959,0,0,222052979520
39.034,25.6187,5.50796,69,68,64,1524,2800,0.482433,13,9.29959,0,0,222078602063
38.4333,26.0191,7.61671,69,64,64,1491,2800,0.482433,30,9.30021,0,0,222104617664
40.8669,24.4697,7.61671,69,64,64,1491,2800,0.482433,30,9.30021,0,0,222129087344
38.2372,26.1526,7.61671,69,64,64,1491,2800,0.482433,30,9.30021,0,0,222155240263
39.1277,25.5573,7.61671,69,64,64,1491,2800,0.482433,30,9.30021,0,0,222180797844
36.31,27.5406,7.61671,69,64,64,1491,2800,0.482433,30,9.30021,0,0,222208339478
41.8807,23.8773,7.61671,69,64,64,1491,2800,0.482433,30,9.30021,0,0,222232215845
37.9072,26.3802,7.61671,69,64,64,1491,2800,0.482433,30,9.30021,0,0,222258597964
39.292,25.4505,7.61671,69,64,64,1491,2800,0.482433,30,9.30021,0,0,222284049917
38.4825,25.9859,7.61671,69,64,64,1491,2800,0.482433,30,9.30021,0,0,222310035081
37.1713,26.9025,7.61671,69,64,64,1491,2800,0.482433,30,9.30021,0,0,222336937616
42.1162,23.7438,7.61671,69,64,64,1491,2800,0.482433,30,9.30021,0,0,222360681024
37.7114,26.5172,7.61671,69,64,64,1491,2800,0.482433,30,9.30021,0,0,222387199428
38.9822,25.6527,7.61671,69,64,64,1491,2800,0.482433,30,9.30021,0,0,222412852508
37.3401,26.7808,7.61671,69,64,64,1491,2800,0.482433,30,9.30021,0,0,222439635218
40.938,24.4272,7.61671,69,64,64,1491,2800,0.482433,30,9.30021,0,0,222464060696
37.9179,26.3728,7.61671,69,64,64,1491,2800,0.482433,30,9.30021,0,0,222490434589
40.261,24.8379,7.61671,69,64,64,1491,2800,0.482433,30,9.30021,0,0,222515271909
36.8611,27.1289,7.61671,69,64,64,1491,2800,0.482433,30,9.30021,0,0,222542404015
36.6193,27.308,7.61671,69,64,64,1491,2800,0.482433,30,9.30021,0,0,222569710598
44.0545,22.6992,7.61671,69,64,64,1491,2800,0.482433,30,9.30021,0,0,222592411690
37.3662,26.7622,5.28905,69,72,64,1512,2800,0.482433,14,9.29745,0,0,222619172749
38.3608,26.0683,5.28905,69,72,64,1512,2800,0.482433,14,9.29745,0,0,222645241149
37.9556,26.3466,5.28905,69,72,64,1512,2800,0.482433,14,9.29745,0,0,222671588662
42.8799,23.321,5.28905,69,72,64,1512,2800,0.482433,14,9.29745,0,0,222694909197
36.8774,27.1168,5.28905,69,72,64,1512,2800,0.482433,14,9.29745,0,0,222722026314
40.3537,24.7809,5.28905,69,72,64,1512,2800,0.482433,14,9.29745,0,0,222746811597
34.9032,28.6507,5.28905,69,72,64,1512,2800,0.482433,14,9.29745,0,0,222775458404
37.5176,26.6542,5.28905,69,72,64,1512,2800,0.482433,14,9.29745,0,0,222802113194
38.631,25.886,5.28905,69,72,64,1512,2800,0.482433,14,9.29745,0,0,222827998591
38.1705,26.1983,5.28905,69,72,64,1512,2800,0.482433,14,9.29745,0,0,222854197155
38.9198,25.6938,5.28905,69,72,64,1512,2800,0.482433,14,9.29745,0,0,222879891994
39.197,25.5122,5.28905,69,72,64,1512,2800,0.482433,14,9.29745,0,0,222905404481
42.0698,23.77,5.28905,69,72,64,1512,2800,0.482433,14,9.29745,0,0,222929173156
37.9389,26.3582,5.28905,69,72,64,1512,2800,0.482433,14,9.29745,0,0,222955533734
37.9091,26.3789,5.28905,69,72,64,1512,2800,0.482433,14,9.29745,0,0,222981912286
40.1313,24.9182,5.28905,69,72,64,1512,2800,0.482433,14,9.29745,0,0,223006830277
40.0029,24.9982,5.28905,69,72,64,1512,2800,0.482433,14,9.29745,0,0,223031829852
34.8993,28.6539,5.28905,69,72,64,1512,2800,0.482433,14,9.29745,0,0,223060482600
36.3045,27.5448,5.28905,69,72,64,1512,2800,0.482433,14,9.29745,0,0,223088028923
32.875,30.4182,5.28905,69,72,64,1512,2800,0.482433,14,9.29745,0,0,223118456121
33.1221,30.1913,6.6345,69,67,66,1839,2800,0.482571,24,9.29916,0,0,223148640323
33.284,30.0445,6.6345,69,67,66,1839,2800,0.482571,24,9.29916,0,0,223178685153
37.6443,26.5644,6.6345,69,67,66,1839,2800,0.482571,24,9.29916,0,0,223205248452
35.1149,28.4779,6.6345,69,67,66,1839,2800,0.482571,24,9.29916,0,0,223233726673
33.6569,29.7116,6.6345,69,67,66,1839,2800,0.482571,24,9.29916,0,0,223263439671
36.2299,27.6015,6.6345,69,67,66,1839,2800,0.482571,24,9.29916,0,0,223291041588
36.3019,27.5468,6.6345,69,67,66,1839,2800,0.482571,24,9.29916,0,0,223318588241
38.5383,25.9482,6.6345,69,67,66,1839,2800,0.482571,24,9.29916,0,0,223344538209
38.4108,26.0343,6.6345,69,67,66,1839,2800,0.482571,24,9.29916,0,0,223370572134
38.3013,26.1088,6.6345,69,67,66,1839,2800,0.482571,24,9.29916,0,0,223396681631
39.9441,25.035,6.6345,69,67,66,1839,2800,0.482571,24,9.29916,0,0,223421716672
36.7649,27.1999,6.6345,69,67,66,1839,2800,0.482571,24,9.29916,0,0,223448917186
38.9801,25.6541,6.6345,69,67,66,1839,2800,0.482571,24,9.29916,0,0,223474572661
38.5334,25.9515,6.6345,69,67,66,1839,2800,0.482571,24,9.29916,0,0,223500525164
40.3849,24.7617,6.6345,69,67,66,1839,2800,0.482571,24,9.29916,0,0,223525286171
37.6898,26.5324,6.6345,69,67,66,1839,2800,0.482571,24,9.29916,0,0,223551819222
37.7576,26.4848,6.6345,69,67,66,1839,2800,0.482571,24,9.29916,0,0,223578304034
34.4932,28.9913,6.6345,69,67,66,1839,2800,0.482571,24,9.29916,0,0,223607294035
40.3653,24.7738,6.6345,69,67,66,1839,2800,0.482571,24,9.29916,0,0,223632076001
32.9538,30.3456,7.74908,70,65,71,2371,2800,0.483326,33,9.30456,0,0,223662415154
31.6469,31.5987,7.74908,70,65,71,2371,2800,0.483326,33,9.30456,0,0,223694014411
34.7558,28.7722,7.74908,70,65,71,2371,2800,0.483326,33,9.30456,0,0,223722786534
35.1784,28.4265,7.74908,70,65,71,2371,2800,0.483326,33,9.30456,0,0,223751213549
34.5188,28.9697,7.74908,70,65,71,2371,2800,0.483326,33,9.30456,0,0,223780185146
35.8056,27.9286,7.74908,70,65,71,2371,2800,0.483326,33,9.30456,0,0,223808112934
34.0317,29.3844,7.74908,70,65,71,2371,2800,0.483326,33,9.30456,0,0,223837497876
39.6341,25.2308,7.74908,70,65,71,2371,2800,0.483326,33,9.30456,0,0,223862728114
34.1542,29.279,7.74908,70,65,71,2371,2800,0.483326,33,9.30456,0,0,223892009021
34.3024,29.1524,7.74908,70,65,71,2371,2800,0.483326,33,9.30456,0,0,223921160375
37.5478,26.6327,7.74908,70,65,71,2371,2800,0.483326,33,9.30456,0,0,223947793625
35.2455,28.3724,7.74908,70,65,71,2371,2800,0.483326,33,9.30456,0,0,223976165476
35.8189,27.9182,7.74908,70,65,71,2371,2800,0.483326,33,9.30456,0,0,224004084378
42.0767,23.7661,7.74908,70,65,71,2371,2800,0.483326,33,9.30456,0,0,224027851120
36.5241,27.3792,7.74908,70,65,71,2371,2800,0.483326,33,9.30456,0,0,224055231070
38.5686,25.9278,7.74908,70,65,71,2371,2800,0.483326,33,9.30456,0,0,224081159688
38.0554,26.2775,7.74908,70,65,71,2371,2800,0.483326,33,9.30456,0,0,224107438272
43.5057,22.9855,7.74908,70,65,71,2371,2800,0.483326,33,9.30456,0,0,224130423457
35.2899,28.3367,7.74908,70,65,71,2371,2800,0.483326,33,9.30456,0,0,224158765052
38.624,25.8906,11.2048,72,68,72,2385,2800,0.48333,29,9.30547,0,0,224184650699
37.8148,26.4447,11.2048,72,68,72,2385,2800,0.48333,29,9.30547,0,0,224211096768
36.7791,27.1894,11.2048,72,68,72,2385,2800,0.48333,29,9.30547,0,0,224238286191
41.981,23.8203,11.2048,72,68,72,2385,2800,0.48333,29,9.30547,0,0,224262106423
36.2681,27.5725,11.2048,72,68,72,2385,2800,0.48333,29,9.30547,0,0,224289680067
36.4881,27.4062,11.2048,72,68,72,2385,2800,0.48333,29,9.30547,0,0,224317086276
39.1913,25.5159,11.2048,72,68,72,2385,2800,0.48333,29,9.30547,0,0,224342604304
42.9832,23.2649,11.2048,72,68,72,2385,2800,0.48333,29,9.30547,0,0,224365878070
35.6265,28.069,11.2048,72,68,72,2385,2800,0.48333,29,9.30547,0,0,224393935422
37.306,26.8054,11.2048,72,68,72,2385,2800,0.48333,29,9.30547,0,0,224420742688
40.6656,24.5908,11.2048,72,68,72,2385,2800,0.48333,29,9.30547,0,0,224445333485
35.646,28.0536,11.2048,72,68,72,2385,2800,0.48333,29,9.30547,0,0,224473388122
39.5004,25.3162,11.2048,72,68,72,2385,2800,0.48333,29,9.30547,0,0,224498705292
37.3647,26.7632,11.2048,72,68,72,2385,2800,0.48333,29,9.30547,0,0,224525469398
37.5272,26.6473,11.2048,72,68,72,2385,2800,0.48333,29,9.30547,0,0,224552115792
37.4008,26.7374,11.2048,72,68,72,2385,2800,0.48333,29,9.30547,0,0,224578854109
37.8947,26.3889,11.2048,72,68,72,2385,2800,0.48333,29,9.30547,0,0,224605242729
39.2391,25.4848,11.2048,72,68,72,2385,2800,0.48333,29,9.30547,0,0,224630728145
38.6828,25.8513,11.2048,72,68,72,2385,2800,0.48333,29,9.30547,0,0,224656579688
38.3079,26.1043,11.2048,72,68,72,2385,2800,0.48333,29,9.30547,0,0,224682688714
37.0775,26.9706,6.30303,74,74,73,2350,2800,0.48333,32,9.30353,0,0,224709655370
42.7674,23.3823,6.30303,74,74,73,2350,2800,0.48333,32,9.30353,0,0,224733037880
36.0418,27.7455,6.30303,74,74,73,2350,2800,0.48333,32,9.30353,0,0,224760783587
38.3581,26.0701,6.30303,74,74,73,2350,2800,0.48333,32,9.30353,0,0,224786853570
38.9318,25.686,6.30303,74,74,73,2350,2800,0.48333,32,9.30353,0,0,224812540945
37.2133,26.8721,6.30303,74,74,73,2350,2800,0.48333,32,9.30353,0,0,224839412912
39.6933,25.1932,6.30303,74,74,73,2350,2800,0.48333,32,9.30353,0,0,224864606561
39.2225,25.4956,6.30303,74,74,73,2350,2800,0.48333,32,9.30353,0,0,224890102457
39.7802,25.1382,6.30303,74,74,73,2350,2800,0.48333,32,9.30353,0,0,224915240060
37.1753,26.8996,6.30303,74,74,73,2350,2800,0.48333,32,9.30353,0,0,224942140772
43.2095,23.143,6.30303,74,74,73,2350,2800,0.48333,32,9.30353,0,0,224965283803
34.9896,28.5799,6.30303,74,74,73,2350,2800,0.48333,32,9.30353,0,0,224993864286
36.8136,27.1639,6.30303,74,74,73,2350,2800,0.48333,32,9.30353,0,0,225021027189
37.638,26.5689,6.30303,74,74,73,2350,2800,0.48333,32,9.30353,0,0,225047597832
38.066,26.2701,6.30303,74,74,73,2350,2800,0.48333,32,9.30353,0,0,225073868000
41.0154,24.3811,6.30303,74,74,73,2350,2800,0.48333,32,9.30353,0,0,225098249986
38.1888,26.1857,6.30303,74,74,73,2350,2800,0.48333,32,9.30353,0,0,225124435485
37.7445,26.494,6.30303,74,74,73,2350,2800,0.48333,32,9.30353,0,0,225150930686
36.9431,27.0687,6.30303,74,74,73,2350,2800,0.48333,32,9.30353,0,0,225178000395
39.7154,25.1791,6.30303,74,74,73,2350,2800,0.48333,32,9.30353,0,0,225203183684
38.8047,25.7701,5.60976,74,67,72,2483,2800,0.48333,28,9.30104,0,0,225228950308
37.3962,26.7407,5.60976,74,67,72,2483,2800,0.48333,28,9.30104,0,0,225255691710
36.3166,27.5356,5.60976,74,67,72,2483,2800,0.48333,28,9.30104,0,0,225283227663
36.128,27.6794,5.60976,74,67,72,2483,2800,0.48333,28,9.30104,0,0,225310907166
37.211,26.8738,5.60976,74,67,72,2483,2800,0.48333,28,9.30104,0,0,225337780005
40.8608,24.4733,5.60976,74,67,72,2483,2800,0.48333,28,9.30104,0,0,225362255857
36.8833,27.1126,5.60976,74,67,72,2483,2800,0.48333,28,9.30104,0,0,225389366963
36.5875,27.3317,5.60976,74,67,72,2483,2800,0.48333,28,9.30104,0,0,225416700337
36.2835,27.5607,5.60976,74,67,72,2483,2800,0.48333,28,9.30104,0,0,225444263150
35.2633,28.3581,5.60976,74,67,72,2483,2800,0.48333,28,9.30104,0,0,225472619944
41.181,24.283,5.60976,74,67,72,2483,2800,0.48333,28,9.30104,0,0,225496903345
32.2178,31.0387,5.60976,74,67,72,2483,2800,0.48333,28,9.30104,0,0,225527942280
41.2512,24.2417,5.60976,74,67,72,2483,2800,0.48333,28,9.30104,0,0,225552184233
33.8487,29.5432,5.60976,74,67,72,2483,2800,0.48333,28,9.30104,0,0,225581727633
34.3741,29.0917,5.60976,74,67,72,2483,2800,0.48333,28,9.30104,0,0,225610819135
36.0421,27.7453,5.60976,74,67,72,2483,2800,0.48333,28,9.30104,0,0,225638567106
38.8966,25.7092,5.60976,74,67,72,2483,2800,0.48333,28,9.30104,0,0,225664276192
33.1542,30.1621,5.60976,74,67,72,2483,2800,0.48333,28,9.30104,0,0,225694438793
36.2755,27.5668,5.60976,74,67,72,2483,2800,0.48333,28,9.30104,0,0,225722011656
33.864,29.5299,10.3785,75,66,72,2491,2800,0.483265,32,9.29472,0,0,225751535699
31.2723,31.9772,10.3785,75,66,72,2491,2800,0.483265,32,9.29472,0,0,225783511803
32.7378,30.5457,10.3785,75,66,72,2491,2800,0.483265,32,9.29472,0,0,225814058215
35.0821,28.5046,10.3785,75,66,72,2491,2800,0.483265,32,9.29472,0,0,225842564809
36.6885,27.2565,10.3785,75,66,72,2491,2800,0.483265,32,9.29472,0,0,225869822019
35.258,28.3624,10.3785,75,66,72,2491,2800,0.483265,32,9.29472,0,0,225898183942
31.8683,31.3791,10.3785,75,66,72,2491,2800,0.483265,32,9.29472,0,0,225929563667
28.8292,34.6871,10.3785,75,66,72,2491,2800,0.483265,32,9.29472,0,0,225964249646
36.009,27.7709,10.3785,75,66,72,2491,2800,0.483265,32,9.29472,0,0,225992022253
39.6156,25.2426,10.3785,75,66,72,2491,2800,0.483265,32,9.29472,0,0,226017264553
41.1656,24.2921,10.3785,75,66,72,2491,2800,0.483265,32,9.29472,0,0,226041556329
38.4315,26.0203,10.3785,75,66,72,2491,2800,0.483265,32,9.29472,0,0,226067577731
38.5749,25.9236,10.3785,75,66,72,2491,2800,0.483265,32,9.29472,0,0,226093501510
35.3143,28.3172,10.3785,75,66,72,2491,2800,0.483265,32,9.29472,0,0,226121819791
41.2809,24.2243,10.3785,75,66,72,2491,2800,0.483265,32,9.29472,0,0,226146043590
38.3748,26.0588,10.3785,75,66,72,2491,2800,0.483265,32,9.29472,0,0,226172103093
40.8309,24.4912,10.3785,75,66,72,2491,2800,0.483265,32,9.29472,0,0,226196595015
36.7724,27.1943,10.3785,75,66,72,2491,2800,0.483265,32,9.29472,0,0,226223793335
40.5354,24.6698,13.3418,75,69,71,2449,2800,0.481544,26,9.24174,0,0,226248459825
37.8965,26.3877,13.3418,75,69,71,2449,2800,0.481544,26,9.24174,0,0,226274846682
40.8553,24.4766,13.3418,75,69,71,2449,2800,0.481544,26,9.24174,0,0,226299324968
36.7663,27.1988,13.3418,75,69,71,2449,2800,0.481544,26,9.24174,0,0,226326524280
41.0495,24.3608,13.3418,75,69,71,2449,2800,0.481544,26,9.24174,0,0,226350884245
37.8839,26.3964,13.3418,75,69,71,2449,2800,0.481544,26,9.24174,0,0,226377279438
39.8442,25.0977,13.3418,75,69,71,2449,2800,0.481544,26,9.24174,0,0,226402379761
37.4091,26.7314,13.3418,75,69,71,2449,2800,0.481544,26,9.24174,0,0,226429112487
39.9453,25.0342,13.3418,75,69,71,2449,2800,0.481544,26,9.24174,0,0,226454146797
40.6335,24.6103,13.3418,75,69,71,2449,2800,0.481544,26,9.24174,0,0,226478755769
38.4576,26.0026,13.3418,75,69,71,2449,2800,0.481544,26,9.24174,0,0,226504759006
40.065,24.9594,13.3418,75,69,71,2449,2800,0.481544,26,9.24174,0,0,226529719478
37.7483,26.4912,13.3418,75,69,71,2449,2800,0.481544,26,9.24174,0,0,226556210951
39.8663,25.0838,13.3418,75,69,71,2449,2800,0.481544,26,9.24174,0,0,226581295595
37.5951,26.5992,13.3418,75,69,71,2449,2800,0.481544,26,9.24174,0,0,226607895142
38.3656,26.065,13.3418,75,69,71,2449,2800,0.481544,26,9.24174,0,0,226633960716
37.1185,26.9407,13.3418,75,69,71,2449,2800,0.481544,26,9.24174,0,0,226660901473
37.3807,26.7518,13.3418,75,69,71,2449,2800,0.481544,26,9.24174,0,0,226687653185
42.0999,23.753,13.3418,75,69,71,2449,2800,0.481544,26,9.24174,0,0,226711407152
36.937,27.0731,13.3418,75,69,71,2449,2800,0.481544,26,9.24174,0,0,226738485968
40.2867,24.8221,6.16523,75,77,64,1509,2800,0.481544,33,9.23708,0,0,226763302509
39.2742,25.462,6.16523,75,77,64,1509,2800,0.481544,33,9.23708,0,0,226788764601
40.1261,24.9214,6.16523,75,77,64,1509,2800,0.481544,33,9.23708,0,0,226813686630
39.1259,25.5585,6.16523,75,77,64,1509,2800,0.481544,33,9.23708,0,0,226839243871
38.4243,26.0252,6.16523,75,77,64,1509,2800,0.481544,33,9.23708,0,0,226865271735
38.4486,26.0087,6.16523,75,77,64,1509,2800,0.481544,33,9.23708,0,0,226891279581
39.6387,25.2279,6.16523,75,77,64,1509,2800,0.481544,33,9.23708,0,0,226916507675
37.2598,26.8386,6.16523,75,77,64,1509,2800,0.481544,33,9.23708,0,0,226943346440
41.8133,23.9159,6.16523,75,77,64,1509,2800,0.481544,33,9.23708,0,0,226967262802
36.766,27.1991,6.16523,75,77,64,1509,2800,0.481544,33,9.23708,0,0,226994461903
38.8529,25.7381,6.16523,75,77,64,1509,2800,0.481544,33,9.23708,0,0,227020200294
38.6399,25.88,6.16523,75,77,64,1509,2800,0.481544,33,9.23708,0,0,227046080741
38.6041,25.904,6.16523,75,77,64,1509,2800,0.481544,33,9.23708,0,0,227071985123
40.5384,24.668,6.16523,75,77,64,1509,2800,0.481544,33,9.23708,0,0,227096653507
36.8296,27.1521,6.16523,75,77,64,1509,2800,0.481544,33,9.23708,0,0,227123806221
40.596,24.6329,6.16523,75,77,64,1509,2800,0.481544,33,9.23708,0,0,227148438386
38.7963,25.7756,6.16523,75,77,64,1509,2800,0.481544,33,9.23708,0,0,227174216020
39.5178,25.3051,6.16523,75,77,64,1509,2800,0.481544,33,9.23708,0,0,227199520787
36.8577,27.1314,6.16523,75,77,64,1509,2800,0.481544,33,9.23708,0,0,227226652021
42.7134,23.4119,6.16523,75,77,64,1509,2800,0.481544,33,9.23708,0,0,227250069227
36.6589,27.2785,4.35323,72,66,63,1443,2800,0.481544,31,9.23708,0,0,227277343750
38.3887,26.0493,4.35323,72,66,63,1443,2800,0.481544,31,9.23708,0,0,227303392202
40.0149,24.9907,4.35323,72,66,63,1443,2800,0.481544,31,9.23708,0,0,227328384453
37.1152,26.9432,4.35323,72,66,63,1443,2800,0.481544,31,9.23708,0,0,227355327985
41.034,24.37,4.35323,72,66,63,1443,2800,0.481544,31,9.23708,0,0,227379698449
36.571,27.3441,4.35323,72,66,63,1443,2800,0.481544,31,9.23708,0,0,227407042132
41.2785,24.2257,4.35323,72,66,63,1443,2800,0.481544,31,9.23708,0,0,227431267293
36.6082,27.3163,4.35323,72,66,63,1443,2800,0.481544,31,9.23708,0,0,227458584737
40.5773,24.6443,4.35323,72,66,63,1443,2800,0.481544,31,9.23708,0,0,227483229335
37.6516,26.5593,4.35323,72,66,63,1443,2800,0.481544,31,9.23708,0,0,227509789227
39.2019,25.5089,4.35323,72,66,63,1443,2800,0.481544,31,9.23708,0,0,227535298578
38.6901,25.8464,4.35323,72,66,63,1443,2800,0.481544,31,9.23708,0,0,227561144851
38.089,26.2543,4.35323,72,66,63,1443,2800,0.481544,31,9.23708,0,0,227587399571
40.6316,24.6114,4.35323,72,66,63,1443,2800,0.481544,31,9.23708,0,0,227612012189
37.4744,26.6849,4.35323,72,66,63,1443,2800,0.481544,31,9.23708,0,0,227638696705
38.9263,25.6895,4.35323,72,66,63,1443,2800,0.481544,31,9.23708,0,0,227664386124
38.2252,26.1607,4.35323,72,66,63,1443,2800,0.481544,31,9.23708,0,0,227690547077
40.5624,24.6534,4.35323,72,66,63,1443,2800,0.481544,31,9.23708,0,0,227715201274
35.8889,27.8638,4.35323,72,66,63,1443,2800,0.481544,31,9.23708,0,0,227743064030
41.633,24.0194,4.35323,72,66,63,1443,2800,0.481544,31,9.23708,0,0,227767087433
36.0862,27.7115,4.65116,71,72,62,1394,2800,0.481544,13,9.23165,0,0,227794795780
40.7126,24.5624,4.65116,71,72,62,1394,2800,0.481544,13,9.23165,0,0,227819359417
37.8472,26.422,4.65116,71,72,62,1394,2800,0.481544,13,9.23165,0,0,227845780929
38.5018,25.9728,4.65116,71,72,62,1394,2800,0.481544,13,9.23165,0,0,227871753950
37.0059,27.0228,4.65116,71,72,62,1394,2800,0.481544,13,9.23165,0,0,227898775959
41.0691,24.3492,4.65116,71,72,62,1394,2800,0.481544,13,9.23165,0,0,227923126917
38.3551,26.0722,4.65116,71,72,62,1394,2800,0.481544,13,9.23165,0,0,227949199304
39.194,25.5141,4.65116,71,72,62,1394,2800,0.481544,13,9.23165,0,0,227974712332
38.1095,26.2402,4.65116,71,72,62,1394,2800,0.481544,13,9.23165,0,0,228000953025
38.3778,26.0568,4.65116,71,72,62,1394,2800,0.481544,13,9.23165,0,0,228027010785
40.179,24.8886,4.65116,71,72,62,1394,2800,0.481544,13,9.23165,0,0,228051900163
38.9659,25.6634,4.65116,71,72,62,1394,2800,0.481544,13,9.23165,0,0,228077564144
37.9203,26.3711,4.65116,71,72,62,1394,2800,0.481544,13,9.23165,0,0,228103934380
38.2293,26.158,4.65116,71,72,62,1394,2800,0.481544,13,9.23165,0,0,228130094271
40.0849,24.9471,4.65116,71,72,62,1394,2800,0.481544,13,9.23165,0,0,228155040907
39.5507,25.284,4.65116,71,72,62,1394,2800,0.481544,13,9.23165,0,0,228180324735
39.1667,25.5319,4.65116,71,72,62,1394,2800,0.481544,13,9.23165,0,0,228205857049
37.4108,26.7302,4.65116,71,72,62,1394,2800,0.481544,13,9.23165,0,0,228232588523
27.2976,36.6332,4.65116,71,72,62,1394,2800,0.481544,13,9.23165,0,0,228269226032
42.5342,23.5105,4.8995,70,63,63,1241,2800,0.480438,30,9.22478,0,0,228292733858
39.3462,25.4154,4.8995,70,63,63,1241,2800,0.480438,30,9.22478,0,0,228318148221
39.1626,25.5346,4.8995,70,63,63,1241,2800,0.480438,30,9.22478,0,0,228343683240
22.1183,45.2114,4.8995,70,63,63,1241,2800,0.480438,30,9.22478,0,0,228388895758
36.0235,27.7596,4.8995,70,63,63,1241,2800,0.480438,30,9.22478,0,0,228416656143
36.1974,27.6263,4.8995,70,63,63,1241,2800,0.480438,30,9.22478,0,0,228444281644
37.926,26.3671,4.8995,70,63,63,1241,2800,0.480438,30,9.22478,0,0,228470649115
39.0976,25.577,4.8995,70,63,63,1241,2800,0.480438,30,9.22478,0,0,228496226313
40.2104,24.8692,4.8995,70,63,63,1241,2800,0.480438,30,9.22478,0,0,228521095713
43.084,23.2105,4.8995,70,63,63,1241,2800,0.480438,30,9.22478,0,0,228544307544
39.2699,25.4648,4.8995,70,63,63,1241,2800,0.480438,30,9.22478,0,0,228569771880
39.8299,25.1067,4.8995,70,63,63,1241,2800,0.480438,30,9.22478,0,0,228594879808
36.8322,27.1501,4.8995,70,63,63,1241,2800,0.480438,30,9.22478,0,0,228622028595
39.106,25.5715,4.8995,70,63,63,1241,2800,0.480438,30,9.22478,0,0,228647600944
37.5293,26.6458,4.8995,70,63,63,1241,2800,0.480438,30,9.22478,0,0,228674247118
40.4996,24.6916,4.8995,70,63,63,1241,2800,0.480438,30,9.22478,0,0,228698939667
38.5561,25.9362,4.8995,70,63,63,1241,2800,0.480438,30,9.22478,0,0,228724876590
39.4147,25.3713,4.8995,70,63,63,1241,2800,0.480438,30,9.22478,0,0,228750247782
38.0396,26.2884,4.8995,70,63,63,1241,2800,0.480438,30,9.22478,0,0,228776540352
37.7872,26.464,5.21739,69,67,63,1459,2800,0.480438,16,9.22134,0,0,228802999505
40.8874,24.4574,5.21739,69,67,63,1459,2800,0.480438,16,9.22134,0,0,228827457824
38.8416,25.7456,5.21739,69,67,63,1459,2800,0.480438,16,9.22134,0,0,228853204971
40.3742,24.7683,5.21739,69,67,63,1459,2800,0.480438,16,9.22134,0,0,228877973783
36.2195,27.6095,5.21739,69,67,63,1459,2800,0.480438,16,9.22134,0,0,228905582703
41.1515,24.3004,5.21739,69,67,63,1459,2800,0.480438,16,9.22134,0,0,228929883206
37.3551,26.7701,5.21739,69,67,63,1459,2800,0.480438,16,9.22134,0,0,228956653443
38.8667,25.729,5.21739,69,67,63,1459,2800,0.480438,16,9.22134,0,0,228982381604
38.4462,26.0104,5.21739,69,67,63,1459,2800,0.480438,16,9.22134,0,0,229008392917
38.781,25.7858,5.21739,69,67,63,1459,2800,0.480438,16,9.22134,0,0,229034179247
37.7811,26.4683,5.21739,69,67,63,1459,2800,0.480438,16,9.22134,0,0,229060647407
40.3107,24.8073,5.21739,69,67,63,1459,2800,0.480438,16,9.22134,0,0,229085454531
39.5128,25.3083,5.21739,69,67,63,1459,2800,0.480438,16,9.22134,0,0,229110763305
37.9136,26.3757,5.21739,69,67,63,1459,2800,0.480438,16,9.22134,0,0,229137140104
39.6782,25.2028,5.21739,69,67,63,1459,2800,0.480438,16,9.22134,0,0,229162342679
39.3749,25.3969,5.21739,69,67,63,1459,2800,0.480438,16,9.22134,0,0,229187741162
38.1323,26.2245,5.21739,69,67,63,1459,2800,0.480438,16,9.22134,0,0,229213964964
38.4662,25.9969,5.21739,69,67,63,1459,2800,0.480438,16,9.22134,0,0,229239963222
39.9661,25.0212,5.21739,69,67,63,1459,2800,0.480438,16,9.22134,0,0,229264982594
34.8482,28.6959,5.21739,69,67,63,1459,2800,0.480438,16,9.22134,0,0,229293685827
27.2179,36.7405,5.46117,70,66,62,1431,2800,0.480438,32,9.21528,0,0,229330420669
32.6795,30.6002,5.46117,70,66,62,1431,2800,0.480438,32,9.21528,0,0,229361021333
36.1315,27.6767,5.46117,70,66,62,1431,2800,0.480438,32,9.21528,0,0,229388697349
35.4594,28.2012,5.46117,70,66,62,1431,2800,0.480438,32,9.21528,0,0,229416900223
37.5613,26.6232,5.46117,70,66,62,1431,2800,0.480438,32,9.21528,0,0,229443524817
35.7289,27.9885,5.46117,70,66,62,1431,2800,0.480438,32,9.21528,0,0,229471514491
37.1278,26.934,5.46117,70,66,62,1431,2800,0.480438,32,9.21528,0,0,229498446221
35.417,28.235,5.46117,70,66,62,1431,2800,0.480438,32,9.21528,0,0,229526681436
39.1881,25.518,5.46117,70,66,62,1431,2800,0.480438,32,9.21528,0,0,229552198692
36.7271,27.2278,5.46117,70,66,62,1431,2800,0.480438,32,9.21528,0,0,229579429062
40.0651,24.9594,5.46117,70,66,62,1431,2800,0.480438,32,9.21528,0,0,229604387640
40.3862,24.7609,5.46117,70,66,62,1431,2800,0.480438,32,9.21528,0,0,229629150851
38.625,25.89,5.46117,70,66,62,1431,2800,0.480438,32,9.21528,0,0,229655039884
41.3426,24.1881,5.46117,70,66,62,1431,2800,0.480438,32,9.21528,0,0,229679226914
34.0361,29.3805,5.46117,70,66,62,1431,2800,0.480438,32,9.21528,0,0,229708608771
33.9231,29.4784,5.46117,70,66,62,1431,2800,0.480438,32,9.21528,0,0,229738087549
39.1518,25.5416,5.46117,70,66,62,1431,2800,0.480438,32,9.21528,0,0,229763628029
40.3355,24.792,5.46117,70,66,62,1431,2800,0.480438,32,9.21528,0,0,229788421466
38.5807,25.9197,5.46117,70,66,62,1431,2800,0.480438,32,9.21528,0,0,229814343912
39.4172,25.3697,5.69697,69,67,62,1356,2800,0.480434,19,9.21696,0,0,229839711217
38.4819,25.9863,5.69697,69,67,62,1356,2800,0.480434,19,9.21696,0,0,229865696962
37.7591,26.4837,5.69697,69,67,62,1356,2800,0.480434,19,9.21696,0,0,229892181512
40.003,24.9981,5.69697,69,67,62,1356,2800,0.480434,19,9.21696,0,0,229917180105
36.8764,27.1176,5.69697,69,67,62,1356,2800,0.480434,19,9.21696,0,0,229944297343
41.2612,24.2358,5.69697,69,67,62,1356,2800,0.480434,19,9.21696,0,0,229968533876
40.3216,24.8006,5.69697,69,67,62,1356,2800,0.480434,19,9.21696,0,0,229993333625
38.698,25.8411,5.69697,69,67,62,1356,2800,0.480434,19,9.21696,0,0,230019175660
38.5682,25.9281,5.69697,69,67,62,1356,2800,0.480434,19,9.21696,0,0,230045104929
34.7859,28.7472,5.69697,69,67,62,1356,2800,0.480434,19,9.21696,0,0,230073852586
35.659,28.0434,5.69697,69,67,62,1356,2800,0.480434,19,9.21696,0,0,230101896102
38.8062,25.7691,5.69697,69,67,62,1356,2800,0.480434,19,9.21696,0,0,230127665541
27.7383,36.0513,5.69697,69,67,62,1356,2800,0.480434,19,9.21696,0,0,230163715768
35.8894,27.8634,5.69697,69,67,62,1356,2800,0.480434,19,9.21696,0,0,230191579206
37.1061,26.9498,5.69697,69,67,62,1356,2800,0.480434,19,9.21696,0,0,230218529260
39.4504,25.3483,5.69697,69,67,62,1356,2800,0.480434,19,9.21696,0,0,230243878451
39.9533,25.0292,5.69697,69,67,62,1356,2800,0.480434,19,9.21696,0,0,230268908553
40.6016,24.6296,5.69697,69,67,62,1356,2800,0.480434,19,9.21696,0,0,230293537251
38.1604,26.2051,5.69697,69,67,62,1356,2800,0.480434,19,9.21696,0,0,230319745173
41.055,24.3576,5.13141,69,68,62,1350,2800,0.480434,27,9.21339,0,0,230344101801
39.3067,25.4409,5.13141,69,68,62,1350,2800,0.480434,27,9.21339,0,0,230369543355
40.572,24.6475,5.13141,69,68,62,1350,2800,0.480434,27,9.21339,0,0,230394190027
38.1219,26.2316,5.13141,69,68,62,1350,2800,0.480434,27,9.21339,0,0,230420422745
38.7217,25.8253,5.13141,69,68,62,1350,2800,0.480434,27,9.21339,0,0,230446248119
38.2325,26.1557,5.13141,69,68,62,1350,2800,0.480434,27,9.21339,0,0,230472402981
40.2398,24.851,5.13141,69,68,62,1350,2800,0.480434,27,9.21339,0,0,230497255099
38.4704,25.994,5.13141,69,68,62,1350,2800,0.480434,27,9.21339,0,0,230523250172
37.3126,26.8006,5.13141,69,68,62,1350,2800,0.480434,27,9.21339,0,0,230550050625
39.4146,25.3713,5.13141,69,68,62,1350,2800,0.480434,27,9.21339,0,0,230575421957
40.0098,24.9939,5.13141,69,68,62,1350,2800,0.480434,27,9.21339,0,0,230600416632
37.4158,26.7267,5.13141,69,68,62,1350,2800,0.480434,27,9.21339,0,0,230627147916
39.2486,25.4786,5.13141,69,68,62,1350,2800,0.480434,27,9.21339,0,0,230652623273
40.1164,24.9275,5.13141,69,68,62,1350,2800,0.480434,27,9.21339,0,0,230677551915
37.8868,26.3944,5.13141,69,68,62,1350,2800,0.480434,27,9.21339,0,0,230703946857
39.8943,25.0663,5.13141,69,68,62,1350,2800,0.480434,27,9.21339,0,0,230729010752
37.1603,26.9104,5.13141,69,68,62,1350,2800,0.480434,27,9.21339,0,0,230755921933
40.039,24.9756,5.13141,69,68,62,1350,2800,0.480434,27,9.21339,0,0,230780898244
37.7477,26.4917,5.13141,69,68,62,1350,2800,0.480434,27,9.21339,0,0,230807391461
40.2421,24.8496,5.13141,69,68,62,1350,2800,0.480434,27,9.21339,0,0,230832245302
37.1679,26.905,4.21314,69,68,62,1283,2800,0.480434,26,9.21198,0,0,230859145363
39.8947,25.066,4.21314,69,68,62,1283,2800,0.480434,26,9.21198,0,0,230884212804
38.2939,26.1138,4.21314,69,68,62,1283,2800,0.480434,26,9.21198,0,0,230910324996
39.5063,25.3124,4.21314,69,68,62,1283,2800,0.480434,26,9.21198,0,0,230935639221
40.0391,24.9756,4.21314,69,68,62,1283,2800,0.480434,26,9.21198,0,0,230960614550
38.8837,25.7177,4.21314,69,68,62,1283,2800,0.480434,26,9.21198,0,0,230986333254
38.8114,25.7657,4.21314,69,68,62,1283,2800,0.480434,26,9.21198,0,0,231012099337
37.3046,26.8064,4.21314,69,68,62,1283,2800,0.480434,26,9.21198,0,0,231038905210
39.9366,25.0397,4.21314,69,68,62,1283,2800,0.480434,26,9.21198,0,0,231063946032
38.0404,26.2878,4.21314,69,68,62,1283,2800,0.480434,26,9.21198,0,0,231090235327
39.9662,25.0211,4.21314,69,68,62,1283,2800,0.480434,26,9.21198,0,0,231115254668
36.2923,27.5541,4.21314,69,68,62,1283,2800,0.480434,26,9.21198,0,0,231142809126
38.9964,25.6434,4.21314,69,68,62,1283,2800,0.480434,26,9.21198,0,0,231168452559
40.1479,24.9079,4.21314,69,68,62,1283,2800,0.480434,26,9.21198,0,0,231193361052
38.414,26.0322,4.21314,69,68,62,1283,2800,0.480434,26,9.21198,0,0,231219393044
39.3154,25.4353,4.21314,69,68,62,1283,2800,0.480434,26,9.21198,0,0,231244828496
36.3087,27.5416,4.21314,69,68,62,1283,2800,0.480434,26,9.21198,0,0,231272370611
41.3866,24.1624,4.21314,69,68,62,1283,2800,0.480434,26,9.21198,0,0,231296532704
38.7485,25.8075,4.21314,69,68,62,1283,2800,0.480434,26,9.21198,0,0,231322340716
39.8728,25.0798,4.21314,69,68,62,1283,2800,0.480434,26,9.21198,0,0,231347423316
37.8696,26.4064,4.31566,69,68,62,1300,2800,0.480434,12,9.21161,0,0,231373829369
39.1721,25.5284,4.31566,69,68,62,1300,2800,0.480434,12,9.21161,0,0,231399356013
39.2546,25.4747,4.31566,69,68,62,1300,2800,0.480434,12,9.21161,0,0,231424831450
37.9205,26.371,4.31566,69,68,62,1300,2800,0.480434,12,9.21161,0,0,231451202999
38.554,25.9377,4.31566,69,68,62,1300,2800,0.480434,12,9.21161,0,0,231477139742
39.3166,25.4346,4.31566,69,68,62,1300,2800,0.480434,12,9.21161,0,0,231502576406
39.7422,25.1622,4.31566,69,68,62,1300,2800,0.480434,12,9.21161,0,0,231527738686
37.5694,26.6174,4.31566,69,68,62,1300,2800,0.480434,12,9.21161,0,0,231554355254
39.0939,25.5794,4.31566,69,68,62,1300,2800,0.480434,12,9.21161,0,0,231579936250
39.3846,25.3906,4.31566,69,68,62,1300,2800,0.480434,12,9.21161,0,0,231605327008
39.9962,25.0024,4.31566,69,68,62,1300,2800,0.480434,12,9.21161,0,0,231630328657
36.6972,27.2501,4.31566,69,68,62,1300,2800,0.480434,12,9.21161,0,0,231657579224
40.1709,24.8936,4.31566,69,68,62,1300,2800,0.480434,12,9.21161,0,0,231682473872
39.2826,25.4565,4.31566,69,68,62,1300,2800,0.480434,12,9.21161,0,0,231707931727
37.7136,26.5156,4.31566,69,68,62,1300,2800,0.480434,12,9.21161,0,0,231734445973
38.9139,25.6977,4.31566,69,68,62,1300,2800,0.480434,12,9.21161,0,0,231760144459
37.621,26.5809,4.31566,69,68,62,1300,2800,0.480434,12,9.21161,0,0,231786726502
41.0386,24.3673,4.31566,69,68,62,1300,2800,0.480434,12,9.21161,0,0,231811094071
35.1815,28.4241,4.31566,69,68,62,1300,2800,0.480434,12,9.21161,0,0,231839517429
42.4835,23.5385,4.31566,69,68,62,1300,2800,0.480434,12,9.21161,0,0,231863058728
39.0274,25.623,5.02451,69,65,62,1275,2800,0.480434,22,9.20442,0,0,231888678696
38.8757,25.723,5.02451,69,65,62,1275,2800,0.480434,22,9.20442,0,0,231914402079
38.1725,26.1968,5.02451,69,65,62,1275,2800,0.480434,22,9.20442,0,0,231940599491
38.6312,25.8858,5.02451,69,65,62,1275,2800,0.480434,22,9.20442,0,0,231966486150
39.0514,25.6073,5.02451,69,65,62,1275,2800,0.480434,22,9.20442,0,0,231992093715
38.6786,25.8541,5.02451,69,65,62,1275,2800,0.480434,22,9.20442,0,0,232017947763
40.011,24.9931,5.02451,69,65,62,1275,2800,0.480434,22,9.20442,0,0,232042941416
39.5009,25.3158,5.02451,69,65,62,1275,2800,0.480434,22,9.20442,0,0,232068258085
38.6533,25.871,5.02451,69,65,62,1275,2800,0.480434,22,9.20442,0,0,232094128123
38.9438,25.678,5.02451,69,65,62,1275,2800,0.480434,22,9.20442,0,0,232119806411
39.4718,25.3345,5.02451,69,65,62,1275,2800,0.480434,22,9.20442,0,0,232145142206
37.5136,26.657,5.02451,69,65,62,1275,2800,0.480434,22,9.20442,0,0,232171799812
39.6873,25.197,5.02451,69,65,62,1275,2800,0.480434,22,9.20442,0,0,232196995845
37.6577,26.555,5.02451,69,65,62,1275,2800,0.480434,22,9.20442,0,0,232223552391
40.4271,24.7359,5.02451,69,65,62,1275,2800,0.480434,22,9.20442,0,0,232248287178
38.358,26.0702,5.02451,69,65,62,1275,2800,0.480434,22,9.20442,0,0,232274359245
37.1665,26.9059,5.02451,69,65,62,1275,2800,0.480434,22,9.20442,0,0,232301265507
39.983,25.0106,5.02451,69,65,62,1275,2800,0.480434,22,9.20442,0,0,232326275501
39.4364,25.3573,5.02451,69,65,62,1275,2800,0.480434,22,9.20442,0,0,232351633879
38.5422,25.9456,5.02451,69,65,62,1275,2800,0.480434,22,9.20442,0,0,232377583356
37.0716,26.9748,4.55105,69,64,61,1292,2800,0.480434,19,9.20418,0,0,232404554259
42.3345,23.6214,4.55105,69,64,61,1292,2800,0.480434,19,9.20418,0,0,232428175978
37.7293,26.5046,4.55105,69,64,61,1292,2800,0.480434,19,9.20418,0,0,232454680937
38.36,26.0688,4.55105,69,64,61,1292,2800,0.480434,19,9.20418,0,0,232480750259
39.524,25.3011,4.55105,69,64,61,1292,2800,0.480434,19,9.20418,0,0,232506051870
38.9047,25.7039,4.55105,69,64,61,1292,2800,0.480434,19,9.20418,0,0,232531755335
33.5587,29.7985,4.55105,69,64,61,1292,2800,0.480434,19,9.20418,0,0,232561554104
42.2493,23.669,4.55105,69,64,61,1292,2800,0.480434,19,9.20418,0,0,232585223573
38.9638,25.6649,4.55105,69,64,61,1292,2800,0.480434,19,9.20418,0,0,232610889808
40.0075,24.9953,4.55105,69,64,61,1292,2800,0.480434,19,9.20418,0,0,232635884664
39.7271,25.1717,4.55105,69,64,61,1292,2800,0.480434,19,9.20418,0,0,232661055951
39.379,25.3942,4.55105,69,64,61,1292,2800,0.480434,19,9.20418,0,0,232686450877
38.2224,26.1627,4.55105,69,64,61,1292,2800,0.480434,19,9.20418,0,0,232712613023
38.9572,25.6692,4.55105,69,64,61,1292,2800,0.480434,19,9.20418,0,0,232738283766
40.105,24.9346,4.55105,69,64,61,1292,2800,0.480434,19,9.20418,0,0,232763219271
37.5929,26.6008,4.55105,69,64,61,1292,2800,0.480434,19,9.20418,0,0,232789820370
39.564,25.2755,4.55105,69,64,61,1292,2800,0.480434,19,9.20418,0,0,232815094850
37.6645,26.5502,4.55105,69,64,61,1292,2800,0.480434,19,9.20418,0,0,232841645615
39.2689,25.4654,4.55105,69,64,61,1292,2800,0.480434,19,9.20418,0,0,232867111465
38.689,25.8471,4.55105,69,64,61,1292,2800,0.480434,19,9.20418,0,0,232892961936
37.726,26.5069,4.88998,69,67,61,1270,2800,0.480434,15,9.20007,0,0,232919466163
39.8635,25.0856,4.88998,69,67,61,1270,2800,0.480434,15,9.20007,0,0,232944552581
39.4364,25.3573,4.88998,69,67,61,1270,2800,0.480434,15,9.20007,0,0,232969911329
38.1477,26.2139,4.88998,69,67,61,1270,2800,0.480434,15,9.20007,0,0,232996124761
39.1058,25.5717,4.88998,69,67,61,1270,2800,0.480434,15,9.20007,0,0,233021696229
39.05,25.6082,4.88998,69,67,61,1270,2800,0.480434,15,9.20007,0,0,233047304014
38.6731,25.8577,4.88998,69,67,61,1270,2800,0.480434,15,9.20007,0,0,233073162109
40.387,24.7604,4.88998,69,67,61,1270,2800,0.480434,15,9.20007,0,0,233097923738
37.6817,26.5381,4.88998,69,67,61,1270,2800,0.480434,15,9.20007,0,0,233124462239
38.2099,26.1712,4.88998,69,67,61,1270,2800,0.480434,15,9.20007,0,0,233150632240
39.4582,25.3433,4.88998,69,67,61,1270,2800,0.480434,15,9.20007,0,0,233175977954
38.4356,26.0175,4.88998,69,67,61,1270,2800,0.480434,15,9.20007,0,0,233201994687
39.6565,25.2165,4.88998,69,67,61,1270,2800,0.480434,15,9.20007,0,0,233227211699
38.2748,26.1269,4.88998,69,67,61,1270,2800,0.480434,15,9.20007,0,0,233253338238
40.625,24.6154,4.88998,69,67,61,1270,2800,0.480434,15,9.20007,0,0,233277953351
36.8299,27.1519,4.88998,69,67,61,1270,2800,0.480434,15,9.20007,0,0,233305104934
39.9827,25.0108,4.88998,69,67,61,1270,2800,0.480434,15,9.20007,0,0,233330116681
38.0312,26.2942,4.88998,69,67,61,1270,2800,0.480434,15,9.20007,0,0,233356410364
40.4091,24.7469,4.88998,69,67,61,1270,2800,0.480434,15,9.20007,0,0,233381159137
37.4701,26.6879,4.88998,69,67,61,1270,2800,0.480434,15,9.20007,0,0,233407850877
38.8555,25.7364,4.65116,69,62,61,1269,2800,0.480434,28,9.20007,0,0,233433582535
39.5376,25.2924,4.65116,69,62,61,1269,2800,0.480434,28,9.20007,0,0,233458877243
37.4163,26.7264,4.65116,69,62,61,1269,2800,0.480434,28,9.20007,0,0,233485602936
39.5764,25.2676,4.65116,69,62,61,1269,2800,0.480434,28,9.20007,0,0,233510872006
39.4923,25.3214,4.65116,69,62,61,1269,2800,0.480434,28,9.20007,0,0,233536194417
37.7835,26.4666,4.65116,69,62,61,1269,2800,0.480434,28,9.20007,0,0,233562659942
37.7509,26.4894,4.65116,69,62,61,1269,2800,0.480434,28,9.20007,0,0,233589150764
39.3534,25.4108,4.65116,69,62,61,1269,2800,0.480434,28,9.20007,0,0,233614560819
39.0575,25.6033,4.65116,69,62,61,1269,2800,0.480434,28,9.20007,0,0,233640164807
39.7597,25.1511,4.65116,69,62,61,1269,2800,0.480434,28,9.20007,0,0,233665315145
38.606,25.9027,4.65116,69,62,61,1269,2800,0.480434,28,9.20007,0,0,233691218575
40.3549,24.7801,4.65116,69,62,61,1269,2800,0.480434,28,9.20007,0,0,233715999379
37.0386,26.9989,4.65116,69,62,61,1269,2800,0.480434,28,9.20007,0,0,233742997543
38.851,25.7394,4.65116,69,62,61,1269,2800,0.480434,28,9.20007,0,0,233768736776
39.3458,25.4156,4.65116,69,62,61,1269,2800,0.480434,28,9.20007,0,0,233794153302
38.7205,25.8261,4.65116,69,62,61,1269,2800,0.480434,28,9.20007,0,0,233819980009
39.1964,25.5125,4.65116,69,62,61,1269,2800,0.480434,28,9.20007,0,0,233845492536
38.1189,26.2337,4.65116,69,62,61,1269,2800,0.480434,28,9.20007,0,0,233871727598
40.2146,24.8666,4.65116,69,62,61,1269,2800,0.480434,28,9.20007,0,0,233896594915
36.9315,27.0772,4.65116,69,62,61,1269,2800,0.480434,28,9.20007,0,0,233923675193
39.8511,25.0934,5.2439,69,68,61,1254,2800,0.480434,12,9.19519,0,0,233948763955
39.6891,25.1958,5.2439,69,68,61,1254,2800,0.480434,12,9.19519,0,0,233973961551
38.0955,26.2498,5.2439,69,68,61,1254,2800,0.480434,12,9.19519,0,0,234000210740
38.9149,25.6971,5.2439,69,68,61,1254,2800,0.480434,12,9.19519,0,0,234025909136
40.1558,24.903,5.2439,69,68,61,1254,2800,0.480434,12,9.19519,0,0,234050810757
38.2233,26.1621,5.2439,69,68,61,1254,2800,0.480434,12,9.19519,0,0,234076973764
38.2089,26.1719,5.2439,69,68,61,1254,2800,0.480434,12,9.19519,0,0,234103146960
40.8551,24.4767,5.2439,69,68,61,1254,2800,0.480434,12,9.19519,0,0,234127623764
36.7883,27.1825,5.2439,69,68,61,1254,2800,0.480434,12,9.19519,0,0,234154806835
40.5646,24.6521,5.2439,69,68,61,1254,2800,0.480434,12,9.19519,0,0,234179458718
37.8031,26.4529,5.2439,69,68,61,1254,2800,0.480434,12,9.19519,0,0,234205912230
38.5505,25.94,5.2439,69,68,61,1254,2800,0.480434,12,9.19519,0,0,234231852690
38.8155,25.7629,5.2439,69,68,61,1254,2800,0.480434,12,9.19519,0,0,234257616007
39.9449,25.0345,5.2439,69,68,61,1254,2800,0.480434,12,9.19519,0,0,234282650397
35.7688,27.9573,5.2439,69,68,61,1254,2800,0.480434,12,9.19519,0,0,234310607470
41.2346,24.2515,5.2439,69,68,61,1254,2800,0.480434,12,9.19519,0,0,234334860785
41.1475,24.3028,5.2439,69,68,61,1254,2800,0.480434,12,9.19519,0,0,234359164935
35.8949,27.8591,5.2439,69,68,61,1254,2800,0.480434,12,9.19519,0,0,234387024315
38.3216,26.0949,5.2439,69,68,61,1254,2800,0.480434,12,9.19519,0,0,234413118523
41.0451,24.3634,5.2439,69,68,61,1254,2800,0.480434,12,9.19519,0,0,234437487675
36.9616,27.0551,4.31566,69,62,62,1271,2800,0.480434,29,9.19495,0,0,234464536103
38.5332,25.9516,4.31566,69,62,62,1271,2800,0.480434,29,9.19495,0,0,234490489538
41.235,24.2512,4.31566,69,62,62,1271,2800,0.480434,29,9.19495,0,0,234514740427
37.0912,26.9605,4.31566,69,62,62,1271,2800,0.480434,29,9.19495,0,0,234541703245
38.9358,25.6833,4.31566,69,62,62,1271,2800,0.480434,29,9.19495,0,0,234567384779
38.1598,26.2056,4.31566,69,62,62,1271,2800,0.480434,29,9.19495,0,0,234593591699
41.0448,24.3636,4.31566,69,62,62,1271,2800,0.480434,29,9.19495,0,0,234617954980
37.7473,26.492,4.31566,69,62,62,1271,2800,0.480434,29,9.19495,0,0,234644447385
38.2546,26.1407,4.31566,69,62,62,1271,2800,0.480434,29,9.19495,0,0,234670588652
39.4872,25.3247,4.31566,69,62,62,1271,2800,0.480434,29,9.19495,0,0,234695912996
38.4595,26.0013,4.31566,69,62,62,1271,2800,0.480434,29,9.19495,0,0,234721914650
39.0231,25.6259,4.31566,69,62,62,1271,2800,0.480434,29,9.19495,0,0,234747539959
38.5283,25.9549,4.31566,69,62,62,1271,2800,0.480434,29,9.19495,0,0,234773496459
39.5635,25.2759,4.31566,69,62,62,1271,2800,0.480434,29,9.19495,0,0,234798773083
39.0408,25.6143,4.31566,69,62,62,1271,2800,0.480434,29,9.19495,0,0,234824386099
39.1896,25.517,4.31566,69,62,62,1271,2800,0.480434,29,9.19495,0,0,234849904837
37.9383,26.3586,4.31566,69,62,62,1271,2800,0.480434,29,9.19495,0,0,234876262159
38.2504,26.1435,4.31566,69,62,62,1271,2800,0.480434,29,9.19495,0,0,234902406051
39.1143,25.5661,4.31566,69,62,62,1271,2800,0.480434,29,9.19495,0,0,234927973751
38.9803,25.654,4.31566,69,62,62,1271,2800,0.480434,29,9.19495,0,0,234953633124
39.8682,25.0827,5.35932,69,66,62,1262,2800,0.480434,15,9.19331,0,0,234978710985
39.3922,25.3858,5.35932,69,66,62,1262,2800,0.480434,15,9.19331,0,0,235004096634
35.813,27.9228,5.35932,69,66,62,1262,2800,0.480434,15,9.19331,0,0,235032018561
39.9621,25.0237,5.35932,69,66,62,1262,2800,0.480434,15,9.19331,0,0,235057042261
41.304,24.2107,5.35932,69,66,62,1262,2800,0.480434,15,9.19331,0,0,235081254739
37.549,26.6319,5.35932,69,66,62,1262,2800,0.480434,15,9.19331,0,0,235107887307
40.0341,24.9787,5.35932,69,66,62,1262,2800,0.480434,15,9.19331,0,0,235132864931
37.5174,26.6543,5.35932,69,66,62,1262,2800,0.480434,15,9.19331,0,0,235159519370
39.0254,25.6243,5.35932,69,66,62,1262,2800,0.480434,15,9.19331,0,0,235185144618
38.0445,26.285,5.35932,69,66,62,1262,2800,0.480434,15,9.19331,0,0,235211429184
41.8439,23.8983,5.35932,69,66,62,1262,2800,0.480434,15,9.19331,0,0,235235329466
38.8263,25.7557,5.35932,69,66,62,1262,2800,0.480434,15,9.19331,0,0,235261083506
37.2503,26.8454,5.35932,69,66,62,1262,2800,0.480434,15,9.19331,0,0,235287928954
39.4891,25.3234,5.35932,69,66,62,1262,2800,0.480434,15,9.19331,0,0,235313253538
37.4179,26.7252,5.35932,69,66,62,1262,2800,0.480434,15,9.19331,0,0,235339978650
40.324,24.7991,5.35932,69,66,62,1262,2800,0.480434,15,9.19331,0,0,235364777618
37.3051,26.806,5.35932,69,66,62,1262,2800,0.480434,15,9.19331,0,0,235391585165
40.467,24.7115,5.35932,69,66,62,1262,2800,0.480434,15,9.19331,0,0,235416297510
37.6815,26.5382,5.35932,69,66,62,1262,2800,0.480434,15,9.19331,0,0,235442835361
40.0017,24.9989,5.35932,69,66,62,1262,2800,0.480434,15,9.19331,0,0,235467837440
38.2735,26.1278,4.55105,69,65,60,1271,2800,0.480434,19,9.19331,0,0,235493961354
38.4065,26.0372,4.55105,69,65,60,1271,2800,0.480434,19,9.19331,0,0,235519999187
38.8226,25.7582,4.55105,69,65,60,1271,2800,0.480434,19,9.19331,0,0,235545758226
39.2676,25.4663,4.55105,69,65,60,1271,2800,0.480434,19,9.19331,0,0,235571224166
39.6995,25.1893,4.55105,69,65,60,1271,2800,0.480434,19,9.19331,0,0,235596415480
37.1553,26.9141,4.55105,69,65,60,1271,2800,0.480434,19,9.19331,0,0,235623328635
39.5241,25.301,4.55105,69,65,60,1271,2800,0.480434,19,9.19331,0,0,235648629505
39.2504,25.4775,4.55105,69,65,60,1271,2800,0.480434,19,9.19331,0,0,235674109060
38.404,26.0389,4.55105,69,65,60,1271,2800,0.480434,19,9.19331,0,0,235700147944
39.0445,25.6118,4.55105,69,65,60,1271,2800,0.480434,19,9.19331,0,0,235725758315
39.4045,25.3778,4.55105,69,65,60,1271,2800,0.480434,19,9.19331,0,0,235751136630
38.5999,25.9068,4.55105,69,65,60,1271,2800,0.480434,19,9.19331,0,0,235777044619
39.0466,25.6104,4.55105,69,65,60,1271,2800,0.480434,19,9.19331,0,0,235802654549
39.1885,25.5177,4.55105,69,65,60,1271,2800,0.480434,19,9.19331,0,0,235828172926
37.7566,26.4854,4.55105,69,65,60,1271,2800,0.480434,19,9.19331,0,0,235854659411
40.0652,24.9593,4.55105,69,65,60,1271,2800,0.480434,19,9.19331,0,0,235879619882
37.6172,26.5836,4.55105,69,65,60,1271,2800,0.480434,19,9.19331,0,0,235906201455
37.9267,26.3666,4.55105,69,65,60,1271,2800,0.480434,19,9.19331,0,0,235932568926
40.2369,24.8528,4.55105,69,65,60,1271,2800,0.480434,19,9.19331,0,0,235957422967
39.3751,25.3968,4.55105,69,65,60,1271,2800,0.480434,19,9.19331,0,0,235982821340
37.1815,26.8951,4.78528,69,63,61,1285,2800,0.480434,25,9.19226,0,0,236009714818
39.862,25.0865,4.78528,69,63,61,1285,2800,0.480434,25,9.19226,0,0,236034800955
39.3388,25.4202,4.78528,69,63,61,1285,2800,0.480434,25,9.19226,0,0,236060222842
38.0327,26.2932,4.78528,69,63,61,1285,2800,0.480434,25,9.19226,0,0,236086514721
38.8725,25.7251,4.78528,69,63,61,1285,2800,0.480434,25,9.19226,0,0,236112240778
38.5696,25.9272,4.78528,69,63,61,1285,2800,0.480434,25,9.19226,0,0,236138168654
34.8444,28.699,4.78528,69,63,61,1285,2800,0.480434,25,9.19226,0,0,236166867500
40.8916,24.4549,4.78528,69,63,61,1285,2800,0.480434,25,9.19226,0,0,236191323925
41.2131,24.2641,4.78528,69,63,61,1285,2800,0.480434,25,9.19226,0,0,236215588561
38.5145,25.9642,4.78528,69,63,61,1285,2800,0.480434,25,9.19226,0,0,236241553226
40.888,24.457,4.78528,69,63,61,1285,2800,0.480434,25,9.19226,0,0,236266008890
37.0177,27.0141,4.78528,69,63,61,1285,2800,0.480434,25,9.19226,0,0,236293023686
38.7262,25.8223,4.78528,69,63,61,1285,2800,0.480434,25,9.19226,0,0,236318846745
39.8853,25.0719,4.78528,69,63,61,1285,2800,0.480434,25,9.19226,0,0,236343917934
38.802,25.7719,4.78528,69,63,61,1285,2800,0.480434,25,9.19226,0,0,236369690509
40.001,24.9994,4.78528,69,63,61,1285,2800,0.480434,25,9.19226,0,0,236394689572
37.9972,26.3177,4.78528,69,63,61,1285,2800,0.480434,25,9.19226,0,0,236421008402
39.8777,25.0767,4.78528,69,63,61,1285,2800,0.480434,25,9.19226,0,0,236446084310
37.8845,26.396,4.78528,69,63,61,1285,2800,0.480434,25,9.19226,0,0,236472481156
39.6837,25.1993,4.78528,69,63,61,1285,2800,0.480434,25,9.19226,0,0,236497684553
37.9491,26.3511,4.78528,69,68,62,1267,2800,0.480434,13,9.19102,0,0,236524032467
39.768,25.1458,4.78528,69,68,62,1267,2800,0.480434,13,9.19102,0,0,236549178246
38.5645,25.9306,4.78528,69,68,62,1267,2800,0.480434,13,9.19102,0,0,236575109559
38.697,25.8418,4.78528,69,68,62,1267,2800,0.480434,13,9.19102,0,0,236600950953
38.7128,25.8312,4.78528,69,68,62,1267,2800,0.480434,13,9.19102,0,0,236626782618
39.8926,25.0673,4.78528,69,68,62,1267,2800,0.480434,13,9.19102,0,0,236651850140
37.7844,26.466,4.78528,69,68,62,1267,2800,0.480434,13,9.19102,0,0,236678316697
35.7912,27.9398,4.78528,69,68,62,1267,2800,0.480434,13,9.19102,0,0,236706257230
41.3679,24.1734,4.78528,69,68,62,1267,2800,0.480434,13,9.19102,0,0,236730429211
38.7534,25.8042,4.78528,69,68,62,1267,2800,0.480434,13,9.19102,0,0,236756235019
40.3044,24.8112,4.78528,69,68,62,1267,2800,0.480434,13,9.19102,0,0,236781046360
38.0051,26.3123,4.78528,69,68,62,1267,2800,0.480434,13,9.19102,0,0,236807359329
40.3458,24.7857,4.78528,69,68,62,1267,2800,0.480434,13,9.19102,0,0,236832144501
37.4646,26.6918,4.78528,69,68,62,1267,2800,0.480434,13,9.19102,0,0,236858836210
40.5533,24.6589,4.78528,69,68,62,1267,2800,0.480434,13,9.19102,0,0,236883496188
38.6746,25.8568,4.78528,69,68,62,1267,2800,0.480434,13,9.19102,0,0,236909353351
37.9267,26.3666,4.78528,69,68,62,1267,2800,0.480434,13,9.19102,0,0,236935719580
40.0247,24.9846,4.78528,69,68,62,1267,2800,0.480434,13,9.19102,0,0,236960703295
39.7369,25.1655,4.78528,69,68,62,1267,2800,0.480434,13,9.19102,0,0,236985871155
37.8044,26.452,4.78528,69,68,62,1267,2800,0.480434,13,9.19102,0,0,237012326250
37.5321,26.6438,5.48112,69,62,61,1255,2800,0.480434,31,9.18933,0,0,237038967585
42.6319,23.4566,5.48112,69,62,61,1255,2800,0.480434,31,9.18933,0,0,237062422572
36.3909,27.4794,5.48112,69,62,61,1255,2800,0.480434,31,9.18933,0,0,237089902861
39.7482,25.1584,5.48112,69,62,61,1255,2800,0.480434,31,9.18933,0,0,237115061644
38.2786,26.1243,5.48112,69,62,61,1255,2800,0.480434,31,9.18933,0,0,237141185638
38.4651,25.9976,5.48112,69,62,61,1255,2800,0.480434,31,9.18933,0,0,237167183455
38.6233,25.8911,5.48112,69,62,61,1255,2800,0.480434,31,9.18933,0,0,237193075855
36.991,27.0336,5.48112,69,62,61,1255,2800,0.480434,31,9.18933,0,0,237220109596
42.3987,23.5856,5.48112,69,62,61,1255,2800,0.480434,31,9.18933,0,0,237243696610
39.0857,25.5848,5.48112,69,62,61,1255,2800,0.480434,31,9.18933,0,0,237269280591
37.0129,27.0176,5.48112,69,62,61,1255,2800,0.480434,31,9.18933,0,0,237296299104
40.1092,24.9319,5.48112,69,62,61,1255,2800,0.480434,31,9.18933,0,0,237321230721
39.3852,25.3903,5.48112,69,62,61,1255,2800,0.480434,31,9.18933,0,0,237346620818
37.2225,26.8655,5.48112,69,62,61,1255,2800,0.480434,31,9.18933,0,0,237373487185
39.8866,25.0711,5.48112,69,62,61,1255,2800,0.480434,31,9.18933,0,0,237398558584
38.5247,25.9574,5.48112,69,62,61,1255,2800,0.480434,31,9.18933,0,0,237424516607
38.8909,25.7129,5.48112,69,62,61,1255,2800,0.480434,31,9.18933,0,0,237450228568
39.6385,25.228,5.48112,69,62,61,1255,2800,0.480434,31,9.18933,0,0,237475455860
39.2722,25.4633,5.48112,69,62,61,1255,2800,0.480434,31,9.18933,0,0,237500920908
38.0478,26.2827,5.48112,69,62,61,1255,2800,0.480434,31,9.18933,0,0,237527207457
38.2395,26.1509,4.77356,69,67,61,1276,2800,0.480434,13,9.18958,0,0,237553355787
38.0969,26.2489,4.77356,69,67,61,1276,2800,0.480434,13,9.18958,0,0,237579603423
41.4867,24.1041,4.77356,69,67,61,1276,2800,0.480434,13,9.18958,0,0,237603707928
37.7956,26.4581,4.77356,69,67,61,1276,2800,0.480434,13,9.18958,0,0,237630167522
36.5323,27.3731,4.77356,69,67,61,1276,2800,0.480434,13,9.18958,0,0,237657539778
39.5908,25.2584,4.77356,69,67,61,1276,2800,0.480434,13,9.18958,0,0,237682798138
37.952,26.3491,4.77356,69,67,61,1276,2800,0.480434,13,9.18958,0,0,237709147145
40.1323,24.9176,4.77356,69,67,61,1276,2800,0.480434,13,9.18958,0,0,237734064906
39.5258,25.3,4.77356,69,67,61,1276,2800,0.480434,13,9.18958,0,0,237759366717
38.7706,25.7927,4.77356,69,67,61,1276,2800,0.480434,13,9.18958,0,0,237785159741
38.6854,25.8495,4.77356,69,67,61,1276,2800,0.480434,13,9.18958,0,0,237811010282
39.0047,25.638,4.77356,69,67,61,1276,2800,0.480434,13,9.18958,0,0,237836647983
39.8166,25.1152,4.77356,69,67,61,1276,2800,0.480434,13,9.18958,0,0,237861762514
39.4694,25.3361,4.77356,69,67,61,1276,2800,0.480434,13,9.18958,0,0,237887099832
38.1826,26.1899,4.77356,69,67,61,1276,2800,0.480434,13,9.18958,0,0,237913289159
37.5303,26.6451,4.77356,69,67,61,1276,2800,0.480434,13,9.18958,0,0,237939935683
40.0813,24.9493,4.77356,69,67,61,1276,2800,0.480434,13,9.18958,0,0,237964885114
38.6949,25.8432,4.77356,69,67,61,1276,2800,0.480434,13,9.18958,0,0,237990729663
39.2862,25.4542,4.77356,69,67,61,1276,2800,0.480434,13,9.18958,0,0,238016184272
36.3958,27.4757,4.77356,69,67,61,1276,2800,0.480434,13,9.18958,0,0,238043662166
39.3422,25.418,4.52876,69,65,61,1230,2800,0.480434,19,9.18973,0,0,238069076829
40.1403,24.9126,4.52876,69,65,61,1230,2800,0.480434,19,9.18973,0,0,238093989711
37.2229,26.8652,4.52876,69,65,61,1230,2800,0.480434,19,9.18973,0,0,238120855267
39.3973,25.3824,4.52876,69,65,61,1230,2800,0.480434,19,9.18973,0,0,238146238080
39.7672,25.1464,4.52876,69,65,61,1230,2800,0.480434,19,9.18973,0,0,238171385142
39.0824,25.587,4.52876,69,65,61,1230,2800,0.480434,19,9.18973,0,0,238196972810
37.7131,26.516,4.52876,69,65,61,1230,2800,0.480434,19,9.18973,0,0,238223488559
40.3494,24.7835,4.52876,69,65,61,1230,2800,0.480434,19,9.18973,0,0,238248273360
38.7288,25.8206,4.52876,69,65,61,1230,2800,0.480434,19,9.18973,0,0,238274093635
38.4172,26.03,4.52876,69,65,61,1230,2800,0.480434,19,9.18973,0,0,238300123312
37.5694,26.6174,4.52876,69,65,61,1230,2800,0.480434,19,9.18973,0,0,238326740932
39.2686,25.4656,4.52876,69,65,61,1230,2800,0.480434,19,9.18973,0,0,238352206591
40.5826,24.6411,4.52876,69,65,61,1230,2800,0.480434,19,9.18973,0,0,238376849226
38.3565,26.0712,4.52876,69,65,61,1230,2800,0.480434,19,9.18973,0,0,238402920762
39.2095,25.504,4.52876,69,65,61,1230,2800,0.480434,19,9.18973,0,0,238428425354
38.269,26.1308,4.52876,69,65,61,1230,2800,0.480434,19,9.18973,0,0,238454557133
39.3314,25.425,4.52876,69,65,61,1230,2800,0.480434,19,9.18973,0,0,238479982326
38.2275,26.1592,4.52876,69,65,61,1230,2800,0.480434,19,9.18973,0,0,238506141496
38.7731,25.7911,4.52876,69,65,61,1230,2800,0.480434,19,9.18973,0,0,238531932575
37.9149,26.3748,4.52876,69,65,61,1230,2800,0.480434,19,9.18973,0,0,238558309564
39.5723,25.2702,4.66258,69,63,61,1237,2800,0.480434,21,9.18973,0,0,238583578414
37.9238,26.3687,4.66258,69,63,61,1237,2800,0.480434,21,9.18973,0,0,238609946396
38.6387,25.8808,4.66258,69,63,61,1237,2800,0.480434,21,9.18973,0,0,238635827504
39.1534,25.5406,4.66258,69,63,61,1237,2800,0.480434,21,9.18973,0,0,238661368685
38.2968,26.1118,4.66258,69,63,61,1237,2800,0.480434,21,9.18973,0,0,238687480577
40.6209,24.6178,4.66258,69,63,61,1237,2800,0.480434,21,9.18973,0,0,238712099597
38.2841,26.1205,4.66258,69,63,61,1237,2800,0.480434,21,9.18973,0,0,238738219794
39.3053,25.4418,4.66258,69,63,61,1237,2800,0.480434,21,9.18973,0,0,238763662069
38.0505,26.2808,4.66258,69,63,61,1237,2800,0.480434,21,9.18973,0,0,238789944411
40.3694,24.7712,4.66258,69,63,61,1237,2800,0.480434,21,9.18973,0,0,238814715015
38.5773,25.922,4.66258,69,63,61,1237,2800,0.480434,21,9.18973,0,0,238840637101
38.513,25.9653,4.66258,69,63,61,1237,2800,0.480434,21,9.18973,0,0,238866602648
37.9013,26.3843,4.66258,69,63,61,1237,2800,0.480434,21,9.18973,0,0,238892987111
40.1721,24.8929,4.66258,69,63,61,1237,2800,0.480434,21,9.18973,0,0,238917880556
37.9322,26.3628,4.66258,69,63,61,1237,2800,0.480434,21,9.18973,0,0,238944244811
39.6619,25.2131,4.66258,69,63,61,1237,2800,0.480434,21,9.18973,0,0,238969456834
39.2672,25.4665,4.66258,69,63,61,1237,2800,0.480434,21,9.18973,0,0,238994924397
39.514,25.3075,4.66258,69,63,61,1237,2800,0.480434,21,9.18973,0,0,239020232089
36.5128,27.3876,4.66258,69,63,61,1237,2800,0.480434,21,9.18973,0,0,239047619925
40.1581,24.9016,4.66258,69,63,61,1237,2800,0.480434,21,9.18973,0,0,239072524952
38.9538,25.6714,4.4335,69,67,61,1258,2800,0.480434,12,9.18868,0,0,239098192680
39.3756,25.3965,4.4335,69,67,61,1258,2800,0.480434,12,9.18868,0,0,239123588859
39.2804,25.458,4.4335,69,67,61,1258,2800,0.480434,12,9.18868,0,0,239149047745
37.3754,26.7556,4.4335,69,67,61,1258,2800,0.480434,12,9.18868,0,0,239175803675
39.0686,25.596,4.4335,69,67,61,1258,2800,0.480434,12,9.18868,0,0,239201400029
39.2754,25.4612,4.4335,69,67,61,1258,2800,0.480434,12,9.18868,0,0,239226861901
39.1197,25.5625,4.4335,69,67,61,1258,2800,0.480434,12,9.18868,0,0,239252424782
38.8266,25.7555,4.4335,69,67,61,1258,2800,0.480434,12,9.18868,0,0,239278179934
39.0121,25.6331,4.4335,69,67,61,1258,2800,0.480434,12,9.18868,0,0,239303814400
38.0395,26.2885,4.4335,69,67,61,1258,2800,0.480434,12,9.18868,0,0,239330102703
39.5293,25.2977,4.4335,69,67,61,1258,2800,0.480434,12,9.18868,0,0,239355400847
39.0632,25.5996,4.4335,69,67,61,1258,2800,0.480434,12,9.18868,0,0,239381000878
37.3649,26.7631,4.4335,69,67,61,1258,2800,0.480434,12,9.18868,0,0,239407764372
39.2854,25.4547,4.4335,69,67,61,1258,2800,0.480434,12,9.18868,0,0,239433220403
38.8623,25.7319,4.4335,69,67,61,1258,2800,0.480434,12,9.18868,0,0,239458952061
38.7841,25.7837,4.4335,69,67,61,1258,2800,0.480434,12,9.18868,0,0,239484736639
39.3667,25.4022,4.4335,69,67,61,1258,2800,0.480434,12,9.18868,0,0,239510138809
38.4674,25.996,4.4335,69,67,61,1258,2800,0.480434,12,9.18868,0,0,239536133691
38.9471,25.6759,4.4335,69,67,61,1258,2800,0.480434,12,9.18868,0,0,239561811177
38.1725,26.1969,4.4335,69,67,61,1258,2800,0.480434,12,9.18868,0,0,239588010142
38.7353,25.8162,4.40636,69,61,60,1264,2800,0.480434,30,9.18938,0,0,239613823173
40.8059,24.5062,4.40636,69,61,60,1264,2800,0.480434,30,9.18938,0,0,239638331836
38.1045,26.2436,4.40636,69,61,60,1264,2800,0.480434,30,9.18938,0,0,239664576517
37.2095,26.8748,4.40636,69,61,60,1264,2800,0.480434,30,9.18938,0,0,239691449586
41.1568,24.2973,4.40636,69,61,60,1264,2800,0.480434,30,9.18938,0,0,239715746833
36.7568,27.2058,4.40636,69,61,60,1264,2800,0.480434,30,9.18938,0,0,239742953519
40.4519,24.7207,4.40636,69,61,60,1264,2800,0.480434,30,9.18938,0,0,239767673939
39.043,25.6128,4.40636,69,61,60,1264,2800,0.480434,30,9.18938,0,0,239793287446
38.7459,25.8092,4.40636,69,61,60,1264,2800,0.480434,30,9.18938,0,0,239819097571
38.4964,25.9764,4.40636,69,61,60,1264,2800,0.480434,30,9.18938,0,0,239845073808
39.0051,25.6377,4.40636,69,61,60,1264,2800,0.480434,30,9.18938,0,0,239870713393
40.0458,24.9714,4.40636,69,61,60,1264,2800,0.480434,30,9.18938,0,0,239895684024
37.7343,26.5011,4.40636,69,61,60,1264,2800,0.480434,30,9.18938,0,0,239922184915
38.2305,26.1571,4.40636,69,61,60,1264,2800,0.480434,30,9.18938,0,0,239948343284
39.0985,25.5764,4.40636,69,61,60,1264,2800,0.480434,30,9.18938,0,0,239973919670
39.4091,25.3749,4.40636,69,61,60,1264,2800,0.480434,30,9.18938,0,0,239999295200
39.4286,25.3623,4.40636,69,61,60,1264,2800,0.480434,30,9.18938,0,0,240024657615
37.952,26.349,4.40636,69,61,60,1264,2800,0.480434,30,9.18938,0,0,240051006882
39.8491,25.0947,4.40636,69,61,60,1264,2800,0.480434,30,9.18938,0,0,240076103449
37.3403,26.7807,4.40636,69,61,60,1264,2800,0.480434,30,9.18938,0,0,240102887471
38.8351,25.7499,4.29448,69,66,60,1262,2800,0.480434,12,9.18581,0,0,240128633276
39.1816,25.5222,4.29448,69,66,60,1262,2800,0.480434,12,9.18581,0,0,240154156383
39.6266,25.2356,4.29448,69,66,60,1262,2800,0.480434,12,9.18581,0,0,240179391870
38.8099,25.7667,4.29448,69,66,60,1262,2800,0.480434,12,9.18581,0,0,240205158844
39.0901,25.5819,4.29448,69,66,60,1262,2800,0.480434,12,9.18581,0,0,240230740411
37.5725,26.6152,4.29448,69,66,60,1262,2800,0.480434,12,9.18581,0,0,240257356829
39.9933,25.0042,4.29448,69,66,60,1262,2800,0.480434,12,9.18581,0,0,240282360531
37.783,26.4669,4.29448,69,66,60,1262,2800,0.480434,12,9.18581,0,0,240308828801
39.4139,25.3718,4.29448,69,66,60,1262,2800,0.480434,12,9.18581,0,0,240334200003
39.5475,25.2861,4.29448,69,66,60,1262,2800,0.480434,12,9.18581,0,0,240359486686
37.4724,26.6863,4.29448,69,66,60,1262,2800,0.480434,12,9.18581,0,0,240386173616
37.7841,26.4661,4.29448,69,66,60,1262,2800,0.480434,12,9.18581,0,0,240412641235
39.3229,25.4305,4.29448,69,66,60,1262,2800,0.480434,12,9.18581,0,0,240438071799
41.2881,24.2201,4.29448,69,66,60,1262,2800,0.480434,12,9.18581,0,0,240462291209
37.0853,26.9649,4.29448,69,66,60,1262,2800,0.480434,12,9.18581,0,0,240489257834
38.3806,26.0549,4.29448,69,66,60,1262,2800,0.480434,12,9.18581,0,0,240515310485
39.6706,25.2076,4.29448,69,66,60,1262,2800,0.480434,12,9.18581,0,0,240540518981
39.3542,25.4102,4.29448,69,66,60,1262,2800,0.480434,12,9.18581,0,0,240565929587
37.7175,26.5129,4.29448,69,66,60,1262,2800,0.480434,12,9.18581,0,0,240592443182
39.722,25.175,4.29448,69,66,60,1262,2800,0.480434,12,9.18581,0,0,240617622634
38.3213,26.0952,4.66258,69,62,61,1275,2800,0.480434,25,9.18615,0,0,240643714438
36.5596,27.3526,4.66258,69,62,61,1275,2800,0.480434,25,9.18615,0,0,240671066957
40.9802,24.402,4.66258,69,62,61,1275,2800,0.480434,25,9.18615,0,0,240695470183
39.1615,25.5353,4.66258,69,62,61,1275,2800,0.480434,25,9.18615,0,0,240721005633
38.8074,25.7683,4.66258,69,62,61,1275,2800,0.480434,25,9.18615,0,0,240746772657
37.78,26.469,4.66258,69,62,61,1275,2800,0.480434,25,9.18615,0,0,240773243121
33.9193,29.4817,4.66258,69,62,61,1275,2800,0.480434,25,9.18615,0,0,240802725797
37.9194,26.3717,4.66258,69,62,61,1275,2800,0.480434,25,9.18615,0,0,240829096725
40.4211,24.7395,4.66258,69,62,61,1275,2800,0.480434,25,9.18615,0,0,240853836612
42.1648,23.7165,4.66258,69,62,61,1275,2800,0.480434,25,9.18615,0,0,240877553961
37.826,26.4368,4.66258,69,62,61,1275,2800,0.480434,25,9.18615,0,0,240903990862
41.2614,24.2357,4.66258,69,62,61,1275,2800,0.480434,25,9.18615,0,0,240928227044
39.2828,25.4565,4.66258,69,62,61,1275,2800,0.480434,25,9.18615,0,0,240953684347
38.7194,25.8269,4.66258,69,62,61,1275,2800,0.480434,25,9.18615,0,0,240979510573
38.9203,25.6935,4.66258,69,62,61,1275,2800,0.480434,25,9.18615,0,0,241005204540
37.7009,26.5246,4.66258,69,62,61,1275,2800,0.480434,25,9.18615,0,0,241031729757
39.6911,25.1945,4.66258,69,62,61,1275,2800,0.480434,25,9.18615,0,0,241056923747
41.2017,24.2708,4.66258,69,62,61,1275,2800,0.480434,25,9.18615,0,0,241081196077
36.841,27.1437,4.66258,69,62,61,1275,2800,0.480434,25,9.18615,0,0,241108340385
38.9581,25.6686,4.66258,69,62,61,1275,2800,0.480434,25,9.18615,0,0,241134011870
38.6024,25.9051,4.28922,69,64,61,1249,2800,0.480434,24,9.18639,0,0,241159913347
38.3246,26.0929,4.28922,69,64,61,1249,2800,0.480434,24,9.18639,0,0,241186007215
40.0132,24.9917,4.28922,69,64,61,1249,2800,0.480434,24,9.18639,0,0,241210998444
38.5663,25.9294,4.28922,69,64,61,1249,2800,0.480434,24,9.18639,0,0,241236928404
38.5537,25.9378,4.28922,69,64,61,1249,2800,0.480434,24,9.18639,0,0,241262866389
38.5925,25.9117,4.28922,69,64,61,1249,2800,0.480434,24,9.18639,0,0,241288779117
40.8272,24.4935,4.28922,69,64,61,1249,2800,0.480434,24,9.18639,0,0,241313272231
37.4549,26.6988,4.28922,69,64,61,1249,2800,0.480434,24,9.18639,0,0,241339970663
39.3843,25.3908,4.28922,69,64,61,1249,2800,0.480434,24,9.18639,0,0,241365361722
37.9641,26.3407,4.28922,69,64,61,1249,2800,0.480434,24,9.18639,0,0,241391703855
40.576,24.6451,4.28922,69,64,61,1249,2800,0.480434,24,9.18639,0,0,241416349456
36.9321,27.0767,4.28922,69,64,61,1249,2800,0.480434,24,9.18639,0,0,241443426528
40.0902,24.9438,4.28922,69,64,61,1249,2800,0.480434,24,9.18639,0,0,241468369416
39.189,25.5174,4.28922,69,64,61,1249,2800,0.480434,24,9.18639,0,0,241493887484
38.8786,25.7211,4.28922,69,64,61,1249,2800,0.480434,24,9.18639,0,0,241519609794
38.5294,25.9542,4.28922,69,64,61,1249,2800,0.480434,24,9.18639,0,0,241545564781
38.6303,25.8864,4.28922,69,64,61,1249,2800,0.480434,24,9.18639,0,0,241571450589
38.1914,26.1839,4.28922,69,64,61,1249,2800,0.480434,24,9.18639,0,0,241597639625
38.1022,26.2452,4.28922,69,64,61,1249,2800,0.480434,24,9.18639,0,0,241623879747
40.996,24.3926,4.28922,69,64,61,1249,2800,0.480434,24,9.18639,0,0,241648278584
38.6517,25.8721,4.18719,69,62,60,1265,2800,0.480434,21,9.18628,0,0,241674145757
38.7193,25.8269,4.18719,69,62,60,1265,2800,0.480434,21,9.18628,0,0,241699974397
37.8825,26.3974,4.18719,69,62,60,1265,2800,0.480434,21,9.18628,0,0,241726370982
37.9191,26.3719,4.18719,69,62,60,1265,2800,0.480434,21,9.18628,0,0,241752742741
39.8385,25.1014,4.18719,69,62,60,1265,2800,0.480434,21,9.18628,0,0,241777844387
38.5474,25.9421,4.18719,69,62,60,1265,2800,0.480434,21,9.18628,0,0,241803786751
41.5899,24.0443,4.18719,69,62,60,1265,2800,0.480434,21,9.18628,0,0,241827831183
36.35,27.5103,4.18719,69,62,60,1265,2800,0.480434,21,9.18628,0,0,241855343402
40.8734,24.4658,4.18719,69,62,60,1265,2800,0.480434,21,9.18628,0,0,241879809095
36.375,27.4914,4.18719,69,62,60,1265,2800,0.480434,21,9.18628,0,0,241907301426
39.9522,25.0299,4.18719,69,62,60,1265,2800,0.480434,21,9.18628,0,0,241932329825
36.0586,27.7326,4.18719,69,62,60,1265,2800,0.480434,21,9.18628,0,0,241960063709
41.5437,24.071,4.18719,69,62,60,1265,2800,0.480434,21,9.18628,0,0,241984134511
40.1841,24.8855,4.18719,69,62,60,1265,2800,0.480434,21,9.18628,0,0,242009020473
38.5853,25.9166,4.18719,69,62,60,1265,2800,0.480434,21,9.18628,0,0,242034939703
39.0223,25.6264,4.18719,69,62,60,1265,2800,0.480434,21,9.18628,0,0,242060564380
38.6752,25.8563,4.18719,69,62,60,1265,2800,0.480434,21,9.18628,0,0,242086419830
39.2338,25.4882,4.18719,69,62,60,1265,2800,0.480434,21,9.18628,0,0,242111910476
36.6758,27.266,4.18719,69,62,60,1265,2800,0.480434,21,9.18628,0,0,242139176533
38.9526,25.6722,4.18719,69,62,60,1265,2800,0.480434,21,9.18628,0,0,242164851645
40.1194,24.9256,4.64548,69,68,61,1239,2800,0.480434,12,9.18674,0,0,242189772903
39.5655,25.2745,4.64548,69,68,61,1239,2800,0.480434,12,9.18674,0,0,242215049106
38.3736,26.0596,4.64548,69,68,61,1239,2800,0.480434,12,9.18674,0,0,242241109321
39.8239,25.1106,4.64548,69,68,61,1239,2800,0.480434,12,9.18674,0,0,242266218441
38.599,25.9074,4.64548,69,68,61,1239,2800,0.480434,12,9.18674,0,0,242292127251
39.143,25.5474,4.64548,69,68,61,1239,2800,0.480434,12,9.18674,0,0,242317676016
37.5723,26.6153,4.64548,69,68,61,1239,2800,0.480434,12,9.18674,0,0,242344291052
38.7453,25.8096,4.64548,69,68,61,1239,2800,0.480434,12,9.18674,0,0,242370100496
39.5515,25.2835,4.64548,69,68,61,1239,2800,0.480434,12,9.18674,0,0,242395383783
37.9119,26.3769,4.64548,69,68,61,1239,2800,0.480434,12,9.18674,0,0,242421761343
40.8668,24.4698,4.64548,69,68,61,1239,2800,0.480434,12,9.18674,0,0,242446232375
37.4311,26.7157,4.64548,69,68,61,1239,2800,0.480434,12,9.18674,0,0,242472949282
38.872,25.7255,4.64548,69,68,61,1239,2800,0.480434,12,9.18674,0,0,242498675039
38.9266,25.6894,4.64548,69,68,61,1239,2800,0.480434,12,9.18674,0,0,242524364247
39.7729,25.1428,4.64548,69,68,61,1239,2800,0.480434,12,9.18674,0,0,242549506560
37.5136,26.657,4.64548,69,68,61,1239,2800,0.480434,12,9.18674,0,0,242576163724
38.1396,26.2195,4.64548,69,68,61,1239,2800,0.480434,12,9.18674,0,0,242602383488
40.9466,24.4221,4.64548,69,68,61,1239,2800,0.480434,12,9.18674,0,0,242626805629
38.8424,25.7451,4.64548,69,68,61,1239,2800,0.480434,12,9.18674,0,0,242652552436
37.1679,26.9049,4.64548,69,68,61,1239,2800,0.480434,12,9.18674,0,0,242679461092
39.7207,25.1758,4.54545,69,61,61,1266,2800,0.480434,29,9.18611,0,0,242704632319
39.4942,25.3202,4.54545,69,61,61,1266,2800,0.480434,29,9.18611,0,0,242729953136
39.1488,25.5435,4.54545,69,61,61,1266,2800,0.480434,29,9.18611,0,0,242755497322
33.8792,29.5166,4.54545,69,61,61,1266,2800,0.480434,29,9.18611,0,0,242785013301
40.379,24.7653,4.54545,69,61,61,1266,2800,0.480434,29,9.18611,0,0,242809778836
41.5453,24.0701,4.54545,69,61,61,1266,2800,0.480434,29,9.18611,0,0,242833850970
39.9431,25.0356,4.54545,69,61,61,1266,2800,0.480434,29,9.18611,0,0,242858884990
39.6469,25.2227,4.54545,69,61,61,1266,2800,0.480434,29,9.18611,0,0,242884108685
37.3078,26.8041,4.54545,69,61,61,1266,2800,0.480434,29,9.18611,0,0,242910914408
38.5896,25.9137,4.54545,69,61,61,1266,2800,0.480434,29,9.18611,0,0,242936827767
40.3263,24.7977,4.54545,69,61,61,1266,2800,0.480434,29,9.18611,0,0,242961625944
38.4694,25.9947,4.54545,69,61,61,1266,2800,0.480434,29,9.18611,0,0,242987621006
39.0236,25.6255,4.54545,69,61,61,1266,2800,0.480434,29,9.18611,0,0,243013246044
38.4362,26.0171,4.54545,69,61,61,1266,2800,0.480434,29,9.18611,0,0,243039263779
