os,cpu,gpu,ram,kernel,driver,cpuscheduler
Ubuntu 25.10,AMD Ryzen 7 255 w/ Radeon 780M Graphics,AMD Radeon 780M Graphics (RADV PHOENIX),32127200,6.17.0-23-generic,,performance
fps,frametime,cpu_load,gpu_load,cpu_temp,gpu_temp,gpu_core_clock,gpu_mem_clock,gpu_vram_used,gpu_power,ram_used,swap_used,process_rss,elapsed
39.3854,25.3901,7.38916,68,66,61,887,2800,0.480106,24,11.8122,0,0,205137707
39.0881,25.5832,7.38916,68,66,61,887,2800,0.480106,24,11.8122,0,0,230722787
39.1403,25.5491,7.38916,68,66,61,887,2800,0.480106,24,11.8122,0,0,256271899
37.5104,26.6593,7.38916,68,66,61,887,2800,0.480106,24,11.8122,0,0,282932286
40.1841,24.8855,7.38916,68,66,61,887,2800,0.480106,24,11.8122,0,0,307816982
38.7971,25.7751,7.38916,68,66,61,887,2800,0.480106,24,11.8122,0,0,333593491
37.1523,26.9162,7.38916,68,66,61,887,2800,0.480106,24,11.8122,0,0,360509096
39.0656,25.598,7.38916,68,66,61,887,2800,0.480106,24,11.8122,0,0,386107652
37.1196,26.9399,7.38916,68,66,61,887,2800,0.480106,24,11.8122,0,0,413048634
41.7087,23.9758,7.38916,68,66,61,887,2800,0.480106,24,11.8122,0,0,437023745
38.5142,25.9645,7.38916,68,66,61,887,2800,0.480106,24,11.8122,0,0,462989880
36.7779,27.1902,7.38916,68,66,61,887,2800,0.480106,24,11.8122,0,0,490178367
38.9346,25.6841,7.38916,68,66,61,887,2800,0.480106,24,11.8122,0,0,515864396
43.5454,22.9645,7.38916,68,66,61,887,2800,0.480106,24,11.8122,0,0,538828601
37.7978,26.4566,7.38916,68,66,61,887,2800,0.480106,24,11.8122,0,0,565286027
39.0058,25.6372,7.38916,68,66,61,887,2800,0.480106,24,11.8122,0,0,590921872
38.6294,25.887,7.38916,68,66,61,887,2800,0.480106,24,11.8122,0,0,616810892
38.3747,26.0589,7.38916,68,66,61,887,2800,0.480106,24,11.8122,0,0,642869590
40.1519,24.9054,7.38916,68,66,61,887,2800,0.480106,24,11.8122,0,0,667783632
35.7276,27.9895,6.28079,69,66,61,882,2800,0.480106,17,11.8157,0,0,695766869
41.9544,23.8354,6.28079,69,66,61,882,2800,0.480106,17,11.8157,0,0,719600554
37.5043,26.6636,6.28079,69,66,61,882,2800,0.480106,17,11.8157,0,0,746266121
39.9186,25.051,6.28079,69,66,61,882,2800,0.480106,17,11.8157,0,0,771358497
38.604,25.9041,6.28079,69,66,61,882,2800,0.480106,17,11.8157,0,0,797264168
38.561,25.9329,6.28079,69,66,61,882,2800,0.480106,17,11.8157,0,0,823196569
38.4,26.0417,6.28079,69,66,61,882,2800,0.480106,17,11.8157,0,0,849239848
40.9923,24.3948,6.28079,69,66,61,882,2800,0.480106,17,11.8157,0,0,873635187
38.445,26.0112,6.28079,69,66,61,882,2800,0.480106,17,11.8157,0,0,899646166
37.6989,26.526,6.28079,69,66,61,882,2800,0.480106,17,11.8157,0,0,926172361
40.7276,24.5534,6.28079,69,66,61,882,2800,0.480106,17,11.8157,0,0,950727409
35.8958,27.8584,6.28079,69,66,61,882,2800,0.480106,17,11.8157,0,0,978585642
41.9178,23.8562,6.28079,69,66,61,882,2800,0.480106,17,11.8157,0,0,1002440387
36.1089,27.694,6.28079,69,66,61,882,2800,0.480106,17,11.8157,0,0,1030136145
40.8842,24.4593,6.28079,69,66,61,882,2800,0.480106,17,11.8157,0,0,1054595063
37.3988,26.7388,6.28079,69,66,61,882,2800,0.480106,17,11.8157,0,0,1081335229
38.8519,25.7388,6.28079,69,66,61,882,2800,0.480106,17,11.8157,0,0,1107073356
40.0057,24.9964,6.28079,69,66,61,882,2800,0.480106,17,11.8157,0,0,1132071556
37.4033,26.7356,6.28079,69,66,61,882,2800,0.480106,17,11.8157,0,0,1158806913
40.5294,24.6735,6.28079,69,66,61,882,2800,0.480106,17,11.8157,0,0,1183484280
37.8303,26.4338,5.54187,69,65,60,874,2800,0.480106,20,11.8179,0,0,1209914856
38.4186,26.0291,5.54187,69,65,60,874,2800,0.480106,20,11.8179,0,0,1235944500
38.5202,25.9604,5.54187,69,65,60,874,2800,0.480106,20,11.8179,0,0,1261905354
41.1164,24.3212,5.54187,69,65,60,874,2800,0.480106,20,11.8179,0,0,1286225402
37.0585,26.9844,5.54187,69,65,60,874,2800,0.480106,20,11.8179,0,0,1313211529
40.2243,24.8606,5.54187,69,65,60,874,2800,0.480106,20,11.8179,0,0,1338073223
39.5469,25.2864,5.54187,69,65,60,874,2800,0.480106,20,11.8179,0,0,1363359342
39.0499,25.6083,5.54187,69,65,60,874,2800,0.480106,20,11.8179,0,0,1388968086
38.2127,26.1693,5.54187,69,65,60,874,2800,0.480106,20,11.8179,0,0,1415138043
38.1943,26.1819,5.54187,69,65,60,874,2800,0.480106,20,11.8179,0,0,1441318560
39.0762,25.591,5.54187,69,65,60,874,2800,0.480106,20,11.8179,0,0,1466911404
38.7016,25.8387,5.54187,69,65,60,874,2800,0.480106,20,11.8179,0,0,1492751272
39.2131,25.5017,5.54187,69,65,60,874,2800,0.480106,20,11.8179,0,0,1518252214
38.5803,25.9199,5.54187,69,65,60,874,2800,0.480106,20,11.8179,0,0,1544173074
40.3722,24.7695,5.54187,69,65,60,874,2800,0.480106,20,11.8179,0,0,1568943195
36.4576,27.4291,5.54187,69,65,60,874,2800,0.480106,20,11.8179,0,0,1596372073
40.656,24.5966,5.54187,69,65,60,874,2800,0.480106,20,11.8179,0,0,1620967437
36.885,27.1113,5.54187,69,65,60,874,2800,0.480106,20,11.8179,0,0,1648080693
40.391,24.758,5.54187,69,65,60,874,2800,0.480106,20,11.8179,0,0,1672837209
40.1654,24.897,5.54187,69,65,60,874,2800,0.480106,20,11.8179,0,0,1697741713
38.2242,26.1614,5.68603,69,64,61,881,2800,0.480106,23,11.8165,0,0,1723895850
39.1483,25.5439,5.68603,69,64,61,881,2800,0.480106,23,11.8165,0,0,1749441826
38.6888,25.8473,5.68603,69,64,61,881,2800,0.480106,23,11.8165,0,0,1775288146
39.0411,25.614,5.68603,69,64,61,881,2800,0.480106,23,11.8165,0,0,1800903884
38.4619,25.9997,5.68603,69,64,61,881,2800,0.480106,23,11.8165,0,0,1826902359
38.8093,25.767,5.68603,69,64,61,881,2800,0.480106,23,11.8165,0,0,1852671694
37.7811,26.4683,5.68603,69,64,61,881,2800,0.480106,23,11.8165,0,0,1879140562
40.5343,24.6704,5.68603,69,64,61,881,2800,0.480106,23,11.8165,0,0,1903809243
37.9485,26.3515,5.68603,69,64,61,881,2800,0.480106,23,11.8165,0,0,1930164618
38.5296,25.9541,5.68603,69,64,61,881,2800,0.480106,23,11.8165,0,0,1956116155
38.3507,26.0751,5.68603,69,64,61,881,2800,0.480106,23,11.8165,0,0,1982192626
40.5287,24.6739,5.68603,69,64,61,881,2800,0.480106,23,11.8165,0,0,2006865426
39.051,25.6075,5.68603,69,64,61,881,2800,0.480106,23,11.8165,0,0,2032475302
36.3815,27.4865,5.68603,69,64,61,881,2800,0.480106,23,11.8165,0,0,2059961126
38.9732,25.6587,5.68603,69,64,61,881,2800,0.480106,23,11.8165,0,0,2085620876
39.7647,25.1479,5.68603,69,64,61,881,2800,0.480106,23,11.8165,0,0,2110766923
39.8329,25.1049,5.68603,69,64,61,881,2800,0.480106,23,11.8165,0,0,2135874087
36.8793,27.1155,5.68603,69,64,61,881,2800,0.480106,23,11.8165,0,0,2162987984
40.0611,24.9618,5.68603,69,64,61,881,2800,0.480106,23,11.8165,0,0,2187951368
39.0488,25.609,5.68603,69,64,61,881,2800,0.480106,23,11.8165,0,0,2213566775
38.241,26.15,5.78106,69,67,62,865,2800,0.47765,15,11.8157,0,0,2239711995
38.4344,26.0183,5.78106,69,67,62,865,2800,0.47765,15,11.8157,0,0,2265730247
40.5944,24.634,5.78106,69,67,62,865,2800,0.47765,15,11.8157,0,0,2290364244
38.8966,25.7092,5.78106,69,67,62,865,2800,0.47765,15,11.8157,0,0,2316074078
38.5883,25.9146,5.78106,69,67,62,865,2800,0.47765,15,11.8157,0,0,2341988706
37.9884,26.3239,5.78106,69,67,62,865,2800,0.47765,15,11.8157,0,0,2368313363
40.1722,24.8928,5.78106,69,67,62,865,2800,0.47765,15,11.8157,0,0,2393206525
37.4456,26.7054,5.78106,69,67,62,865,2800,0.47765,15,11.8157,0,0,2419913599
38.1792,26.1923,5.78106,69,67,62,865,2800,0.47765,15,11.8157,0,0,2446105407
40.0707,24.9559,5.78106,69,67,62,865,2800,0.47765,15,11.8157,0,0,2471060485
37.5702,26.6168,5.78106,69,67,62,865,2800,0.47765,15,11.8157,0,0,2497679755
39.9389,25.0382,5.78106,69,67,62,865,2800,0.47765,15,11.8157,0,0,2522716196
39.1837,25.5208,5.78106,69,67,62,865,2800,0.47765,15,11.8157,0,0,2548238478
38.3954,26.0448,5.78106,69,67,62,865,2800,0.47765,15,11.8157,0,0,2574283310
39.7202,25.1761,5.78106,69,67,62,865,2800,0.47765,15,11.8157,0,0,2599460525
38.1671,26.2006,5.78106,69,67,62,865,2800,0.47765,15,11.8157,0,0,2625659677
39.7348,25.1669,5.78106,69,67,62,865,2800,0.47765,15,11.8157,0,0,2650828707
37.5605,26.6237,5.78106,69,67,62,865,2800,0.47765,15,11.8157,0,0,2677451232
37.9189,26.3721,5.78106,69,67,62,865,2800,0.47765,15,11.8157,0,0,2703824480
38.7078,25.8346,5.78106,69,67,62,865,2800,0.47765,15,11.8157,0,0,2729667263
39.9023,25.0612,6.14251,69,63,62,833,2800,0.476669,22,11.8109,0,0,2754719815
39.8917,25.0679,6.14251,69,63,62,833,2800,0.476669,22,11.8109,0,0,2779790009
39.1924,25.5151,6.14251,69,63,62,833,2800,0.476669,22,11.8109,0,0,2805303304
37.7211,26.5103,6.14251,69,63,62,833,2800,0.476669,22,11.8109,0,0,2831815463
39.9422,25.0362,6.14251,69,63,62,833,2800,0.476669,22,11.8109,0,0,2856852826
37.9837,26.3271,6.14251,69,63,62,833,2800,0.476669,22,11.8109,0,0,2883179747
39.3016,25.4443,6.14251,69,63,62,833,2800,0.476669,22,11.8109,0,0,2908622981
38.9367,25.6827,6.14251,69,63,62,833,2800,0.476669,22,11.8109,0,0,2934307527
38.7052,25.8363,6.14251,69,63,62,833,2800,0.476669,22,11.8109,0,0,2960143087
38.3467,26.0779,6.14251,69,63,62,833,2800,0.476669,22,11.8109,0,0,2986222334
40.69,24.5761,6.14251,69,63,62,833,2800,0.476669,22,11.8109,0,0,3010796468
36.5605,27.3519,6.14251,69,63,62,833,2800,0.476669,22,11.8109,0,0,3038148872
38.7894,25.7803,6.14251,69,63,62,833,2800,0.476669,22,11.8109,0,0,3063932364
40.3885,24.7595,6.14251,69,63,62,833,2800,0.476669,22,11.8109,0,0,3088689361
37.0041,27.024,6.14251,69,63,62,833,2800,0.476669,22,11.8109,0,0,3115714542
40.1906,24.8814,6.14251,69,63,62,833,2800,0.476669,22,11.8109,0,0,3140595351
38.7632,25.7977,6.14251,69,63,62,833,2800,0.476669,22,11.8109,0,0,3166395284
38.6418,25.8787,6.14251,69,63,62,833,2800,0.476669,22,11.8109,0,0,3192272642
40.6637,24.5919,6.14251,69,63,62,833,2800,0.476669,22,11.8109,0,0,3216865922
36.4803,27.412,6.14251,69,63,62,833,2800,0.476669,22,11.8109,0,0,3244280513
40.4382,24.7291,5.80247,69,66,60,872,2800,0.476669,13,11.8096,0,0,3269007283
36.7507,27.2104,5.80247,69,66,60,872,2800,0.476669,13,11.8096,0,0,3296219424
42.2622,23.6618,5.80247,69,66,60,872,2800,0.476669,13,11.8096,0,0,3319880967
37.3721,26.7579,5.80247,69,66,60,872,2800,0.476669,13,11.8096,0,0,3346639558
38.9375,25.6822,5.80247,69,66,60,872,2800,0.476669,13,11.8096,0,0,3372320468
37.5436,26.6357,5.80247,69,66,60,872,2800,0.476669,13,11.8096,0,0,3398957630
40.3908,24.7581,5.80247,69,66,60,872,2800,0.476669,13,11.8096,0,0,3423715389
38.3443,26.0795,5.80247,69,66,60,872,2800,0.476669,13,11.8096,0,0,3449796499
40.4784,24.7045,5.80247,69,66,60,872,2800,0.476669,13,11.8096,0,0,3474500827
38.2251,26.1608,5.80247,69,66,60,872,2800,0.476669,13,11.8096,0,0,3500661948
21.8514,45.7636,5.80247,69,66,60,872,2800,0.476669,13,11.8096,0,0,3546424306
46.2192,21.6361,5.80247,69,66,60,872,2800,0.476669,13,11.8096,0,0,3568062835
8.23393,121.449,5.80247,69,66,60,872,2800,0.476669,13,11.8096,0,0,3689509576
45.5591,21.9495,5.80247,69,66,60,872,2800,0.476669,13,11.8096,0,0,3711459549
32.4521,30.8147,5.80247,69,66,60,872,2800,0.476669,13,11.8096,0,0,3742277893
44.728,22.3573,5.80247,69,66,60,872,2800,0.476669,13,11.8096,0,0,3764639798
44.7733,22.3347,7.29927,69,63,61,800,2800,0.476669,21,11.8064,0,0,3786967029
37.4554,26.6984,7.29927,69,63,61,800,2800,0.476669,21,11.8064,0,0,3813667630
40.4514,24.721,7.29927,69,63,61,800,2800,0.476669,21,11.8064,0,0,3838388179
34.8073,28.7296,7.29927,69,63,61,800,2800,0.476669,21,11.8064,0,0,3867118517
43.1994,23.1485,7.29927,69,63,61,800,2800,0.476669,21,11.8064,0,0,3890265906
36.4977,27.399,7.29927,69,63,61,800,2800,0.476669,21,11.8064,0,0,3917666591
40.9999,24.3903,7.29927,69,63,61,800,2800,0.476669,21,11.8064,0,0,3942055107
38.3166,26.0983,7.29927,69,63,61,800,2800,0.476669,21,11.8064,0,0,3968155844
39.0666,25.5973,7.29927,69,63,61,800,2800,0.476669,21,11.8064,0,0,3993752075
37.2386,26.8538,7.29927,69,63,61,800,2800,0.476669,21,11.8064,0,0,4020607707
39.1109,25.5683,7.29927,69,63,61,800,2800,0.476669,21,11.8064,0,0,4046175805
39.4475,25.3502,7.29927,69,63,61,800,2800,0.476669,21,11.8064,0,0,4071525063
39.7309,25.1693,7.29927,69,63,61,800,2800,0.476669,21,11.8064,0,0,4096697399
38.2877,26.118,7.29927,69,63,61,800,2800,0.476669,21,11.8064,0,0,4122813345
39.1394,25.5497,7.29927,69,63,61,800,2800,0.476669,21,11.8064,0,0,4148365002
39.1367,25.5515,7.29927,69,63,61,800,2800,0.476669,21,11.8064,0,0,4173916048
37.7538,26.4874,7.29927,69,63,61,800,2800,0.476669,21,11.8064,0,0,4200404542
40.4074,24.748,7.29927,69,63,61,800,2800,0.476669,21,11.8064,0,0,4225151591
38.6814,25.8523,7.29927,69,63,61,800,2800,0.476669,21,11.8064,0,0,4251005966
36.9108,27.0924,7.29927,69,63,61,800,2800,0.476669,21,11.8064,0,0,4278102780
40.3721,24.7696,5.56931,66,64,60,843,2620,0.476669,17,11.8068,0,0,4302867352
39.1928,25.5149,5.56931,66,64,60,843,2620,0.476669,17,11.8068,0,0,4328383402
38.2566,26.1392,5.56931,66,64,60,843,2620,0.476669,17,11.8068,0,0,4354521169
15.3697,65.0632,5.56931,66,64,60,843,2620,0.476669,17,11.8068,0,0,4419584433
48.0529,20.8104,5.56931,66,64,60,843,2620,0.476669,17,11.8068,0,0,4440397794
43.5457,22.9644,5.56931,66,64,60,843,2620,0.476669,17,11.8068,0,0,4463362270
40.4506,24.7215,5.56931,66,64,60,843,2620,0.476669,17,11.8068,0,0,4488082267
36.4692,27.4204,5.56931,66,64,60,843,2620,0.476669,17,11.8068,0,0,4515504072
42.5256,23.5153,5.56931,66,64,60,843,2620,0.476669,17,11.8068,0,0,4539019550
37.7746,26.4728,5.56931,66,64,60,843,2620,0.476669,17,11.8068,0,0,4565491003
39.3587,25.4073,5.56931,66,64,60,843,2620,0.476669,17,11.8068,0,0,4590899031
37.0118,27.0184,5.56931,66,64,60,843,2620,0.476669,17,11.8068,0,0,4617918801
41.4031,24.1528,5.56931,66,64,60,843,2620,0.476669,17,11.8068,0,0,4642070573
38.0481,26.2825,5.56931,66,64,60,843,2620,0.476669,17,11.8068,0,0,4668354203
39.4472,25.3503,5.56931,66,64,60,843,2620,0.476669,17,11.8068,0,0,4693703741
38.4784,25.9886,5.56931,66,64,60,843,2620,0.476669,17,11.8068,0,0,4719693991
38.6617,25.8654,5.56931,66,64,60,843,2620,0.476669,17,11.8068,0,0,4745559737
40.135,24.9159,5.56931,66,64,60,843,2620,0.476669,17,11.8068,0,0,4770476324
36.9308,27.0777,5.56931,66,64,60,843,2620,0.476669,17,11.8068,0,0,4797557930
41.3362,24.1919,6.12745,66,67,61,883,2800,0.476669,22,11.7952,0,0,4821746862
37.4916,26.6726,6.12745,66,67,61,883,2800,0.476669,22,11.7952,0,0,4848417838
39.2159,25.4999,6.12745,66,67,61,883,2800,0.476669,22,11.7952,0,0,4873918550
37.7016,26.5241,6.12745,66,67,61,883,2800,0.476669,22,11.7952,0,0,4900443432
41.0472,24.3622,6.12745,66,67,61,883,2800,0.476669,22,11.7952,0,0,4924804256
37.1998,26.8819,6.12745,66,67,61,883,2800,0.476669,22,11.7952,0,0,4951687240
39.742,25.1623,6.12745,66,67,61,883,2800,0.476669,22,11.7952,0,0,4976850950
38.688,25.8478,6.12745,66,67,61,883,2800,0.476669,22,11.7952,0,0,5002699584
37.8499,26.4201,6.12745,66,67,61,883,2800,0.476669,22,11.7952,0,0,5029120993
41.2722,24.2294,6.12745,66,67,61,883,2800,0.476669,22,11.7952,0,0,5053348216
39.0751,25.5917,6.12745,66,67,61,883,2800,0.476669,22,11.7952,0,0,5078938997
37.8021,26.4536,6.12745,66,67,61,883,2800,0.476669,22,11.7952,0,0,5105393578
36.949,27.0643,6.12745,66,67,61,883,2800,0.476669,22,11.7952,0,0,5132459134
40.9288,24.4327,6.12745,66,67,61,883,2800,0.476669,22,11.7952,0,0,5156891833
38.5293,25.9543,6.12745,66,67,61,883,2800,0.476669,22,11.7952,0,0,5182847307
38.6831,25.8511,6.12745,66,67,61,883,2800,0.476669,22,11.7952,0,0,5208696923
38.4799,25.9876,6.12745,66,67,61,883,2800,0.476669,22,11.7952,0,0,5234686843
40.313,24.8059,6.12745,66,67,61,883,2800,0.476669,22,11.7952,0,0,5259491138
39.4278,25.3628,6.12745,66,67,61,883,2800,0.476669,22,11.7952,0,0,5284856206
38.0238,26.2993,6.12745,66,67,61,883,2800,0.476669,22,11.7952,0,0,5311157799
39.4533,25.3464,6.28853,67,68,61,880,2800,0.476669,16,11.8017,0,0,5336503190
39.2629,25.4694,6.28853,67,68,61,880,2800,0.476669,16,11.8017,0,0,5361969928
38.2335,26.1551,6.28853,67,68,61,880,2800,0.476669,16,11.8017,0,0,5388126730
37.1047,26.9508,6.28853,67,68,61,880,2800,0.476669,16,11.8017,0,0,5415078733
41.1364,24.3094,6.28853,67,68,61,880,2800,0.476669,16,11.8017,0,0,5439388592
37.5798,26.6101,6.28853,67,68,61,880,2800,0.476669,16,11.8017,0,0,5465998454
39.578,25.2666,6.28853,67,68,61,880,2800,0.476669,16,11.8017,0,0,5491264816
35.4241,28.2294,6.28853,67,68,61,880,2800,0.476669,16,11.8017,0,0,5519495387
42.16,23.7192,6.28853,67,68,61,880,2800,0.476669,16,11.8017,0,0,5543220940
39.7521,25.1559,6.28853,67,68,61,880,2800,0.476669,16,11.8017,0,0,5568371375
38.5325,25.9521,6.28853,67,68,61,880,2800,0.476669,16,11.8017,0,0,5594323002
40.1218,24.9241,6.28853,67,68,61,880,2800,0.476669,16,11.8017,0,0,5619247533
36.3415,27.5168,6.28853,67,68,61,880,2800,0.476669,16,11.8017,0,0,5646764847
40.0704,24.9561,6.28853,67,68,61,880,2800,0.476669,16,11.8017,0,0,5671719905
38.2859,26.1193,6.28853,67,68,61,880,2800,0.476669,16,11.8017,0,0,5697840479
39.4819,25.3281,6.28853,67,68,61,880,2800,0.476669,16,11.8017,0,0,5723169609
39.0567,25.6038,6.28853,67,68,61,880,2800,0.476669,16,11.8017,0,0,5748773665
34.1325,29.2976,6.28853,67,68,61,880,2800,0.476669,16,11.8017,0,0,5778071267
39.6785,25.2025,6.28853,67,68,61,880,2800,0.476669,16,11.8017,0,0,5803273259
40.2001,24.8756,6.28853,67,68,61,880,2800,0.476669,16,11.8017,0,0,5828154899
40.7864,24.518,11.344,68,64,65,928,2800,0.476669,21,11.8018,0,0,5852669331
39.5714,25.2708,11.344,68,64,65,928,2800,0.476669,21,11.8018,0,0,5877940683
39.6862,25.1977,11.344,68,64,65,928,2800,0.476669,21,11.8018,0,0,5903138076
37.6459,26.5633,11.344,68,64,65,928,2800,0.476669,21,11.8018,0,0,5929702903
39.1399,25.5494,11.344,68,64,65,928,2800,0.476669,21,11.8018,0,0,5955251274
37.4477,26.7039,11.344,68,64,65,928,2800,0.476669,21,11.8018,0,0,5981954241
41.3438,24.1874,11.344,68,64,65,928,2800,0.476669,21,11.8018,0,0,6006143042
36.5971,27.3246,11.344,68,64,65,928,2800,0.476669,21,11.8018,0,0,6033468797
42.0402,23.7867,11.344,68,64,65,928,2800,0.476669,21,11.8018,0,0,6057254402
36.229,27.6022,11.344,68,64,65,928,2800,0.476669,21,11.8018,0,0,6084857887
40.0454,24.9716,11.344,68,64,65,928,2800,0.476669,21,11.8018,0,0,6109829396
38.542,25.9457,11.344,68,64,65,928,2800,0.476669,21,11.8018,0,0,6135775574
38.5446,25.944,11.344,68,64,65,928,2800,0.476669,21,11.8018,0,0,6161720498
39.5908,25.2584,11.344,68,64,65,928,2800,0.476669,21,11.8018,0,0,6186977062
38.4918,25.9795,11.344,68,64,65,928,2800,0.476669,21,11.8018,0,0,6212959217
39.7326,25.1682,11.344,68,64,65,928,2800,0.476669,21,11.8018,0,0,6238126093
38.6504,25.873,11.344,68,64,65,928,2800,0.476669,21,11.8018,0,0,6264000786
39.8258,25.1094,11.344,68,64,65,928,2800,0.476669,21,11.8018,0,0,6289111716
36.0181,27.7638,11.344,68,64,65,928,2800,0.476669,21,11.8018,0,0,6316874200
41.1617,24.2944,11.344,68,64,65,928,2800,0.476669,21,11.8018,0,0,6341171465
38.9599,25.6674,6.41184,68,64,61,860,2800,0.476669,21,11.7997,0,0,6366837366
39.4216,25.3668,6.41184,68,64,61,860,2800,0.476669,21,11.7997,0,0,6392203385
37.5135,26.6571,6.41184,68,64,61,860,2800,0.476669,21,11.7997,0,0,6418862079
37.6,26.5957,6.41184,68,64,61,860,2800,0.476669,21,11.7997,0,0,6445457093
41.0772,24.3444,6.41184,68,64,61,860,2800,0.476669,21,11.7997,0,0,6469802828
37.7576,26.4847,6.41184,68,64,61,860,2800,0.476669,21,11.7997,0,0,6496286333
38.0598,26.2745,6.41184,68,64,61,860,2800,0.476669,21,11.7997,0,0,6522560956
38.4688,25.9951,6.41184,68,64,61,860,2800,0.476669,21,11.7997,0,0,6548557528
40.5733,24.6467,6.41184,68,64,61,860,2800,0.476669,21,11.7997,0,0,6573205831
37.2958,26.8127,6.41184,68,64,61,860,2800,0.476669,21,11.7997,0,0,6600018333
40.6119,24.6233,6.41184,68,64,61,860,2800,0.476669,21,11.7997,0,0,6624640096
36.8261,27.1546,6.41184,68,64,61,860,2800,0.476669,21,11.7997,0,0,6651796663
38.928,25.6885,6.41184,68,64,61,860,2800,0.476669,21,11.7997,0,0,6677484245
38.6618,25.8653,6.41184,68,64,61,860,2800,0.476669,21,11.7997,0,0,6703348739
40.615,24.6214,6.41184,68,64,61,860,2800,0.476669,21,11.7997,0,0,6727971044
38.9792,25.6547,6.41184,68,64,61,860,2800,0.476669,21,11.7997,0,0,6753627277
39.5602,25.2779,6.41184,68,64,61,860,2800,0.476669,21,11.7997,0,0,6778906684
38.9194,25.6941,6.41184,68,64,61,860,2800,0.476669,21,11.7997,0,0,6804598384
37.8651,26.4096,6.41184,68,64,61,860,2800,0.476669,21,11.7997,0,0,6831010304
39.9945,25.0034,6.41184,68,64,61,860,2800,0.476669,21,11.7997,0,0,6856020446
37.5645,26.6209,6.86275,69,68,61,884,2800,0.476669,19,11.7928,0,0,6882634887
39.1402,25.5492,6.86275,69,68,61,884,2800,0.476669,19,11.7928,0,0,6908183999
37.0846,26.9653,6.86275,69,68,61,884,2800,0.476669,19,11.7928,0,0,6935149738
39.1987,25.511,6.86275,69,68,61,884,2800,0.476669,19,11.7928,0,0,6960660218
38.5874,25.9152,6.86275,69,68,61,884,2800,0.476669,19,11.7928,0,0,6986577181
38.6824,25.8515,6.86275,69,68,61,884,2800,0.476669,19,11.7928,0,0,7012429752
39.4656,25.3385,6.86275,69,68,61,884,2800,0.476669,19,11.7928,0,0,7037767348
39.3111,25.4381,6.86275,69,68,61,884,2800,0.476669,19,11.7928,0,0,7063206184
38.8001,25.7731,6.86275,69,68,61,884,2800,0.476669,19,11.7928,0,0,7088978335
39.9329,25.042,6.86275,69,68,61,884,2800,0.476669,19,11.7928,0,0,7114021869
39.168,25.531,6.86275,69,68,61,884,2800,0.476669,19,11.7928,0,0,7139552747
38.4578,26.0025,6.86275,69,68,61,884,2800,0.476669,19,11.7928,0,0,7165556683
40.1337,24.9167,6.86275,69,68,61,884,2800,0.476669,19,11.7928,0,0,7190473720
37.6694,26.5468,6.86275,69,68,61,884,2800,0.476669,19,11.7928,0,0,7217020403
39.8389,25.1011,6.86275,69,68,61,884,2800,0.476669,19,11.7928,0,0,7242120393
37.8638,26.4104,6.86275,69,68,61,884,2800,0.476669,19,11.7928,0,0,7268532925
36.1035,27.6981,6.86275,69,68,61,884,2800,0.476669,19,11.7928,0,0,7296231639
43.2953,23.0972,6.86275,69,68,61,884,2800,0.476669,19,11.7928,0,0,7319329134
37.9046,26.3821,6.86275,69,68,61,884,2800,0.476669,19,11.7928,0,0,7345711880
39.5039,25.3139,6.86275,69,68,61,884,2800,0.476669,19,11.7928,0,0,7371026512
37.9358,26.3603,6.61765,69,64,62,900,2800,0.476669,24,11.7923,0,0,7397386305
39.9852,25.0092,6.61765,69,64,62,900,2800,0.476669,24,11.7923,0,0,7422394874
36.7688,27.197,6.61765,69,64,62,900,2800,0.476669,24,11.7923,0,0,7449592378
41.535,24.0761,6.61765,69,64,62,900,2800,0.476669,24,11.7923,0,0,7473670001
36.8607,27.1291,6.61765,69,64,62,900,2800,0.476669,24,11.7923,0,0,7500799377
39.3183,25.4334,6.61765,69,64,62,900,2800,0.476669,24,11.7923,0,0,7526231420
38.4162,26.0307,6.61765,69,64,62,900,2800,0.476669,24,11.7923,0,0,7552264290
40.4184,24.7412,6.61765,69,64,62,900,2800,0.476669,24,11.7923,0,0,7577003824
38.4854,25.9838,6.61765,69,64,62,900,2800,0.476669,24,11.7923,0,0,7602990106
37.8948,26.3889,6.61765,69,64,62,900,2800,0.476669,24,11.7923,0,0,7629379364
40.1806,24.8876,6.61765,69,64,62,900,2800,0.476669,24,11.7923,0,0,7654266305
37.4703,26.6878,6.61765,69,64,62,900,2800,0.476669,24,11.7923,0,0,7680954964
39.5378,25.2923,6.61765,69,64,62,900,2800,0.476669,24,11.7923,0,0,7706246374
38.209,26.1719,6.61765,69,64,62,900,2800,0.476669,24,11.7923,0,0,7732419466
40.0578,24.9639,6.61765,69,64,62,900,2800,0.476669,24,11.7923,0,0,7757384443
37.4342,26.7135,6.61765,69,64,62,900,2800,0.476669,24,11.7923,0,0,7784096998
39.8476,25.0956,6.61765,69,64,62,900,2800,0.476669,24,11.7923,0,0,7809193492
39.0916,25.5809,6.61765,69,64,62,900,2800,0.476669,24,11.7923,0,0,7834774664
37.9307,26.3639,6.61765,69,64,62,900,2800,0.476669,24,11.7923,0,0,7861137232
38.6612,25.8657,6.61765,69,64,62,900,2800,0.476669,24,11.7923,0,0,7887011615
39.8447,25.0974,6.36475,69,68,61,849,2800,0.476669,16,11.7904,0,0,7912103219
38.5555,25.9367,6.36475,69,68,61,849,2800,0.476669,16,11.7904,0,0,7938038887
39.3886,25.3881,6.36475,69,68,61,849,2800,0.476669,16,11.7904,0,0,7963429141
36.6322,27.2984,6.36475,69,68,61,849,2800,0.476669,16,11.7904,0,0,7990726663
38.9904,25.6474,6.36475,69,68,61,849,2800,0.476669,16,11.7904,0,0,8016374370
40.2413,24.8501,6.36475,69,68,61,849,2800,0.476669,16,11.7904,0,0,8041223670
38.0813,26.2596,6.36475,69,68,61,849,2800,0.476669,16,11.7904,0,0,8067482504
41.9201,23.8549,6.36475,69,68,61,849,2800,0.476669,16,11.7904,0,0,8091338822
37.2695,26.8316,6.36475,69,68,61,849,2800,0.476669,16,11.7904,0,0,8118171211
38.3851,26.0518,6.36475,69,68,61,849,2800,0.476669,16,11.7904,0,0,8144222184
39.8973,25.0644,6.36475,69,68,61,849,2800,0.476669,16,11.7904,0,0,8169287680
37.6251,26.578,6.36475,69,68,61,849,2800,0.476669,16,11.7904,0,0,8195866764
40.3949,24.7556,6.36475,69,68,61,849,2800,0.476669,16,11.7904,0,0,8220621657
36.2924,27.554,6.36475,69,68,61,849,2800,0.476669,16,11.7904,0,0,8248175549
40.2014,24.8747,6.36475,69,68,61,849,2800,0.476669,16,11.7904,0,0,8273049756
38.7773,25.7883,6.36475,69,68,61,849,2800,0.476669,16,11.7904,0,0,8298840371
39.575,25.2685,6.36475,69,68,61,849,2800,0.476669,16,11.7904,0,0,8324109379
36.8748,27.1188,6.36475,69,68,61,849,2800,0.476669,16,11.7904,0,0,8351226351
41.0126,24.3828,6.36475,69,68,61,849,2800,0.476669,16,11.7904,0,0,8375610930
38.7831,25.7844,6.36475,69,68,61,849,2800,0.476669,16,11.7904,0,0,8401401075
38.0632,26.2721,6.03448,69,63,61,867,2800,0.476669,23,11.7902,0,0,8427666751
38.7791,25.7871,6.03448,69,63,61,867,2800,0.476669,23,11.7902,0,0,8453456545
40.0703,24.9561,6.03448,69,63,61,867,2800,0.476669,23,11.7902,0,0,8478412325
37.7458,26.493,6.03448,69,63,61,867,2800,0.476669,23,11.7902,0,0,8504905097
39.4797,25.3295,6.03448,69,63,61,867,2800,0.476669,23,11.7902,0,0,8530237212
39.6365,25.2293,6.03448,69,63,61,867,2800,0.476669,23,11.7902,0,0,8555463980
38.3893,26.0489,6.03448,69,63,61,867,2800,0.476669,23,11.7902,0,0,8581515114
39.6323,25.2319,6.03448,69,63,61,867,2800,0.476669,23,11.7902,0,0,8606744988
36.5543,27.3565,6.03448,69,63,61,867,2800,0.476669,23,11.7902,0,0,8634103464
39.6449,25.2239,6.03448,69,63,61,867,2800,0.476669,23,11.7902,0,0,8659326114
38.8666,25.729,6.03448,69,63,61,867,2800,0.476669,23,11.7902,0,0,8685056897
39.1756,25.5261,6.03448,69,63,61,867,2800,0.476669,23,11.7902,0,0,8710583367
39.1048,25.5723,6.03448,69,63,61,867,2800,0.476669,23,11.7902,0,0,8736156715
38.5758,25.923,6.03448,69,63,61,867,2800,0.476669,23,11.7902,0,0,8762080340
38.8571,25.7353,6.03448,69,63,61,867,2800,0.476669,23,11.7902,0,0,8787816002
39.4909,25.3223,6.03448,69,63,61,867,2800,0.476669,23,11.7902,0,0,8813138670
38.5533,25.9381,6.03448,69,63,61,867,2800,0.476669,23,11.7902,0,0,8839076812
37.3455,26.777,6.03448,69,63,61,867,2800,0.476669,23,11.7902,0,0,8865868225
42.3032,23.6389,6.03448,69,63,61,867,2800,0.476669,23,11.7902,0,0,8889492007
36.3331,27.5231,6.03448,69,63,61,867,2800,0.476669,23,11.7902,0,0,8917022365
39.7336,25.1676,6.78175,69,67,61,879,2800,0.476665,15,11.7913,0,0,8942183289
38.8162,25.7625,6.78175,69,67,61,879,2800,0.476665,15,11.7913,0,0,8967947966
39.5251,25.3004,6.78175,69,67,61,879,2800,0.476665,15,11.7913,0,0,8993247681
36.501,27.3965,6.78175,69,67,61,879,2800,0.476665,15,11.7913,0,0,9020642545
41.4911,24.1016,6.78175,69,67,61,879,2800,0.476665,15,11.7913,0,0,9044745675
38.5449,25.9438,6.78175,69,67,61,879,2800,0.476665,15,11.7913,0,0,9070688486
38.8678,25.7282,6.78175,69,67,61,879,2800,0.476665,15,11.7913,0,0,9096419600
38.8804,25.7199,6.78175,69,67,61,879,2800,0.476665,15,11.7913,0,0,9122138411
38.1478,26.2138,6.78175,69,67,61,879,2800,0.476665,15,11.7913,0,0,9148351989
38.741,25.8124,6.78175,69,67,61,879,2800,0.476665,15,11.7913,0,0,9174164746
36.5978,27.324,6.78175,69,67,61,879,2800,0.476665,15,11.7913,0,0,9201488026
40.8033,24.5078,6.78175,69,67,61,879,2800,0.476665,15,11.7913,0,0,9225996106
37.1296,26.9327,6.78175,69,67,61,879,2800,0.476665,15,11.7913,0,0,9252930657
39.9678,25.0202,6.78175,69,67,61,879,2800,0.476665,15,11.7913,0,0,9277949715
39.2635,25.4689,6.78175,69,67,61,879,2800,0.476665,15,11.7913,0,0,9303421072
40.3132,24.8057,6.78175,69,67,61,879,2800,0.476665,15,11.7913,0,0,9328227211
37.5814,26.6089,6.78175,69,67,61,879,2800,0.476665,15,11.7913,0,0,9354834408
41.336,24.192,6.78175,69,67,61,879,2800,0.476665,15,11.7913,0,0,9379028499
38.1257,26.229,6.78175,69,67,61,879,2800,0.476665,15,11.7913,0,0,9405256124
37.803,26.4529,6.78175,69,67,61,879,2800,0.476665,15,11.7913,0,0,9431717688
39.9904,25.006,7.03704,69,63,61,886,2800,0.480095,23,11.7958,0,0,9456715958
38.4377,26.0161,7.03704,69,63,61,886,2800,0.480095,23,11.7958,0,0,9482734931
38.3496,26.0759,7.03704,69,63,61,886,2800,0.480095,23,11.7958,0,0,9508808657
38.3925,26.0468,7.03704,69,63,61,886,2800,0.480095,23,11.7958,0,0,9534856866
39.6185,25.2407,7.03704,69,63,61,886,2800,0.480095,23,11.7958,0,0,9560097149
38.8087,25.7674,7.03704,69,63,61,886,2800,0.480095,23,11.7958,0,0,9585866304
39.2752,25.4614,7.03704,69,63,61,886,2800,0.480095,23,11.7958,0,0,9611327933
37.0153,27.0158,7.03704,69,63,61,886,2800,0.480095,23,11.7958,0,0,9638342243
40.6592,24.5947,7.03704,69,63,61,886,2800,0.480095,23,11.7958,0,0,9662936485
38.3685,26.063,7.03704,69,63,61,886,2800,0.480095,23,11.7958,0,0,9689000523
37.9495,26.3508,7.03704,69,63,61,886,2800,0.480095,23,11.7958,0,0,9715352962
39.1945,25.5138,7.03704,69,63,61,886,2800,0.480095,23,11.7958,0,0,9740866718
36.5356,27.3705,7.03704,69,63,61,886,2800,0.480095,23,11.7958,0,0,9768237778
43.2481,23.1224,7.03704,69,63,61,886,2800,0.480095,23,11.7958,0,0,9791360360
37.249,26.8463,7.03704,69,63,61,886,2800,0.480095,23,11.7958,0,0,9818208418
39.2794,25.4586,7.03704,69,63,61,886,2800,0.480095,23,11.7958,0,0,9843665648
38.1762,26.1943,7.03704,69,63,61,886,2800,0.480095,23,11.7958,0,0,9869861724
39.4604,25.3419,7.03704,69,63,61,886,2800,0.480095,23,11.7958,0,0,9895204530
38.3762,26.0578,7.03704,69,63,61,886,2800,0.480095,23,11.7958,0,0,9921260713
40.0885,24.9448,7.03704,69,63,61,886,2800,0.480095,23,11.7958,0,0,9946212536
38.2956,26.1126,7.13407,69,66,61,876,2800,0.480091,17,11.7939,0,0,9972319494
39.9712,25.018,7.13407,69,66,61,876,2800,0.480091,17,11.7939,0,0,9997339685
38.7577,25.8013,7.13407,69,66,61,876,2800,0.480091,17,11.7939,0,0,10023140930
37.0888,26.9623,7.13407,69,66,61,876,2800,0.480091,17,11.7939,0,0,10050103754
39.1673,25.5315,7.13407,69,66,61,876,2800,0.480091,17,11.7939,0,0,10075636255
38.1802,26.1916,7.13407,69,66,61,876,2800,0.480091,17,11.7939,0,0,10101827291
40.8133,24.5018,7.13407,69,66,61,876,2800,0.480091,17,11.7939,0,0,10126329391
37.1149,26.9434,7.13407,69,66,61,876,2800,0.480091,17,11.7939,0,0,10153273930
41.7377,23.9592,7.13407,69,66,61,876,2800,0.480091,17,11.7939,0,0,10177231107
36.579,27.3381,7.13407,69,66,61,876,2800,0.480091,17,11.7939,0,0,10204572170
38.8273,25.755,7.13407,69,66,61,876,2800,0.480091,17,11.7939,0,0,10230326107
38.9678,25.6622,7.13407,69,66,61,876,2800,0.480091,17,11.7939,0,0,10255989413
38.603,25.9047,7.13407,69,66,61,876,2800,0.480091,17,11.7939,0,0,10281894684
40.227,24.8589,7.13407,69,66,61,876,2800,0.480091,17,11.7939,0,0,10306752390
38.5144,25.9643,7.13407,69,66,61,876,2800,0.480091,17,11.7939,0,0,10332718174
39.2739,25.4622,7.13407,69,66,61,876,2800,0.480091,17,11.7939,0,0,10358180423
37.0198,27.0126,7.13407,69,66,61,876,2800,0.480091,17,11.7939,0,0,10385194333
40.8758,24.4643,7.13407,69,66,61,876,2800,0.480091,17,11.7939,0,0,10409657589
36.7211,27.2323,7.13407,69,66,61,876,2800,0.480091,17,11.7939,0,0,10436891150
40.1859,24.8844,7.13407,69,66,61,876,2800,0.480091,17,11.7939,0,0,10461776027
39.1669,25.5317,4.67405,69,67,60,853,2800,0.480091,15,11.7953,0,0,10487306855
40.2508,24.8442,4.67405,69,67,60,853,2800,0.480091,15,11.7953,0,0,10512152799
37.7834,26.4666,4.67405,69,67,60,853,2800,0.480091,15,11.7953,0,0,10538619683
38.3406,26.082,4.67405,69,67,60,853,2800,0.480091,15,11.7953,0,0,10564700432
39.8414,25.0995,4.67405,69,67,60,853,2800,0.480091,15,11.7953,0,0,10589801124
38.3503,26.0754,4.67405,69,67,60,853,2800,0.480091,15,11.7953,0,0,10615877776
40.0852,24.9468,4.67405,69,67,60,853,2800,0.480091,15,11.7953,0,0,10640823326
36.9426,27.069,4.67405,69,67,60,853,2800,0.480091,15,11.7953,0,0,10667892680
39.2324,25.4891,4.67405,69,67,60,853,2800,0.480091,15,11.7953,0,0,10693381409
38.9334,25.6849,4.67405,69,67,60,853,2800,0.480091,15,11.7953,0,0,10719068210
39.8589,25.0885,4.67405,69,67,60,853,2800,0.480091,15,11.7953,0,0,10744155216
37.6683,26.5475,4.67405,69,67,60,853,2800,0.480091,15,11.7953,0,0,10770704975
39.2305,25.4904,4.67405,69,67,60,853,2800,0.480091,15,11.7953,0,0,10796195497
40.2124,24.868,4.67405,69,67,60,853,2800,0.480091,15,11.7953,0,0,10821062972
37.5211,26.6517,4.67405,69,67,60,853,2800,0.480091,15,11.7953,0,0,10847715383
40.0111,24.9931,4.67405,69,67,60,853,2800,0.480091,15,11.7953,0,0,10872708122
38.5714,25.9259,4.67405,69,67,60,853,2800,0.480091,15,11.7953,0,0,10898635073
38.6662,25.8624,4.67405,69,67,60,853,2800,0.480091,15,11.7953,0,0,10924496201
38.7327,25.818,4.67405,69,67,60,853,2800,0.480091,15,11.7953,0,0,10950315911
38.6269,25.8887,4.67405,69,67,60,853,2800,0.480091,15,11.7953,0,0,10976206324
39.87,25.0815,4.67405,69,63,59,800,2800,0.480095,21,11.7941,0,0,11001286507
38.6486,25.8741,4.67405,69,63,59,800,2800,0.480095,21,11.7941,0,0,11027160068
35.5417,28.1359,4.67405,69,63,59,800,2800,0.480095,21,11.7941,0,0,11055297204
41.1529,24.2996,4.67405,69,63,59,800,2800,0.480095,21,11.7941,0,0,11079596933
41.2594,24.2369,4.67405,69,63,59,800,2800,0.480095,21,11.7941,0,0,11103832763
37.1186,26.9407,4.67405,69,63,59,800,2800,0.480095,21,11.7941,0,0,11130775358
38.9913,25.6468,4.67405,69,63,59,800,2800,0.480095,21,11.7941,0,0,11156420962
38.0849,26.2571,4.67405,69,63,59,800,2800,0.480095,21,11.7941,0,0,11182679906
40.7969,24.5117,4.67405,69,63,59,800,2800,0.480095,21,11.7941,0,0,11207191212
39.0027,25.6393,4.67405,69,63,59,800,2800,0.480095,21,11.7941,0,0,11232831846
39.528,25.2985,4.67405,69,63,59,800,2800,0.480095,21,11.7941,0,0,11258128535
37.408,26.7323,4.67405,69,63,59,800,2800,0.480095,21,11.7941,0,0,11284863111
38.528,25.9551,4.67405,69,63,59,800,2800,0.480095,21,11.7941,0,0,11310818475
39.4391,25.3555,4.67405,69,63,59,800,2800,0.480095,21,11.7941,0,0,11336174576
38.3577,26.0704,4.67405,69,63,59,800,2800,0.480095,21,11.7941,0,0,11362244856
38.9639,25.6648,4.67405,69,63,59,800,2800,0.480095,21,11.7941,0,0,11387909054
38.177,26.1938,4.67405,69,63,59,800,2800,0.480095,21,11.7941,0,0,11414104969
40.6788,24.5828,4.67405,69,63,59,800,2800,0.480095,21,11.7941,0,0,11438687479
37.809,26.4487,4.67405,69,63,59,800,2800,0.480095,21,11.7941,0,0,11465136459
39.3748,25.397,4.67405,69,63,59,800,2800,0.480095,21,11.7941,0,0,11490536853
38.8746,25.7237,3.07882,69,64,58,800,2800,0.480095,10,11.7941,0,0,11516257657
39.4085,25.3752,3.07882,69,64,58,800,2800,0.480095,10,11.7941,0,0,11541633044
37.5151,26.656,3.07882,69,64,58,800,2800,0.480095,10,11.7941,0,0,11568289233
38.8597,25.7336,3.07882,69,64,58,800,2800,0.480095,10,11.7941,0,0,11594023753
39.1343,25.5531,3.07882,69,64,58,800,2800,0.480095,10,11.7941,0,0,11619576172
38.7739,25.7905,3.07882,69,64,58,800,2800,0.480095,10,11.7941,0,0,11645367579
39.7096,25.1828,3.07882,69,64,58,800,2800,0.480095,10,11.7941,0,0,11670550304
38.7614,25.7989,3.07882,69,64,58,800,2800,0.480095,10,11.7941,0,0,11696350187
39.2123,25.5022,3.07882,69,64,58,800,2800,0.480095,10,11.7941,0,0,11721851530
37.1463,26.9206,3.07882,69,64,58,800,2800,0.480095,10,11.7941,0,0,11748773747
38.9528,25.6721,3.07882,69,64,58,800,2800,0.480095,10,11.7941,0,0,11774444849
39.525,25.3005,3.07882,69,64,58,800,2800,0.480095,10,11.7941,0,0,11799746848
39.3091,25.4394,3.07882,69,64,58,800,2800,0.480095,10,11.7941,0,0,11825185794
38.4802,25.9874,3.07882,69,64,58,800,2800,0.480095,10,11.7941,0,0,11851173779
39.2342,25.488,3.07882,69,64,58,800,2800,0.480095,10,11.7941,0,0,11876660925
39.0518,25.607,3.07882,69,64,58,800,2800,0.480095,10,11.7941,0,0,11902269870
37.2538,26.8429,3.07882,69,64,58,800,2800,0.480095,10,11.7941,0,0,11929113150
39.8497,25.0943,3.07882,69,64,58,800,2800,0.480095,10,11.7941,0,0,11954206798
38.2507,26.1433,3.07882,69,64,58,800,2800,0.480095,10,11.7941,0,0,11980352519
39.7671,25.1464,3.07882,69,64,58,800,2800,0.480095,10,11.7941,0,0,12005503305
39.2081,25.5049,3.1941,67,60,58,800,2800,0.477638,17,11.7836,0,0,12031003876
38.0624,26.2726,3.1941,67,60,58,800,2800,0.477638,17,11.7836,0,0,12057275995
39.2708,25.4642,3.1941,67,60,58,800,2800,0.477638,17,11.7836,0,0,12082742332
38.9391,25.6811,3.1941,67,60,58,800,2800,0.477638,17,11.7836,0,0,12108420757
38.8049,25.77,3.1941,67,60,58,800,2800,0.477638,17,11.7836,0,0,12134193268
39.0542,25.6055,3.1941,67,60,58,800,2800,0.477638,17,11.7836,0,0,12159797755
38.4114,26.034,3.1941,67,60,58,800,2800,0.477638,17,11.7836,0,0,12185832929
38.5308,25.9533,3.1941,67,60,58,800,2800,0.477638,17,11.7836,0,0,12211786941
39.562,25.2768,3.1941,67,60,58,800,2800,0.477638,17,11.7836,0,0,12237063061
38.8328,25.7514,3.1941,67,60,58,800,2800,0.477638,17,11.7836,0,0,12262816317
38.9525,25.6723,3.1941,67,60,58,800,2800,0.477638,17,11.7836,0,0,12288486316
36.7046,27.2445,3.1941,67,60,58,800,2800,0.477638,17,11.7836,0,0,12315732381
40.5725,24.6473,3.1941,67,60,58,800,2800,0.477638,17,11.7836,0,0,12340379802
38.1178,26.2345,3.1941,67,60,58,800,2800,0.477638,17,11.7836,0,0,12366615683
39.256,25.4738,3.1941,67,60,58,800,2800,0.477638,17,11.7836,0,0,12392089364
39.0381,25.616,3.1941,67,60,58,800,2800,0.477638,17,11.7836,0,0,12417705772
38.7521,25.805,3.1941,67,60,58,800,2800,0.477638,17,11.7836,0,0,12443510534
38.7362,25.8157,3.1941,67,60,58,800,2800,0.477638,17,11.7836,0,0,12469327720
38.9069,25.7024,3.1941,67,60,58,800,2800,0.477638,17,11.7836,0,0,12495030801
39.1205,25.562,3.1941,67,60,58,800,2800,0.477638,17,11.7836,0,0,12520595112
38.9589,25.668,3.30882,66,62,58,800,2800,0.477638,8,11.7822,0,0,12546260703
39.6465,25.2229,3.30882,66,62,58,800,2800,0.477638,8,11.7822,0,0,12571484365
37.5738,26.6143,3.30882,66,62,58,800,2800,0.477638,8,11.7822,0,0,12598100258
39.507,25.312,3.30882,66,62,58,800,2800,0.477638,8,11.7822,0,0,12623410052
39.2764,25.4606,3.30882,66,62,58,800,2800,0.477638,8,11.7822,0,0,12648872221
37.9452,26.3538,3.30882,66,62,58,800,2800,0.477638,8,11.7822,0,0,12675225883
39.1284,25.5569,3.30882,66,62,58,800,2800,0.477638,8,11.7822,0,0,12700784884
38.4062,26.0374,3.30882,66,62,58,800,2800,0.477638,8,11.7822,0,0,12726821230
38.3594,26.0692,3.30882,66,62,58,800,2800,0.477638,8,11.7822,0,0,12752890598
38.8742,25.724,3.30882,66,62,58,800,2800,0.477638,8,11.7822,0,0,12778615490
38.9672,25.6626,3.30882,66,62,58,800,2800,0.477638,8,11.7822,0,0,12804277034
38.5769,25.9223,3.30882,66,62,58,800,2800,0.477638,8,11.7822,0,0,12830201199
39.2342,25.4879,3.30882,66,62,58,800,2800,0.477638,8,11.7822,0,0,12855688867
37.4308,26.716,3.30882,66,62,58,800,2800,0.477638,8,11.7822,0,0,12882405980
40.3811,24.764,3.30882,66,62,58,800,2800,0.477638,8,11.7822,0,0,12907168006
38.1001,26.2467,3.30882,66,62,58,800,2800,0.477638,8,11.7822,0,0,12933416610
40.655,24.5972,3.30882,66,62,58,800,2800,0.477638,8,11.7822,0,0,12958013046
36.6243,27.3043,3.30882,66,62,58,800,2800,0.477638,8,11.7822,0,0,12985318733
40.4204,24.74,3.30882,66,62,58,800,2800,0.477638,8,11.7822,0,0,13010058397
38.186,26.1876,3.30882,66,62,58,800,2800,0.477638,8,11.7822,0,0,13036252029
38.7356,25.8161,3.43137,65,59,58,800,2800,0.477638,13,11.7776,0,0,13062063704
39.2772,25.4601,3.43137,65,59,58,800,2800,0.477638,13,11.7776,0,0,13087522617
38.6512,25.8724,3.43137,65,59,58,800,2800,0.477638,13,11.7776,0,0,13113396198
38.6925,25.8448,3.43137,65,59,58,800,2800,0.477638,13,11.7776,0,0,13139240825
38.9135,25.698,3.43137,65,59,58,800,2800,0.477638,13,11.7776,0,0,13164940590
39.111,25.5683,3.43137,65,59,58,800,2800,0.477638,13,11.7776,0,0,13190507856
38.8143,25.7637,3.43137,65,59,58,800,2800,0.477638,13,11.7776,0,0,13216273535
39.0771,25.5905,3.43137,65,59,58,800,2800,0.477638,13,11.7776,0,0,13241862181
39.7262,25.1723,3.43137,65,59,58,800,2800,0.477638,13,11.7776,0,0,13267037423
36.7914,27.1803,3.43137,65,59,58,800,2800,0.477638,13,11.7776,0,0,13294215590
40.1546,24.9037,3.43137,65,59,58,800,2800,0.477638,13,11.7776,0,0,13319120435
38.3336,26.0868,3.43137,65,59,58,800,2800,0.477638,13,11.7776,0,0,13345207155
39.042,25.6135,3.43137,65,59,58,800,2800,0.477638,13,11.7776,0,0,13370821540
38.3756,26.0582,3.43137,65,59,58,800,2800,0.477638,13,11.7776,0,0,13396880679
40.6093,24.6249,3.43137,65,59,58,800,2800,0.477638,13,11.7776,0,0,13421505378
37.5144,26.6564,3.43137,65,59,58,800,2800,0.477638,13,11.7776,0,0,13448162679
39.3926,25.3855,3.43137,65,59,58,800,2800,0.477638,13,11.7776,0,0,13473557713
38.4333,26.0191,3.43137,65,59,58,800,2800,0.477638,13,11.7776,0,0,13499567930
39.2152,25.5003,3.43137,65,59,58,800,2800,0.477638,13,11.7776,0,0,13525067099
37.4438,26.7067,3.43137,65,59,58,800,2800,0.477638,13,11.7776,0,0,13551780114
40.3694,24.7712,3.30882,65,59,58,800,2800,0.477638,13,11.7776,0,0,13576545967
38.9113,25.6995,3.30882,65,59,58,800,2800,0.477638,13,11.7776,0,0,13602246835
39.0393,25.6152,3.30882,65,59,58,800,2800,0.477638,13,11.7776,0,0,13627862802
39.3232,25.4303,3.30882,65,59,58,800,2800,0.477638,13,11.7776,0,0,13653291529
37.4225,26.7219,3.30882,65,59,58,800,2800,0.477638,13,11.7776,0,0,13680014884
39.295,25.4485,3.30882,65,59,58,800,2800,0.477638,13,11.7776,0,0,13705462145
39.0085,25.6355,3.30882,65,59,58,800,2800,0.477638,13,11.7776,0,0,13731099614
39.0004,25.6408,3.30882,65,59,58,800,2800,0.477638,13,11.7776,0,0,13756740498
38.9177,25.6953,3.30882,65,59,58,800,2800,0.477638,13,11.7776,0,0,13782436847
39.3592,25.407,3.30882,65,59,58,800,2800,0.477638,13,11.7776,0,0,13807842560
39.0525,25.6065,3.30882,65,59,58,800,2800,0.477638,13,11.7776,0,0,13833450002
37.6222,26.5801,3.30882,65,59,58,800,2800,0.477638,13,11.7776,0,0,13860029908
38.685,25.8498,3.30882,65,59,58,800,2800,0.477638,13,11.7776,0,0,13885881528
39.1242,25.5596,3.30882,65,59,58,800,2800,0.477638,13,11.7776,0,0,13911440819
39.0817,25.5874,3.30882,65,59,58,800,2800,0.477638,13,11.7776,0,0,13937027572
38.6795,25.8535,3.30882,65,59,58,800,2800,0.477638,13,11.7776,0,0,13962882198
39.414,25.3717,3.30882,65,59,58,800,2800,0.477638,13,11.7776,0,0,13988253737
39.1241,25.5597,3.30882,65,59,58,800,2800,0.477638,13,11.7776,0,0,14013814943
37.8159,26.4439,3.30882,65,59,58,800,2800,0.477638,13,11.7776,0,0,14040257871
38.9304,25.6869,3.30882,65,59,58,800,2800,0.477638,13,11.7776,0,0,14065951154
39.3867,25.3893,3.31288,64,61,57,800,2800,0.477638,10,11.7744,0,0,14091335127
38.6736,25.8574,3.31288,64,61,57,800,2800,0.477638,10,11.7744,0,0,14117193359
39.2601,25.4711,3.31288,64,61,57,800,2800,0.477638,10,11.7744,0,0,14142663764
38.2644,26.134,3.31288,64,61,57,800,2800,0.477638,10,11.7744,0,0,14168798956
39.1112,25.5681,3.31288,64,61,57,800,2800,0.477638,10,11.7744,0,0,14194366823
39.2549,25.4745,3.31288,64,61,57,800,2800,0.477638,10,11.7744,0,0,14219842699
37.3037,26.807,3.31288,64,61,57,800,2800,0.477638,10,11.7744,0,0,14246650862
39.3862,25.3896,3.31288,64,61,57,800,2800,0.477638,10,11.7744,0,0,14272039945
38.9793,25.6546,3.31288,64,61,57,800,2800,0.477638,10,11.7744,0,0,14297695687
38.7479,25.8079,3.31288,64,61,57,800,2800,0.477638,10,11.7744,0,0,14323501832
38.7973,25.775,3.31288,64,61,57,800,2800,0.477638,10,11.7744,0,0,14349279402
39.0339,25.6188,3.31288,64,61,57,800,2800,0.477638,10,11.7744,0,0,14374896192
39.0113,25.6336,3.31288,64,61,57,800,2800,0.477638,10,11.7744,0,0,14400531727
39.0043,25.6382,3.31288,64,61,57,800,2800,0.477638,10,11.7744,0,0,14426168964
38.3503,26.0754,3.31288,64,61,57,800,2800,0.477638,10,11.7744,0,0,14452245776
38.8764,25.7226,3.31288,64,61,57,800,2800,0.477638,10,11.7744,0,0,14477968955
38.9257,25.6899,3.31288,64,61,57,800,2800,0.477638,10,11.7744,0,0,14503658431
38.2616,26.1359,3.31288,64,61,57,800,2800,0.477638,10,11.7744,0,0,14529795486
39.4578,25.3435,3.31288,64,61,57,800,2800,0.477638,10,11.7744,0,0,14555137961
38.7848,25.7833,3.31288,64,61,57,800,2800,0.477638,10,11.7744,0,0,14580926663
39.0794,25.5889,4.01949,64,58,57,800,2800,0.476658,18,11.7742,0,0,14606512124
39.0057,25.6373,4.01949,64,58,57,800,2800,0.476658,18,11.7742,0,0,14632150253
39.5965,25.2548,4.01949,64,58,57,800,2800,0.476658,18,11.7742,0,0,14657404132
37.0042,27.024,4.01949,64,58,57,800,2800,0.476658,18,11.7742,0,0,14684430134
41.1268,24.3151,4.01949,64,58,57,800,2800,0.476658,18,11.7742,0,0,14708743199
37.551,26.6305,4.01949,64,58,57,800,2800,0.476658,18,11.7742,0,0,14735376214
38.7599,25.7999,4.01949,64,58,57,800,2800,0.476658,18,11.7742,0,0,14761176357
38.3002,26.1095,4.01949,64,58,57,800,2800,0.476658,18,11.7742,0,0,14787285490
39.0609,25.601,4.01949,64,58,57,800,2800,0.476658,18,11.7742,0,0,14812887401
38.8193,25.7604,4.01949,64,58,57,800,2800,0.476658,18,11.7742,0,0,14838646197
38.5991,25.9074,4.01949,64,58,57,800,2800,0.476658,18,11.7742,0,0,14864554814
39.2077,25.5052,4.01949,64,58,57,800,2800,0.476658,18,11.7742,0,0,14890059192
38.8343,25.7505,4.01949,64,58,57,800,2800,0.476658,18,11.7742,0,0,14915811025
39.3649,25.4033,4.01949,64,58,57,800,2800,0.476658,18,11.7742,0,0,14941214655
38.3329,26.0873,4.01949,64,58,57,800,2800,0.476658,18,11.7742,0,0,14967303219
38.6725,25.8582,4.01949,64,58,57,800,2800,0.476658,18,11.7742,0,0,14993159928
38.8466,25.7423,4.01949,64,58,57,800,2800,0.476658,18,11.7742,0,0,15018904067
38.2435,26.1482,4.01949,64,58,57,800,2800,0.476658,18,11.7742,0,0,15045052182
40.4776,24.705,4.01949,64,58,57,800,2800,0.476658,18,11.7742,0,0,15069756711
38.2949,26.1131,4.01949,64,58,57,800,2800,0.476658,18,11.7742,0,0,15095876233
39.3666,25.4022,4.25791,64,63,58,800,2800,0.476658,8,11.7698,0,0,15121273361
38.7627,25.798,4.25791,64,63,58,800,2800,0.476658,8,11.7698,0,0,15147072352
39.4405,25.3546,4.25791,64,63,58,800,2800,0.476658,8,11.7698,0,0,15172426148
37.4559,26.6981,4.25791,64,63,58,800,2800,0.476658,8,11.7698,0,0,15199125367
39.223,25.4952,4.25791,64,63,58,800,2800,0.476658,8,11.7698,0,0,15224628504
38.8865,25.7159,4.25791,64,63,58,800,2800,0.476658,8,11.7698,0,0,15250337416
38.3857,26.0514,4.25791,64,63,58,800,2800,0.476658,8,11.7698,0,0,15276388760
38.8117,25.7655,4.25791,64,63,58,800,2800,0.476658,8,11.7698,0,0,15302154329
38.4903,25.9806,4.25791,64,63,58,800,2800,0.476658,8,11.7698,0,0,15328135391
39.1365,25.5516,4.25791,64,63,58,800,2800,0.476658,8,11.7698,0,0,15353686377
38.6852,25.8496,4.25791,64,63,58,800,2800,0.476658,8,11.7698,0,0,15379537646
38.6994,25.8402,4.25791,64,63,58,800,2800,0.476658,8,11.7698,0,0,15405377624
38.9318,25.6859,4.25791,64,63,58,800,2800,0.476658,8,11.7698,0,0,15431064656
39.4435,25.3527,4.25791,64,63,58,800,2800,0.476658,8,11.7698,0,0,15456417149
39.0122,25.633,4.25791,64,63,58,800,2800,0.476658,8,11.7698,0,0,15482050570
39.5883,25.26,4.25791,64,63,58,800,2800,0.476658,8,11.7698,0,0,15507310320
37.5748,26.6136,4.25791,64,63,58,800,2800,0.476658,8,11.7698,0,0,15533925672
39.4265,25.3636,4.25791,64,63,58,800,2800,0.476658,8,11.7698,0,0,15559288956
39.159,25.5369,4.25791,64,63,58,800,2800,0.476658,8,11.7698,0,0,15584826567
39.2946,25.4488,4.25791,64,63,58,800,2800,0.476658,8,11.7698,0,0,15610276774
37.7867,26.4644,3.9072,64,58,57,800,2800,0.476658,16,11.77,0,0,15636740502
38.9293,25.6876,3.9072,64,58,57,800,2800,0.476658,16,11.77,0,0,15662429206
39.1113,25.568,3.9072,64,58,57,800,2800,0.476658,16,11.77,0,0,15687995861
38.7304,25.8195,3.9072,64,58,57,800,2800,0.476658,16,11.77,0,0,15713816223
38.8886,25.7145,3.9072,64,58,57,800,2800,0.476658,16,11.77,0,0,15739530655
38.3684,26.0631,3.9072,64,58,57,800,2800,0.476658,16,11.77,0,0,15765594994
38.8988,25.7077,3.9072,64,58,57,800,2800,0.476658,16,11.77,0,0,15791301932
38.1735,26.1962,3.9072,64,58,57,800,2800,0.476658,16,11.77,0,0,15817499200
40.3115,24.8068,3.9072,64,58,57,800,2800,0.476658,16,11.77,0,0,15842306031
38.1959,26.1808,3.9072,64,58,57,800,2800,0.476658,16,11.77,0,0,15868487840
38.6283,25.8877,3.9072,64,58,57,800,2800,0.476658,16,11.77,0,0,15894375537
39.299,25.4459,3.9072,64,58,57,800,2800,0.476658,16,11.77,0,0,15919820875
38.4491,26.0084,3.9072,64,58,57,800,2800,0.476658,16,11.77,0,0,15945831012
39.2073,25.5054,3.9072,64,58,57,800,2800,0.476658,16,11.77,0,0,15971335020
38.706,25.8358,3.9072,64,58,57,800,2800,0.476658,16,11.77,0,0,15997172704
38.9002,25.7068,3.9072,64,58,57,800,2800,0.476658,16,11.77,0,0,16022879222
39.334,25.4233,3.9072,64,58,57,800,2800,0.476658,16,11.77,0,0,16048303550
39.7075,25.1842,3.9072,64,58,57,800,2800,0.476658,16,11.77,0,0,16073486797
37.7904,26.4617,3.9072,64,58,57,800,2800,0.476658,16,11.77,0,0,16099949472
39.4554,25.3451,3.9072,64,58,57,800,2800,0.476658,16,11.77,0,0,16125298910
37.5373,26.6402,3.30882,64,59,57,800,2800,0.476658,11,11.7657,0,0,16151935642
38.3786,26.0562,3.30882,64,59,57,800,2800,0.476658,11,11.7657,0,0,16177991906
39.6403,25.2268,3.30882,64,59,57,800,2800,0.476658,11,11.7657,0,0,16203218914
37.4738,26.6853,3.30882,64,59,57,800,2800,0.476658,11,11.7657,0,0,16229905310
40.8414,24.4849,3.30882,64,59,57,800,2800,0.476658,11,11.7657,0,0,16254388604
39.078,25.5898,3.30882,64,59,57,800,2800,0.476658,11,11.7657,0,0,16279981418
37.911,26.3776,3.30882,64,59,57,800,2800,0.476658,11,11.7657,0,0,16306358704
39.0387,25.6156,3.30882,64,59,57,800,2800,0.476658,11,11.7657,0,0,16331974161
38.6867,25.8486,3.30882,64,59,57,800,2800,0.476658,11,11.7657,0,0,16357821723
38.8373,25.7484,3.30882,64,59,57,800,2800,0.476658,11,11.7657,0,0,16383572574
39.2706,25.4644,3.30882,64,59,57,800,2800,0.476658,11,11.7657,0,0,16409036777
38.8545,25.737,3.30882,64,59,57,800,2800,0.476658,11,11.7657,0,0,16434775004
39.364,25.4039,3.30882,64,59,57,800,2800,0.476658,11,11.7657,0,0,16460177862
37.2529,26.8435,3.30882,64,59,57,800,2800,0.476658,11,11.7657,0,0,16487022394
40.2971,24.8157,3.30882,64,59,57,800,2800,0.476658,11,11.7657,0,0,16511838953
38.9003,25.7067,3.30882,64,59,57,800,2800,0.476658,11,11.7657,0,0,16537544328
38.4413,26.0137,3.30882,64,59,57,800,2800,0.476658,11,11.7657,0,0,16563559485
39.3176,25.4339,3.30882,64,59,57,800,2800,0.476658,11,11.7657,0,0,16588993221
38.8649,25.7302,3.30882,64,59,57,800,2800,0.476658,11,11.7657,0,0,16614723864
37.7514,26.4891,3.30882,64,59,57,800,2800,0.476658,11,11.7657,0,0,16641216316
38.6351,25.8832,3.30477,64,60,57,800,2800,0.476658,11,11.767,0,0,16667096719
39.3819,25.3924,3.30477,64,60,57,800,2800,0.476658,11,11.767,0,0,16692489278
39.2676,25.4663,3.30477,64,60,57,800,2800,0.476658,11,11.767,0,0,16717955716
39.009,25.6351,3.30477,64,60,57,800,2800,0.476658,11,11.767,0,0,16743590930
37.9588,26.3443,3.30477,64,60,57,800,2800,0.476658,11,11.767,0,0,16769936917
38.4927,25.9789,3.30477,64,60,57,800,2800,0.476658,11,11.767,0,0,16795915194
39.6226,25.2381,3.30477,64,60,57,800,2800,0.476658,11,11.767,0,0,16821152372
38.3065,26.1052,3.30477,64,60,57,800,2800,0.476658,11,11.767,0,0,16847259440
39.4319,25.3602,3.30477,64,60,57,800,2800,0.476658,11,11.767,0,0,16872619669
39.1719,25.5285,3.30477,64,60,57,800,2800,0.476658,11,11.767,0,0,16898149295
39.3823,25.3921,3.30477,64,60,57,800,2800,0.476658,11,11.767,0,0,16923540210
37.7143,26.5152,3.30477,64,60,57,800,2800,0.476658,11,11.767,0,0,16950056978
39.4687,25.3366,3.30477,64,60,57,800,2800,0.476658,11,11.767,0,0,16975393752
39.164,25.5337,3.30477,64,60,57,800,2800,0.476658,11,11.767,0,0,17000928107
37.6987,26.5261,3.30477,64,60,57,800,2800,0.476658,11,11.767,0,0,17027454552
38.4602,26.0009,3.30477,64,60,57,800,2800,0.476658,11,11.767,0,0,17053454690
38.7826,25.7848,3.30477,64,60,57,800,2800,0.476658,11,11.767,0,0,17079241389
39.2982,25.4464,3.30477,64,60,57,800,2800,0.476658,11,11.767,0,0,17104687548
38.6609,25.866,3.30477,64,60,57,800,2800,0.476658,11,11.767,0,0,17130555488
39.5885,25.2599,3.30477,64,60,57,800,2800,0.476658,11,11.767,0,0,17155817813
38.9713,25.6599,3.55392,64,58,57,800,2800,0.476658,17,11.7579,0,0,17181474207
39.2861,25.4543,3.55392,64,58,57,800,2800,0.476658,17,11.7579,0,0,17206928832
37.6426,26.5657,3.55392,64,58,57,800,2800,0.476658,17,11.7579,0,0,17233495353
39.2543,25.4749,3.55392,64,58,57,800,2800,0.476658,17,11.7579,0,0,17258970316
38.961,25.6667,3.55392,64,58,57,800,2800,0.476658,17,11.7579,0,0,17284638021
39.2608,25.4707,3.55392,64,58,57,800,2800,0.476658,17,11.7579,0,0,17310107785
39.1471,25.5447,3.55392,64,58,57,800,2800,0.476658,17,11.7579,0,0,17335654072
37.3542,26.7707,3.55392,64,58,57,800,2800,0.476658,17,11.7579,0,0,17362425256
39.285,25.455,3.55392,64,58,57,800,2800,0.476658,17,11.7579,0,0,17387880372
38.8358,25.7494,3.55392,64,58,57,800,2800,0.476658,17,11.7579,0,0,17413631384
39.41,25.3743,3.55392,64,58,57,800,2800,0.476658,17,11.7579,0,0,17439005909
38.7155,25.8295,3.55392,64,58,57,800,2800,0.476658,17,11.7579,0,0,17464835748
39.2932,25.4497,3.55392,64,58,57,800,2800,0.476658,17,11.7579,0,0,17490285083
38.8975,25.7086,3.55392,64,58,57,800,2800,0.476658,17,11.7579,0,0,17515994857
37.3485,26.7748,3.55392,64,58,57,800,2800,0.476658,17,11.7579,0,0,17542769367
39.433,25.3595,3.55392,64,58,57,800,2800,0.476658,17,11.7579,0,0,17568131038
39.0624,25.6001,3.55392,64,58,57,800,2800,0.476658,17,11.7579,0,0,17593729734
39.3738,25.3976,3.55392,64,58,57,800,2800,0.476658,17,11.7579,0,0,17619128645
38.6806,25.8527,3.55392,64,58,57,800,2800,0.476658,17,11.7579,0,0,17644981337
39.1958,25.5129,3.55392,64,58,57,800,2800,0.476658,17,11.7579,0,0,17670496966
37.442,26.708,3.07125,64,61,57,800,2800,0.476658,7,11.7581,0,0,17697203429
39.3697,25.4003,3.07125,64,61,57,800,2800,0.476658,7,11.7581,0,0,17722602240
38.8969,25.709,3.07125,64,61,57,800,2800,0.476658,7,11.7581,0,0,17748312555
39.3138,25.4364,3.07125,64,61,57,800,2800,0.476658,7,11.7581,0,0,17773748545
38.7593,25.8002,3.07125,64,61,57,800,2800,0.476658,7,11.7581,0,0,17799550832
39.3586,25.4074,3.07125,64,61,57,800,2800,0.476658,7,11.7581,0,0,17824957187
37.5439,26.6355,3.07125,64,61,57,800,2800,0.476658,7,11.7581,0,0,17851593859
39.2235,25.4949,3.07125,64,61,57,800,2800,0.476658,7,11.7581,0,0,17877088119
39.2439,25.4817,3.07125,64,61,57,800,2800,0.476658,7,11.7581,0,0,17902570586
38.5774,25.9219,3.07125,64,61,57,800,2800,0.476658,7,11.7581,0,0,17928493259
39.1465,25.5451,3.07125,64,61,57,800,2800,0.476658,7,11.7581,0,0,17954037924
38.4037,26.0392,3.07125,64,61,57,800,2800,0.476658,7,11.7581,0,0,17980077576
39.0254,25.6243,3.07125,64,61,57,800,2800,0.476658,7,11.7581,0,0,18005701910
38.9365,25.6829,3.07125,64,61,57,800,2800,0.476658,7,11.7581,0,0,18031385905
39.2847,25.4552,3.07125,64,61,57,800,2800,0.476658,7,11.7581,0,0,18056839989
38.704,25.8371,3.07125,64,61,57,800,2800,0.476658,7,11.7581,0,0,18082679607
39.4306,25.361,3.07125,64,61,57,800,2800,0.476658,7,11.7581,0,0,18108038983
37.5621,26.6226,3.07125,64,61,57,800,2800,0.476658,7,11.7581,0,0,18134662791
39.3782,25.3948,3.07125,64,61,57,800,2800,0.476658,7,11.7581,0,0,18160057955
39.0639,25.5991,3.07125,64,61,57,800,2800,0.476658,7,11.7581,0,0,18185663363
39.4028,25.3789,3.30477,64,58,57,800,2800,0.476658,17,11.7552,0,0,18211037778
37.9787,26.3305,3.30477,64,58,57,800,2800,0.476658,17,11.7552,0,0,18237366953
38.7356,25.816,3.30477,64,58,57,800,2800,0.476658,17,11.7552,0,0,18263184169
39.309,25.4394,3.30477,64,58,57,800,2800,0.476658,17,11.7552,0,0,18288623325
38.8118,25.7654,3.30477,64,58,57,800,2800,0.476658,17,11.7552,0,0,18314390206
39.3586,25.4074,3.30477,64,58,57,800,2800,0.476658,17,11.7552,0,0,18339797232
37.5054,26.6628,3.30477,64,58,57,800,2800,0.476658,17,11.7552,0,0,18366462347
39.6091,25.2468,3.30477,64,58,57,800,2800,0.476658,17,11.7552,0,0,18391707309
39.3577,25.408,3.30477,64,58,57,800,2800,0.476658,17,11.7552,0,0,18417116670
37.5887,26.6037,3.30477,64,58,57,800,2800,0.476658,17,11.7552,0,0,18443719288
39.365,25.4033,3.30477,64,58,57,800,2800,0.476658,17,11.7552,0,0,18469124240
37.9803,26.3294,3.30477,64,58,57,800,2800,0.476658,17,11.7552,0,0,18495454177
39.6301,25.2334,3.30477,64,58,57,800,2800,0.476658,17,11.7552,0,0,18520687247
38.7516,25.8054,3.30477,64,58,57,800,2800,0.476658,17,11.7552,0,0,18546493902
39.4716,25.3347,3.30477,64,58,57,800,2800,0.476658,17,11.7552,0,0,18571828352
39.0054,25.6375,3.30477,64,58,57,800,2800,0.476658,17,11.7552,0,0,18597465941
37.8168,26.4433,3.30477,64,58,57,800,2800,0.476658,17,11.7552,0,0,18623909190
38.3598,26.069,3.30477,64,58,57,800,2800,0.476658,17,11.7552,0,0,18649979139
39.0282,25.6225,3.30477,64,58,57,800,2800,0.476658,17,11.7552,0,0,18675603212
38.921,25.693,3.30477,64,58,57,800,2800,0.476658,17,11.7552,0,0,18701298770
38.8578,25.7348,3.44828,64,61,58,800,2800,0.476658,7,11.7524,0,0,18727029783
39.1098,25.569,3.44828,64,61,58,800,2800,0.476658,7,11.7524,0,0,18752600306
38.3895,26.0488,3.44828,64,61,58,800,2800,0.476658,7,11.7524,0,0,18778649857
39.1985,25.5112,3.44828,64,61,58,800,2800,0.476658,7,11.7524,0,0,18804160337
38.4277,26.0229,3.44828,64,61,58,800,2800,0.476658,7,11.7524,0,0,18830184550
39.3894,25.3875,3.44828,64,61,58,800,2800,0.476658,7,11.7524,0,0,18855571278
38.9907,25.6472,3.44828,64,61,58,800,2800,0.476658,7,11.7524,0,0,18881219747
39.0667,25.5972,3.44828,64,61,58,800,2800,0.476658,7,11.7524,0,0,18906815497
38.4906,25.9804,3.44828,64,61,58,800,2800,0.476658,7,11.7524,0,0,18932797792
39.0168,25.63,3.44828,64,61,58,800,2800,0.476658,7,11.7524,0,0,18958427245
39.035,25.618,3.44828,64,61,58,800,2800,0.476658,7,11.7524,0,0,18984046129
38.82,25.7599,3.44828,64,61,58,800,2800,0.476658,7,11.7524,0,0,19009805395
38.6512,25.8724,3.44828,64,61,58,800,2800,0.476658,7,11.7524,0,0,19035678596
38.8096,25.7668,3.44828,64,61,58,800,2800,0.476658,7,11.7524,0,0,19061446819
39.3414,25.4185,3.44828,64,61,58,800,2800,0.476658,7,11.7524,0,0,19086863593
38.2823,26.1218,3.44828,64,61,58,800,2800,0.476658,7,11.7524,0,0,19112987784
39.4255,25.3643,3.44828,64,61,58,800,2800,0.476658,7,11.7524,0,0,19138351429
38.7913,25.779,3.44828,64,61,58,800,2800,0.476658,7,11.7524,0,0,19164131234
37.1651,26.907,3.44828,64,61,58,800,2800,0.476658,7,11.7524,0,0,19191043192
40.1264,24.9212,3.44828,64,61,58,800,2800,0.476658,7,11.7524,0,0,19215967583
38.5485,25.9413,3.56265,64,59,58,800,2800,0.476658,16,11.7466,0,0,19241902038
36.9191,27.0863,3.56265,64,59,58,800,2800,0.476658,16,11.7466,0,0,19268990157
39.4767,25.3314,3.56265,64,59,58,800,2800,0.476658,16,11.7466,0,0,19294320790
40.0062,24.9961,3.56265,64,59,58,800,2800,0.476658,16,11.7466,0,0,19319317847
39.686,25.1978,3.56265,64,59,58,800,2800,0.476658,16,11.7466,0,0,19344514429
38.5052,25.9705,3.56265,64,59,58,800,2800,0.476658,16,11.7466,0,0,19370486855
37.9552,26.3468,3.56265,64,59,58,800,2800,0.476658,16,11.7466,0,0,19396834545
38.4408,26.014,3.56265,64,59,58,800,2800,0.476658,16,11.7466,0,0,19422847568
40.1013,24.9369,3.56265,64,59,58,800,2800,0.476658,16,11.7466,0,0,19447785674
37.9796,26.3299,3.56265,64,59,58,800,2800,0.476658,16,11.7466,0,0,19474115661
40.3922,24.7572,3.56265,64,59,58,800,2800,0.476658,16,11.7466,0,0,19498873369
38.322,26.0947,3.56265,64,59,58,800,2800,0.476658,16,11.7466,0,0,19524967574
39.0672,25.5969,3.56265,64,59,58,800,2800,0.476658,16,11.7466,0,0,19550565208
38.4368,26.0167,3.56265,64,59,58,800,2800,0.476658,16,11.7466,0,0,19576582578
37.8081,26.4494,3.56265,64,59,58,800,2800,0.476658,16,11.7466,0,0,19603032731
40.7167,24.56,3.56265,64,59,58,800,2800,0.476658,16,11.7466,0,0,19627590634
37.2344,26.8569,3.56265,64,59,58,800,2800,0.476658,16,11.7466,0,0,19654447900
38.5057,25.9702,3.56265,64,59,58,800,2800,0.476658,16,11.7466,0,0,19680420276
40.3529,24.7814,3.56265,64,59,58,800,2800,0.476658,16,11.7466,0,0,19705200036
37.9215,26.3702,3.56265,64,59,58,800,2800,0.476658,16,11.7466,0,0,19731577562
38.7861,25.7824,5.88235,64,60,59,869,2800,0.478619,13,11.7478,0,0,19757354442
40.1375,24.9144,5.88235,64,60,59,869,2800,0.478619,13,11.7478,0,0,19782270026
38.8291,25.7539,5.88235,64,60,59,869,2800,0.478619,13,11.7478,0,0,19808024003
39.0365,25.617,5.88235,64,60,59,869,2800,0.478619,13,11.7478,0,0,19833641814
37.3518,26.7725,5.88235,64,60,59,869,2800,0.478619,13,11.7478,0,0,19860413319
39.0185,25.6289,5.88235,64,60,59,869,2800,0.478619,13,11.7478,0,0,19886043413
39.1985,25.5112,5.88235,64,60,59,869,2800,0.478619,13,11.7478,0,0,19911555627
37.6924,26.5305,5.88235,64,60,59,869,2800,0.478619,13,11.7478,0,0,19938085208
39.5064,25.3123,5.88235,64,60,59,869,2800,0.478619,13,11.7478,0,0,19963398849
38.8177,25.7614,5.88235,64,60,59,869,2800,0.478619,13,11.7478,0,0,19989158707
39.9638,25.0226,5.88235,64,60,59,869,2800,0.478619,13,11.7478,0,0,20014183967
39.0704,25.5948,5.88235,64,60,59,869,2800,0.478619,13,11.7478,0,0,20039777282
34.9301,28.6286,5.88235,64,60,59,869,2800,0.478619,13,11.7478,0,0,20068407954
39.2194,25.4976,5.88235,64,60,59,869,2800,0.478619,13,11.7478,0,0,20093903776
39.7568,25.1529,5.88235,64,60,59,869,2800,0.478619,13,11.7478,0,0,20119057908
40.7164,24.5601,5.88235,64,60,59,869,2800,0.478619,13,11.7478,0,0,20143617715
38.849,25.7407,5.88235,64,60,59,869,2800,0.478619,13,11.7478,0,0,20169360741
38.9124,25.6988,5.88235,64,60,59,869,2800,0.478619,13,11.7478,0,0,20195059945
39.0921,25.5806,5.88235,64,60,59,869,2800,0.478619,13,11.7478,0,0,20220641138
38.568,25.9282,5.88235,64,60,59,869,2800,0.478619,13,11.7478,0,0,20246575543
39.1088,25.5697,10.8108,66,62,59,800,2800,0.478619,24,11.6828,0,0,20272137860
38.362,26.0675,10.8108,66,62,59,800,2800,0.478619,24,11.6828,0,0,20298206507
41.1127,24.3234,10.8108,66,62,59,800,2800,0.478619,24,11.6828,0,0,20322530011
37.2878,26.8184,10.8108,66,62,59,800,2800,0.478619,24,11.6828,0,0,20349349927
39.282,25.4569,10.8108,66,62,59,800,2800,0.478619,24,11.6828,0,0,20374805384
39.0018,25.6398,10.8108,66,62,59,800,2800,0.478619,24,11.6828,0,0,20400446499
39.497,25.3184,10.8108,66,62,59,800,2800,0.478619,24,11.6828,0,0,20425765169
37.3,26.8096,10.8108,66,62,59,800,2800,0.478619,24,11.6828,0,0,20452575697
38.5409,25.9465,10.8108,66,62,59,800,2800,0.478619,24,11.6828,0,0,20478522706
40.4172,24.7419,10.8108,66,62,59,800,2800,0.478619,24,11.6828,0,0,20503262912
38.4659,25.997,10.8108,66,62,59,800,2800,0.478619,24,11.6828,0,0,20529261407
38.9736,25.6584,10.8108,66,62,59,800,2800,0.478619,24,11.6828,0,0,20554919594
39.375,25.3968,10.8108,66,62,59,800,2800,0.478619,24,11.6828,0,0,20580317212
38.9686,25.6617,10.8108,66,62,59,800,2800,0.478619,24,11.6828,0,0,20605978635
37.3941,26.7422,10.8108,66,62,59,800,2800,0.478619,24,11.6828,0,0,20632721887
39.2343,25.4879,10.8108,66,62,59,800,2800,0.478619,24,11.6828,0,0,20658208633
39.0263,25.6238,10.8108,66,62,59,800,2800,0.478619,24,11.6828,0,0,20683834549
39.2938,25.4493,10.8108,66,62,59,800,2800,0.478619,24,11.6828,0,0,20709283905
39.127,25.5578,10.8108,66,62,59,800,2800,0.478619,24,11.6828,0,0,20734842525
33.6407,29.7259,10.8108,66,62,59,800,2800,0.478619,24,11.6828,0,0,20764571807
40.1718,24.8931,4.88401,66,66,60,800,2800,0.478619,9,11.6805,0,0,20789461483
40.7421,24.5446,4.88401,66,66,60,800,2800,0.478619,9,11.6805,0,0,20814007765
40.5263,24.6753,4.88401,66,66,60,800,2800,0.478619,9,11.6805,0,0,20838682558
39.1337,25.5534,4.88401,66,66,60,800,2800,0.478619,9,11.6805,0,0,20864236910
39.6473,25.2224,4.88401,66,66,60,800,2800,0.478619,9,11.6805,0,0,20889459069
39.2831,25.4562,4.88401,66,66,60,800,2800,0.478619,9,11.6805,0,0,20914916299
37.7393,26.4976,4.88401,66,66,60,800,2800,0.478619,9,11.6805,0,0,20941413410
38.5692,25.9274,4.88401,66,66,60,800,2800,0.478619,9,11.6805,0,0,20967342144
38.8872,25.7154,4.88401,66,66,60,800,2800,0.478619,9,11.6805,0,0,20993056006
39.3459,25.4156,4.88401,66,66,60,800,2800,0.478619,9,11.6805,0,0,21018473221
38.9256,25.69,4.88401,66,66,60,800,2800,0.478619,9,11.6805,0,0,21044162586
38.4948,25.9775,4.88401,66,66,60,800,2800,0.478619,9,11.6805,0,0,21070141365
38.3935,26.0461,4.88401,66,66,60,800,2800,0.478619,9,11.6805,0,0,21096188501
39.3377,25.4209,4.88401,66,66,60,800,2800,0.478619,9,11.6805,0,0,21121607940
38.598,25.9081,4.88401,66,66,60,800,2800,0.478619,9,11.6805,0,0,21147517599
39.1212,25.5616,4.88401,66,66,60,800,2800,0.478619,9,11.6805,0,0,21173078824
37.9993,26.3163,4.88401,66,66,60,800,2800,0.478619,9,11.6805,0,0,21199396909
39.297,25.4472,4.88401,66,66,60,800,2800,0.478619,9,11.6805,0,0,21224843028
38.0813,26.2596,4.88401,66,66,60,800,2800,0.478619,9,11.6805,0,0,21251104076
40.9775,24.4036,4.88401,66,66,60,800,2800,0.478619,9,11.6805,0,0,21275511998
37.3194,26.7957,6.69145,65,59,58,800,2800,0.478619,18,11.6766,0,0,21302303581
38.7825,25.7848,6.69145,65,59,58,800,2800,0.478619,18,11.6766,0,0,21328088856
39.0821,25.5872,6.69145,65,59,58,800,2800,0.478619,18,11.6766,0,0,21353675319
38.2061,26.1738,6.69145,65,59,58,800,2800,0.478619,18,11.6766,0,0,21379850736
40.4843,24.701,6.69145,65,59,58,800,2800,0.478619,18,11.6766,0,0,21404550285
39.1308,25.5553,6.69145,65,59,58,800,2800,0.478619,18,11.6766,0,0,21430107222
37.5046,26.6634,6.69145,65,59,58,800,2800,0.478619,18,11.6766,0,0,21456771166
39.0767,25.5907,6.69145,65,59,58,800,2800,0.478619,18,11.6766,0,0,21482362708
39.4624,25.3406,6.69145,65,59,58,800,2800,0.478619,18,11.6766,0,0,21507703509
39.1322,25.5544,6.69145,65,59,58,800,2800,0.478619,18,11.6766,0,0,21533258112
37.9956,26.3188,6.69145,65,59,58,800,2800,0.478619,18,11.6766,0,0,21559576598
38.9224,25.6921,6.69145,65,59,58,800,2800,0.478619,18,11.6766,0,0,21585269660
38.4505,26.0075,6.69145,65,59,58,800,2800,0.478619,18,11.6766,0,0,21611276591
38.3754,26.0583,6.69145,65,59,58,800,2800,0.478619,18,11.6766,0,0,21637335700
39.4299,25.3615,6.69145,65,59,58,800,2800,0.478619,18,11.6766,0,0,21662698112
39.0688,25.5959,6.69145,65,59,58,800,2800,0.478619,18,11.6766,0,0,21688293973
38.9028,25.7051,6.69145,65,59,58,800,2800,0.478619,18,11.6766,0,0,21713999589
39.2691,25.4653,6.69145,65,59,58,800,2800,0.478619,18,11.6766,0,0,21739464724
39.0843,25.5857,6.69145,65,59,58,800,2800,0.478619,18,11.6766,0,0,21765051537
39.1205,25.562,6.69145,65,59,58,800,2800,0.478619,18,11.6766,0,0,21790617902
37.6626,26.5515,3.43137,65,62,57,800,2800,0.478619,11,11.6715,0,0,21817165236
39.6196,25.24,3.43137,65,62,57,800,2800,0.478619,11,11.6715,0,0,21842404818
39.1139,25.5664,3.43137,65,62,57,800,2800,0.478619,11,11.6715,0,0,21867972496
36.4965,27.3999,3.43137,65,62,57,800,2800,0.478619,11,11.6715,0,0,21895372680
40.7524,24.5385,3.43137,65,62,57,800,2800,0.478619,11,11.6715,0,0,21919911377
37.7154,26.5144,3.43137,65,62,57,800,2800,0.478619,11,11.6715,0,0,21946426241
40.328,24.7967,3.43137,65,62,57,800,2800,0.478619,11,11.6715,0,0,21971222972
37.9152,26.3747,3.43137,65,62,57,800,2800,0.478619,11,11.6715,0,0,21997598695
38.5469,25.9424,3.43137,65,62,57,800,2800,0.478619,11,11.6715,0,0,22023540374
40.5016,24.6904,3.43137,65,62,57,800,2800,0.478619,11,11.6715,0,0,22048232429
38.7063,25.8356,3.43137,65,62,57,800,2800,0.478619,11,11.6715,0,0,22074066686
38.9644,25.6644,3.43137,65,62,57,800,2800,0.478619,11,11.6715,0,0,22099732968
38.9074,25.7021,3.43137,65,62,57,800,2800,0.478619,11,11.6715,0,0,22125435258
37.8231,26.4389,3.43137,65,62,57,800,2800,0.478619,11,11.6715,0,0,22151874169
39.225,25.4939,3.43137,65,62,57,800,2800,0.478619,11,11.6715,0,0,22177367217
38.7955,25.7762,3.43137,65,62,57,800,2800,0.478619,11,11.6715,0,0,22203144277
39.1595,25.5366,3.43137,65,62,57,800,2800,0.478619,11,11.6715,0,0,22228681958
38.9645,25.6644,3.43137,65,62,57,800,2800,0.478619,11,11.6715,0,0,22254345114
39.034,25.6187,3.43137,65,62,57,800,2800,0.478619,11,11.6715,0,0,22279965651
37.5185,26.6535,3.43137,65,62,57,800,2800,0.478619,11,11.6715,0,0,22306621879
39.0161,25.6305,3.7851,64,60,57,800,2800,0.478619,11,11.6735,0,0,22332250090
38.8201,25.7598,3.7851,64,60,57,800,2800,0.478619,11,11.6735,0,0,22358008646
39.0045,25.638,3.7851,64,60,57,800,2800,0.478619,11,11.6735,0,0,22383648959
39.6269,25.2354,3.7851,64,60,57,800,2800,0.478619,11,11.6735,0,0,22408884413
38.8113,25.7657,3.7851,64,60,57,800,2800,0.478619,11,11.6735,0,0,22434651324
38.9723,25.6592,3.7851,64,60,57,800,2800,0.478619,11,11.6735,0,0,22460309762
38.8654,25.7298,3.7851,64,60,57,800,2800,0.478619,11,11.6735,0,0,22486041447
38.8104,25.7663,3.7851,64,60,57,800,2800,0.478619,11,11.6735,0,0,22511806835
39.5757,25.268,3.7851,64,60,57,800,2800,0.478619,11,11.6735,0,0,22537076133
37.6485,26.5615,3.7851,64,60,57,800,2800,0.478619,11,11.6735,0,0,22563637333
39.3292,25.4264,3.7851,64,60,57,800,2800,0.478619,11,11.6735,0,0,22589064547
38.7587,25.8007,3.7851,64,60,57,800,2800,0.478619,11,11.6735,0,0,22614865171
39.0378,25.6162,3.7851,64,60,57,800,2800,0.478619,11,11.6735,0,0,22640481239
37.7594,26.4835,3.7851,64,60,57,800,2800,0.478619,11,11.6735,0,0,22666964744
39.0178,25.6294,3.7851,64,60,57,800,2800,0.478619,11,11.6735,0,0,22692594648
37.6887,26.5331,3.7851,64,60,57,800,2800,0.478619,11,11.6735,0,0,22719128848
40.819,24.4984,3.7851,64,60,57,800,2800,0.478619,11,11.6735,0,0,22743627090
38.9919,25.6463,3.7851,64,60,57,800,2800,0.478619,11,11.6735,0,0,22769273735
37.0744,26.9728,3.7851,64,60,57,800,2800,0.478619,11,11.6735,0,0,22796248211
40.5086,24.6861,3.7851,64,60,57,800,2800,0.478619,11,11.6735,0,0,22820937080
38.2713,26.1293,3.91198,64,58,57,800,2800,0.476654,19,11.6693,0,0,22847064116
39.5532,25.2824,3.91198,64,58,57,800,2800,0.476654,19,11.6693,0,0,22872346018
39.0571,25.6035,3.91198,64,58,57,800,2800,0.476654,19,11.6693,0,0,22897951256
37.6893,26.5328,3.91198,64,58,57,800,2800,0.476654,19,11.6693,0,0,22924483061
39.031,25.6207,3.91198,64,58,57,800,2800,0.476654,19,11.6693,0,0,22950104870
38.972,25.6595,3.91198,64,58,57,800,2800,0.476654,19,11.6693,0,0,22975763928
38.9543,25.6711,3.91198,64,58,57,800,2800,0.476654,19,11.6693,0,0,23001436102
38.858,25.7348,3.91198,64,58,57,800,2800,0.476654,19,11.6693,0,0,23027170211
38.9305,25.6868,3.91198,64,58,57,800,2800,0.476654,19,11.6693,0,0,23052857894
39.1769,25.5253,3.91198,64,58,57,800,2800,0.476654,19,11.6693,0,0,23078383682
39.5589,25.2788,3.91198,64,58,57,800,2800,0.476654,19,11.6693,0,0,23103662788
37.6057,26.5917,3.91198,64,58,57,800,2800,0.476654,19,11.6693,0,0,23130255638
39.4938,25.3204,3.91198,64,58,57,800,2800,0.476654,19,11.6693,0,0,23155576343
39.217,25.4991,3.91198,64,58,57,800,2800,0.476654,19,11.6693,0,0,23181074820
37.9184,26.3725,3.91198,64,58,57,800,2800,0.476654,19,11.6693,0,0,23207447527
38.8394,25.7471,3.91198,64,58,57,800,2800,0.476654,19,11.6693,0,0,23233196234
38.7135,25.8308,3.91198,64,58,57,800,2800,0.476654,19,11.6693,0,0,23259026013
39.324,25.4297,3.91198,64,58,57,800,2800,0.476654,19,11.6693,0,0,23284456914
38.8166,25.7622,3.91198,64,58,57,800,2800,0.476654,19,11.6693,0,0,23310218304
38.9525,25.6723,3.91198,64,58,57,800,2800,0.476654,19,11.6693,0,0,23335897821
39.0881,25.5832,4.14129,64,62,57,800,2800,0.476654,6,11.6687,0,0,23361475197
37.882,26.3977,4.14129,64,62,57,800,2800,0.476654,6,11.6687,0,0,23387872560
39.2712,25.464,4.14129,64,62,57,800,2800,0.476654,6,11.6687,0,0,23413337845
39.0926,25.5803,4.14129,64,62,57,800,2800,0.476654,6,11.6687,0,0,23438917966
38.1427,26.2173,4.14129,64,62,57,800,2800,0.476654,6,11.6687,0,0,23465136544
39.1161,25.5649,4.14129,64,62,57,800,2800,0.476654,6,11.6687,0,0,23490701667
39.4273,25.3631,4.14129,64,62,57,800,2800,0.476654,6,11.6687,0,0,23516065602
38.0751,26.2639,4.14129,64,62,57,800,2800,0.476654,6,11.6687,0,0,23542328282
39.2549,25.4745,4.14129,64,62,57,800,2800,0.476654,6,11.6687,0,0,23567803446
39.044,25.6121,4.14129,64,62,57,800,2800,0.476654,6,11.6687,0,0,23593415878
39.1483,25.5439,4.14129,64,62,57,800,2800,0.476654,6,11.6687,0,0,23618961313
36.8979,27.1018,4.14129,64,62,57,800,2800,0.476654,6,11.6687,0,0,23646063077
41.3521,24.1826,4.14129,64,62,57,800,2800,0.476654,6,11.6687,0,0,23670245948
37.5099,26.6596,4.14129,64,62,57,800,2800,0.476654,6,11.6687,0,0,23696906575
39.4388,25.3557,4.14129,64,62,57,800,2800,0.476654,6,11.6687,0,0,23722260862
38.9367,25.6827,4.14129,64,62,57,800,2800,0.476654,6,11.6687,0,0,23747945068
39.2733,25.4626,4.14129,64,62,57,800,2800,0.476654,6,11.6687,0,0,23773407317
37.9588,26.3443,4.14129,64,62,57,800,2800,0.476654,6,11.6687,0,0,23799753124
39.1606,25.5359,4.14129,64,62,57,800,2800,0.476654,6,11.6687,0,0,23825288310
38.1803,26.1915,4.14129,64,62,57,800,2800,0.476654,6,11.6687,0,0,23851485117
39.5181,25.3049,3.89294,64,58,57,800,2800,0.476654,19,11.6685,0,0,23876785153
38.5221,25.9591,3.89294,64,58,57,800,2800,0.476654,19,11.6685,0,0,23902745787
38.908,25.7017,3.89294,64,58,57,800,2800,0.476654,19,11.6685,0,0,23928447496
38.9095,25.7007,3.89294,64,58,57,800,2800,0.476654,19,11.6685,0,0,23954147732
38.8221,25.7585,3.89294,64,58,57,800,2800,0.476654,19,11.6685,0,0,23979908331
39.5405,25.2905,3.89294,64,58,57,800,2800,0.476654,19,11.6685,0,0,24005197666
37.4499,26.7023,3.89294,64,58,57,800,2800,0.476654,19,11.6685,0,0,24031901975
38.9769,25.6563,3.89294,64,58,57,800,2800,0.476654,19,11.6685,0,0,24057556796
39.0405,25.6144,3.89294,64,58,57,800,2800,0.476654,19,11.6685,0,0,24083172253
39.4362,25.3574,3.89294,64,58,57,800,2800,0.476654,19,11.6685,0,0,24108530117
38.9935,25.6453,3.89294,64,58,57,800,2800,0.476654,19,11.6685,0,0,24134177393
39.1906,25.5163,3.89294,64,58,57,800,2800,0.476654,19,11.6685,0,0,24159692221
37.775,26.4725,3.89294,64,58,57,800,2800,0.476654,19,11.6685,0,0,24186166168
39.0639,25.5991,3.89294,64,58,57,800,2800,0.476654,19,11.6685,0,0,24211764824
39.4501,25.3485,3.89294,64,58,57,800,2800,0.476654,19,11.6685,0,0,24237112388
38.7428,25.8112,3.89294,64,58,57,800,2800,0.476654,19,11.6685,0,0,24262925857
39.536,25.2934,3.89294,64,58,57,800,2800,0.476654,19,11.6685,0,0,24288218839
37.401,26.7373,3.89294,64,58,57,800,2800,0.476654,19,11.6685,0,0,24314957402
39.331,25.4252,3.89294,64,58,57,800,2800,0.476654,19,11.6685,0,0,24340382021
39.0957,25.5783,3.89294,64,58,57,800,2800,0.476654,19,11.6685,0,0,24365966119
39.5272,25.299,3.55392,64,61,57,800,2800,0.476654,8,11.6685,0,0,24391259983
38.0118,26.3076,3.55392,64,61,57,800,2800,0.476654,8,11.6685,0,0,24417568570
38.7347,25.8166,3.55392,64,61,57,800,2800,0.476654,8,11.6685,0,0,24443384923
38.2923,26.1149,3.55392,64,61,57,800,2800,0.476654,8,11.6685,0,0,24469500558
38.0843,26.2576,3.55392,64,61,57,800,2800,0.476654,8,11.6685,0,0,24495758400
41.0805,24.3424,3.55392,64,61,57,800,2800,0.476654,8,11.6685,0,0,24520099848
37.612,26.5873,3.55392,64,61,57,800,2800,0.476654,8,11.6685,0,0,24546689431
39.4019,25.3795,3.55392,64,61,57,800,2800,0.476654,8,11.6685,0,0,24572067393
39.1859,25.5194,3.55392,64,61,57,800,2800,0.476654,8,11.6685,0,0,24597588373
39.448,25.3498,3.55392,64,61,57,800,2800,0.476654,8,11.6685,0,0,24622937360
37.4367,26.7117,3.55392,64,61,57,800,2800,0.476654,8,11.6685,0,0,24649651217
38.7211,25.8257,3.55392,64,61,57,800,2800,0.476654,8,11.6685,0,0,24675475465
39.0012,25.6403,3.55392,64,61,57,800,2800,0.476654,8,11.6685,0,0,24701117251
38.7722,25.7917,3.55392,64,61,57,800,2800,0.476654,8,11.6685,0,0,24726909640
39.2012,25.5094,3.55392,64,61,57,800,2800,0.476654,8,11.6685,0,0,24752419269
39.1524,25.5412,3.55392,64,61,57,800,2800,0.476654,8,11.6685,0,0,24777960546
39.1103,25.5687,3.55392,64,61,57,800,2800,0.476654,8,11.6685,0,0,24803528835
37.4634,26.6927,3.55392,64,61,57,800,2800,0.476654,8,11.6685,0,0,24830223035
39.2176,25.4987,3.55392,64,61,57,800,2800,0.476654,8,11.6685,0,0,24855720941
39.026,25.624,3.55392,64,61,57,800,2800,0.476654,8,11.6685,0,0,24881350895
39.4253,25.3644,3.54523,63,59,57,800,2800,0.476654,16,11.6681,0,0,24906708890
39.2656,25.4676,3.54523,63,59,57,800,2800,0.476654,16,11.6681,0,0,24932178162
37.8547,26.4168,3.54523,63,59,57,800,2800,0.476654,16,11.6681,0,0,24958593800
38.8638,25.7309,3.54523,63,59,57,800,2800,0.476654,16,11.6681,0,0,24984327118
39.1372,25.5512,3.54523,63,59,57,800,2800,0.476654,16,11.6681,0,0,25009877843
38.7093,25.8336,3.54523,63,59,57,800,2800,0.476654,16,11.6681,0,0,25035712071
38.9355,25.6835,3.54523,63,59,57,800,2800,0.476654,16,11.6681,0,0,25061395565
38.5075,25.969,3.54523,63,59,57,800,2800,0.476654,16,11.6681,0,0,25087363563
38.8466,25.7423,3.54523,63,59,57,800,2800,0.476654,16,11.6681,0,0,25113107481
39.3373,25.4212,3.54523,63,59,57,800,2800,0.476654,16,11.6681,0,0,25138528193
38.7054,25.8362,3.54523,63,59,57,800,2800,0.476654,16,11.6681,0,0,25164367379
38.2836,26.1209,3.54523,63,59,57,800,2800,0.476654,16,11.6681,0,0,25190485348
38.8154,25.763,3.54523,63,59,57,800,2800,0.476654,16,11.6681,0,0,25216250326
39.0819,25.5873,3.54523,63,59,57,800,2800,0.476654,16,11.6681,0,0,25241836848
38.7584,25.8009,3.54523,63,59,57,800,2800,0.476654,16,11.6681,0,0,25267639236
38.8089,25.7673,3.54523,63,59,57,800,2800,0.476654,16,11.6681,0,0,25293405486
38.4349,26.018,3.54523,63,59,57,800,2800,0.476654,16,11.6681,0,0,25319424690
38.839,25.7473,3.54523,63,59,57,800,2800,0.476654,16,11.6681,0,0,25345173156
38.8477,25.7416,3.54523,63,59,57,800,2800,0.476654,16,11.6681,0,0,25370914148
38.1496,26.2126,3.54523,63,59,57,800,2800,0.476654,16,11.6681,0,0,25397135041
40.452,24.7207,3.54957,63,59,57,800,2800,0.476654,13,11.6706,0,0,25421847825
38.7273,25.8216,3.54957,63,59,57,800,2800,0.476654,13,11.6706,0,0,25447670510
39.4937,25.3205,3.54957,63,59,57,800,2800,0.476654,13,11.6706,0,0,25472990113
37.3625,26.7648,3.54957,63,59,57,800,2800,0.476654,13,11.6706,0,0,25499756648
39.2435,25.4819,3.54957,63,59,57,800,2800,0.476654,13,11.6706,0,0,25525237954
39.1027,25.5737,3.54957,63,59,57,800,2800,0.476654,13,11.6706,0,0,25550813846
39.286,25.4543,3.54957,63,59,57,800,2800,0.476654,13,11.6706,0,0,25576268281
39.3484,25.414,3.54957,63,59,57,800,2800,0.476654,13,11.6706,0,0,25601682761
37.2396,26.8531,3.54957,63,59,57,800,2800,0.476654,13,11.6706,0,0,25628535609
38.8759,25.7229,3.54957,63,59,57,800,2800,0.476654,13,11.6706,0,0,25654257886
39.3068,25.4409,3.54957,63,59,57,800,2800,0.476654,13,11.6706,0,0,25679700709
38.7593,25.8003,3.54957,63,59,57,800,2800,0.476654,13,11.6706,0,0,25705499700
38.6214,25.8924,3.54957,63,59,57,800,2800,0.476654,13,11.6706,0,0,25731393659
38.4172,26.03,3.54957,63,59,57,800,2800,0.476654,13,11.6706,0,0,25757423063
40.6613,24.5934,3.54957,63,59,57,800,2800,0.476654,13,11.6706,0,0,25782017966
38.0036,26.3133,3.54957,63,59,57,800,2800,0.476654,13,11.6706,0,0,25808330680
39.2806,25.4578,3.54957,63,59,57,800,2800,0.476654,13,11.6706,0,0,25833789393
38.9287,25.688,3.54957,63,59,57,800,2800,0.476654,13,11.6706,0,0,25859477677
39.6954,25.1919,3.54957,63,59,57,800,2800,0.476654,13,11.6706,0,0,25884669960
36.9047,27.0968,3.54957,63,59,57,800,2800,0.476654,13,11.6706,0,0,25911771524
38.861,25.7327,3.19018,63,61,57,800,2800,0.476654,13,11.6697,0,0,25937498670
37.5003,26.6665,3.19018,63,61,57,800,2800,0.476654,13,11.6697,0,0,25964167102
40.5384,24.668,3.19018,63,61,57,800,2800,0.476654,13,11.6697,0,0,25988835322
38.6356,25.8829,3.19018,63,61,57,800,2800,0.476654,13,11.6697,0,0,26014719674
38.7686,25.794,3.19018,63,61,57,800,2800,0.476654,13,11.6697,0,0,26040512383
38.7623,25.7983,3.19018,63,61,57,800,2800,0.476654,13,11.6697,0,0,26066311875
38.7575,25.8014,3.19018,63,61,57,800,2800,0.476654,13,11.6697,0,0,26092112329
38.6935,25.8441,3.19018,63,61,57,800,2800,0.476654,13,11.6697,0,0,26117958348
40.9829,24.4004,3.19018,63,61,57,800,2800,0.476654,13,11.6697,0,0,26142359037
36.7929,27.1791,3.19018,63,61,57,800,2800,0.476654,13,11.6697,0,0,26169538557
40.3498,24.7833,3.19018,63,61,57,800,2800,0.476654,13,11.6697,0,0,26194321333
39.0825,25.5869,3.19018,63,61,57,800,2800,0.476654,13,11.6697,0,0,26219910160
37.2483,26.8469,3.19018,63,61,57,800,2800,0.476654,13,11.6697,0,0,26246757537
40.7167,24.56,3.19018,63,61,57,800,2800,0.476654,13,11.6697,0,0,26271317574
36.9665,27.0515,3.19018,63,61,57,800,2800,0.476654,13,11.6697,0,0,26298369124
40.0078,24.9951,3.19018,63,61,57,800,2800,0.476654,13,11.6697,0,0,26323363266
39.1339,25.5533,3.19018,63,61,57,800,2800,0.476654,13,11.6697,0,0,26348918180
39.1293,25.5563,3.19018,63,61,57,800,2800,0.476654,13,11.6697,0,0,26374473113
39.0797,25.5887,3.19018,63,61,57,800,2800,0.476654,13,11.6697,0,0,26400064595
37.4905,26.6734,3.19018,63,61,57,800,2800,0.476654,13,11.6697,0,0,26426742885
39.1452,25.5459,3.19803,63,57,58,800,2800,0.476654,16,11.6697,0,0,26452283582
38.8423,25.7451,3.19803,63,57,58,800,2800,0.476654,16,11.6697,0,0,26478029824
39.2079,25.5051,3.19803,63,57,58,800,2800,0.476654,16,11.6697,0,0,26503534924
38.6744,25.8569,3.19803,63,57,58,800,2800,0.476654,16,11.6697,0,0,26529391713
39.5992,25.253,3.19803,63,57,58,800,2800,0.476654,16,11.6697,0,0,26554645703
39.3632,25.4044,3.19803,63,57,58,800,2800,0.476654,16,11.6697,0,0,26580050274
37.5499,26.6312,3.19803,63,57,58,800,2800,0.476654,16,11.6697,0,0,26606680885
39.0521,25.6068,3.19803,63,57,58,800,2800,0.476654,16,11.6697,0,0,26632289529
39.0065,25.6367,3.19803,63,57,58,800,2800,0.476654,16,11.6697,0,0,26657926336
37.8257,26.437,3.19803,63,57,58,800,2800,0.476654,16,11.6697,0,0,26684364706
39.1101,25.5688,3.19803,63,57,58,800,2800,0.476654,16,11.6697,0,0,26709933576
37.3726,26.7576,3.19803,63,57,58,800,2800,0.476654,16,11.6697,0,0,26736691535
41.1109,24.3245,3.19803,63,57,58,800,2800,0.476654,16,11.6697,0,0,26761014638
39.1951,25.5134,3.19803,63,57,58,800,2800,0.476654,16,11.6697,0,0,26786529917
37.6009,26.5951,3.19803,63,57,58,800,2800,0.476654,16,11.6697,0,0,26813126334
38.831,25.7526,3.19803,63,57,58,800,2800,0.476654,16,11.6697,0,0,26838877385
38.037,26.2902,3.19803,63,57,58,800,2800,0.476654,16,11.6697,0,0,26865169421
40.3032,24.8119,3.19803,63,57,58,800,2800,0.476654,16,11.6697,0,0,26889980329
39.0075,25.6361,3.19803,63,57,58,800,2800,0.476654,16,11.6697,0,0,26915617707
38.4389,26.0153,3.19803,63,57,58,800,2800,0.476654,16,11.6697,0,0,26941638264
38.4723,25.9927,3.43137,63,61,57,800,2800,0.476654,9,11.6689,0,0,26967627061
38.6396,25.8802,3.43137,63,61,57,800,2800,0.476654,9,11.6689,0,0,26993506302
40.5118,24.6842,3.43137,63,61,57,800,2800,0.476654,9,11.6689,0,0,27018191865
37.168,26.9048,3.43137,63,61,57,800,2800,0.476654,9,11.6689,0,0,27045096530
40.5622,24.6535,3.43137,63,61,57,800,2800,0.476654,9,11.6689,0,0,27069749232
38.4502,26.0077,3.43137,63,61,57,800,2800,0.476654,9,11.6689,0,0,27095758788
39.0182,25.6291,3.43137,63,61,57,800,2800,0.476654,9,11.6689,0,0,27121387299
38.5631,25.9315,3.43137,63,61,57,800,2800,0.476654,9,11.6689,0,0,27147320963
39.297,25.4472,3.43137,63,61,57,800,2800,0.476654,9,11.6689,0,0,27172767683
38.7185,25.8274,3.43137,63,61,57,800,2800,0.476654,9,11.6689,0,0,27198596129
38.9401,25.6805,3.43137,63,61,57,800,2800,0.476654,9,11.6689,0,0,27224275116
38.8337,25.7508,3.43137,63,61,57,800,2800,0.476654,9,11.6689,0,0,27250028191
39.048,25.6095,3.43137,63,61,57,800,2800,0.476654,9,11.6689,0,0,27275637145
37.6048,26.5923,3.43137,63,61,57,800,2800,0.476654,9,11.6689,0,0,27302229805
38.1555,26.2085,3.43137,63,61,57,800,2800,0.476654,9,11.6689,0,0,27328437783
40.3492,24.7836,3.43137,63,61,57,800,2800,0.476654,9,11.6689,0,0,27353221039
38.981,25.6535,3.43137,63,61,57,800,2800,0.476654,9,11.6689,0,0,27378877854
37.8274,26.4358,3.43137,63,61,57,800,2800,0.476654,9,11.6689,0,0,27405311214
37.5692,26.6175,3.43137,63,61,57,800,2800,0.476654,9,11.6689,0,0,27431929782
38.8701,25.7267,3.43137,63,61,57,800,2800,0.476654,9,11.6689,0,0,27457659494
37.9807,26.3291,3.31288,63,57,57,800,2800,0.476654,18,11.6691,0,0,27483987076
40.2828,24.8245,3.31288,63,57,57,800,2800,0.476654,18,11.6691,0,0,27508811109
40.6327,24.6107,3.31288,63,57,57,800,2800,0.476654,18,11.6691,0,0,27533423545
38.829,25.754,3.31288,63,57,57,800,2800,0.476654,18,11.6691,0,0,27559176419
39.0563,25.6041,3.31288,63,57,57,800,2800,0.476654,18,11.6691,0,0,27584781447
39.1045,25.5725,3.31288,63,57,57,800,2800,0.476654,18,11.6691,0,0,27610352711
37.4621,26.6937,3.31288,63,57,57,800,2800,0.476654,18,11.6691,0,0,27637048684
39.6259,25.236,3.31288,63,57,57,800,2800,0.476654,18,11.6691,0,0,27662284750
39.3634,25.4043,3.31288,63,57,57,800,2800,0.476654,18,11.6691,0,0,27687688970
38.1979,26.1794,3.31288,63,57,57,800,2800,0.476654,18,11.6691,0,0,27713868996
39.4056,25.3771,3.31288,63,57,57,800,2800,0.476654,18,11.6691,0,0,27739246216
38.7185,25.8274,3.31288,63,57,57,800,2800,0.476654,18,11.6691,0,0,27765074873
39.1345,25.5529,3.31288,63,57,57,800,2800,0.476654,18,11.6691,0,0,27790626871
37.2232,26.865,3.31288,63,57,57,800,2800,0.476654,18,11.6691,0,0,27817492983
40.6354,24.6091,3.31288,63,57,57,800,2800,0.476654,18,11.6691,0,0,27842101051
37.4173,26.7256,3.31288,63,57,57,800,2800,0.476654,18,11.6691,0,0,27868828643
38.6715,25.8588,3.31288,63,57,57,800,2800,0.476654,18,11.6691,0,0,27894686335
41.1637,24.2932,3.31288,63,57,57,800,2800,0.476654,18,11.6691,0,0,27918981736
37.0593,26.9837,3.31288,63,57,57,800,2800,0.476654,18,11.6691,0,0,27945965058
39.2375,25.4858,3.31288,63,57,57,800,2800,0.476654,18,11.6691,0,0,27971454238
38.6608,25.866,3.44828,63,60,56,800,2800,0.476654,9,11.6685,0,0,27997317800
39.6574,25.216,3.44828,63,60,56,800,2800,0.476654,9,11.6685,0,0,28022533458
37.2168,26.8696,3.44828,63,60,56,800,2800,0.476654,9,11.6685,0,0,28049403718
41.0886,24.3376,3.44828,63,60,56,800,2800,0.476654,9,11.6685,0,0,28073740607
37.6202,26.5814,3.44828,63,60,56,800,2800,0.476654,9,11.6685,0,0,28100324380
35.8582,27.8876,3.44828,63,60,56,800,2800,0.476654,9,11.6685,0,0,28128210956
27.1794,36.7926,3.44828,63,60,56,800,2800,0.476654,9,11.6685,0,0,28165002762
49.1647,20.3398,3.44828,63,60,56,800,2800,0.476654,9,11.6685,0,0,28185345250
48.4659,20.6331,3.44828,63,60,56,800,2800,0.476654,9,11.6685,0,0,28205976170
39.6027,25.2508,3.44828,63,60,56,800,2800,0.476654,9,11.6685,0,0,28231230259
37.8853,26.3955,3.44828,63,60,56,800,2800,0.476654,9,11.6685,0,0,28257623424
38.8189,25.7607,3.44828,63,60,56,800,2800,0.476654,9,11.6685,0,0,28283385546
39.1019,25.5742,3.44828,63,60,56,800,2800,0.476654,9,11.6685,0,0,28308960658
38.705,25.8364,3.44828,63,60,56,800,2800,0.476654,9,11.6685,0,0,28334797189
38.9056,25.7033,3.44828,63,60,56,800,2800,0.476654,9,11.6685,0,0,28360499930
39.1007,25.575,3.44828,63,60,56,800,2800,0.476654,9,11.6685,0,0,28386076684
38.5522,25.9389,3.44828,63,60,56,800,2800,0.476654,9,11.6685,0,0,28412015588
38.7812,25.7857,3.44828,63,60,56,800,2800,0.476654,9,11.6685,0,0,28437801003
38.4432,26.0124,3.44828,63,60,56,800,2800,0.476654,9,11.6685,0,0,28463814146
38.6109,25.8994,3.44828,63,60,56,800,2800,0.476654,9,11.6685,0,0,28489716821
39.0704,25.5948,3.30477,63,59,57,800,2800,0.476654,13,11.673,0,0,28515309776
39.4318,25.3603,3.30477,63,59,57,800,2800,0.476654,13,11.673,0,0,28540669474
39.1103,25.5687,3.30477,63,59,57,800,2800,0.476654,13,11.673,0,0,28566238774
38.8878,25.715,3.30477,63,59,57,800,2800,0.476654,13,11.673,0,0,28591954168
38.8093,25.767,3.30477,63,59,57,800,2800,0.476654,13,11.673,0,0,28617720859
38.1162,26.2355,3.30477,63,59,57,800,2800,0.476654,13,11.673,0,0,28643956579
38.2994,26.11,3.30477,63,59,57,800,2800,0.476654,13,11.673,0,0,28670068517
38.1351,26.2225,3.30477,63,59,57,800,2800,0.476654,13,11.673,0,0,28696290732
40.8113,24.503,3.30477,63,59,57,800,2800,0.476654,13,11.673,0,0,28720795205
38.3767,26.0575,3.30477,63,59,57,800,2800,0.476654,13,11.673,0,0,28746852531
38.4578,26.0025,3.30477,63,59,57,800,2800,0.476654,13,11.673,0,0,28772854052
38.7849,25.7833,3.30477,63,59,57,800,2800,0.476654,13,11.673,0,0,28798639117
39.4245,25.3649,3.30477,63,59,57,800,2800,0.476654,13,11.673,0,0,28824003894
38.4213,26.0272,3.30477,63,59,57,800,2800,0.476654,13,11.673,0,0,28850031914
39.2422,25.4828,3.30477,63,59,57,800,2800,0.476654,13,11.673,0,0,28875513740
39.187,25.5187,3.30477,63,59,57,800,2800,0.476654,13,11.673,0,0,28901033197
39.2629,25.4694,3.30477,63,59,57,800,2800,0.476654,13,11.673,0,0,28926502580
37.4195,26.724,3.30477,63,59,57,800,2800,0.476654,13,11.673,0,0,28953228329
39.1462,25.5452,3.30477,63,59,57,800,2800,0.476654,13,11.673,0,0,28978773384
39.3004,25.445,3.30477,63,59,57,800,2800,0.476654,13,11.673,0,0,29004220005
39.3974,25.3824,3.57583,63,59,57,800,2800,0.476658,13,11.6736,0,0,29029601162
39.5045,25.3136,3.57583,63,59,57,800,2800,0.476658,13,11.6736,0,0,29054914372
37.0555,26.9865,3.57583,63,59,57,800,2800,0.476658,13,11.6736,0,0,29081902804
39.1293,25.5563,3.57583,63,59,57,800,2800,0.476658,13,11.6736,0,0,29107458950
38.9028,25.7051,3.57583,63,59,57,800,2800,0.476658,13,11.6736,0,0,29133164796
39.5937,25.2566,3.57583,63,59,57,800,2800,0.476658,13,11.6736,0,0,29158420749
37.5146,26.6563,3.57583,63,59,57,800,2800,0.476658,13,11.6736,0,0,29185078420
31.1455,32.1073,3.57583,63,59,57,800,2800,0.476658,13,11.6736,0,0,29217184339
31.0183,32.239,3.57583,63,59,57,800,2800,0.476658,13,11.6736,0,0,29249424559
47.5736,21.0201,3.57583,63,59,57,800,2800,0.476658,13,11.6736,0,0,29270446332
47.3355,21.1258,3.57583,63,59,57,800,2800,0.476658,13,11.6736,0,0,29291569564
42.1653,23.7162,3.57583,63,59,57,800,2800,0.476658,13,11.6736,0,0,29315288054
39.4656,25.3385,3.57583,63,59,57,800,2800,0.476658,13,11.6736,0,0,29340626802
38.8713,25.7259,3.57583,63,59,57,800,2800,0.476658,13,11.6736,0,0,29366354509
39.5981,25.2537,3.57583,63,59,57,800,2800,0.476658,13,11.6736,0,0,29391606725
38.2522,26.1423,3.57583,63,59,57,800,2800,0.476658,13,11.6736,0,0,29417751044
39.4277,25.3629,3.57583,63,59,57,800,2800,0.476658,13,11.6736,0,0,29443113997
38.3131,26.1008,3.57583,63,59,57,800,2800,0.476658,13,11.6736,0,0,29469214904
37.8427,26.4252,3.57583,63,59,57,800,2800,0.476658,13,11.6736,0,0,29495640340
39.8258,25.1094,3.57583,63,59,57,800,2800,0.476658,13,11.6736,0,0,29520755609
37.2371,26.855,5.04305,63,60,58,800,2800,0.480099,14,11.6772,0,0,29547604970
41.1111,24.3243,5.04305,63,60,58,800,2800,0.480099,14,11.6772,0,0,29571930017
7.87402,127,5.04305,63,60,58,800,2800,0.480099,14,11.6772,0,0,29698928719
82.0893,12.1819,5.04305,63,60,58,800,2800,0.480099,14,11.6772,0,0,29711110143
38.091,26.2529,5.04305,63,60,58,800,2800,0.480099,14,11.6772,0,0,29737363416
38.9456,25.6768,5.04305,63,60,58,800,2800,0.480099,14,11.6772,0,0,29763040959
41.7415,23.957,5.04305,63,60,58,800,2800,0.480099,14,11.6772,0,0,29786997606
37.8973,26.3871,5.04305,63,60,58,800,2800,0.480099,14,11.6772,0,0,29813392835
38.2476,26.1454,5.04305,63,60,58,800,2800,0.480099,14,11.6772,0,0,29839531804
38.9539,25.6714,5.04305,63,60,58,800,2800,0.480099,14,11.6772,0,0,29865204788
14.2329,70.2598,5.04305,63,60,58,800,2800,0.480099,14,11.6772,0,0,29935469196
30.1719,33.1435,5.04305,63,60,58,800,2800,0.480099,14,11.6772,0,0,29968612019
26.5658,37.6425,5.04305,63,60,58,800,2800,0.480099,14,11.6772,0,0,30006251044
26.2552,38.0876,5.04305,63,60,58,800,2800,0.480099,14,11.6772,0,0,30044340193
27.516,36.3425,7.39394,62,60,56,800,2710,0.480099,19,11.7236,0,0,30080682235
19.9143,50.2152,7.39394,62,60,56,800,2710,0.480099,19,11.7236,0,0,30130896052
27.8195,35.946,7.39394,62,60,56,800,2710,0.480099,19,11.7236,0,0,30166843605
19.6582,50.8693,7.39394,62,60,56,800,2710,0.480099,19,11.7236,0,0,30217711568
14.9735,66.7849,7.39394,62,60,56,800,2710,0.480099,19,11.7236,0,0,30284497522
21.0459,47.5153,7.39394,62,60,56,800,2710,0.480099,19,11.7236,0,0,30332012037
28.0379,35.666,7.39394,62,60,56,800,2710,0.480099,19,11.7236,0,0,30367678222
26.5329,37.6891,7.39394,62,60,56,800,2710,0.480099,19,11.7236,0,0,30405367511
26.7836,37.3363,7.39394,62,60,56,800,2710,0.480099,19,11.7236,0,0,30442705021
22.5042,44.4361,7.39394,62,60,56,800,2710,0.480099,19,11.7236,0,0,30487141252
21.4512,46.6174,7.39394,62,60,56,800,2710,0.480099,19,11.7236,0,0,30533758644
27.9962,35.7191,7.39394,62,60,56,800,2710,0.480099,19,11.7236,0,0,30569479742
27.8305,35.9318,13.8889,52,64,57,800,2620,0.481697,18,11.7397,0,0,30605414471
26.2959,38.0287,13.8889,52,64,57,800,2620,0.481697,18,11.7397,0,0,30643438668
27.8919,35.8527,13.8889,52,64,57,800,2620,0.481697,18,11.7397,0,0,30679291273
5.95956,167.798,13.8889,52,64,57,800,2620,0.481697,18,11.7397,0,0,30847089216
24.1123,41.4726,13.8889,52,64,57,800,2620,0.481697,18,11.7397,0,0,30888569395
28.2416,35.4087,13.8889,52,64,57,800,2620,0.481697,18,11.7397,0,0,30923971995
24.0112,41.6473,13.8889,52,64,57,800,2620,0.481697,18,11.7397,0,0,30965619297
27.8305,35.9318,13.8889,52,64,57,800,2620,0.481697,18,11.7397,0,0,31001551401
27.8739,35.8758,13.8889,52,64,57,800,2620,0.481697,18,11.7397,0,0,31037428301
26.9861,37.0561,13.8889,52,64,57,800,2620,0.481697,18,11.7397,0,0,31074487058
28.3857,35.229,11.0973,41,72,57,800,2440,0.481693,13,11.7287,0,0,31109712747
27.9429,35.7872,11.0973,41,72,57,800,2440,0.481693,13,11.7287,0,0,31145500039
28.2812,35.3592,11.0973,41,72,57,800,2440,0.481693,13,11.7287,0,0,31180859449
27.8058,35.9637,11.0973,41,72,57,800,2440,0.481693,13,11.7287,0,0,31216823383
27.6423,36.1764,11.0973,41,72,57,800,2440,0.481693,13,11.7287,0,0,31252999584
28.3955,35.2169,11.0973,41,72,57,800,2440,0.481693,13,11.7287,0,0,31288216387
27.7027,36.0976,11.0973,41,72,57,800,2440,0.481693,13,11.7287,0,0,31324314362
28.0194,35.6896,11.0973,41,72,57,800,2440,0.481693,13,11.7287,0,0,31360004111
28.2273,35.4267,11.0973,41,72,57,800,2440,0.481693,13,11.7287,0,0,31395430977
27.0631,36.9507,11.0973,41,72,57,800,2440,0.481693,13,11.7287,0,0,31432381772
26.8704,37.2156,11.0973,41,72,57,800,2440,0.481693,13,11.7287,0,0,31469599266
28.2109,35.4473,11.0973,41,72,57,800,2440,0.481693,13,11.7287,0,0,31505045068
27.9905,35.7265,11.0973,41,72,57,800,2440,0.481693,13,11.7287,0,0,31540771726
27.6557,36.1589,11.0973,41,72,57,800,2440,0.481693,13,11.7287,0,0,31576934302
27.5118,36.3481,12.8302,34,73,57,800,2620,0.481693,18,11.7955,0,0,31613278940
27.5308,36.323,12.8302,34,73,57,800,2620,0.481693,18,11.7955,0,0,31649602277
8.08689,123.657,12.8302,34,73,57,800,2620,0.481693,18,11.7955,0,0,31773259243
18.3592,54.4687,12.8302,34,73,57,800,2620,0.481693,18,11.7955,0,0,31827730603
20.0272,49.9321,12.8302,34,73,57,800,2620,0.481693,18,11.7955,0,0,31877662401
34.6467,28.8628,12.8302,34,73,57,800,2620,0.481693,18,11.7955,0,0,31906523535
36.7233,27.2307,12.8302,34,73,57,800,2620,0.481693,18,11.7955,0,0,31933754762
36.6463,27.2879,12.8302,34,73,57,800,2620,0.481693,18,11.7955,0,0,31961043557
39.4458,25.3513,12.8302,34,73,57,800,2620,0.481693,18,11.7955,0,0,31986395319
38.3719,26.0607,12.8302,34,73,57,800,2620,0.481693,18,11.7955,0,0,32012456331
39.4769,25.3313,12.8302,34,73,57,800,2620,0.481693,18,11.7955,0,0,32037788307
39.8412,25.0996,12.8302,34,73,57,800,2620,0.481693,18,11.7955,0,0,32062887015
39.7147,25.1796,12.8302,34,73,57,800,2620,0.481693,18,11.7955,0,0,32088073718
39.0293,25.6218,12.0198,31,76,60,1180,2710,0.480114,21,11.8623,0,0,32113689956
38.1001,26.2466,12.0198,31,76,60,1180,2710,0.480114,21,11.8623,0,0,32139935655
39.2557,25.474,12.0198,31,76,60,1180,2710,0.480114,21,11.8623,0,0,32165409576
38.2898,26.1166,12.0198,31,76,60,1180,2710,0.480114,21,11.8623,0,0,32191526554
34.009,29.404,12.0198,31,76,60,1180,2710,0.480114,21,11.8623,0,0,32220931838
37.212,26.873,12.0198,31,76,60,1180,2710,0.480114,21,11.8623,0,0,32247804653
40.2011,24.8749,12.0198,31,76,60,1180,2710,0.480114,21,11.8623,0,0,32272682436
33.4653,29.8817,12.0198,31,76,60,1180,2710,0.480114,21,11.8623,0,0,32302562891
35.8113,27.9242,12.0198,31,76,60,1180,2710,0.480114,21,11.8623,0,0,32330487639
35.8793,27.8712,12.0198,31,76,60,1180,2710,0.480114,21,11.8623,0,0,32358360078
36.5834,27.3348,12.0198,31,76,60,1180,2710,0.480114,21,11.8623,0,0,32385692916
37.7167,26.5134,12.0198,31,76,60,1180,2710,0.480114,21,11.8623,0,0,32412207789
38.199,26.1787,12.0198,31,76,60,1180,2710,0.480114,21,11.8623,0,0,32438385801
32.8318,30.4583,12.0198,31,76,60,1180,2710,0.480114,21,11.8623,0,0,32468845653
34.9354,28.6243,12.0198,31,76,60,1180,2710,0.480114,21,11.8623,0,0,32497468309
40.1772,24.8898,12.0198,31,76,60,1180,2710,0.480114,21,11.8623,0,0,32522359739
36.0751,27.7199,12.0198,31,76,60,1180,2710,0.480114,21,11.8623,0,0,32550079061
39.9931,25.0043,12.0198,31,76,60,1180,2710,0.480114,21,11.8623,0,0,32575084915
38.3558,26.0717,12.0198,31,76,60,1180,2710,0.480114,21,11.8623,0,0,32601161937
36.1646,27.6513,13.3995,37,82,62,1401,2800,0.481697,24,11.8454,0,0,32628806539
40.6202,24.6183,13.3995,37,82,62,1401,2800,0.481697,24,11.8454,0,0,32653425247
27.1754,36.798,13.3995,37,82,62,1401,2800,0.481697,24,11.8454,0,0,32690223495
34.3674,29.0974,13.3995,37,82,62,1401,2800,0.481697,24,11.8454,0,0,32719320802
37.5873,26.6047,13.3995,37,82,62,1401,2800,0.481697,24,11.8454,0,0,32745925814
38.3761,26.0579,13.3995,37,82,62,1401,2800,0.481697,24,11.8454,0,0,32771984783
44.4922,22.4758,13.3995,37,82,62,1401,2800,0.481697,24,11.8454,0,0,32794461754
29.3911,34.0239,13.3995,37,82,62,1401,2800,0.481697,24,11.8454,0,0,32828484988
40.6405,24.606,13.3995,37,82,62,1401,2800,0.481697,24,11.8454,0,0,32853090582
41.795,23.9263,13.3995,37,82,62,1401,2800,0.481697,24,11.8454,0,0,32877019235
35.7514,27.9709,13.3995,37,82,62,1401,2800,0.481697,24,11.8454,0,0,32904989739
44.1129,22.6691,13.3995,37,82,62,1401,2800,0.481697,24,11.8454,0,0,32927658239
36.6721,27.2687,13.3995,37,82,62,1401,2800,0.481697,24,11.8454,0,0,32954928660
39.7284,25.1709,13.3995,37,82,62,1401,2800,0.481697,24,11.8454,0,0,32980098290
37.2599,26.8385,13.3995,37,82,62,1401,2800,0.481697,24,11.8454,0,0,33006938224
39.3039,25.4427,13.3995,37,82,62,1401,2800,0.481697,24,11.8454,0,0,33032380536
37.6164,26.5842,13.3995,37,82,62,1401,2800,0.481697,24,11.8454,0,0,33058966413
41.7173,23.9709,13.3995,37,82,62,1401,2800,0.481697,24,11.8454,0,0,33082935642
37.5505,26.6308,13.3995,37,82,62,1401,2800,0.481697,24,11.8454,0,0,33109576302
39.975,25.0156,9.57711,48,72,60,1123,2800,0.478256,27,11.8657,0,0,33134583418
40.9348,24.4291,9.57711,48,72,60,1123,2800,0.478256,27,11.8657,0,0,33159014644
36.9355,27.0742,9.57711,48,72,60,1123,2800,0.478256,27,11.8657,0,0,33186086302
39.1474,25.5445,9.57711,48,72,60,1123,2800,0.478256,27,11.8657,0,0,33211630926
37.888,26.3936,9.57711,48,72,60,1123,2800,0.478256,27,11.8657,0,0,33238026496
39.5111,25.3093,9.57711,48,72,60,1123,2800,0.478256,27,11.8657,0,0,33263334767
40.1025,24.9361,9.57711,48,72,60,1123,2800,0.478256,27,11.8657,0,0,33288270519
38.1736,26.1961,9.57711,48,72,60,1123,2800,0.478256,27,11.8657,0,0,33314467436
38.0044,26.3127,9.57711,48,72,60,1123,2800,0.478256,27,11.8657,0,0,33340781353
39.5119,25.3088,9.57711,48,72,60,1123,2800,0.478256,27,11.8657,0,0,33366090405
37.5375,26.6401,9.57711,48,72,60,1123,2800,0.478256,27,11.8657,0,0,33392729893
34.751,28.7761,9.57711,48,72,60,1123,2800,0.478256,27,11.8657,0,0,33421507820
42.3951,23.5876,9.57711,48,72,60,1123,2800,0.478256,27,11.8657,0,0,33445094092
39.9879,25.0076,9.57711,48,72,60,1123,2800,0.478256,27,11.8657,0,0,33470103031
39.9417,25.0365,9.57711,48,72,60,1123,2800,0.478256,27,11.8657,0,0,33495138441
41.274,24.2283,9.57711,48,72,60,1123,2800,0.478256,27,11.8657,0,0,33519368710
37.5038,26.664,9.57711,48,72,60,1123,2800,0.478256,27,11.8657,0,0,33546032893
38.8545,25.7371,9.57711,48,72,60,1123,2800,0.478256,27,11.8657,0,0,33571770469
37.6813,26.5384,9.57711,48,72,60,1123,2800,0.478256,27,11.8657,0,0,33598307424
38.3523,26.0741,9.57711,48,72,60,1123,2800,0.478256,27,11.8657,0,0,33624389667
39.3448,25.4163,4.92611,55,74,59,1012,2800,0.478256,17,11.8655,0,0,33649800149
38.0745,26.2643,4.92611,55,74,59,1012,2800,0.478256,17,11.8655,0,0,33676064774
38.1451,26.2157,4.92611,55,74,59,1012,2800,0.478256,17,11.8655,0,0,33702279715
41.2618,24.2355,4.92611,55,74,59,1012,2800,0.478256,17,11.8655,0,0,33726515013
38.1469,26.2144,4.92611,55,74,59,1012,2800,0.478256,17,11.8655,0,0,33752730436
31.6812,31.5644,4.92611,55,74,59,1012,2800,0.478256,17,11.8655,0,0,33784293686
35.0786,28.5074,4.92611,55,74,59,1012,2800,0.478256,17,11.8655,0,0,33812803241
40.1499,24.9067,4.92611,55,74,59,1012,2800,0.478256,17,11.8655,0,0,33837709337
38.1676,26.2002,4.92611,55,74,59,1012,2800,0.478256,17,11.8655,0,0,33863909972
41.2999,24.2131,4.92611,55,74,59,1012,2800,0.478256,17,11.8655,0,0,33888123610
40.045,24.9719,4.92611,55,74,59,1012,2800,0.478256,17,11.8655,0,0,33913094849
38.4086,26.0358,4.92611,55,74,59,1012,2800,0.478256,17,11.8655,0,0,33939130754
40.2017,24.8745,4.92611,55,74,59,1012,2800,0.478256,17,11.8655,0,0,33964005923
41.2554,24.2393,4.92611,55,74,59,1012,2800,0.478256,17,11.8655,0,0,33988246591
38.4368,26.0167,4.92611,55,74,59,1012,2800,0.478256,17,11.8655,0,0,34014262660
34.2562,29.1918,4.92611,55,74,59,1012,2800,0.478256,17,11.8655,0,0,34043454934
40.4757,24.7062,4.92611,55,74,59,1012,2800,0.478256,17,11.8655,0,0,34068161266
37.2261,26.8629,4.92611,55,74,59,1012,2800,0.478256,17,11.8655,0,0,34095023531
40.5332,24.6711,4.92611,55,74,59,1012,2800,0.478256,17,11.8655,0,0,34119695830
37.6312,26.5737,4.92611,55,74,59,1012,2800,0.478256,17,11.8655,0,0,34146270726
39.7053,25.1855,6.74699,60,64,61,1172,2800,0.478256,17,11.8626,0,0,34171455485
38.7364,25.8155,6.74699,60,64,61,1172,2800,0.478256,17,11.8626,0,0,34197271288
33.0387,30.2675,6.74699,60,64,61,1172,2800,0.478256,17,11.8626,0,0,34227539841
28.3395,35.2865,6.74699,60,64,61,1172,2800,0.478256,17,11.8626,0,0,34262825252
38.6711,25.8591,6.74699,60,64,61,1172,2800,0.478256,17,11.8626,0,0,34288684275
35.7911,27.9399,6.74699,60,64,61,1172,2800,0.478256,17,11.8626,0,0,34316625604
37.2833,26.8217,6.74699,60,64,61,1172,2800,0.478256,17,11.8626,0,0,34343447734
39.8217,25.1119,6.74699,60,64,61,1172,2800,0.478256,17,11.8626,0,0,34368560698
37.9587,26.3444,6.74699,60,64,61,1172,2800,0.478256,17,11.8626,0,0,34394904451
40.5465,24.6631,6.74699,60,64,61,1172,2800,0.478256,17,11.8626,0,0,34419567632
37.4704,26.6877,6.74699,60,64,61,1172,2800,0.478256,17,11.8626,0,0,34446255420
39.8533,25.092,6.74699,60,64,61,1172,2800,0.478256,17,11.8626,0,0,34471347976
38.0822,26.259,6.74699,60,64,61,1172,2800,0.478256,17,11.8626,0,0,34497606469
40.7856,24.5184,6.74699,60,64,61,1172,2800,0.478256,17,11.8626,0,0,34522126903
38.2641,26.1342,6.74699,60,64,61,1172,2800,0.478256,17,11.8626,0,0,34548260151
27.6606,36.1526,6.74699,60,64,61,1172,2800,0.478256,17,11.8626,0,0,34584413179
36.4237,27.4547,6.74699,60,64,61,1172,2800,0.478256,17,11.8626,0,0,34611869027
38.729,25.8204,6.74699,60,64,61,1172,2800,0.478256,17,11.8626,0,0,34637687725
39.6082,25.2473,6.74699,60,64,61,1172,2800,0.478256,17,11.8626,0,0,34662938047
39.6297,25.2336,7.09046,63,62,60,1081,2800,0.478256,15,11.8623,0,0,34688170225
41.2048,24.269,7.09046,63,62,60,1081,2800,0.478256,15,11.8623,0,0,34712446932
40.6623,24.5928,7.09046,63,62,60,1081,2800,0.478256,15,11.8623,0,0,34737032908
37.2922,26.8153,7.09046,63,62,60,1081,2800,0.478256,15,11.8623,0,0,34763846863
41.3325,24.194,7.09046,63,62,60,1081,2800,0.478256,15,11.8623,0,0,34788042136
37.6948,26.5289,7.09046,63,62,60,1081,2800,0.478256,15,11.8623,0,0,34814570265
40.3548,24.7802,7.09046,63,62,60,1081,2800,0.478256,15,11.8623,0,0,34839352219
38.81,25.7665,7.09046,63,62,60,1081,2800,0.478256,15,11.8623,0,0,34865118007
33.3703,29.9668,7.09046,63,62,60,1081,2800,0.478256,15,11.8623,0,0,34895086017
39.8557,25.0905,7.09046,63,62,60,1081,2800,0.478256,15,11.8623,0,0,34920174986
38.5088,25.9681,7.09046,63,62,60,1081,2800,0.478256,15,11.8623,0,0,34946143916
39.9007,25.0622,7.09046,63,62,60,1081,2800,0.478256,15,11.8623,0,0,34971205905
40.6161,24.6208,7.09046,63,62,60,1081,2800,0.478256,15,11.8623,0,0,34995827398
38.2,26.178,7.09046,63,62,60,1081,2800,0.478256,15,11.8623,0,0,35022006793
38.1334,26.2237,7.09046,63,62,60,1081,2800,0.478256,15,11.8623,0,0,35048229188
40.2566,24.8406,7.09046,63,62,60,1081,2800,0.478256,15,11.8623,0,0,35073072346
38.3226,26.0943,7.09046,63,62,60,1081,2800,0.478256,15,11.8623,0,0,35099165820
38.3577,26.0704,7.09046,63,62,60,1081,2800,0.478256,15,11.8623,0,0,35125237132
40.1775,24.8896,7.09046,63,62,60,1081,2800,0.478256,15,11.8623,0,0,35150124894
36.5348,27.3711,7.09046,63,62,60,1081,2800,0.478256,15,11.8623,0,0,35177504118
40.2423,24.8495,6.15764,65,64,60,1044,2800,0.479366,23,11.8651,0,0,35202347197
27.6752,36.1334,6.15764,65,64,60,1044,2800,0.479366,23,11.8651,0,0,35238480738
38.3785,26.0563,6.15764,65,64,60,1044,2800,0.479366,23,11.8651,0,0,35264537002
40.6043,24.6279,6.15764,65,64,60,1044,2800,0.479366,23,11.8651,0,0,35289166450
37.9773,26.3316,6.15764,65,64,60,1044,2800,0.479366,23,11.8651,0,0,35315496417
39.8633,25.0857,6.15764,65,64,60,1044,2800,0.479366,23,11.8651,0,0,35340582501
42.1141,23.745,6.15764,65,64,60,1044,2800,0.479366,23,11.8651,0,0,35364328522
38.1495,26.2126,6.15764,65,64,60,1044,2800,0.479366,23,11.8651,0,0,35390541429
36.5373,27.3693,6.15764,65,64,60,1044,2800,0.479366,23,11.8651,0,0,35417910144
40.2757,24.8289,6.15764,65,64,60,1044,2800,0.479366,23,11.8651,0,0,35442740860
37.7711,26.4753,6.15764,65,64,60,1044,2800,0.479366,23,11.8651,0,0,35469215267
39.2338,25.4882,6.15764,65,64,60,1044,2800,0.479366,23,11.8651,0,0,35494704417
39.5271,25.2991,6.15764,65,64,60,1044,2800,0.479366,23,11.8651,0,0,35520002870
38.1079,26.2413,6.15764,65,64,60,1044,2800,0.479366,23,11.8651,0,0,35546244832
40.3405,24.789,6.15764,65,64,60,1044,2800,0.479366,23,11.8651,0,0,35571033678
36.9159,27.0886,6.15764,65,64,60,1044,2800,0.479366,23,11.8651,0,0,35598122198
40.7034,24.568,6.15764,65,64,60,1044,2800,0.479366,23,11.8651,0,0,35622690180
37.7348,26.5007,6.15764,65,64,60,1044,2800,0.479366,23,11.8651,0,0,35649191459
40.3115,24.8068,6.15764,65,64,60,1044,2800,0.479366,23,11.8651,0,0,35673998750
38.3889,26.0492,6.15764,65,64,60,1044,2800,0.479366,23,11.8651,0,0,35700052369
37.4368,26.7117,5.79011,66,66,60,1087,2800,0.479366,18,11.8716,0,0,35726759713
37.6399,26.5675,5.79011,66,66,60,1087,2800,0.479366,18,11.8716,0,0,35753328217
37.9098,26.3784,5.79011,66,66,60,1087,2800,0.479366,18,11.8716,0,0,35779706695
41.8813,23.877,5.79011,66,66,60,1087,2800,0.479366,18,11.8716,0,0,35803583281
38.1689,26.1994,5.79011,66,66,60,1087,2800,0.479366,18,11.8716,0,0,35829784527
41.9795,23.8211,5.79011,66,66,60,1087,2800,0.479366,18,11.8716,0,0,35853604737
38.2826,26.1215,5.79011,66,66,60,1087,2800,0.479366,18,11.8716,0,0,35879725642
38.3256,26.0923,5.79011,66,66,60,1087,2800,0.479366,18,11.8716,0,0,35905819366
39.6532,25.2186,5.79011,66,66,60,1087,2800,0.479366,18,11.8716,0,0,35931036826
38.5329,25.9518,5.79011,66,66,60,1087,2800,0.479366,18,11.8716,0,0,35956990597
37.9052,26.3816,5.79011,66,66,60,1087,2800,0.479366,18,11.8716,0,0,35983371760
33.314,30.0174,5.79011,66,66,60,1087,2800,0.479366,18,11.8716,0,0,36013389653
40.859,24.4744,5.79011,66,66,60,1087,2800,0.479366,18,11.8716,0,0,36037865112
37.4294,26.717,5.79011,66,66,60,1087,2800,0.479366,18,11.8716,0,0,36064580572
42.7396,23.3975,5.79011,66,66,60,1087,2800,0.479366,18,11.8716,0,0,36087980284
38.5207,25.9601,5.79011,66,66,60,1087,2800,0.479366,18,11.8716,0,0,36113938774
40.3442,24.7867,5.79011,66,66,60,1087,2800,0.479366,18,11.8716,0,0,36138726178
38.0238,26.2993,5.79011,66,66,60,1087,2800,0.479366,18,11.8716,0,0,36165027261
41.6043,24.036,5.79011,66,66,60,1087,2800,0.479366,18,11.8716,0,0,36189063506
37.3711,26.7586,5.79011,66,66,60,1087,2800,0.479366,18,11.8716,0,0,36215826525
40.3944,24.7559,6.23472,67,67,60,1092,2800,0.479366,19,11.8761,0,0,36240578002
36.3397,27.5181,6.23472,67,67,60,1092,2800,0.479366,19,11.8761,0,0,36268095706
42.044,23.7846,6.23472,67,67,60,1092,2800,0.479366,19,11.8761,0,0,36291881211
34.0987,29.3266,6.23472,67,67,60,1092,2800,0.479366,19,11.8761,0,0,36321207397
40.5773,24.6443,6.23472,67,67,60,1092,2800,0.479366,19,11.8761,0,0,36345851793
37.0682,26.9773,6.23472,67,67,60,1092,2800,0.479366,19,11.8761,0,0,36372831328
43.2003,23.148,6.23472,67,67,60,1092,2800,0.479366,19,11.8761,0,0,36395976913
39.0362,25.6172,6.23472,67,67,60,1092,2800,0.479366,19,11.8761,0,0,36421595977
39.3681,25.4013,6.23472,67,67,60,1092,2800,0.479366,19,11.8761,0,0,36446996280
39.2164,25.4995,6.23472,67,67,60,1092,2800,0.479366,19,11.8761,0,0,36472497353
34.2127,29.2289,6.23472,67,67,60,1092,2800,0.479366,19,11.8761,0,0,36501724984
41.5708,24.0553,6.23472,67,67,60,1092,2800,0.479366,19,11.8761,0,0,36525781587
36.8229,27.157,6.23472,67,67,60,1092,2800,0.479366,19,11.8761,0,0,36552939246
37.9598,26.3436,6.23472,67,67,60,1092,2800,0.479366,19,11.8761,0,0,36579282428
35.3966,28.2513,6.23472,67,67,60,1092,2800,0.479366,19,11.8761,0,0,36607535892
35.6469,28.0529,6.23472,67,67,60,1092,2800,0.479366,19,11.8761,0,0,36635586576
38.8492,25.7406,6.23472,67,67,60,1092,2800,0.479366,19,11.8761,0,0,36661328520
33.3255,30.0071,6.23472,67,67,60,1092,2800,0.479366,19,11.8761,0,0,36691335682
35.595,28.0939,6.23472,67,67,60,1092,2800,0.479366,19,11.8761,0,0,36719433575
37.9621,26.3421,10.1631,68,69,63,1587,2800,0.480965,13,11.9691,0,0,36745773801
38.0742,26.2645,10.1631,68,69,63,1587,2800,0.480965,13,11.9691,0,0,36772037724
31.3211,31.9274,10.1631,68,69,63,1587,2800,0.480965,13,11.9691,0,0,36803963605
42.9992,23.2562,10.1631,68,69,63,1587,2800,0.480965,13,11.9691,0,0,36827221410
35.6369,28.0608,10.1631,68,69,63,1587,2800,0.480965,13,11.9691,0,0,36855282834
43.431,23.025,10.1631,68,69,63,1587,2800,0.480965,13,11.9691,0,0,36878307122
35.6864,28.0219,10.1631,68,69,63,1587,2800,0.480965,13,11.9691,0,0,36906329312
43.5451,22.9647,10.1631,68,69,63,1587,2800,0.480965,13,11.9691,0,0,36929293517
34.8692,28.6786,10.1631,68,69,63,1587,2800,0.480965,13,11.9691,0,0,36957973732
35.5238,28.1502,10.1631,68,69,63,1587,2800,0.480965,13,11.9691,0,0,36986122750
42.1415,23.7296,10.1631,68,69,63,1587,2800,0.480965,13,11.9691,0,0,37009852049
30.0821,33.2424,10.1631,68,69,63,1587,2800,0.480965,13,11.9691,0,0,37043094850
37.0691,26.9766,10.1631,68,69,63,1587,2800,0.480965,13,11.9691,0,0,37070072101
26.4429,37.8173,10.1631,68,69,63,1587,2800,0.480965,13,11.9691,0,0,37107889210
33.8423,29.5488,10.1631,68,69,63,1587,2800,0.480965,13,11.9691,0,0,37137439275
37.7715,26.475,10.1631,68,69,63,1587,2800,0.480965,13,11.9691,0,0,37163913663
34.1891,29.2491,10.1631,68,69,63,1587,2800,0.480965,13,11.9691,0,0,37193162243
37.6226,26.5798,10.1631,68,69,63,1587,2800,0.480965,13,11.9691,0,0,37219746166
39.528,25.2985,7.30479,69,62,62,1428,2800,0.480968,25,12.2361,0,0,37245042895
35.0688,28.5154,7.30479,69,62,62,1428,2800,0.480968,25,12.2361,0,0,37273559082
33.1396,30.1754,7.30479,69,62,62,1428,2800,0.480968,25,12.2361,0,0,37303735983
35.0478,28.5325,7.30479,69,62,62,1428,2800,0.480968,25,12.2361,0,0,37332266547
36.257,27.5809,7.30479,69,62,62,1428,2800,0.480968,25,12.2361,0,0,37359847099
40.561,24.6542,7.30479,69,62,62,1428,2800,0.480968,25,12.2361,0,0,37384502996
38.3258,26.0921,7.30479,69,62,62,1428,2800,0.480968,25,12.2361,0,0,37410593544
38.1318,26.2248,7.30479,69,62,62,1428,2800,0.480968,25,12.2361,0,0,37436822762
43.8434,22.8085,7.30479,69,62,62,1428,2800,0.480968,25,12.2361,0,0,37459630023
35.2765,28.3475,7.30479,69,62,62,1428,2800,0.480968,25,12.2361,0,0,37487975920
40.8252,24.4947,7.30479,69,62,62,1428,2800,0.480968,25,12.2361,0,0,37512470746
36.9182,27.0869,7.30479,69,62,62,1428,2800,0.480968,25,12.2361,0,0,37539561158
40.7916,24.5148,7.30479,69,62,62,1428,2800,0.480968,25,12.2361,0,0,37564073857
32.8179,30.4712,7.30479,69,62,62,1428,2800,0.480968,25,12.2361,0,0,37594545782
40.1277,24.9204,7.30479,69,62,62,1428,2800,0.480968,25,12.2361,0,0,37619466476
35.7553,27.9679,7.30479,69,62,62,1428,2800,0.480968,25,12.2361,0,0,37647434875
31.5883,31.6573,7.30479,69,62,62,1428,2800,0.480968,25,12.2361,0,0,37679091692
39.8586,25.0887,7.30479,69,62,62,1428,2800,0.480968,25,12.2361,0,0,37704181062
40.7596,24.5341,7.30479,69,62,62,1428,2800,0.480968,25,12.2361,0,0,37728722234
37.3997,26.7382,7.74032,69,67,63,1748,2800,0.479973,22,12.2677,0,0,37755452572
38.4152,26.0314,7.74032,69,67,63,1748,2800,0.479973,22,12.2677,0,0,37781486293
39.9116,25.0554,7.74032,69,67,63,1748,2800,0.479973,22,12.2677,0,0,37806540447
41.1188,24.3198,7.74032,69,67,63,1748,2800,0.479973,22,12.2677,0,0,37830861557
39.0528,25.6064,7.74032,69,67,63,1748,2800,0.479973,22,12.2677,0,0,37856466895
37.9487,26.3514,7.74032,69,67,63,1748,2800,0.479973,22,12.2677,0,0,37882818633
39.8647,25.0848,7.74032,69,67,63,1748,2800,0.479973,22,12.2677,0,0,37907906069
40.6421,24.605,7.74032,69,67,63,1748,2800,0.479973,22,12.2677,0,0,37932509519
36.5488,27.3607,7.74032,69,67,63,1748,2800,0.479973,22,12.2677,0,0,37959872954
39.4523,25.3471,7.74032,69,67,63,1748,2800,0.479973,22,12.2677,0,0,37985217553
39.0319,25.6201,7.74032,69,67,63,1748,2800,0.479973,22,12.2677,0,0,38010840183
36.317,27.5353,7.74032,69,67,63,1748,2800,0.479973,22,12.2677,0,0,38038373557
39.5888,25.2597,7.74032,69,67,63,1748,2800,0.479973,22,12.2677,0,0,38063634569
38.9412,25.6798,7.74032,69,67,63,1748,2800,0.479973,22,12.2677,0,0,38089313675
39.9918,25.0051,7.74032,69,67,63,1748,2800,0.479973,22,12.2677,0,0,38114320631
36.7633,27.2011,7.74032,69,67,63,1748,2800,0.479973,22,12.2677,0,0,38141522643
40.4272,24.7358,7.74032,69,67,63,1748,2800,0.479973,22,12.2677,0,0,38166257128
38.0184,26.303,7.74032,69,67,63,1748,2800,0.479973,22,12.2677,0,0,38192561016
40.2118,24.8683,7.74032,69,67,63,1748,2800,0.479973,22,12.2677,0,0,38217428180
37.7928,26.4601,7.74032,69,67,63,1748,2800,0.479973,22,12.2677,0,0,38243895414
42.8891,23.316,6.87117,69,67,62,1805,2800,0.479973,22,12.2776,0,0,38267205648
30.0196,33.3115,6.87117,69,67,62,1805,2800,0.479973,22,12.2776,0,0,38300519692
34.1609,29.2733,6.87117,69,67,62,1805,2800,0.479973,22,12.2776,0,0,38329793109
33.726,29.6507,6.87117,69,67,62,1805,2800,0.479973,22,12.2776,0,0,38359445586
33.758,29.6226,6.87117,69,67,62,1805,2800,0.479973,22,12.2776,0,0,38389067116
34.2485,29.1983,6.87117,69,67,62,1805,2800,0.479973,22,12.2776,0,0,38418264189
30.9581,32.3017,6.87117,69,67,62,1805,2800,0.479973,22,12.2776,0,0,38450568159
33.2437,30.0809,6.87117,69,67,62,1805,2800,0.479973,22,12.2776,0,0,38480648620
37.2969,26.8119,6.87117,69,67,62,1805,2800,0.479973,22,12.2776,0,0,38507459098
38.0756,26.2636,6.87117,69,67,62,1805,2800,0.479973,22,12.2776,0,0,38533722500
39.0224,25.6263,6.87117,69,67,62,1805,2800,0.479973,22,12.2776,0,0,38559350941
37.5271,26.6474,6.87117,69,67,62,1805,2800,0.479973,22,12.2776,0,0,38585997421
34.8126,28.7252,6.87117,69,67,62,1805,2800,0.479973,22,12.2776,0,0,38614723542
33.9369,29.4665,6.87117,69,67,62,1805,2800,0.479973,22,12.2776,0,0,38644189519
33.5338,29.8206,6.87117,69,67,62,1805,2800,0.479973,22,12.2776,0,0,38674012587
31.5119,31.7341,6.87117,69,67,62,1805,2800,0.479973,22,12.2776,0,0,38705745656
38.044,26.2853,6.87117,69,67,62,1805,2800,0.479973,22,12.2776,0,0,38732031400
34.4104,29.061,6.87117,69,67,62,1805,2800,0.479973,22,12.2776,0,0,38761097598
37.3369,26.7832,9.3674,70,66,63,1839,2800,0.479973,25,12.2986,0,0,38787875626
37.0506,26.9901,9.3674,70,66,63,1839,2800,0.479973,25,12.2986,0,0,38814865280
37.2431,26.8506,9.3674,70,66,63,1839,2800,0.479973,25,12.2986,0,0,38841717676
38.3331,26.0871,9.3674,70,66,63,1839,2800,0.479973,25,12.2986,0,0,38867806070
37.1563,26.9133,9.3674,70,66,63,1839,2800,0.479973,25,12.2986,0,0,38894720032
39.2981,25.4465,9.3674,70,66,63,1839,2800,0.479973,25,12.2986,0,0,38920164228
35.6002,28.0897,9.3674,70,66,63,1839,2800,0.479973,25,12.2986,0,0,38948255918
36.984,27.0387,9.3674,70,66,63,1839,2800,0.479973,25,12.2986,0,0,38975294464
37.4845,26.6777,9.3674,70,66,63,1839,2800,0.479973,25,12.2986,0,0,39001971862
38.7984,25.7743,9.3674,70,66,63,1839,2800,0.479973,25,12.2986,0,0,39027746969
35.7494,27.9725,9.3674,70,66,63,1839,2800,0.479973,25,12.2986,0,0,39055718654
35.914,27.8443,9.3674,70,66,63,1839,2800,0.479973,25,12.2986,0,0,39083564744
37.4494,26.7027,9.3674,70,66,63,1839,2800,0.479973,25,12.2986,0,0,39110286596
37.433,26.7144,9.3674,70,66,63,1839,2800,0.479973,25,12.2986,0,0,39136982109
40.5149,24.6823,9.3674,70,66,63,1839,2800,0.479973,25,12.2986,0,0,39161665628
37.0692,26.9766,9.3674,70,66,63,1839,2800,0.479973,25,12.2986,0,0,39188639993
41.5019,24.0953,9.3674,70,66,63,1839,2800,0.479973,25,12.2986,0,0,39212737664
36.0881,27.71,9.3674,70,66,63,1839,2800,0.479973,25,12.2986,0,0,39240446066
40.998,24.3914,9.3674,70,66,63,1839,2800,0.479973,25,12.2986,0,0,39264842336
35.1813,28.4242,8.09464,69,66,63,1943,2800,0.479973,23,12.3317,0,0,39293262112
37.5755,26.6131,8.09464,69,66,63,1943,2800,0.479973,23,12.3317,0,0,39319876071
33.1954,30.1246,8.09464,69,66,63,1943,2800,0.479973,23,12.3317,0,0,39350002688
36.4848,27.4087,8.09464,69,66,63,1943,2800,0.479973,23,12.3317,0,0,39377411148
35.9294,27.8324,8.09464,69,66,63,1943,2800,0.479973,23,12.3317,0,0,39405243271
40.8848,24.459,8.09464,69,66,63,1943,2800,0.479973,23,12.3317,0,0,39429701178
33.8396,29.5511,8.09464,69,66,63,1943,2800,0.479973,23,12.3317,0,0,39459256052
34.1954,29.2437,8.09464,69,66,63,1943,2800,0.479973,23,12.3317,0,0,39488498100
37.596,26.5986,8.09464,69,66,63,1943,2800,0.479973,23,12.3317,0,0,39515097352
35.2784,28.346,8.09464,69,66,63,1943,2800,0.479973,23,12.3317,0,0,39543444953
35.6611,28.0418,8.09464,69,66,63,1943,2800,0.479973,23,12.3317,0,0,39571485447
38.7254,25.8229,8.09464,69,66,63,1943,2800,0.479973,23,12.3317,0,0,39597309956
33.7616,29.6195,8.09464,69,66,63,1943,2800,0.479973,23,12.3317,0,0,39626928190
36.2733,27.5685,8.09464,69,66,63,1943,2800,0.479973,23,12.3317,0,0,39654497581
35.7498,27.9722,8.09464,69,66,63,1943,2800,0.479973,23,12.3317,0,0,39682469376
36.1348,27.6741,8.09464,69,66,63,1943,2800,0.479973,23,12.3317,0,0,39710146039
35.1366,28.4604,8.09464,69,66,63,1943,2800,0.479973,23,12.3317,0,0,39738604818
38.4186,26.0291,8.09464,69,66,63,1943,2800,0.479973,23,12.3317,0,0,39764634822
35.4218,28.2312,8.09464,69,66,63,1943,2800,0.479973,23,12.3317,0,0,39792872917
35.7696,27.9567,12.8144,70,67,66,2577,2800,0.483219,27,12.3508,0,0,39820823293
35.1972,28.4114,12.8144,70,67,66,2577,2800,0.483219,27,12.3508,0,0,39849232669
37.6425,26.5657,12.8144,70,67,66,2577,2800,0.483219,27,12.3508,0,0,39875800192
34.166,29.2689,12.8144,70,67,66,2577,2800,0.483219,27,12.3508,0,0,39905070543
40.7802,24.5217,12.8144,70,67,66,2577,2800,0.483219,27,12.3508,0,0,39929591597
29.2985,34.1314,12.8144,70,67,66,2577,2800,0.483219,27,12.3508,0,0,39963725489
29.3428,34.0799,12.8144,70,67,66,2577,2800,0.483219,27,12.3508,0,0,39997805179
29.8601,33.4895,12.8144,70,67,66,2577,2800,0.483219,27,12.3508,0,0,40031295634
34.244,29.2022,12.8144,70,67,66,2577,2800,0.483219,27,12.3508,0,0,40060497186
35.115,28.4779,12.8144,70,67,66,2577,2800,0.483219,27,12.3508,0,0,40088974349
36.214,27.6137,12.8144,70,67,66,2577,2800,0.483219,27,12.3508,0,0,40116589246
36.5971,27.3246,12.8144,70,67,66,2577,2800,0.483219,27,12.3508,0,0,40143914399
37.031,27.0044,12.8144,70,67,66,2577,2800,0.483219,27,12.3508,0,0,40170916727
39.9934,25.0041,12.8144,70,67,66,2577,2800,0.483219,27,12.3508,0,0,40195920707
38.6529,25.8713,12.8144,70,67,66,2577,2800,0.483219,27,12.3508,0,0,40221792725
39.6589,25.215,12.8144,70,67,66,2577,2800,0.483219,27,12.3508,0,0,40247009284
35.3606,28.2801,12.8144,70,67,66,2577,2800,0.483219,27,12.3508,0,0,40275290360
37.9075,26.38,12.8144,70,67,66,2577,2800,0.483219,27,12.3508,0,0,40301678205
38.9977,25.6425,16.9554,71,69,66,2545,2800,0.483219,34,12.3666,0,0,40327313239
39.2396,25.4844,16.9554,71,69,66,2545,2800,0.483219,34,12.3666,0,0,40352798051
37.9572,26.3455,16.9554,71,69,66,2545,2800,0.483219,34,12.3666,0,0,40379144298
38.2217,26.1632,16.9554,71,69,66,2545,2800,0.483219,34,12.3666,0,0,40405306881
41.2456,24.245,16.9554,71,69,66,2545,2800,0.483219,34,12.3666,0,0,40429552189
37.4726,26.6861,16.9554,71,69,66,2545,2800,0.483219,34,12.3666,0,0,40456238554
39.8446,25.0975,16.9554,71,69,66,2545,2800,0.483219,34,12.3666,0,0,40481335017
36.8399,27.1445,16.9554,71,69,66,2545,2800,0.483219,34,12.3666,0,0,40508480824
43.1138,23.1944,16.9554,71,69,66,2545,2800,0.483219,34,12.3666,0,0,40531675912
34.4561,29.0224,16.9554,71,69,66,2545,2800,0.483219,34,12.3666,0,0,40560698499
40.8713,24.467,16.9554,71,69,66,2545,2800,0.483219,34,12.3666,0,0,40585164250
38.5152,25.9638,16.9554,71,69,66,2545,2800,0.483219,34,12.3666,0,0,40611129322
39.7516,25.1562,16.9554,71,69,66,2545,2800,0.483219,34,12.3666,0,0,40636287051
41.4538,24.1232,16.9554,71,69,66,2545,2800,0.483219,34,12.3666,0,0,40660409267
35.5763,28.1086,16.9554,71,69,66,2545,2800,0.483219,34,12.3666,0,0,40688517950
39.1829,25.5213,16.9554,71,69,66,2545,2800,0.483219,34,12.3666,0,0,40714040242
38.013,26.3068,16.9554,71,69,66,2545,2800,0.483219,34,12.3666,0,0,40740346685
40.8223,24.4964,16.9554,71,69,66,2545,2800,0.483219,34,12.3666,0,0,40764845287
38.2274,26.1592,16.9554,71,69,66,2545,2800,0.483219,34,12.3666,0,0,40791002841
38.7646,25.7967,16.9554,71,69,66,2545,2800,0.483219,34,12.3666,0,0,40816804166
35.4845,28.1813,6.74847,72,72,62,1210,2800,0.483032,36,12.3979,0,0,40844981808
37.415,26.7273,6.74847,72,72,62,1210,2800,0.483032,36,12.3979,0,0,40871708850
40.6958,24.5725,6.74847,72,72,62,1210,2800,0.483032,36,12.3979,0,0,40896283074
35.2061,28.4042,6.74847,72,72,62,1210,2800,0.483032,36,12.3979,0,0,40924687020
38.9227,25.6919,6.74847,72,72,62,1210,2800,0.483032,36,12.3979,0,0,40950377919
36.0328,27.7525,6.74847,72,72,62,1210,2800,0.483032,36,12.3979,0,0,40978130333
37.4853,26.6771,6.74847,72,72,62,1210,2800,0.483032,36,12.3979,0,0,41004807691
41.7994,23.9238,6.74847,72,72,62,1210,2800,0.483032,36,12.3979,0,0,41028731426
34.6749,28.8393,6.74847,72,72,62,1210,2800,0.483032,36,12.3979,0,0,41057571510
37.93,26.3643,6.74847,72,72,62,1210,2800,0.483032,36,12.3979,0,0,41083935280
36.6341,27.297,6.74847,72,72,62,1210,2800,0.483032,36,12.3979,0,0,41111232851
40.0269,24.9832,6.74847,72,72,62,1210,2800,0.483032,36,12.3979,0,0,41136218517
39.0105,25.6341,6.74847,72,72,62,1210,2800,0.483032,36,12.3979,0,0,41161851367
33.3836,29.9549,6.74847,72,72,62,1210,2800,0.483032,36,12.3979,0,0,41191806843
40.2357,24.8535,6.74847,72,72,62,1210,2800,0.483032,36,12.3979,0,0,41216660471
37.8824,26.3975,6.74847,72,72,62,1210,2800,0.483032,36,12.3979,0,0,41243058085
37.2871,26.8189,6.74847,72,72,62,1210,2800,0.483032,36,12.3979,0,0,41269878070
40.4777,24.705,6.74847,72,72,62,1210,2800,0.483032,36,12.3979,0,0,41294582419
37.1205,26.9393,6.74847,72,72,62,1210,2800,0.483032,36,12.3979,0,0,41321529433
39.6037,25.2502,5.78616,70,71,61,1182,2800,0.483032,27,12.4196,0,0,41346773794
33.7009,29.6728,5.78616,70,71,61,1182,2800,0.483032,27,12.4196,0,0,41376445307
41.1771,24.2854,5.78616,70,71,61,1182,2800,0.483032,27,12.4196,0,0,41400730990
15.6837,63.7605,5.78616,70,71,61,1182,2800,0.483032,27,12.4196,0,0,41464493034
32.8842,30.4098,5.78616,70,71,61,1182,2800,0.483032,27,12.4196,0,0,41494901479
31.4439,31.8027,5.78616,70,71,61,1182,2800,0.483032,27,12.4196,0,0,41526704660
32.4546,30.8123,5.78616,70,71,61,1182,2800,0.483032,27,12.4196,0,0,41557517323
28.4455,35.155,5.78616,70,71,61,1182,2800,0.483032,27,12.4196,0,0,41592674264
32.9153,30.381,5.78616,70,71,61,1182,2800,0.483032,27,12.4196,0,0,41623054155
33.509,29.8427,5.78616,70,71,61,1182,2800,0.483032,27,12.4196,0,0,41652896579
33.1854,30.1337,5.78616,70,71,61,1182,2800,0.483032,27,12.4196,0,0,41683030319
34.2395,29.206,5.78616,70,71,61,1182,2800,0.483032,27,12.4196,0,0,41712237532
37.4148,26.7274,5.78616,70,71,61,1182,2800,0.483032,27,12.4196,0,0,41738964193
38.9267,25.6893,5.78616,70,71,61,1182,2800,0.483032,27,12.4196,0,0,41764654440
34.9428,28.6182,5.78616,70,71,61,1182,2800,0.483032,27,12.4196,0,0,41793274131
35.9856,27.7889,5.78616,70,71,61,1182,2800,0.483032,27,12.4196,0,0,41821062963
32.8563,30.4356,5.78616,70,71,61,1182,2800,0.483032,27,12.4196,0,0,41851500233
28.346,35.2783,13.6201,69,68,62,1002,2800,0.483032,21,12.457,0,0,41886776757
31.9344,31.3142,13.6201,69,68,62,1002,2800,0.483032,21,12.457,0,0,41918091041
32.3953,30.8687,13.6201,69,68,62,1002,2800,0.483032,21,12.457,0,0,41948959539
33.6266,29.7383,13.6201,69,68,62,1002,2800,0.483032,21,12.457,0,0,41978697838
32.9483,30.3506,13.6201,69,68,62,1002,2800,0.483032,21,12.457,0,0,42009048895
35.0834,28.5035,13.6201,69,68,62,1002,2800,0.483032,21,12.457,0,0,42037552608
34.5245,28.965,13.6201,69,68,62,1002,2800,0.483032,21,12.457,0,0,42066517847
35.8654,27.882,13.6201,69,68,62,1002,2800,0.483032,21,12.457,0,0,42094400225
36.1819,27.6381,13.6201,69,68,62,1002,2800,0.483032,21,12.457,0,0,42122039598
35.833,27.9072,13.6201,69,68,62,1002,2800,0.483032,21,12.457,0,0,42149945470
36.0428,27.7448,13.6201,69,68,62,1002,2800,0.483032,21,12.457,0,0,42177691973
37.3026,26.8078,13.6201,69,68,62,1002,2800,0.483032,21,12.457,0,0,42204498704
41.2408,24.2478,13.6201,69,68,62,1002,2800,0.483032,21,12.457,0,0,42228747739
37.9866,26.3251,13.6201,69,68,62,1002,2800,0.483032,21,12.457,0,0,42255072165
38.6907,25.846,13.6201,69,68,62,1002,2800,0.483032,21,12.457,0,0,42280919787
37.1693,26.9039,13.6201,69,68,62,1002,2800,0.483032,21,12.457,0,0,42307822919
38.791,25.7792,13.6201,69,68,62,1002,2800,0.483032,21,12.457,0,0,42333601622
36.4815,27.4112,13.6201,69,68,62,1002,2800,0.483032,21,12.457,0,0,42361021964
39.2776,25.4598,6.59204,68,66,62,1292,2800,0.483032,20,12.3892,0,0,42386475698
37.6273,26.5764,6.59204,68,66,62,1292,2800,0.483032,20,12.3892,0,0,42413052427
39.2833,25.4561,6.59204,68,66,62,1292,2800,0.483032,20,12.3892,0,0,42438506852
41.5908,24.0438,6.59204,68,66,62,1292,2800,0.483032,20,12.3892,0,0,42462552315
38.8886,25.7145,6.59204,68,66,62,1292,2800,0.483032,20,12.3892,0,0,42488265485
39.3417,25.4183,6.59204,68,66,62,1292,2800,0.483032,20,12.3892,0,0,42513684323
31.9152,31.333,6.59204,68,66,62,1292,2800,0.483032,20,12.3892,0,0,42545019617
37.6692,26.5469,6.59204,68,66,62,1292,2800,0.483032,20,12.3892,0,0,42571568394
39.2849,25.4551,6.59204,68,66,62,1292,2800,0.483032,20,12.3892,0,0,42597021466
36.9998,27.0271,6.59204,68,66,62,1292,2800,0.483032,20,12.3892,0,0,42624049743
37.9166,26.3737,6.59204,68,66,62,1292,2800,0.483032,20,12.3892,0,0,42650423291
33.5304,29.8236,6.59204,68,66,62,1292,2800,0.483032,20,12.3892,0,0,42680246339
35.2776,28.3466,6.59204,68,66,62,1292,2800,0.483032,20,12.3892,0,0,42708594019
39.4696,25.3359,6.59204,68,66,62,1292,2800,0.483032,20,12.3892,0,0,42733931154
35.7086,28.0045,6.59204,68,66,62,1292,2800,0.483032,20,12.3892,0,0,42761935652
36.3636,27.5,6.59204,68,66,62,1292,2800,0.483032,20,12.3892,0,0,42789434631
37.3109,26.8018,6.59204,68,66,62,1292,2800,0.483032,20,12.3892,0,0,42816237975
36.0079,27.7717,6.59204,68,66,62,1292,2800,0.483032,20,12.3892,0,0,42844010117
34.4953,28.9895,6.59204,68,66,62,1292,2800,0.483032,20,12.3892,0,0,42873005702
40.9157,24.4405,6.20347,69,73,63,1513,2800,0.479595,19,12.3896,0,0,42897441968
37.2749,26.8277,6.20347,69,73,63,1513,2800,0.479595,19,12.3896,0,0,42924268686
37.0017,27.0258,6.20347,69,73,63,1513,2800,0.479595,19,12.3896,0,0,42951295250
39.3492,25.4135,6.20347,69,73,63,1513,2800,0.479595,19,12.3896,0,0,42976708758
39.3776,25.3952,6.20347,69,73,63,1513,2800,0.479595,19,12.3896,0,0,43002104543
41.0431,24.3646,6.20347,69,73,63,1513,2800,0.479595,19,12.3896,0,0,43026469064
36.9891,27.035,6.20347,69,73,63,1513,2800,0.479595,19,12.3896,0,0,43053504774
37.7057,26.5212,6.20347,69,73,63,1513,2800,0.479595,19,12.3896,0,0,43080027032
36.6488,27.286,6.20347,69,73,63,1513,2800,0.479595,19,12.3896,0,0,43107311248
40.1801,24.8879,6.20347,69,73,63,1513,2800,0.479595,19,12.3896,0,0,43132202286
37.7704,26.4757,6.20347,69,73,63,1513,2800,0.479595,19,12.3896,0,0,43158677776
39.2946,25.4488,6.20347,69,73,63,1513,2800,0.479595,19,12.3896,0,0,43184125679
36.9979,27.0286,6.20347,69,73,63,1513,2800,0.479595,19,12.3896,0,0,43211154096
38.6673,25.8616,6.20347,69,73,63,1513,2800,0.479595,19,12.3896,0,0,43237017688
36.2783,27.5647,6.20347,69,73,63,1513,2800,0.479595,19,12.3896,0,0,43264580897
39.7257,25.1726,6.20347,69,73,63,1513,2800,0.479595,19,12.3896,0,0,43289755097
38.6089,25.9008,6.20347,69,73,63,1513,2800,0.479595,19,12.3896,0,0,43315654466
37.4635,26.6926,6.20347,69,73,63,1513,2800,0.479595,19,12.3896,0,0,43342348145
40.0391,24.9756,6.20347,69,73,63,1513,2800,0.479595,19,12.3896,0,0,43367324644
38.8907,25.7131,6.20347,69,73,63,1513,2800,0.479595,19,12.3896,0,0,43393044817
38.4905,25.9805,6.69915,69,67,64,1699,2800,0.479595,22,12.3901,0,0,43419019618
33.3269,30.0058,6.69915,69,67,64,1699,2800,0.479595,22,12.3901,0,0,43449024697
34.7899,28.744,6.69915,69,67,64,1699,2800,0.479595,22,12.3901,0,0,43477768300
38.6503,25.873,6.69915,69,67,64,1699,2800,0.479595,22,12.3901,0,0,43503643083
36.4295,27.4503,6.69915,69,67,64,1699,2800,0.479595,22,12.3901,0,0,43531092139
36.694,27.2524,6.69915,69,67,64,1699,2800,0.479595,22,12.3901,0,0,43558347240
36.0217,27.7611,6.69915,69,67,64,1699,2800,0.479595,22,12.3901,0,0,43586106979
35.4224,28.2308,6.69915,69,67,64,1699,2800,0.479595,22,12.3901,0,0,43614338511
36.7588,27.2044,6.69915,69,67,64,1699,2800,0.479595,22,12.3901,0,0,43641543660
39.2399,25.4843,6.69915,69,67,64,1699,2800,0.479595,22,12.3901,0,0,43667027550
36.6333,27.2975,6.69915,69,67,64,1699,2800,0.479595,22,12.3901,0,0,43694327175
38.6355,25.8829,6.69915,69,67,64,1699,2800,0.479595,22,12.3901,0,0,43720210023
36.6485,27.2862,6.69915,69,67,64,1699,2800,0.479595,22,12.3901,0,0,43747496865
36.4398,27.4425,6.69915,69,67,64,1699,2800,0.479595,22,12.3901,0,0,43774937935
39.0572,25.6035,6.69915,69,67,64,1699,2800,0.479595,22,12.3901,0,0,43800541871
37.3016,26.8085,6.69915,69,67,64,1699,2800,0.479595,22,12.3901,0,0,43827350816
38.3456,26.0786,6.69915,69,67,64,1699,2800,0.479595,22,12.3901,0,0,43853430152
37.3478,26.7753,6.69915,69,67,64,1699,2800,0.479595,22,12.3901,0,0,43880205895
34.9663,28.599,6.69915,69,67,64,1699,2800,0.479595,22,12.3901,0,0,43908809626
36.3254,27.5289,9.20245,70,65,64,1596,2800,0.479595,24,12.3888,0,0,43936333181
33.7845,29.5994,9.20245,70,65,64,1596,2800,0.479595,24,12.3888,0,0,43965932279
37.808,26.4494,9.20245,70,65,64,1596,2800,0.479595,24,12.3888,0,0,43992382621
34.8569,28.6887,9.20245,70,65,64,1596,2800,0.479595,24,12.3888,0,0,44021072454
34.8541,28.6911,9.20245,70,65,64,1596,2800,0.479595,24,12.3888,0,0,44049763218
38.0582,26.2755,9.20245,70,65,64,1596,2800,0.479595,24,12.3888,0,0,44076039234
37.2249,26.8637,9.20245,70,65,64,1596,2800,0.479595,24,12.3888,0,0,44102902430
32.296,30.9635,9.20245,70,65,64,1596,2800,0.479595,24,12.3888,0,0,44133867439
35.1197,28.474,9.20245,70,65,64,1596,2800,0.479595,24,12.3888,0,0,44162340736
36.7466,27.2134,9.20245,70,65,64,1596,2800,0.479595,24,12.3888,0,0,44189556173
35.7591,27.9649,9.20245,70,65,64,1596,2800,0.479595,24,12.3888,0,0,44217521286
36.7016,27.2468,9.20245,70,65,64,1596,2800,0.479595,24,12.3888,0,0,44244766730
36.1207,27.6849,9.20245,70,65,64,1596,2800,0.479595,24,12.3888,0,0,44272452189
40.2481,24.8459,9.20245,70,65,64,1596,2800,0.479595,24,12.3888,0,0,44297298483
36.4684,27.421,9.20245,70,65,64,1596,2800,0.479595,24,12.3888,0,0,44324719627
38.1611,26.2047,9.20245,70,65,64,1596,2800,0.479595,24,12.3888,0,0,44350925901
38.8018,25.772,9.20245,70,65,64,1596,2800,0.479595,24,12.3888,0,0,44376699475
41.8549,23.8921,9.20245,70,65,64,1596,2800,0.479595,24,12.3888,0,0,44400591129
38.1103,26.2396,9.20245,70,65,64,1596,2800,0.479595,24,12.3888,0,0,44426836678
39.1083,25.57,7.68293,69,68,63,1696,2800,0.479595,24,12.3921,0,0,44452401089
38.1351,26.2226,7.68293,69,68,63,1696,2800,0.479595,24,12.3921,0,0,44478623494
34.0942,29.3305,7.68293,69,68,63,1696,2800,0.479595,24,12.3921,0,0,44507954178
35.9092,27.848,7.68293,69,68,63,1696,2800,0.479595,24,12.3921,0,0,44535803484
36.0909,27.7078,7.68293,69,68,63,1696,2800,0.479595,24,12.3921,0,0,44563511095
38.0237,26.2994,7.68293,69,68,63,1696,2800,0.479595,24,12.3921,0,0,44589810825
36.401,27.4718,7.68293,69,68,63,1696,2800,0.479595,24,12.3921,0,0,44617282583
37.6893,26.5327,7.68293,69,68,63,1696,2800,0.479595,24,12.3921,0,0,44643816212
35.5432,28.1348,7.68293,69,68,63,1696,2800,0.479595,24,12.3921,0,0,44671950492
33.9779,29.4309,7.68293,69,68,63,1696,2800,0.479595,24,12.3921,0,0,44701382576
37.1114,26.9459,7.68293,69,68,63,1696,2800,0.479595,24,12.3921,0,0,44728328789
34.3813,29.0856,7.68293,69,68,63,1696,2800,0.479595,24,12.3921,0,0,44757413933
38.5374,25.9488,7.68293,69,68,63,1696,2800,0.479595,24,12.3921,0,0,44783363566
37.1112,26.946,7.68293,69,68,63,1696,2800,0.479595,24,12.3921,0,0,44810311191
42.3501,23.6127,7.68293,69,68,63,1696,2800,0.479595,24,12.3921,0,0,44833924003
38.4542,26.005,7.68293,69,68,63,1696,2800,0.479595,24,12.3921,0,0,44859930142
36.5649,27.3486,7.68293,69,68,63,1696,2800,0.479595,24,12.3921,0,0,44887277637
28.2948,35.3422,7.68293,69,68,63,1696,2800,0.479595,24,12.3921,0,0,44922620667
28.6376,34.9191,7.68293,69,68,63,1696,2800,0.479595,24,12.3921,0,0,44957544950
31.7405,31.5055,7.1599,69,72,62,1265,2800,0.477642,23,12.3844,0,0,44989046706
31.9346,31.314,7.1599,69,72,62,1265,2800,0.477642,23,12.3844,0,0,45020359116
29.4638,33.9399,7.1599,69,72,62,1265,2800,0.477642,23,12.3844,0,0,45054299786
27.8084,35.9604,7.1599,69,72,62,1265,2800,0.477642,23,12.3844,0,0,45090260634
28.6692,34.8806,7.1599,69,72,62,1265,2800,0.477642,23,12.3844,0,0,45125139993
28.5856,34.9827,7.1599,69,72,62,1265,2800,0.477642,23,12.3844,0,0,45160123318
27.6429,36.1757,7.1599,69,72,62,1265,2800,0.477642,23,12.3844,0,0,45196299449
27.7879,35.9869,7.1599,69,72,62,1265,2800,0.477642,23,12.3844,0,0,45232286336
28.5835,34.9852,7.1599,69,72,62,1265,2800,0.477642,23,12.3844,0,0,45267272245
28.6884,34.8573,7.1599,69,72,62,1265,2800,0.477642,23,12.3844,0,0,45302129744
28.8896,34.6145,7.1599,69,72,62,1265,2800,0.477642,23,12.3844,0,0,45336746391
28.7431,34.7909,7.1599,69,72,62,1265,2800,0.477642,23,12.3844,0,0,45371537495
29.7196,33.6478,7.1599,69,72,62,1265,2800,0.477642,23,12.3844,0,0,45405185315
29.5831,33.8031,7.1599,69,72,62,1265,2800,0.477642,23,12.3844,0,0,45438988066
29.9842,33.3509,7.1599,69,72,62,1265,2800,0.477642,23,12.3844,0,0,45472342776
30.9896,32.2689,6.41184,68,67,63,1084,2800,0.477642,19,12.3884,0,0,45504610298
35.6724,28.0329,6.41184,68,67,63,1084,2800,0.477642,19,12.3884,0,0,45532642086
35.4797,28.1852,6.41184,68,67,63,1084,2800,0.477642,19,12.3884,0,0,45560826841
36.0923,27.7068,6.41184,68,67,63,1084,2800,0.477642,19,12.3884,0,0,45588535163
35.3491,28.2893,6.41184,68,67,63,1084,2800,0.477642,19,12.3884,0,0,45616824815
37.0082,27.021,6.41184,68,67,63,1084,2800,0.477642,19,12.3884,0,0,45643845787
37.5046,26.6634,6.41184,68,67,63,1084,2800,0.477642,19,12.3884,0,0,45670511183
40.5956,24.6332,6.41184,68,67,63,1084,2800,0.477642,19,12.3884,0,0,45695143296
39.9903,25.006,6.41184,68,67,63,1084,2800,0.477642,19,12.3884,0,0,45720149811
39.2041,25.5075,6.41184,68,67,63,1084,2800,0.477642,19,12.3884,0,0,45745657406
36.3232,27.5306,6.41184,68,67,63,1084,2800,0.477642,19,12.3884,0,0,45773189337
44.1066,22.6723,6.41184,68,67,63,1084,2800,0.477642,19,12.3884,0,0,45795862155
37.8153,26.4443,6.41184,68,67,63,1084,2800,0.477642,19,12.3884,0,0,45822306156
39.951,25.0306,6.41184,68,67,63,1084,2800,0.477642,19,12.3884,0,0,45847337347
37.4949,26.6703,6.41184,68,67,63,1084,2800,0.477642,19,12.3884,0,0,45874008013
39.8749,25.0784,6.41184,68,67,63,1084,2800,0.477642,19,12.3884,0,0,45899087655
39.8948,25.0659,6.41184,68,67,63,1084,2800,0.477642,19,12.3884,0,0,45924152279
38.7829,25.7846,6.41184,68,67,63,1084,2800,0.477642,19,12.3884,0,0,45949937685
38.5173,25.9623,6.41184,68,67,63,1084,2800,0.477642,19,12.3884,0,0,45975904340
38.789,25.7805,7.94451,69,68,63,1798,2800,0.477642,25,12.3865,0,0,46001681400
35.8665,27.8811,7.94451,69,68,63,1798,2800,0.477642,25,12.3865,0,0,46029563157
38.7826,25.7847,7.94451,69,68,63,1798,2800,0.477642,25,12.3865,0,0,46055348673
41.134,24.3108,7.94451,69,68,63,1798,2800,0.477642,25,12.3865,0,0,46079659433
35.3732,28.27,7.94451,69,68,63,1798,2800,0.477642,25,12.3865,0,0,46107944086
41.3133,24.2053,7.94451,69,68,63,1798,2800,0.477642,25,12.3865,0,0,46132135923
33.3192,30.0127,7.94451,69,68,63,1798,2800,0.477642,25,12.3865,0,0,46162149247
39.2272,25.4925,7.94451,69,68,63,1798,2800,0.477642,25,12.3865,0,0,46187641533
40.5867,24.6386,7.94451,69,68,63,1798,2800,0.477642,25,12.3865,0,0,46212279427
39.5114,25.3092,7.94451,69,68,63,1798,2800,0.477642,25,12.3865,0,0,46237590052
42.8749,23.3236,7.94451,69,68,63,1798,2800,0.477642,25,12.3865,0,0,46260914984
37.5142,26.6566,7.94451,69,68,63,1798,2800,0.477642,25,12.3865,0,0,46287570621
37.9432,26.3552,7.94451,69,68,63,1798,2800,0.477642,25,12.3865,0,0,46313934632
36.4872,27.4069,7.94451,69,68,63,1798,2800,0.477642,25,12.3865,0,0,46341333113
39.1439,25.5468,7.94451,69,68,63,1798,2800,0.477642,25,12.3865,0,0,46366880342
40.5425,24.6655,7.94451,69,68,63,1798,2800,0.477642,25,12.3865,0,0,46391546518
39.3482,25.4141,7.94451,69,68,63,1798,2800,0.477642,25,12.3865,0,0,46416961930
39.9423,25.0361,7.94451,69,68,63,1798,2800,0.477642,25,12.3865,0,0,46441997019
39.6354,25.2299,7.94451,69,68,63,1798,2800,0.477642,25,12.3865,0,0,46467227574
36.7907,27.1808,7.94451,69,68,63,1798,2800,0.477642,25,12.3865,0,0,46494414538
39.5198,25.3038,7.20391,70,70,63,1919,2800,0.477642,24,12.3866,0,0,46519714694
37.3637,26.764,7.20391,70,70,63,1919,2800,0.477642,24,12.3866,0,0,46546478254
38.5314,25.9529,7.20391,70,70,63,1919,2800,0.477642,24,12.3866,0,0,46572431494
42.4955,23.5319,7.20391,70,70,63,1919,2800,0.477642,24,12.3866,0,0,46595963554
36.3812,27.4867,7.20391,70,70,63,1919,2800,0.477642,24,12.3866,0,0,46623450931
34.9128,28.6428,7.20391,70,70,63,1919,2800,0.477642,24,12.3866,0,0,46652093114
37.098,26.9557,7.20391,70,70,63,1919,2800,0.477642,24,12.3866,0,0,46679050097
42.333,23.6222,7.20391,70,70,63,1919,2800,0.477642,24,12.3866,0,0,46702674009
38.5159,25.9633,7.20391,70,70,63,1919,2800,0.477642,24,12.3866,0,0,46728634373
41.3235,24.1993,7.20391,70,70,63,1919,2800,0.477642,24,12.3866,0,0,46752834736
38.2187,26.1652,7.20391,70,70,63,1919,2800,0.477642,24,12.3866,0,0,46779001467
37.2101,26.8744,7.20391,70,70,63,1919,2800,0.477642,24,12.3866,0,0,46805875784
41.244,24.2459,7.20391,70,70,63,1919,2800,0.477642,24,12.3866,0,0,46830121402
29.8013,33.5556,7.20391,70,70,63,1919,2800,0.477642,24,12.3866,0,0,46863677521
41.2082,24.267,7.20391,70,70,63,1919,2800,0.477642,24,12.3866,0,0,46887943597
40.2745,24.8296,7.20391,70,70,63,1919,2800,0.477642,24,12.3866,0,0,46912775104
39.3487,25.4138,7.20391,70,70,63,1919,2800,0.477642,24,12.3866,0,0,46938189323
41.7642,23.9439,7.20391,70,70,63,1919,2800,0.477642,24,12.3866,0,0,46962133005
37.9616,26.3424,7.20391,70,70,63,1919,2800,0.477642,24,12.3866,0,0,46988475496
38.8184,25.761,7.20391,70,70,63,1919,2800,0.477642,24,12.3866,0,0,47014242286
38.0442,26.2852,7.35826,69,68,63,1659,2800,0.477642,23,12.369,0,0,47040523151
40.9722,24.4068,7.35826,69,68,63,1659,2800,0.477642,23,12.369,0,0,47064930823
38.4231,26.026,7.35826,69,68,63,1659,2800,0.477642,23,12.369,0,0,47090957020
37.419,26.7244,7.35826,69,68,63,1659,2800,0.477642,23,12.369,0,0,47117682118
39.2857,25.4545,7.35826,69,68,63,1659,2800,0.477642,23,12.369,0,0,47143136803
40.659,24.5948,7.35826,69,68,63,1659,2800,0.477642,23,12.369,0,0,47167731176
38.3825,26.0535,7.35826,69,68,63,1659,2800,0.477642,23,12.369,0,0,47193785546
37.4392,26.71,7.35826,69,68,63,1659,2800,0.477642,23,12.369,0,0,47220496216
40.9956,24.3928,7.35826,69,68,63,1659,2800,0.477642,23,12.369,0,0,47244889822
35.8426,27.8997,7.35826,69,68,63,1659,2800,0.477642,23,12.369,0,0,47272789553
42.6758,23.4325,7.35826,69,68,63,1659,2800,0.477642,23,12.369,0,0,47296221715
36.6584,27.2789,7.35826,69,68,63,1659,2800,0.477642,23,12.369,0,0,47323501323
37.7428,26.4951,7.35826,69,68,63,1659,2800,0.477642,23,12.369,0,0,47349997271
38.6823,25.8516,7.35826,69,68,63,1659,2800,0.477642,23,12.369,0,0,47375849252
41.5487,24.0681,7.35826,69,68,63,1659,2800,0.477642,23,12.369,0,0,47399917527
39.9741,25.0162,7.35826,69,68,63,1659,2800,0.477642,23,12.369,0,0,47424934492
36.1135,27.6905,7.35826,69,68,63,1659,2800,0.477642,23,12.369,0,0,47452624669
41.3215,24.2005,7.35826,69,68,63,1659,2800,0.477642,23,12.369,0,0,47476825523
39.915,25.0533,7.35826,69,68,63,1659,2800,0.477642,23,12.369,0,0,47501879397
39.0756,25.5914,7.35826,69,68,63,1659,2800,0.477642,23,12.369,0,0,47527480397
37.3853,26.7485,7.71114,69,65,62,1624,2800,0.477642,25,12.3697,0,0,47554220683
37.6012,26.5949,7.71114,69,65,62,1624,2800,0.477642,25,12.3697,0,0,47580815717
35.8153,27.921,7.71114,69,65,62,1624,2800,0.477642,25,12.3697,0,0,47608736688
40.3245,24.7988,7.71114,69,65,62,1624,2800,0.477642,25,12.3697,0,0,47633535203
37.392,26.7437,7.71114,69,65,62,1624,2800,0.477642,25,12.3697,0,0,47660278284
42.6161,23.4653,7.71114,69,65,62,1624,2800,0.477642,25,12.3697,0,0,47683745453
36.2676,27.5728,7.71114,69,65,62,1624,2800,0.477642,25,12.3697,0,0,47711319142
42.3393,23.6187,7.71114,69,65,62,1624,2800,0.477642,25,12.3697,0,0,47734935490
37.7057,26.5212,7.71114,69,65,62,1624,2800,0.477642,25,12.3697,0,0,47761458208
40.3097,24.8079,7.71114,69,65,62,1624,2800,0.477642,25,12.3697,0,0,47786267483
38.5748,25.9236,7.71114,69,65,62,1624,2800,0.477642,25,12.3697,0,0,47812189595
37.3545,26.7705,7.71114,69,65,62,1624,2800,0.477642,25,12.3697,0,0,47838960940
39.2701,25.4647,7.71114,69,65,62,1624,2800,0.477642,25,12.3697,0,0,47864426435
40.4303,24.7339,7.71114,69,65,62,1624,2800,0.477642,25,12.3697,0,0,47889161151
39.964,25.0225,7.71114,69,65,62,1624,2800,0.477642,25,12.3697,0,0,47914183796
36.7539,27.208,7.71114,69,65,62,1624,2800,0.477642,25,12.3697,0,0,47941392711
41.0246,24.3756,7.71114,69,65,62,1624,2800,0.477642,25,12.3697,0,0,47965767712
37.0697,26.9762,7.71114,69,65,62,1624,2800,0.477642,25,12.3697,0,0,47992744171
38.9391,25.6811,7.71114,69,65,62,1624,2800,0.477642,25,12.3697,0,0,48018424409
39.346,25.4155,7.71114,69,65,62,1624,2800,0.477642,25,12.3697,0,0,48043846684
39.3192,25.4329,7.23039,69,68,63,1573,2800,0.477642,20,12.3649,0,0,48069274359
36.8133,27.1641,7.23039,69,68,63,1573,2800,0.477642,20,12.3649,0,0,48096438360
36.1258,27.681,7.23039,69,68,63,1573,2800,0.477642,20,12.3649,0,0,48124121023
40.7662,24.5301,7.23039,69,68,63,1573,2800,0.477642,20,12.3649,0,0,48148650614
38.0579,26.2758,7.23039,69,68,63,1573,2800,0.477642,20,12.3649,0,0,48174927561
42.6108,23.4682,7.23039,69,68,63,1573,2800,0.477642,20,12.3649,0,0,48198396343
36.2539,27.5832,7.23039,69,68,63,1573,2800,0.477642,20,12.3649,0,0,48225978237
41.8406,23.9002,7.23039,69,68,63,1573,2800,0.477642,20,12.3649,0,0,48249880291
35.6362,28.0614,7.23039,69,68,63,1573,2800,0.477642,20,12.3649,0,0,48277941955
40.3672,24.7726,7.23039,69,68,63,1573,2800,0.477642,20,12.3649,0,0,48302714291
42.4542,23.5548,7.23039,69,68,63,1573,2800,0.477642,20,12.3649,0,0,48326271007
37.6957,26.5282,7.23039,69,68,63,1573,2800,0.477642,20,12.3649,0,0,48352797483
39.6924,25.1938,7.23039,69,68,63,1573,2800,0.477642,20,12.3649,0,0,48377992060
36.6121,27.3134,7.23039,69,68,63,1573,2800,0.477642,20,12.3649,0,0,48405306864
42.3531,23.611,7.23039,69,68,63,1573,2800,0.477642,20,12.3649,0,0,48428918052
37.4543,26.6992,7.23039,69,68,63,1573,2800,0.477642,20,12.3649,0,0,48455618324
40.3161,24.804,7.23039,69,68,63,1573,2800,0.477642,20,12.3649,0,0,48480421477
36.1677,27.649,7.23039,69,68,63,1573,2800,0.477642,20,12.3649,0,0,48508071490
41.9752,23.8236,7.23039,69,68,63,1573,2800,0.477642,20,12.3649,0,0,48531894866
37.1739,26.9006,7.23039,69,68,63,1573,2800,0.477642,20,12.3649,0,0,48558799631
39.5646,25.2751,6.51106,69,71,63,1624,2800,0.477642,28,12.3649,0,0,48584072615
35.9662,27.8039,6.51106,69,71,63,1624,2800,0.477642,28,12.3649,0,0,48611875234
43.1609,23.1691,6.51106,69,71,63,1624,2800,0.477642,28,12.3649,0,0,48635045185
35.3402,28.2964,6.51106,69,71,63,1624,2800,0.477642,28,12.3649,0,0,48663342932
38.1511,26.2116,6.51106,69,71,63,1624,2800,0.477642,28,12.3649,0,0,48689553936
39.5628,25.2763,6.51106,69,71,63,1624,2800,0.477642,28,12.3649,0,0,48714831319
40.0008,24.9995,6.51106,69,71,63,1624,2800,0.477642,28,12.3649,0,0,48739830961
41.5859,24.0466,6.51106,69,71,63,1624,2800,0.477642,28,12.3649,0,0,48763877355
38.7441,25.8104,6.51106,69,71,63,1624,2800,0.477642,28,12.3649,0,0,48789688008
38.2179,26.1657,6.51106,69,71,63,1624,2800,0.477642,28,12.3649,0,0,48815854118
38.367,26.0641,6.51106,69,71,63,1624,2800,0.477642,28,12.3649,0,0,48841919669
32.7949,30.4925,6.51106,69,71,63,1624,2800,0.477642,28,12.3649,0,0,48872411490
46.2055,21.6424,6.51106,69,71,63,1624,2800,0.477642,28,12.3649,0,0,48894054257
38.1554,26.2086,6.51106,69,71,63,1624,2800,0.477642,28,12.3649,0,0,48920263588
40.2538,24.8424,6.51106,69,71,63,1624,2800,0.477642,28,12.3649,0,0,48945106566
39.3523,25.4115,6.51106,69,71,63,1624,2800,0.477642,28,12.3649,0,0,48970518602
39.8041,25.1231,6.51106,69,71,63,1624,2800,0.477642,28,12.3649,0,0,48995642847
39.0556,25.6045,6.51106,69,71,63,1624,2800,0.477642,28,12.3649,0,0,49021246041
38.9251,25.6904,6.51106,69,71,63,1624,2800,0.477642,28,12.3649,0,0,49046937330
37.4471,26.7043,6.51106,69,71,63,1624,2800,0.477642,28,12.3649,0,0,49073647470
41.5842,24.0476,6.76507,69,68,63,1654,2800,0.477642,17,12.3621,0,0,49097689096
34.6724,28.8414,6.76507,69,68,63,1654,2800,0.477642,17,12.3621,0,0,49126531644
25.8018,38.757,6.76507,69,68,63,1654,2800,0.477642,17,12.3621,0,0,49165289077
37.4153,26.727,6.76507,69,68,63,1654,2800,0.477642,17,12.3621,0,0,49192014575
36.0403,27.7467,6.76507,69,68,63,1654,2800,0.477642,17,12.3621,0,0,49219760978
37.1156,26.9428,6.76507,69,68,63,1654,2800,0.477642,17,12.3621,0,0,49246705478
36.6309,27.2994,6.76507,69,68,63,1654,2800,0.477642,17,12.3621,0,0,49274005584
41.5343,24.0765,6.76507,69,68,63,1654,2800,0.477642,17,12.3621,0,0,49298082445
37.0608,26.9827,6.76507,69,68,63,1654,2800,0.477642,17,12.3621,0,0,49325066499
40.119,24.9259,6.76507,69,68,63,1654,2800,0.477642,17,12.3621,0,0,49349991000
38.8969,25.709,6.76507,69,68,63,1654,2800,0.477642,17,12.3621,0,0,49375701325
40.8113,24.503,6.76507,69,68,63,1654,2800,0.477642,17,12.3621,0,0,49400203614
39.6102,25.246,6.76507,69,68,63,1654,2800,0.477642,17,12.3621,0,0,49425450680
37.7273,26.506,6.76507,69,68,63,1654,2800,0.477642,17,12.3621,0,0,49451955826
40.4562,24.7181,6.76507,69,68,63,1654,2800,0.477642,17,12.3621,0,0,49476675823
38.2765,26.1257,6.76507,69,68,63,1654,2800,0.477642,17,12.3621,0,0,49502802299
38.8066,25.7688,6.76507,69,68,63,1654,2800,0.477642,17,12.3621,0,0,49528571484
29.9299,33.4114,6.76507,69,68,63,1654,2800,0.477642,17,12.3621,0,0,49561983883
33.9631,29.4437,6.76507,69,68,63,1654,2800,0.477642,17,12.3621,0,0,49591432518
33.759,29.6217,16.5037,69,66,67,2305,2800,0.481083,21,12.3707,0,0,49621049319
38.9908,25.647,16.5037,69,66,67,2305,2800,0.481083,21,12.3707,0,0,49646696976
44.0642,22.6941,16.5037,69,66,67,2305,2800,0.481083,21,12.3707,0,0,49669391084
40.7066,24.566,16.5037,69,66,67,2305,2800,0.481083,21,12.3707,0,0,49693957744
36.7769,27.191,16.5037,69,66,67,2305,2800,0.481083,21,12.3707,0,0,49721149097
39.5581,25.2793,16.5037,69,66,67,2305,2800,0.481083,21,12.3707,0,0,49746429826
37.2822,26.8224,16.5037,69,66,67,2305,2800,0.481083,21,12.3707,0,0,49773251866
41.3581,24.1791,16.5037,69,66,67,2305,2800,0.481083,21,12.3707,0,0,49797430779
39.5861,25.2614,16.5037,69,66,67,2305,2800,0.481083,21,12.3707,0,0,49822692081
35.7926,27.9387,16.5037,69,66,67,2305,2800,0.481083,21,12.3707,0,0,49850631396
40.5128,24.6836,16.5037,69,66,67,2305,2800,0.481083,21,12.3707,0,0,49875316288
38.5281,25.9551,16.5037,69,66,67,2305,2800,0.481083,21,12.3707,0,0,49901271612
39.747,25.1591,16.5037,69,66,67,2305,2800,0.481083,21,12.3707,0,0,49926430463
38.1645,26.2023,16.5037,69,66,67,2305,2800,0.481083,21,12.3707,0,0,49952634053
39.3158,25.4351,16.5037,69,66,67,2305,2800,0.481083,21,12.3707,0,0,49978069472
39.5585,25.279,16.5037,69,66,67,2305,2800,0.481083,21,12.3707,0,0,50003349450
37.8478,26.4216,16.5037,69,66,67,2305,2800,0.481083,21,12.3707,0,0,50029771610
39.0867,25.5841,16.5037,69,66,67,2305,2800,0.481083,21,12.3707,0,0,50055354786
39.8311,25.106,16.5037,69,66,67,2305,2800,0.481083,21,12.3707,0,0,50080461208
36.4008,27.4719,16.5037,69,66,67,2305,2800,0.481083,21,12.3707,0,0,50107940210
39.0467,25.6104,10.2091,70,67,67,2523,2800,0.481079,28,12.3661,0,0,50133544175
40.4378,24.7293,10.2091,70,67,67,2523,2800,0.481079,28,12.3661,0,0,50158275244
40.4369,24.7299,10.2091,70,67,67,2523,2800,0.481079,28,12.3661,0,0,50183003938
36.7075,27.2424,10.2091,70,67,67,2523,2800,0.481079,28,12.3661,0,0,50210247057
40.9641,24.4116,10.2091,70,67,67,2523,2800,0.481079,28,12.3661,0,0,50234658526
38.1567,26.2077,10.2091,70,67,67,2523,2800,0.481079,28,12.3661,0,0,50260867536
38.5896,25.9137,10.2091,70,67,67,2523,2800,0.481079,28,12.3661,0,0,50286781774
37.8158,26.4439,10.2091,70,67,67,2523,2800,0.481079,28,12.3661,0,0,50313225734
39.1928,25.5149,10.2091,70,67,67,2523,2800,0.481079,28,12.3661,0,0,50338741083
40.8039,24.5075,10.2091,70,67,67,2523,2800,0.481079,28,12.3661,0,0,50363248813
37.308,26.8039,10.2091,70,67,67,2523,2800,0.481079,28,12.3661,0,0,50390052739
39.2926,25.4501,10.2091,70,67,67,2523,2800,0.481079,28,12.3661,0,0,50415504308
38.2107,26.1707,10.2091,70,67,67,2523,2800,0.481079,28,12.3661,0,0,50441675277
39.2016,25.5092,10.2091,70,67,67,2523,2800,0.481079,28,12.3661,0,0,50467184915
39.449,25.3492,10.2091,70,67,67,2523,2800,0.481079,28,12.3661,0,0,50492532971
37.9721,26.3351,10.2091,70,67,67,2523,2800,0.481079,28,12.3661,0,0,50518870682
39.0306,25.6209,10.2091,70,67,67,2523,2800,0.481079,28,12.3661,0,0,50544490397
40.1556,24.9031,10.2091,70,67,67,2523,2800,0.481079,28,12.3661,0,0,50569391785
37.5003,26.6664,10.2091,70,67,67,2523,2800,0.481079,28,12.3661,0,0,50596060327
38.6348,25.8834,10.2091,70,67,67,2523,2800,0.481079,28,12.3661,0,0,50621948886
39.2664,25.4671,6.65845,70,73,65,1930,2800,0.481079,38,12.3662,0,0,50647412488
35.7309,27.987,6.65845,70,73,65,1930,2800,0.481079,38,12.3662,0,0,50675399532
42.5031,23.5277,6.65845,70,73,65,1930,2800,0.481079,38,12.3662,0,0,50698926593
38.0513,26.2803,6.65845,70,73,65,1930,2800,0.481079,38,12.3662,0,0,50725207047
39.2443,25.4814,6.65845,70,73,65,1930,2800,0.481079,38,12.3662,0,0,50750690266
31.2928,31.9563,6.65845,70,73,65,1930,2800,0.481079,38,12.3662,0,0,50782646794
38.4211,26.0274,6.65845,70,73,65,1930,2800,0.481079,38,12.3662,0,0,50808674645
41.5916,24.0433,6.65845,70,73,65,1930,2800,0.481079,38,12.3662,0,0,50832717312
39.0674,25.5968,6.65845,70,73,65,1930,2800,0.481079,38,12.3662,0,0,50858314946
42.1416,23.7295,6.65845,70,73,65,1930,2800,0.481079,38,12.3662,0,0,50882044847
38.7927,25.7781,6.65845,70,73,65,1930,2800,0.481079,38,12.3662,0,0,50907823309
38.2712,26.1293,6.65845,70,73,65,1930,2800,0.481079,38,12.3662,0,0,50933953922
38.0852,26.2569,6.65845,70,73,65,1930,2800,0.481079,38,12.3662,0,0,50960210602
38.637,25.8819,6.65845,70,73,65,1930,2800,0.481079,38,12.3662,0,0,50986092418
40.8863,24.4581,6.65845,70,73,65,1930,2800,0.481079,38,12.3662,0,0,51010549092
33.0896,30.221,6.65845,70,73,65,1930,2800,0.481079,38,12.3662,0,0,51040772610
43.0143,23.2481,6.65845,70,73,65,1930,2800,0.481079,38,12.3662,0,0,51064021109
42.0152,23.8009,6.65845,70,73,65,1930,2800,0.481079,38,12.3662,0,0,51087822894
36.7334,27.2232,6.65845,70,73,65,1930,2800,0.481079,38,12.3662,0,0,51115046337
38.5303,25.9536,6.65845,70,73,65,1930,2800,0.481079,38,12.3662,0,0,51141005839
41.3356,24.1922,6.34921,69,68,65,1699,2800,0.481079,26,12.3574,0,0,51165192316
36.6974,27.2499,6.34921,69,68,65,1699,2800,0.481079,26,12.3574,0,0,51192443360
38.5392,25.9476,6.34921,69,68,65,1699,2800,0.481079,26,12.3574,0,0,51218390739
35.7197,27.9958,6.34921,69,68,65,1699,2800,0.481079,26,12.3574,0,0,51246385629
42.974,23.2699,6.34921,69,68,65,1699,2800,0.481079,26,12.3574,0,0,51269654735
37.8237,26.4384,6.34921,69,68,65,1699,2800,0.481079,26,12.3574,0,0,51296095440
40.2881,24.8212,6.34921,69,68,65,1699,2800,0.481079,26,12.3574,0,0,51320916607
40.3735,24.7687,6.34921,69,68,65,1699,2800,0.481079,26,12.3574,0,0,51345686418
35.8732,27.876,6.34921,69,68,65,1699,2800,0.481079,26,12.3574,0,0,51373561934
42.6149,23.466,6.34921,69,68,65,1699,2800,0.481079,26,12.3574,0,0,51397029112
37.7449,26.4936,6.34921,69,68,65,1699,2800,0.481079,26,12.3574,0,0,51423522706
37.7421,26.4956,6.34921,69,68,65,1699,2800,0.481079,26,12.3574,0,0,51450018033
26.4212,37.8483,6.34921,69,68,65,1699,2800,0.481079,26,12.3574,0,0,51487867903
33.62,29.7442,6.34921,69,68,65,1699,2800,0.481079,26,12.3574,0,0,51517612403
34.7248,28.7979,6.34921,69,68,65,1699,2800,0.481079,26,12.3574,0,0,51546411089
37.7752,26.4724,6.34921,69,68,65,1699,2800,0.481079,26,12.3574,0,0,51572882742
39.5287,25.2981,6.34921,69,68,65,1699,2800,0.481079,26,12.3574,0,0,51598180032
38.2302,26.1574,6.34921,69,68,65,1699,2800,0.481079,26,12.3574,0,0,51624339309
39.9576,25.0265,6.34921,69,68,65,1699,2800,0.481079,26,12.3574,0,0,51649371492
34.1817,29.2554,9.09091,69,68,65,1657,2800,0.481079,24,12.3577,0,0,51678622988
40.2059,24.872,9.09091,69,68,65,1657,2800,0.481079,24,12.3577,0,0,51703496483
37.4536,26.6997,9.09091,69,68,65,1657,2800,0.481079,24,12.3577,0,0,51730195182
38.6583,25.8677,9.09091,69,68,65,1657,2800,0.481079,24,12.3577,0,0,51756063132
37.0738,26.9732,9.09091,69,68,65,1657,2800,0.481079,24,12.3577,0,0,51783038299
40.2421,24.8496,9.09091,69,68,65,1657,2800,0.481079,24,12.3577,0,0,51807886868
41.6588,24.0045,9.09091,69,68,65,1657,2800,0.481079,24,12.3577,0,0,51831891674
37.507,26.6617,9.09091,69,68,65,1657,2800,0.481079,24,12.3577,0,0,51858552391
34.3289,29.13,9.09091,69,68,65,1657,2800,0.481079,24,12.3577,0,0,51887684333
38.1432,26.217,9.09091,69,68,65,1657,2800,0.481079,24,12.3577,0,0,51913901588
42.007,23.8056,9.09091,69,68,65,1657,2800,0.481079,24,12.3577,0,0,51937709626
37.42,26.7237,9.09091,69,68,65,1657,2800,0.481079,24,12.3577,0,0,51964430916
41.3432,24.1878,9.09091,69,68,65,1657,2800,0.481079,24,12.3577,0,0,51988619938
38.4545,26.0048,9.09091,69,68,65,1657,2800,0.481079,24,12.3577,0,0,52014624826
38.9084,25.7014,9.09091,69,68,65,1657,2800,0.481079,24,12.3577,0,0,52040326995
42.6034,23.4723,9.09091,69,68,65,1657,2800,0.481079,24,12.3577,0,0,52063800024
36.5194,27.3827,9.09091,69,68,65,1657,2800,0.481079,24,12.3577,0,0,52091182134
38.0851,26.257,9.09091,69,68,65,1657,2800,0.481079,24,12.3577,0,0,52117440146
38.7852,25.783,9.09091,69,68,65,1657,2800,0.481079,24,12.3577,0,0,52143223929
39.6743,25.2052,9.09091,69,68,65,1657,2800,0.481079,24,12.3577,0,0,52168434486
38.2597,26.1371,6.84597,69,67,64,1799,2800,0.481079,26,12.3542,0,0,52194565931
38.5444,25.9441,6.84597,69,67,64,1799,2800,0.481079,26,12.3542,0,0,52220511016
38.0968,26.2489,6.84597,69,67,64,1799,2800,0.481079,26,12.3542,0,0,52246760091
37.784,26.4663,6.84597,69,67,64,1799,2800,0.481079,26,12.3542,0,0,52273227255
41.4782,24.109,6.84597,69,67,64,1799,2800,0.481079,26,12.3542,0,0,52297336908
32.4525,30.8143,6.84597,69,67,64,1799,2800,0.481079,26,12.3542,0,0,52328150564
38.6533,25.871,6.84597,69,67,64,1799,2800,0.481079,26,12.3542,0,0,52354022361
36.4249,27.4537,6.84597,69,67,64,1799,2800,0.481079,26,12.3542,0,0,52381477097
34.6149,28.8893,6.84597,69,67,64,1799,2800,0.481079,26,12.3542,0,0,52410364941
31.9945,31.2554,6.84597,69,67,64,1799,2800,0.481079,26,12.3542,0,0,52441621797
35.0948,28.4942,6.84597,69,67,64,1799,2800,0.481079,26,12.3542,0,0,52470116364
37.1763,26.8988,6.84597,69,67,64,1799,2800,0.481079,26,12.3542,0,0,52497015888
36.6253,27.3036,6.84597,69,67,64,1799,2800,0.481079,26,12.3542,0,0,52524319581
36.7002,27.2478,6.84597,69,67,64,1799,2800,0.481079,26,12.3542,0,0,52551568261
35.398,28.2502,6.84597,69,67,64,1799,2800,0.481079,26,12.3542,0,0,52579818709
36.5735,27.3422,6.84597,69,67,64,1799,2800,0.481079,26,12.3542,0,0,52607162498
37.4788,26.6817,6.84597,69,67,64,1799,2800,0.481079,26,12.3542,0,0,52633843012
32.368,30.8947,6.84597,69,67,64,1799,2800,0.481079,26,12.3542,0,0,52664738681
32.1388,31.1151,6.84597,69,67,64,1799,2800,0.481079,26,12.3542,0,0,52695858590
36.373,27.4929,8.21256,69,74,65,1377,2800,0.477642,21,12.3516,0,0,52723347330
36.1004,27.7005,8.21256,69,74,65,1377,2800,0.477642,21,12.3516,0,0,52751047998
34.8142,28.7239,8.21256,69,74,65,1377,2800,0.477642,21,12.3516,0,0,52779772555
29.7057,33.6636,8.21256,69,74,65,1377,2800,0.477642,21,12.3516,0,0,52813435844
30.6187,32.6598,8.21256,69,74,65,1377,2800,0.477642,21,12.3516,0,0,52846096222
36.4501,27.4347,8.21256,69,74,65,1377,2800,0.477642,21,12.3516,0,0,52873530350
34.3248,29.1334,8.21256,69,74,65,1377,2800,0.477642,21,12.3516,0,0,52902664175
34.518,28.9704,8.21256,69,74,65,1377,2800,0.477642,21,12.3516,0,0,52931634654
35.5531,28.1269,8.21256,69,74,65,1377,2800,0.477642,21,12.3516,0,0,52959761590
31.7681,31.4782,8.21256,69,74,65,1377,2800,0.477642,21,12.3516,0,0,52991240062
36.0306,27.7542,8.21256,69,74,65,1377,2800,0.477642,21,12.3516,0,0,53018994641
30.4934,32.794,8.21256,69,74,65,1377,2800,0.477642,21,12.3516,0,0,53051788810
32.7993,30.4885,8.21256,69,74,65,1377,2800,0.477642,21,12.3516,0,0,53082280131
13.7077,72.9517,8.21256,69,74,65,1377,2800,0.477642,21,12.3516,0,0,53155229734
29.8768,33.4707,8.21256,69,74,65,1377,2800,0.477642,21,12.3516,0,0,53188700141
26.478,37.7672,8.21256,69,74,65,1377,2800,0.477642,21,12.3516,0,0,53226470482
27.6622,36.1504,14.5608,68,67,65,800,2800,0.477642,25,12.4091,0,0,53262618992
30.9511,32.309,14.5608,68,67,65,800,2800,0.477642,25,12.4091,0,0,53294926769
31.3625,31.8852,14.5608,68,67,65,800,2800,0.477642,25,12.4091,0,0,53326815140
33.4546,29.8913,14.5608,68,67,65,800,2800,0.477642,25,12.4091,0,0,53356704071
34.6102,28.8932,14.5608,68,67,65,800,2800,0.477642,25,12.4091,0,0,53385598266
35.1362,28.4607,14.5608,68,67,65,800,2800,0.477642,25,12.4091,0,0,53414061123
36.1771,27.6418,14.5608,68,67,65,800,2800,0.477642,25,12.4091,0,0,53441702890
36.0659,27.727,14.5608,68,67,65,800,2800,0.477642,25,12.4091,0,0,53469430177
34.8202,28.7189,14.5608,68,67,65,800,2800,0.477642,25,12.4091,0,0,53498147691
38.9024,25.7054,14.5608,68,67,65,800,2800,0.477642,25,12.4091,0,0,53523855331
37.5331,26.6432,14.5608,68,67,65,800,2800,0.477642,25,12.4091,0,0,53550499006
38.715,25.8298,14.5608,68,67,65,800,2800,0.477642,25,12.4091,0,0,53576329486
40.2304,24.8568,14.5608,68,67,65,800,2800,0.477642,25,12.4091,0,0,53601186140
35.9556,27.8121,14.5608,68,67,65,800,2800,0.477642,25,12.4091,0,0,53628998417
40.7689,24.5285,14.5608,68,67,65,800,2800,0.477642,25,12.4091,0,0,53653527837
36.475,27.416,14.5608,68,67,65,800,2800,0.477642,25,12.4091,0,0,53680944602
37.213,26.8723,14.5608,68,67,65,800,2800,0.477642,25,12.4091,0,0,53707816846
41.9081,23.8617,14.5608,68,67,65,800,2800,0.477642,25,12.4091,0,0,53731682782
42.3365,23.6203,9.41029,68,70,65,1781,2800,0.477642,23,12.4157,0,0,53755297176
34.6266,28.8795,9.41029,68,70,65,1781,2800,0.477642,23,12.4157,0,0,53784178899
40.6644,24.5915,9.41029,68,70,65,1781,2800,0.477642,23,12.4157,0,0,53808770796
40.997,24.3921,9.41029,68,70,65,1781,2800,0.477642,23,12.4157,0,0,53833161967
37.8546,26.4169,9.41029,68,70,65,1781,2800,0.477642,23,12.4157,0,0,53859579899
37.9241,26.3684,9.41029,68,70,65,1781,2800,0.477642,23,12.4157,0,0,53885949971
38.7315,25.8188,9.41029,68,70,65,1781,2800,0.477642,23,12.4157,0,0,53911768769
39.7173,25.178,9.41029,68,70,65,1781,2800,0.477642,23,12.4157,0,0,53936945704
40.3909,24.758,9.41029,68,70,65,1781,2800,0.477642,23,12.4157,0,0,53961705967
38.4679,25.9957,9.41029,68,70,65,1781,2800,0.477642,23,12.4157,0,0,53987700595
37.3052,26.8059,9.41029,68,70,65,1781,2800,0.477642,23,12.4157,0,0,54014505102
38.3732,26.0599,9.41029,68,70,65,1781,2800,0.477642,23,12.4157,0,0,54040567006
41.0993,24.3313,9.41029,68,70,65,1781,2800,0.477642,23,12.4157,0,0,54064897974
39.3643,25.4038,9.41029,68,70,65,1781,2800,0.477642,23,12.4157,0,0,54090303978
37.7486,26.4911,9.41029,68,70,65,1781,2800,0.477642,23,12.4157,0,0,54116794236
37.3486,26.7747,9.41029,68,70,65,1781,2800,0.477642,23,12.4157,0,0,54143567674
38.8186,25.7609,9.41029,68,70,65,1781,2800,0.477642,23,12.4157,0,0,54169328564
37.5626,26.6222,9.41029,68,70,65,1781,2800,0.477642,23,12.4157,0,0,54195953684
40.1325,24.9174,9.41029,68,70,65,1781,2800,0.477642,23,12.4157,0,0,54220871793
36.9066,27.0954,9.41029,68,70,65,1781,2800,0.477642,23,12.4157,0,0,54247975141
43.7389,22.863,6.15764,69,72,65,1819,2800,0.477642,22,12.4169,0,0,54270832245
37.7075,26.5199,6.15764,69,72,65,1819,2800,0.477642,22,12.4169,0,0,54297351587
37.7828,26.4671,6.15764,69,72,65,1819,2800,0.477642,22,12.4169,0,0,54323818040
37.1737,26.9007,6.15764,69,72,65,1819,2800,0.477642,22,12.4169,0,0,54350719318
41.3542,24.1814,6.15764,69,72,65,1819,2800,0.477642,22,12.4169,0,0,54374901727
39.5917,25.2578,6.15764,69,72,65,1819,2800,0.477642,22,12.4169,0,0,54400159764
37.7088,26.519,6.15764,69,72,65,1819,2800,0.477642,22,12.4169,0,0,54426678755
39.7751,25.1413,6.15764,69,72,65,1819,2800,0.477642,22,12.4169,0,0,54451820464
36.7398,27.2185,6.15764,69,72,65,1819,2800,0.477642,22,12.4169,0,0,54479039047
39.912,25.0551,6.15764,69,72,65,1819,2800,0.477642,22,12.4169,0,0,54504094664
38.2074,26.173,6.15764,69,72,65,1819,2800,0.477642,22,12.4169,0,0,54530267296
40.6222,24.6171,6.15764,69,72,65,1819,2800,0.477642,22,12.4169,0,0,54554886224
37.0977,26.9558,6.15764,69,72,65,1819,2800,0.477642,22,12.4169,0,0,54581841734
32.5707,30.7025,6.15764,69,72,65,1819,2800,0.477642,22,12.4169,0,0,54612544050
42.9134,23.3027,6.15764,69,72,65,1819,2800,0.477642,22,12.4169,0,0,54635847231
38.4164,26.0306,6.15764,69,72,65,1819,2800,0.477642,22,12.4169,0,0,54661879540
38.9901,25.6475,6.15764,69,72,65,1819,2800,0.477642,22,12.4169,0,0,54687526396
38.3046,26.1065,6.15764,69,72,65,1819,2800,0.477642,22,12.4169,0,0,54713633535
43.703,22.8817,6.15764,69,72,65,1819,2800,0.477642,22,12.4169,0,0,54736515135
39.0939,25.5794,6.15764,69,72,65,1819,2800,0.477642,22,12.4169,0,0,54762097640
37.3517,26.7725,6.86275,69,70,65,1733,2800,0.477642,33,12.4174,0,0,54788869355
39.5155,25.3065,6.86275,69,70,65,1733,2800,0.477642,33,12.4174,0,0,54814175482
36.5095,27.3901,6.86275,69,70,65,1733,2800,0.477642,33,12.4174,0,0,54841566158
40.9608,24.4136,6.86275,69,70,65,1733,2800,0.477642,33,12.4174,0,0,54865980222
38.7711,25.7924,6.86275,69,70,65,1733,2800,0.477642,33,12.4174,0,0,54891772270
26.9055,37.1671,6.86275,69,70,65,1733,2800,0.477642,33,12.4174,0,0,54928940402
38.7242,25.8236,6.86275,69,70,65,1733,2800,0.477642,33,12.4174,0,0,54954765101
38.4663,25.9968,6.86275,69,70,65,1733,2800,0.477642,33,12.4174,0,0,54980761122
39.9606,25.0246,6.86275,69,70,65,1733,2800,0.477642,33,12.4174,0,0,55005786773
40.424,24.7378,6.86275,69,70,65,1733,2800,0.477642,33,12.4174,0,0,55030525425
31.108,32.1461,6.86275,69,70,65,1733,2800,0.477642,33,12.4174,0,0,55062671128
37.9952,26.3191,6.86275,69,70,65,1733,2800,0.477642,33,12.4174,0,0,55088991447
37.6286,26.5756,6.86275,69,70,65,1733,2800,0.477642,33,12.4174,0,0,55115566083
36.9617,27.055,6.86275,69,70,65,1733,2800,0.477642,33,12.4174,0,0,55142623674
41.124,24.3167,6.86275,69,70,65,1733,2800,0.477642,33,12.4174,0,0,55166939574
29.7371,33.628,6.86275,69,70,65,1733,2800,0.477642,33,12.4174,0,0,55200567938
32.3912,30.8726,6.86275,69,70,65,1733,2800,0.477642,33,12.4174,0,0,55231441515
35.6518,28.049,6.86275,69,70,65,1733,2800,0.477642,33,12.4174,0,0,55259490436
35.2919,28.3351,6.86275,69,70,65,1733,2800,0.477642,33,12.4174,0,0,55287832245
37.3241,26.7923,6.83453,69,67,64,1268,2800,0.477642,21,12.4013,0,0,55314618227
38.1418,26.218,6.83453,69,67,64,1268,2800,0.477642,21,12.4013,0,0,55340836956
41.4287,24.1379,6.83453,69,67,64,1268,2800,0.477642,21,12.4013,0,0,55364975062
37.8448,26.4237,6.83453,69,67,64,1268,2800,0.477642,21,12.4013,0,0,55391399175
38.6222,25.8918,6.83453,69,67,64,1268,2800,0.477642,21,12.4013,0,0,55417292073
38.8253,25.7564,6.83453,69,67,64,1268,2800,0.477642,21,12.4013,0,0,55443049175
37.7604,26.4828,6.83453,69,67,64,1268,2800,0.477642,21,12.4013,0,0,55469532450
34.1907,29.2477,6.83453,69,67,64,1268,2800,0.477642,21,12.4013,0,0,55498779507
33.4,29.9401,6.83453,69,67,64,1268,2800,0.477642,21,12.4013,0,0,55528719884
36.6032,27.32,6.83453,69,67,64,1268,2800,0.477642,21,12.4013,0,0,55556041731
35.9881,27.7869,6.83453,69,67,64,1268,2800,0.477642,21,12.4013,0,0,55583827849
37.8274,26.4359,6.83453,69,67,64,1268,2800,0.477642,21,12.4013,0,0,55610263945
37.9545,26.3473,6.83453,69,67,64,1268,2800,0.477642,21,12.4013,0,0,55636612306
38.8155,25.7629,6.83453,69,67,64,1268,2800,0.477642,21,12.4013,0,0,55662376332
38.6099,25.9001,6.83453,69,67,64,1268,2800,0.477642,21,12.4013,0,0,55688275821
39.9107,25.0559,6.83453,69,67,64,1268,2800,0.477642,21,12.4013,0,0,55713332851
42.2371,23.6758,6.83453,69,67,64,1268,2800,0.477642,21,12.4013,0,0,55737008931
35.7987,27.934,6.83453,69,67,64,1268,2800,0.477642,21,12.4013,0,0,55764942796
37.8692,26.4067,6.83453,69,67,64,1268,2800,0.477642,21,12.4013,0,0,55791355438
40.4347,24.7312,10.0872,69,67,64,1608,2800,0.477642,19,12.3947,0,0,55816081947
40.0946,24.941,10.0872,69,67,64,1608,2800,0.477642,19,12.3947,0,0,55841023330
37.735,26.5006,10.0872,69,67,64,1608,2800,0.477642,19,12.3947,0,0,55867524328
34.4004,29.0695,10.0872,69,67,64,1608,2800,0.477642,19,12.3947,0,0,55896594253
42.6726,23.4343,10.0872,69,67,64,1608,2800,0.477642,19,12.3947,0,0,55920028259
36.7498,27.2111,10.0872,69,67,64,1608,2800,0.477642,19,12.3947,0,0,55947241011
37.4641,26.6922,10.0872,69,67,64,1608,2800,0.477642,19,12.3947,0,0,55973932917
42.9132,23.3029,10.0872,69,67,64,1608,2800,0.477642,19,12.3947,0,0,55997235186
35.0628,28.5203,10.0872,69,67,64,1608,2800,0.477642,19,12.3947,0,0,56025756162
40.174,24.8917,10.0872,69,67,64,1608,2800,0.477642,19,12.3947,0,0,56050648362
40.1821,24.8867,10.0872,69,67,64,1608,2800,0.477642,19,12.3947,0,0,56075535604
39.8054,25.1222,10.0872,69,67,64,1608,2800,0.477642,19,12.3947,0,0,56100658737
38.6985,25.8408,10.0872,69,67,64,1608,2800,0.477642,19,12.3947,0,0,56126499587
35.9818,27.7918,10.0872,69,67,64,1608,2800,0.477642,19,12.3947,0,0,56154291636
37.5407,26.6378,10.0872,69,67,64,1608,2800,0.477642,19,12.3947,0,0,56180930071
37.5959,26.5986,10.0872,69,67,64,1608,2800,0.477642,19,12.3947,0,0,56207528591
41.0982,24.332,10.0872,69,67,64,1608,2800,0.477642,19,12.3947,0,0,56231861022
39.0713,25.5942,10.0872,69,67,64,1608,2800,0.477642,19,12.3947,0,0,56257456341
39.1732,25.5277,10.0872,69,67,64,1608,2800,0.477642,19,12.3947,0,0,56282981920
39.1644,25.5334,10.0872,69,67,64,1608,2800,0.477642,19,12.3947,0,0,56308519861
37.8982,26.3864,6.83761,69,71,65,1859,2800,0.477642,23,12.369,0,0,56334903549
39.0458,25.6109,6.83761,69,71,65,1859,2800,0.477642,23,12.369,0,0,56360515860
39.0332,25.6192,6.83761,69,71,65,1859,2800,0.477642,23,12.369,0,0,56386134824
36.6651,27.2739,6.83761,69,71,65,1859,2800,0.477642,23,12.369,0,0,56413409282
31.9502,31.2987,6.83761,69,71,65,1859,2800,0.477642,23,12.369,0,0,56444706484
30.4318,32.8604,6.83761,69,71,65,1859,2800,0.477642,23,12.369,0,0,56477568690
29.4146,33.9967,6.83761,69,71,65,1859,2800,0.477642,23,12.369,0,0,56511564283
27.8759,35.8732,6.83761,69,71,65,1859,2800,0.477642,23,12.369,0,0,56547437416
28.7234,34.8148,6.83761,69,71,65,1859,2800,0.477642,23,12.369,0,0,56582252746
27.5631,36.2804,6.83761,69,71,65,1859,2800,0.477642,23,12.369,0,0,56618533293
30.3386,32.9614,6.83761,69,71,65,1859,2800,0.477642,23,12.369,0,0,56651494886
28.6809,34.8664,6.83761,69,71,65,1859,2800,0.477642,23,12.369,0,0,56686367543
27.9016,35.8402,6.83761,69,71,65,1859,2800,0.477642,23,12.369,0,0,56722201603
28.7988,34.7237,6.83761,69,71,65,1859,2800,0.477642,23,12.369,0,0,56756925671
28.8245,34.6927,6.83761,69,71,65,1859,2800,0.477642,23,12.369,0,0,56791618862
28.3701,35.2484,6.83761,69,71,65,1859,2800,0.477642,23,12.369,0,0,56826869949
28.3729,35.2449,7.44811,69,72,64,864,2800,0.477642,20,12.3707,0,0,56862112019
28.7646,34.7649,7.44811,69,72,64,864,2800,0.477642,20,12.3707,0,0,56896877044
27.5311,36.3225,7.44811,69,72,64,864,2800,0.477642,20,12.3707,0,0,56933199760
28.8329,34.6826,7.44811,69,72,64,864,2800,0.477642,20,12.3707,0,0,56967882431
29.4486,33.9574,7.44811,69,72,64,864,2800,0.477642,20,12.3707,0,0,57001840132
29.8937,33.4518,7.44811,69,72,64,864,2800,0.477642,20,12.3707,0,0,57035292906
26.7973,37.3172,7.44811,69,72,64,864,2800,0.477642,20,12.3707,0,0,57072610489
26.1819,38.1943,7.44811,69,72,64,864,2800,0.477642,20,12.3707,0,0,57110805075
25.7716,38.8024,7.44811,69,72,64,864,2800,0.477642,20,12.3707,0,0,57149608644
24.6985,40.4883,7.44811,69,72,64,864,2800,0.477642,20,12.3707,0,0,57190095760
27.0649,36.9482,7.44811,69,72,64,864,2800,0.477642,20,12.3707,0,0,57227044791
28.3025,35.3325,7.44811,69,72,64,864,2800,0.477642,20,12.3707,0,0,57262377210
29.5904,33.7948,7.44811,69,72,64,864,2800,0.477642,20,12.3707,0,0,57296173028
30.8564,32.4082,7.44811,69,72,64,864,2800,0.477642,20,12.3707,0,0,57328586072
32.7899,30.4972,6.17907,68,66,63,1031,2800,0.477642,23,12.3706,0,0,57359079166
32.8551,30.4367,6.17907,68,66,63,1031,2800,0.477642,23,12.3706,0,0,57389515514
32.8685,30.4243,6.17907,68,66,63,1031,2800,0.477642,23,12.3706,0,0,57419941181
33.6268,29.7382,6.17907,68,66,63,1031,2800,0.477642,23,12.3706,0,0,57449679029
35.1031,28.4875,6.17907,68,66,63,1031,2800,0.477642,23,12.3706,0,0,57478166802
35.1098,28.4821,6.17907,68,66,63,1031,2800,0.477642,23,12.3706,0,0,57506649687
37.6828,26.5373,6.17907,68,66,63,1031,2800,0.477642,23,12.3706,0,0,57533186111
38.0144,26.3058,6.17907,68,66,63,1031,2800,0.477642,23,12.3706,0,0,57559493776
34.875,28.6738,6.17907,68,66,63,1031,2800,0.477642,23,12.3706,0,0,57588168650
35.1565,28.4442,6.17907,68,66,63,1031,2800,0.477642,23,12.3706,0,0,57616610988
38.8429,25.7447,6.17907,68,66,63,1031,2800,0.477642,23,12.3706,0,0,57642357080
36.802,27.1725,6.17907,68,66,63,1031,2800,0.477642,23,12.3706,0,0,57669529537
40.1525,24.905,6.17907,68,66,63,1031,2800,0.477642,23,12.3706,0,0,57694435233
39.2891,25.4524,6.17907,68,66,63,1031,2800,0.477642,23,12.3706,0,0,57719888926
37.5144,26.6564,6.17907,68,66,63,1031,2800,0.477642,23,12.3706,0,0,57746545285
38.0368,26.2903,6.17907,68,66,63,1031,2800,0.477642,23,12.3706,0,0,57772835718
40.0125,24.9922,6.17907,68,66,63,1031,2800,0.477642,23,12.3706,0,0,57797828758
38.5705,25.9265,6.17907,68,66,63,1031,2800,0.477642,23,12.3706,0,0,57823755659
37.1268,26.9347,6.17907,68,66,63,1031,2800,0.477642,23,12.3706,0,0,57850691973
37.8909,26.3916,8.62697,68,69,65,1808,2800,0.477642,20,12.3615,0,0,57877081040
38.6704,25.8596,8.62697,68,69,65,1808,2800,0.477642,20,12.3615,0,0,57902940665
34.7707,28.7599,8.62697,68,69,65,1808,2800,0.477642,20,12.3615,0,0,57931702793
32.4915,30.7773,8.62697,68,69,65,1808,2800,0.477642,20,12.3615,0,0,57962480641
34.5649,28.9311,8.62697,68,69,65,1808,2800,0.477642,20,12.3615,0,0,57991411365
32.6214,30.6547,8.62697,68,69,65,1808,2800,0.477642,20,12.3615,0,0,58022066884
30.4315,32.8607,8.62697,68,69,65,1808,2800,0.477642,20,12.3615,0,0,58054925785
30.7256,32.5461,8.62697,68,69,65,1808,2800,0.477642,20,12.3615,0,0,58087471708
29.0381,34.4375,8.62697,68,69,65,1808,2800,0.477642,20,12.3615,0,0,58121909550
31.337,31.9112,8.62697,68,69,65,1808,2800,0.477642,20,12.3615,0,0,58153820763
32.1743,31.0807,8.62697,68,69,65,1808,2800,0.477642,20,12.3615,0,0,58184902632
31.3864,31.8609,8.62697,68,69,65,1808,2800,0.477642,20,12.3615,0,0,58216763180
29.4143,33.997,8.62697,68,69,65,1808,2800,0.477642,20,12.3615,0,0,58250760746
30.3979,32.897,8.62697,68,69,65,1808,2800,0.477642,20,12.3615,0,0,58283659221
30.689,32.585,8.62697,68,69,65,1808,2800,0.477642,20,12.3615,0,0,58316243046
29.7448,33.6194,8.62697,68,69,65,1808,2800,0.477642,20,12.3615,0,0,58349863675
30.4386,32.853,8.62697,68,69,65,1808,2800,0.477642,20,12.3615,0,0,58382718828
31.7869,31.4595,6.90476,70,70,64,1082,2800,0.477642,26,12.3617,0,0,58414176862
30.6692,32.606,6.90476,70,70,64,1082,2800,0.477642,26,12.3617,0,0,58446782728
21.8234,45.8225,6.90476,70,70,64,1082,2800,0.477642,26,12.3617,0,0,58492605179
26.9678,37.0813,6.90476,70,70,64,1082,2800,0.477642,26,12.3617,0,0,58529686027
26.9092,37.1621,6.90476,70,70,64,1082,2800,0.477642,26,12.3617,0,0,58566847917
28.8747,34.6323,6.90476,70,70,64,1082,2800,0.477642,26,12.3617,0,0,58601482749
28.3119,35.3209,6.90476,70,70,64,1082,2800,0.477642,26,12.3617,0,0,58636802364
28.4468,35.1534,6.90476,70,70,64,1082,2800,0.477642,26,12.3617,0,0,58671957300
31.5483,31.6975,6.90476,70,70,64,1082,2800,0.477642,26,12.3617,0,0,58703653520
34.1891,29.2491,6.90476,70,70,64,1082,2800,0.477642,26,12.3617,0,0,58732904355
34.5827,28.9162,6.90476,70,70,64,1082,2800,0.477642,26,12.3617,0,0,58761820441
35.7834,27.9459,6.90476,70,70,64,1082,2800,0.477642,26,12.3617,0,0,58789766228
34.2531,29.1944,6.90476,70,70,64,1082,2800,0.477642,26,12.3617,0,0,58818961238
34.8466,28.6972,6.90476,70,70,64,1082,2800,0.477642,26,12.3617,0,0,58847658855
36.0956,27.7042,6.90476,70,70,64,1082,2800,0.477642,26,12.3617,0,0,58875364141
32.9561,30.3434,6.90476,70,70,64,1082,2800,0.477642,26,12.3617,0,0,58905712013
37.3005,26.8093,6.89238,68,71,65,1479,2800,0.477646,20,12.3615,0,0,58932516560
34.8389,28.7035,6.89238,68,71,65,1479,2800,0.477646,20,12.3615,0,0,58961221440
31.2356,32.0147,6.89238,68,71,65,1479,2800,0.477646,20,12.3615,0,0,58993233813
31.6846,31.5611,6.89238,68,71,65,1479,2800,0.477646,20,12.3615,0,0,59024796734
32.2085,31.0477,6.89238,68,71,65,1479,2800,0.477646,20,12.3615,0,0,59055845159
15.1499,66.007,6.89238,68,71,65,1479,2800,0.477646,20,12.3615,0,0,59121850960
26.6707,37.4943,6.89238,68,71,65,1479,2800,0.477646,20,12.3615,0,0,59159346246
27.8946,35.8492,6.89238,68,71,65,1479,2800,0.477646,20,12.3615,0,0,59195194332
27.9529,35.7745,6.89238,68,71,65,1479,2800,0.477646,20,12.3615,0,0,59230971415
30.694,32.5796,6.89238,68,71,65,1479,2800,0.477646,20,12.3615,0,0,59263551012
30.4383,32.8534,6.89238,68,71,65,1479,2800,0.477646,20,12.3615,0,0,59296402779
29.1266,34.3328,6.89238,68,71,65,1479,2800,0.477646,20,12.3615,0,0,59330737007
26.108,38.3025,6.89238,68,71,65,1479,2800,0.477646,20,12.3615,0,0,59369040848
26.8,37.3134,6.89238,68,71,65,1479,2800,0.477646,20,12.3615,0,0,59406364582
29.6508,33.7259,13.1479,69,69,69,1441,2800,0.481091,22,12.3768,0,0,59440080810
32.8613,30.4309,13.1479,69,69,69,1441,2800,0.481091,22,12.3768,0,0,59470511547
29.719,33.6486,13.1479,69,69,69,1441,2800,0.481091,22,12.3768,0,0,59504160499
31.0389,32.2176,13.1479,69,69,69,1441,2800,0.481091,22,12.3768,0,0,59536379761
33.0992,30.2122,13.1479,69,69,69,1441,2800,0.481091,22,12.3768,0,0,59566591637
33.0307,30.2749,13.1479,69,69,69,1441,2800,0.481091,22,12.3768,0,0,59596866973
32.0272,31.2235,13.1479,69,69,69,1441,2800,0.481091,22,12.3768,0,0,59628090036
35.0081,28.5649,13.1479,69,69,69,1441,2800,0.481091,22,12.3768,0,0,59656656938
34.1825,29.2548,13.1479,69,69,69,1441,2800,0.481091,22,12.3768,0,0,59685910597
35.6777,28.0287,13.1479,69,69,69,1441,2800,0.481091,22,12.3768,0,0,59713941344
23.9276,41.7928,13.1479,69,69,69,1441,2800,0.481091,22,12.3768,0,0,59755732004
32.4955,30.7735,13.1479,69,69,69,1441,2800,0.481091,22,12.3768,0,0,59786506215
33.9831,29.4264,13.1479,69,69,69,1441,2800,0.481091,22,12.3768,0,0,59815934643
32.7356,30.5478,13.1479,69,69,69,1441,2800,0.481091,22,12.3768,0,0,59846481097
34.5825,28.9164,13.1479,69,69,69,1441,2800,0.481091,22,12.3768,0,0,59875399017
35.5304,28.1449,13.1479,69,69,69,1441,2800,0.481091,22,12.3768,0,0,59903545430
35.4877,28.1788,13.1479,69,69,69,1441,2800,0.481091,22,12.3768,0,0,59931727951
37.8172,26.443,13.0909,69,68,67,2104,2800,0.481087,26,12.3884,0,0,59958165760
36.763,27.2013,13.0909,69,68,67,2104,2800,0.481087,26,12.3884,0,0,59985367722
37.3195,26.7957,13.0909,69,68,67,2104,2800,0.481087,26,12.3884,0,0,60012164705
40.5203,24.679,13.0909,69,68,67,2104,2800,0.481087,26,12.3884,0,0,60036843736
36.0265,27.7573,13.0909,69,68,67,2104,2800,0.481087,26,12.3884,0,0,60064600939
38.6864,25.8489,13.0909,69,68,67,2104,2800,0.481087,26,12.3884,0,0,60090448962
35.991,27.7847,13.0909,69,68,67,2104,2800,0.481087,26,12.3884,0,0,60118235441
39.2306,25.4903,13.0909,69,68,67,2104,2800,0.481087,26,12.3884,0,0,60143726655
37.3761,26.7551,13.0909,69,68,67,2104,2800,0.481087,26,12.3884,0,0,60170481729
40.0539,24.9664,13.0909,69,68,67,2104,2800,0.481087,26,12.3884,0,0,60195449050
37.886,26.395,13.0909,69,68,67,2104,2800,0.481087,26,12.3884,0,0,60221843939
41.487,24.1039,13.0909,69,68,67,2104,2800,0.481087,26,12.3884,0,0,60245948933
37.297,26.8118,13.0909,69,68,67,2104,2800,0.481087,26,12.3884,0,0,60272759802
41.4614,24.1188,13.0909,69,68,67,2104,2800,0.481087,26,12.3884,0,0,60296878211
36.0357,27.7502,13.0909,69,68,67,2104,2800,0.481087,26,12.3884,0,0,60324630515
40.118,24.9265,13.0909,69,68,67,2104,2800,0.481087,26,12.3884,0,0,60349557000
38.0655,26.2705,13.0909,69,68,67,2104,2800,0.481087,26,12.3884,0,0,60375827466
42.2529,23.667,13.0909,69,68,67,2104,2800,0.481087,26,12.3884,0,0,60399495080
37.4346,26.7133,13.0909,69,68,67,2104,2800,0.481087,26,12.3884,0,0,60426208816
37.6991,26.5259,13.0909,69,68,67,2104,2800,0.481087,26,12.3884,0,0,60452742736
36.1769,27.6419,7.42996,70,76,68,2393,2800,0.481087,29,12.3893,0,0,60480377309
37.3427,26.779,7.42996,70,76,68,2393,2800,0.481087,29,12.3893,0,0,60507156629
36.8185,27.1603,7.42996,70,76,68,2393,2800,0.481087,29,12.3893,0,0,60534317013
40.2538,24.8424,7.42996,70,76,68,2393,2800,0.481087,29,12.3893,0,0,60559160662
40.5909,24.6361,7.42996,70,76,68,2393,2800,0.481087,29,12.3893,0,0,60583796602
35.8552,27.89,7.42996,70,76,68,2393,2800,0.481087,29,12.3893,0,0,60611686865
41.3782,24.1673,7.42996,70,76,68,2393,2800,0.481087,29,12.3893,0,0,60635854868
38.4053,26.038,7.42996,70,76,68,2393,2800,0.481087,29,12.3893,0,0,60661893198
39.6019,25.2513,7.42996,70,76,68,2393,2800,0.481087,29,12.3893,0,0,60687144892
36.1264,27.6805,7.42996,70,76,68,2393,2800,0.481087,29,12.3893,0,0,60714826073
36.3364,27.5206,7.42996,70,76,68,2393,2800,0.481087,29,12.3893,0,0,60742346633
39.3657,25.4028,7.42996,70,76,68,2393,2800,0.481087,29,12.3893,0,0,60767748459
39.304,25.4427,7.42996,70,76,68,2393,2800,0.481087,29,12.3893,0,0,60793192184
39.8352,25.1034,7.42996,70,76,68,2393,2800,0.481087,29,12.3893,0,0,60818296853
39.2006,25.5098,7.42996,70,76,68,2393,2800,0.481087,29,12.3893,0,0,60843807103
40.7976,24.5113,7.42996,70,76,68,2393,2800,0.481087,29,12.3893,0,0,60868318990
37.468,26.6894,7.42996,70,76,68,2393,2800,0.481087,29,12.3893,0,0,60895008932
39.1735,25.5275,7.42996,70,76,68,2393,2800,0.481087,29,12.3893,0,0,60920536995
37.037,27,7.42996,70,76,68,2393,2800,0.481087,29,12.3893,0,0,60947538030
39.6872,25.197,7.42996,70,76,68,2393,2800,0.481087,29,12.3893,0,0,60972742006
41.0823,24.3414,7.29927,70,71,67,2212,2800,0.481087,42,12.38,0,0,60997076621
37.5368,26.6405,7.29927,70,71,67,2212,2800,0.481087,42,12.38,0,0,61023716739
38.2508,26.1432,7.29927,70,71,67,2212,2800,0.481087,42,12.38,0,0,61049862290
39.9882,25.0074,7.29927,70,71,67,2212,2800,0.481087,42,12.38,0,0,61074868695
40.5195,24.6795,7.29927,70,71,67,2212,2800,0.481087,42,12.38,0,0,61099557384
35.196,28.4123,7.29927,70,71,67,2212,2800,0.481087,42,12.38,0,0,61127960268
39.7294,25.1703,7.29927,70,71,67,2212,2800,0.481087,42,12.38,0,0,61153130710
38.4689,25.995,7.29927,70,71,67,2212,2800,0.481087,42,12.38,0,0,61179127603
38.4419,26.0133,7.29927,70,71,67,2212,2800,0.481087,42,12.38,0,0,61205141657
34.7557,28.7723,7.29927,70,71,67,2212,2800,0.481087,42,12.38,0,0,61233913573
37.8649,26.4097,7.29927,70,71,67,2212,2800,0.481087,42,12.38,0,0,61260323129
40.1635,24.8982,7.29927,70,71,67,2212,2800,0.481087,42,12.38,0,0,61285222804
38.6948,25.8433,7.29927,70,71,67,2212,2800,0.481087,42,12.38,0,0,61311064105
35.9787,27.7942,7.29927,70,71,67,2212,2800,0.481087,42,12.38,0,0,61338860091
37.2672,26.8333,7.29927,70,71,67,2212,2800,0.481087,42,12.38,0,0,61365692991
37.4351,26.7129,7.29927,70,71,67,2212,2800,0.481087,42,12.38,0,0,61392406266
36.6594,27.2781,7.29927,70,71,67,2212,2800,0.481087,42,12.38,0,0,61419685684
35.6131,28.0795,7.29927,70,71,67,2212,2800,0.481087,42,12.38,0,0,61447764560
36.6687,27.2712,7.29927,70,71,67,2212,2800,0.481087,42,12.38,0,0,61475046633
41.445,24.1283,7.54717,70,70,66,1927,2800,0.481087,26,12.3789,0,0,61499166595
35.3941,28.2533,7.54717,70,70,66,1927,2800,0.481087,26,12.3789,0,0,61527422393
38.9701,25.6607,7.54717,70,70,66,1927,2800,0.481087,26,12.3789,0,0,61553081462
38.0803,26.2603,7.54717,70,70,66,1927,2800,0.481087,26,12.3789,0,0,61579342019
40.9753,24.4049,7.54717,70,70,66,1927,2800,0.481087,26,12.3789,0,0,61603747607
37.699,26.5259,7.54717,70,70,66,1927,2800,0.481087,26,12.3789,0,0,61630274213
39.8329,25.1049,7.54717,70,70,66,1927,2800,0.481087,26,12.3789,0,0,61655378922
38.4525,26.0061,7.54717,70,70,66,1927,2800,0.481087,26,12.3789,0,0,61681385472
37.248,26.8471,7.54717,70,70,66,1927,2800,0.481087,26,12.3789,0,0,61708232709
42.9909,23.2607,7.54717,70,70,66,1927,2800,0.481087,26,12.3789,0,0,61731494201
38.1797,26.1919,7.54717,70,70,66,1927,2800,0.481087,26,12.3789,0,0,61757687933
36.9618,27.055,7.54717,70,70,66,1927,2800,0.481087,26,12.3789,0,0,61784742188
38.9067,25.7025,7.54717,70,70,66,1927,2800,0.481087,26,12.3789,0,0,61810443827
43.2464,23.1233,7.54717,70,70,66,1927,2800,0.481087,26,12.3789,0,0,61833568232
37.9195,26.3716,7.54717,70,70,66,1927,2800,0.481087,26,12.3789,0,0,61859941680
38.5409,25.9464,7.54717,70,70,66,1927,2800,0.481087,26,12.3789,0,0,61885886866
38.768,25.7945,7.54717,70,70,66,1927,2800,0.481087,26,12.3789,0,0,61911681889
39.2524,25.4762,7.54717,70,70,66,1927,2800,0.481087,26,12.3789,0,0,61937156963
39.1305,25.5555,7.54717,70,70,66,1927,2800,0.481087,26,12.3789,0,0,61962714391
37.6761,26.542,7.54717,70,70,66,1927,2800,0.481087,26,12.3789,0,0,61989260874
38.4542,26.005,8.50801,69,67,66,2079,2800,0.481087,29,12.3776,0,0,62015262225
36.5073,27.3918,8.50801,69,67,66,2079,2800,0.481087,29,12.3776,0,0,62042654203
42.9535,23.281,8.50801,69,67,66,2079,2800,0.481087,29,12.3776,0,0,62065935613
33.5096,29.8422,8.50801,69,67,66,2079,2800,0.481087,29,12.3776,0,0,62095777796
38.2445,26.1476,8.50801,69,67,66,2079,2800,0.481087,29,12.3776,0,0,62121925441
38.2904,26.1162,8.50801,69,67,66,2079,2800,0.481087,29,12.3776,0,0,62148040746
36.9861,27.0372,8.50801,69,67,66,2079,2800,0.481087,29,12.3776,0,0,62175080584
42.9038,23.3079,8.50801,69,67,66,2079,2800,0.481087,29,12.3776,0,0,62198387471
36.6317,27.2988,8.50801,69,67,66,2079,2800,0.481087,29,12.3776,0,0,62225687708
41.3345,24.1929,8.50801,69,67,66,2079,2800,0.481087,29,12.3776,0,0,62249880507
37.6594,26.5538,8.50801,69,67,66,2079,2800,0.481087,29,12.3776,0,0,62276435516
39.1966,25.5124,8.50801,69,67,66,2079,2800,0.481087,29,12.3776,0,0,62301947448
39.1118,25.5677,8.50801,69,67,66,2079,2800,0.481087,29,12.3776,0,0,62327516037
38.6488,25.874,8.50801,69,67,66,2079,2800,0.481087,29,12.3776,0,0,62353390831
37.6185,26.5827,8.50801,69,67,66,2079,2800,0.481087,29,12.3776,0,0,62379971728
39.7662,25.147,8.50801,69,67,66,2079,2800,0.481087,29,12.3776,0,0,62405120370
40.025,24.9844,8.50801,69,67,66,2079,2800,0.481087,29,12.3776,0,0,62430103411
35.6983,28.0125,8.50801,69,67,66,2079,2800,0.481087,29,12.3776,0,0,62458117536
41.4,24.1546,8.50801,69,67,66,2079,2800,0.481087,29,12.3776,0,0,62482272213
37.1711,26.9026,8.50801,69,67,66,2079,2800,0.481087,29,12.3776,0,0,62509181136
39.8758,25.0779,7.04739,69,73,66,1988,2800,0.481087,40,12.3775,0,0,62534253915
35.9273,27.8339,7.04739,69,73,66,1988,2800,0.481087,40,12.3775,0,0,62562087371
39.8131,25.1174,7.04739,69,73,66,1988,2800,0.481087,40,12.3775,0,0,62587205826
36.9721,27.0474,7.04739,69,73,66,1988,2800,0.481087,40,12.3775,0,0,62614252247
40.7145,24.5613,7.04739,69,73,66,1988,2800,0.481087,40,12.3775,0,0,62638814789
36.9985,27.0281,7.04739,69,73,66,1988,2800,0.481087,40,12.3775,0,0,62665843446
32.6033,30.6717,7.04739,69,73,66,1988,2800,0.481087,40,12.3775,0,0,62696516057
34.4368,29.0387,7.04739,69,73,66,1988,2800,0.481087,40,12.3775,0,0,62725554323
35.6971,28.0134,7.04739,69,73,66,1988,2800,0.481087,40,12.3775,0,0,62753568889
39.1829,25.5213,7.04739,69,73,66,1988,2800,0.481087,40,12.3775,0,0,62779089388
38.2169,26.1664,7.04739,69,73,66,1988,2800,0.481087,40,12.3775,0,0,62805257711
38.257,26.139,7.04739,69,73,66,1988,2800,0.481087,40,12.3775,0,0,62831397481
38.576,25.9229,7.04739,69,73,66,1988,2800,0.481087,40,12.3775,0,0,62857320896
35.0267,28.5496,7.04739,69,73,66,1988,2800,0.481087,40,12.3775,0,0,62885869333
34.3054,29.1499,7.04739,69,73,66,1988,2800,0.481087,40,12.3775,0,0,62915020120
36.2719,27.5696,7.04739,69,73,66,1988,2800,0.481087,40,12.3775,0,0,62942589962
41.5223,24.0834,7.04739,69,73,66,1988,2800,0.481087,40,12.3775,0,0,62966671633
38.4287,26.0222,7.04739,69,73,66,1988,2800,0.481087,40,12.3775,0,0,62992695696
39.5071,25.3119,7.04739,69,73,66,1988,2800,0.481087,40,12.3775,0,0,63018013444
35.0416,28.5375,8.49754,69,72,65,1762,2800,0.47765,18,12.3662,0,0,63046546853
41.1247,24.3163,8.49754,69,72,65,1762,2800,0.47765,18,12.3662,0,0,63070863635
37.5637,26.6214,8.49754,69,72,65,1762,2800,0.47765,18,12.3662,0,0,63097484177
36.1859,27.6351,8.49754,69,72,65,1762,2800,0.47765,18,12.3662,0,0,63125118329
39.3299,25.4259,8.49754,69,72,65,1762,2800,0.47765,18,12.3662,0,0,63150546325
32.2355,31.0217,8.49754,69,72,65,1762,2800,0.47765,18,12.3662,0,0,63181567920
39.4896,25.3231,8.49754,69,72,65,1762,2800,0.47765,18,12.3662,0,0,63206891399
33.5319,29.8224,8.49754,69,72,65,1762,2800,0.47765,18,12.3662,0,0,63236715208
39.5574,25.2797,8.49754,69,72,65,1762,2800,0.47765,18,12.3662,0,0,63261995386
39.6199,25.2399,8.49754,69,72,65,1762,2800,0.47765,18,12.3662,0,0,63287235008
25.6195,39.0328,8.49754,69,72,65,1762,2800,0.47765,18,12.3662,0,0,63326269390
36.0554,27.7351,8.49754,69,72,65,1762,2800,0.47765,18,12.3662,0,0,63354004342
36.744,27.2154,8.49754,69,72,65,1762,2800,0.47765,18,12.3662,0,0,63381220611
36.5297,27.375,8.49754,69,72,65,1762,2800,0.47765,18,12.3662,0,0,63408595908
38.5836,25.9178,8.49754,69,72,65,1762,2800,0.47765,18,12.3662,0,0,63434513662
36.1032,27.6984,8.49754,69,72,65,1762,2800,0.47765,18,12.3662,0,0,63462211884
36.6414,27.2915,8.49754,69,72,65,1762,2800,0.47765,18,12.3662,0,0,63489504376
36.8638,27.1269,8.49754,69,72,65,1762,2800,0.47765,18,12.3662,0,0,63516631187
35.7703,27.9562,8.49754,69,72,65,1762,2800,0.47765,18,12.3662,0,0,63544595910
32.3121,30.9481,9.39358,69,66,65,1683,2800,0.47765,29,12.3742,0,0,63575535331
38.6855,25.8495,9.39358,69,66,65,1683,2800,0.47765,29,12.3742,0,0,63601385187
33.0953,30.2158,9.39358,69,66,65,1683,2800,0.47765,29,12.3742,0,0,63631602604
37.2476,26.8473,9.39358,69,66,65,1683,2800,0.47765,29,12.3742,0,0,63658450432
38.2498,26.1439,9.39358,69,66,65,1683,2800,0.47765,29,12.3742,0,0,63684592457
37.9508,26.3499,9.39358,69,66,65,1683,2800,0.47765,29,12.3742,0,0,63710944645
39.22,25.4972,9.39358,69,66,65,1683,2800,0.47765,29,12.3742,0,0,63736440799
37.4278,26.7181,9.39358,69,66,65,1683,2800,0.47765,29,12.3742,0,0,63763159955
35.2258,28.3883,9.39358,69,66,65,1683,2800,0.47765,29,12.3742,0,0,63791548633
39.0898,25.5821,9.39358,69,66,65,1683,2800,0.47765,29,12.3742,0,0,63817132190
37.7941,26.4591,9.39358,69,66,65,1683,2800,0.47765,29,12.3742,0,0,63843591810
42.8788,23.3216,9.39358,69,66,65,1683,2800,0.47765,29,12.3742,0,0,63866913075
36.9686,27.05,9.39358,69,66,65,1683,2800,0.47765,29,12.3742,0,0,63893963282
38.6057,25.9029,9.39358,69,66,65,1683,2800,0.47765,29,12.3742,0,0,63919866659
35.1171,28.4762,9.39358,69,66,65,1683,2800,0.47765,29,12.3742,0,0,63948343081
37.4951,26.6701,9.39358,69,66,65,1683,2800,0.47765,29,12.3742,0,0,63975013767
40.441,24.7274,9.39358,69,66,65,1683,2800,0.47765,29,12.3742,0,0,63999741910
36.2486,27.5872,9.39358,69,66,65,1683,2800,0.47765,29,12.3742,0,0,64027329846
35.0059,28.5666,9.39358,69,66,65,1683,2800,0.47765,29,12.3742,0,0,64055901426
36.2614,27.5775,8.49754,68,70,66,1889,2800,0.47765,23,12.3699,0,0,64083473643
37.2406,26.8524,8.49754,68,70,66,1889,2800,0.47765,23,12.3699,0,0,64110327021
38.9081,25.7016,8.49754,68,70,66,1889,2800,0.47765,23,12.3699,0,0,64136029051
35.9972,27.7799,8.49754,68,70,66,1889,2800,0.47765,23,12.3699,0,0,64163809277
39.4069,25.3763,8.49754,68,70,66,1889,2800,0.47765,23,12.3699,0,0,64189184844
38.3562,26.0714,8.49754,68,70,66,1889,2800,0.47765,23,12.3699,0,0,64215256667
37.2635,26.8359,8.49754,68,70,66,1889,2800,0.47765,23,12.3699,0,0,64242093424
40.7759,24.5243,8.49754,68,70,66,1889,2800,0.47765,23,12.3699,0,0,64266618807
35.5832,28.1031,8.49754,68,70,66,1889,2800,0.47765,23,12.3699,0,0,64294721789
38.1255,26.2292,8.49754,68,70,66,1889,2800,0.47765,23,12.3699,0,0,64320951788
36.6948,27.2518,8.49754,68,70,66,1889,2800,0.47765,23,12.3699,0,0,64348203504
36.4672,27.4219,8.49754,68,70,66,1889,2800,0.47765,23,12.3699,0,0,64375626210
42.0567,23.7774,8.49754,68,70,66,1889,2800,0.47765,23,12.3699,0,0,64399403630
35.8829,27.8684,8.49754,68,70,66,1889,2800,0.47765,23,12.3699,0,0,64427272152
37.2763,26.8267,8.49754,68,70,66,1889,2800,0.47765,23,12.3699,0,0,64454098940
38.5247,25.9573,8.49754,68,70,66,1889,2800,0.47765,23,12.3699,0,0,64480057370
36.868,27.1238,8.49754,68,70,66,1889,2800,0.47765,23,12.3699,0,0,64507180725
38.8147,25.7634,8.49754,68,70,66,1889,2800,0.47765,23,12.3699,0,0,64532944420
37.6544,26.5573,8.49754,68,70,66,1889,2800,0.47765,23,12.3699,0,0,64559511371
36.232,27.5999,7.88486,69,74,66,1986,2800,0.47765,25,12.3685,0,0,64587100730
35.7494,27.9725,7.88486,69,74,66,1986,2800,0.47765,25,12.3685,0,0,64615075692
37.4787,26.6818,7.88486,69,74,66,1986,2800,0.47765,25,12.3685,0,0,64641757007
39.5482,25.2856,7.88486,69,74,66,1986,2800,0.47765,25,12.3685,0,0,64667043417
36.4477,27.4366,7.88486,69,74,66,1986,2800,0.47765,25,12.3685,0,0,64694481362
37.662,26.5519,7.88486,69,74,66,1986,2800,0.47765,25,12.3685,0,0,64721032213
37.1711,26.9026,7.88486,69,74,66,1986,2800,0.47765,25,12.3685,0,0,64747935746
36.4792,27.4129,7.88486,69,74,66,1986,2800,0.47765,25,12.3685,0,0,64775349064
40.7459,24.5424,7.88486,69,74,66,1986,2800,0.47765,25,12.3685,0,0,64799892531
37.9233,26.369,7.88486,69,74,66,1986,2800,0.47765,25,12.3685,0,0,64826259898
38.2895,26.1168,7.88486,69,74,66,1986,2800,0.47765,25,12.3685,0,0,64852378969
36.185,27.6358,7.88486,69,74,66,1986,2800,0.47765,25,12.3685,0,0,64880015125
37.7834,26.4666,7.88486,69,74,66,1986,2800,0.47765,25,12.3685,0,0,64906481588
40.4451,24.7248,7.88486,69,74,66,1986,2800,0.47765,25,12.3685,0,0,64931206185
36.8747,27.1188,7.88486,69,74,66,1986,2800,0.47765,25,12.3685,0,0,64958326293
38.8382,25.7478,7.88486,69,74,66,1986,2800,0.47765,25,12.3685,0,0,64984072465
38.2284,26.1585,7.88486,69,74,66,1986,2800,0.47765,25,12.3685,0,0,65010232774
41.3197,24.2016,7.88486,69,74,66,1986,2800,0.47765,25,12.3685,0,0,65034433708
38.9786,25.6551,7.88486,69,74,66,1986,2800,0.47765,25,12.3685,0,0,65060097325
30.9222,32.3392,7.34177,69,69,67,2024,2800,0.47765,26,12.3619,0,0,65092429949
31.4218,31.8251,7.34177,69,69,67,2024,2800,0.47765,26,12.3619,0,0,65124256093
33.4888,29.8607,7.34177,69,69,67,2024,2800,0.47765,26,12.3619,0,0,65154116160
32.6782,30.6015,7.34177,69,69,67,2024,2800,0.47765,26,12.3619,0,0,65184723438
35.5872,28.1,7.34177,69,69,67,2024,2800,0.47765,26,12.3619,0,0,65212818325
31.868,31.3795,7.34177,69,69,67,2024,2800,0.47765,26,12.3619,0,0,65244200827
40.7787,24.5226,7.34177,69,69,67,2024,2800,0.47765,26,12.3619,0,0,65268730568
37.1348,26.9289,7.34177,69,69,67,2024,2800,0.47765,26,12.3619,0,0,65295651513
39.4997,25.3167,7.34177,69,69,67,2024,2800,0.47765,26,12.3619,0,0,65320967658
38.4572,26.0029,7.34177,69,69,67,2024,2800,0.47765,26,12.3619,0,0,65346970682
41.5219,24.0837,7.34177,69,69,67,2024,2800,0.47765,26,12.3619,0,0,65371055128
38.493,25.9788,7.34177,69,69,67,2024,2800,0.47765,26,12.3619,0,0,65397034447
37.2336,26.8574,7.34177,69,69,67,2024,2800,0.47765,26,12.3619,0,0,65423891953
35.6314,28.0651,7.34177,69,69,67,2024,2800,0.47765,26,12.3619,0,0,65451956653
36.9436,27.0683,7.34177,69,69,67,2024,2800,0.47765,26,12.3619,0,0,65479026538
40.6303,24.6122,7.34177,69,69,67,2024,2800,0.47765,26,12.3619,0,0,65503638853
36.9914,27.0333,7.34177,69,69,67,2024,2800,0.47765,26,12.3619,0,0,65530672179
38.1037,26.2441,7.34177,69,69,67,2024,2800,0.47765,26,12.3619,0,0,65556917768
27.1592,36.8199,7.34177,69,69,67,2024,2800,0.47765,26,12.3619,0,0,65593750150
33.8337,29.5563,9.11243,69,70,66,1645,2800,0.47765,27,12.3704,0,0,65623293824
34.5811,28.9175,9.11243,69,70,66,1645,2800,0.47765,27,12.3704,0,0,65652212555
34.4714,29.0096,9.11243,69,70,66,1645,2800,0.47765,27,12.3704,0,0,65681221706
34.4698,29.0109,9.11243,69,70,66,1645,2800,0.47765,27,12.3704,0,0,65710233903
39.1799,25.5233,9.11243,69,70,66,1645,2800,0.47765,27,12.3704,0,0,65735756626
34.7988,28.7366,9.11243,69,70,66,1645,2800,0.47765,27,12.3704,0,0,65764492906
35.9202,27.8395,9.11243,69,70,66,1645,2800,0.47765,27,12.3704,0,0,65792333846
34.0799,29.3428,9.11243,69,70,66,1645,2800,0.47765,27,12.3704,0,0,65821676192
31.8238,31.423,9.11243,69,70,66,1645,2800,0.47765,27,12.3704,0,0,65853099210
29.5249,33.8698,9.11243,69,70,66,1645,2800,0.47765,27,12.3704,0,0,65886970429
33.881,29.515,9.11243,69,70,66,1645,2800,0.47765,27,12.3704,0,0,65916485148
35.5746,28.11,9.11243,69,70,66,1645,2800,0.47765,27,12.3704,0,0,65944595875
33.4869,29.8624,9.11243,69,70,66,1645,2800,0.47765,27,12.3704,0,0,65974458406
37.8434,26.4247,9.11243,69,70,66,1645,2800,0.47765,27,12.3704,0,0,66000884143
36.547,27.3621,9.11243,69,70,66,1645,2800,0.47765,27,12.3704,0,0,66028244582
35.7567,27.9668,9.11243,69,70,66,1645,2800,0.47765,27,12.3704,0,0,66056213553
34.708,28.8118,9.11243,69,70,66,1645,2800,0.47765,27,12.3704,0,0,66085024843
33.1493,30.1666,9.11243,69,70,66,1645,2800,0.47765,27,12.3704,0,0,66115196644
36.1052,27.6968,7.52427,69,69,66,1435,2800,0.47765,23,12.3656,0,0,66142888285
37.7943,26.459,7.52427,69,69,66,1435,2800,0.47765,23,12.3656,0,0,66169348616
35.8305,27.9091,7.52427,69,69,66,1435,2800,0.47765,23,12.3656,0,0,66197258365
36.3034,27.5457,7.52427,69,69,66,1435,2800,0.47765,23,12.3656,0,0,66224804864
39.3043,25.4425,7.52427,69,69,66,1435,2800,0.47765,23,12.3656,0,0,66250247396
35.6943,28.0157,7.52427,69,69,66,1435,2800,0.47765,23,12.3656,0,0,66278262784
39.952,25.03,7.52427,69,69,66,1435,2800,0.47765,23,12.3656,0,0,66303294065
36.2435,27.5911,7.52427,69,69,66,1435,2800,0.47765,23,12.3656,0,0,66330885518
36.3595,27.5031,7.52427,69,69,66,1435,2800,0.47765,23,12.3656,0,0,66358388815
36.1232,27.6831,7.52427,69,69,66,1435,2800,0.47765,23,12.3656,0,0,66386071869
34.5216,28.9674,7.52427,69,69,66,1435,2800,0.47765,23,12.3656,0,0,66415039132
37.3664,26.762,7.52427,69,69,66,1435,2800,0.47765,23,12.3656,0,0,66441803904
40.8079,24.5051,7.52427,69,69,66,1435,2800,0.47765,23,12.3656,0,0,66466307696
34.0423,29.3752,7.52427,69,69,66,1435,2800,0.47765,23,12.3656,0,0,66495683255
39.3115,25.4379,7.52427,69,69,66,1435,2800,0.47765,23,12.3656,0,0,66521119245
37.741,26.4964,7.52427,69,69,66,1435,2800,0.47765,23,12.3656,0,0,66547617337
37.1186,26.9407,7.52427,69,69,66,1435,2800,0.47765,23,12.3656,0,0,66574557318
39.735,25.1667,7.52427,69,69,66,1435,2800,0.47765,23,12.3656,0,0,66599724795
33.2172,30.1049,7.52427,69,69,66,1435,2800,0.47765,23,12.3656,0,0,66629837576
39.4492,25.349,6.79012,69,75,65,1790,2800,0.47765,27,12.3642,0,0,66655180131
39.6766,25.2038,6.79012,69,75,65,1790,2800,0.47765,27,12.3642,0,0,66680382844
32.7499,30.5345,6.79012,69,75,65,1790,2800,0.47765,27,12.3642,0,0,66710919539
41.789,23.9297,6.79012,69,75,65,1790,2800,0.47765,27,12.3642,0,0,66734849065
37.0546,26.9872,6.79012,69,75,65,1790,2800,0.47765,27,12.3642,0,0,66761836985
40.4765,24.7057,6.79012,69,75,65,1790,2800,0.47765,27,12.3642,0,0,66786540873
35.5057,28.1645,6.79012,69,75,65,1790,2800,0.47765,27,12.3642,0,0,66814707614
40.699,24.5706,6.79012,69,75,65,1790,2800,0.47765,27,12.3642,0,0,66839278853
38.449,26.0085,6.79012,69,75,65,1790,2800,0.47765,27,12.3642,0,0,66865287878
37.638,26.5689,6.79012,69,75,65,1790,2800,0.47765,27,12.3642,0,0,66891856653
39.314,25.4363,6.79012,69,75,65,1790,2800,0.47765,27,12.3642,0,0,66917293485
37.253,26.8435,6.79012,69,75,65,1790,2800,0.47765,27,12.3642,0,0,66944136023
41.876,23.88,6.79012,69,75,65,1790,2800,0.47765,27,12.3642,0,0,66968018159
37.1937,26.8863,6.79012,69,75,65,1790,2800,0.47765,27,12.3642,0,0,66994904059
39.7575,25.1525,6.79012,69,75,65,1790,2800,0.47765,27,12.3642,0,0,67020057429
33.368,29.9688,6.79012,69,75,65,1790,2800,0.47765,27,12.3642,0,0,67050026330
37.933,26.3623,6.79012,69,75,65,1790,2800,0.47765,27,12.3642,0,0,67076389369
39.7114,25.1817,6.79012,69,75,65,1790,2800,0.47765,27,12.3642,0,0,67101569700
37.2482,26.8469,6.79012,69,75,65,1790,2800,0.47765,27,12.3642,0,0,67128417388
37.1152,26.9432,6.79012,69,75,65,1790,2800,0.47765,27,12.3642,0,0,67155365524
36.76,27.2035,8.10157,69,70,68,2279,2800,0.47961,25,12.3634,0,0,67182564771
36.0374,27.749,8.10157,69,70,68,2279,2800,0.47961,25,12.3634,0,0,67210314801
39.9785,25.0134,8.10157,69,70,68,2279,2800,0.47961,25,12.3634,0,0,67235328379
36.2468,27.5887,8.10157,69,70,68,2279,2800,0.47961,25,12.3634,0,0,67262917106
38.5772,25.9221,8.10157,69,70,68,2279,2800,0.47961,25,12.3634,0,0,67288840080
37.9771,26.3317,8.10157,69,70,68,2279,2800,0.47961,25,12.3634,0,0,67315171760
29.4873,33.9129,8.10157,69,70,68,2279,2800,0.47961,25,12.3634,0,0,67349084797
29.4856,33.9149,8.10157,69,70,68,2279,2800,0.47961,25,12.3634,0,0,67382998897
27.6729,36.1364,8.10157,69,70,68,2279,2800,0.47961,25,12.3634,0,0,67419136927
32.4043,30.8601,8.10157,69,70,68,2279,2800,0.47961,25,12.3634,0,0,67449997169
30.2789,33.0263,8.10157,69,70,68,2279,2800,0.47961,25,12.3634,0,0,67483024105
29.6872,33.6845,8.10157,69,70,68,2279,2800,0.47961,25,12.3634,0,0,67516708564
30.0064,33.3262,8.10157,69,70,68,2279,2800,0.47961,25,12.3634,0,0,67550036434
25.6666,38.9611,8.10157,69,70,68,2279,2800,0.47961,25,12.3634,0,0,67588997057
28.3107,35.3223,8.10157,69,70,68,2279,2800,0.47961,25,12.3634,0,0,67624319117
31.6883,31.5574,8.10157,69,70,68,2279,2800,0.47961,25,12.3634,0,0,67655883220
34.8478,28.6962,11.2944,70,69,67,1384,2800,0.47961,29,12.3553,0,0,67684573713
35.7681,27.9578,11.2944,70,69,67,1384,2800,0.47961,29,12.3553,0,0,67712532094
34.8734,28.6751,11.2944,70,69,67,1384,2800,0.47961,29,12.3553,0,0,67741208671
38.2113,26.1702,11.2944,70,69,67,1384,2800,0.47961,29,12.3553,0,0,67767379129
35.395,28.2526,11.2944,70,69,67,1384,2800,0.47961,29,12.3553,0,0,67795632172
39.0132,25.6324,11.2944,70,69,67,1384,2800,0.47961,29,12.3553,0,0,67821264250
35.2144,28.3975,11.2944,70,69,67,1384,2800,0.47961,29,12.3553,0,0,67849660783
35.3254,28.3082,11.2944,70,69,67,1384,2800,0.47961,29,12.3553,0,0,67877970462
39.5685,25.2726,11.2944,70,69,67,1384,2800,0.47961,29,12.3553,0,0,67903243106
37.4605,26.6948,11.2944,70,69,67,1384,2800,0.47961,29,12.3553,0,0,67929938609
28.4956,35.0931,11.2944,70,69,67,1384,2800,0.47961,29,12.3553,0,0,67965032220
30.585,32.6958,11.2944,70,69,67,1384,2800,0.47961,29,12.3553,0,0,67997727163
33.735,29.6428,11.2944,70,69,67,1384,2800,0.47961,29,12.3553,0,0,68027371305
35.6424,28.0565,11.2944,70,69,67,1384,2800,0.47961,29,12.3553,0,0,68055425846
37.4127,26.7289,11.2944,70,69,67,1384,2800,0.47961,29,12.3553,0,0,68082157005
34.4607,29.0185,11.2944,70,69,67,1384,2800,0.47961,29,12.3553,0,0,68111176386
31.6524,31.5932,11.2944,70,69,67,1384,2800,0.47961,29,12.3553,0,0,68142768110
37.3714,26.7584,11.2944,70,69,67,1384,2800,0.47961,29,12.3553,0,0,68169532041
36.7249,27.2295,11.4957,69,76,67,1876,2800,0.47961,28,12.3638,0,0,68196757918
38.9594,25.6677,11.4957,69,76,67,1876,2800,0.47961,28,12.3638,0,0,68222425172
31.8031,31.4434,11.4957,69,76,67,1876,2800,0.47961,28,12.3638,0,0,68253868778
33.3577,29.9781,11.4957,69,76,67,1876,2800,0.47961,28,12.3638,0,0,68283854501
27.0776,36.9308,11.4957,69,76,67,1876,2800,0.47961,28,12.3638,0,0,68320779166
35.1227,28.4716,11.4957,69,76,67,1876,2800,0.47961,28,12.3638,0,0,68349251080
36.0439,27.7439,11.4957,69,76,67,1876,2800,0.47961,28,12.3638,0,0,68376995850
37.277,26.8262,11.4957,69,76,67,1876,2800,0.47961,28,12.3638,0,0,68403822268
37.1827,26.8942,11.4957,69,76,67,1876,2800,0.47961,28,12.3638,0,0,68430715881
36.4439,27.4394,11.4957,69,76,67,1876,2800,0.47961,28,12.3638,0,0,68458155569
40.2511,24.8441,11.4957,69,76,67,1876,2800,0.47961,28,12.3638,0,0,68483002655
35.0501,28.5306,11.4957,69,76,67,1876,2800,0.47961,28,12.3638,0,0,68511532498
39.3753,25.3966,11.4957,69,76,67,1876,2800,0.47961,28,12.3638,0,0,68536928222
33.9704,29.4374,11.4957,69,76,67,1876,2800,0.47961,28,12.3638,0,0,68566366007
33.5119,29.8401,11.4957,69,76,67,1876,2800,0.47961,28,12.3638,0,0,68596208211
31.488,31.7581,11.4957,69,76,67,1876,2800,0.47961,28,12.3638,0,0,68627965395
36.4844,27.409,11.4957,69,76,67,1876,2800,0.47961,28,12.3638,0,0,68655374035
33.2911,30.038,11.4957,69,76,67,1876,2800,0.47961,28,12.3638,0,0,68685416264
33.4811,29.8676,10.8241,69,73,70,2526,2800,0.479607,30,12.358,0,0,68715280298
34.2106,29.2307,10.8241,69,73,70,2526,2800,0.479607,30,12.358,0,0,68744512047
38.0075,26.3106,10.8241,69,73,70,2526,2800,0.479607,30,12.358,0,0,68770822497
33.3592,29.9767,10.8241,69,73,70,2526,2800,0.479607,30,12.358,0,0,68800799273
39.0742,25.5923,10.8241,69,73,70,2526,2800,0.479607,30,12.358,0,0,68826393029
36.6004,27.3221,10.8241,69,73,70,2526,2800,0.479607,30,12.358,0,0,68853715828
38.3406,26.082,10.8241,69,73,70,2526,2800,0.479607,30,12.358,0,0,68879797769
38.9423,25.679,10.8241,69,73,70,2526,2800,0.479607,30,12.358,0,0,68905477236
37.4417,26.7082,10.8241,69,73,70,2526,2800,0.479607,30,12.358,0,0,68932184360
30.8431,32.4222,10.8241,69,73,70,2526,2800,0.479607,30,12.358,0,0,68964608315
38.3102,26.1027,10.8241,69,73,70,2526,2800,0.479607,30,12.358,0,0,68990711888
35.3741,28.2692,10.8241,69,73,70,2526,2800,0.479607,30,12.358,0,0,69018979709
37.316,26.7981,10.8241,69,73,70,2526,2800,0.479607,30,12.358,0,0,69045780699
40.0236,24.9853,10.8241,69,73,70,2526,2800,0.479607,30,12.358,0,0,69070765303
38.0875,26.2554,10.8241,69,73,70,2526,2800,0.479607,30,12.358,0,0,69097020690
35.7074,28.0054,10.8241,69,73,70,2526,2800,0.479607,30,12.358,0,0,69125026720
40.1107,24.931,10.8241,69,73,70,2526,2800,0.479607,30,12.358,0,0,69149958565
32.2926,30.9669,10.8241,69,73,70,2526,2800,0.479607,30,12.358,0,0,69180924876
31.7059,31.5399,10.8241,69,73,70,2526,2800,0.479607,30,12.358,0,0,69212471035
35.8641,27.8831,9.75904,70,73,70,2483,2800,0.479607,42,12.3624,0,0,69240349305
37.4407,26.7089,9.75904,70,73,70,2483,2800,0.479607,42,12.3624,0,0,69267058283
27.5372,36.3146,9.75904,70,73,70,2483,2800,0.479607,42,12.3624,0,0,69303374367
33.304,30.0264,9.75904,70,73,70,2483,2800,0.479607,42,12.3624,0,0,69333400425
31.9014,31.3466,9.75904,70,73,70,2483,2800,0.479607,42,12.3624,0,0,69364748352
38.4948,25.9775,9.75904,70,73,70,2483,2800,0.479607,42,12.3624,0,0,69390726229
32.5824,30.6914,9.75904,70,73,70,2483,2800,0.479607,42,12.3624,0,0,69421416973
35.468,28.1945,9.75904,70,73,70,2483,2800,0.479607,42,12.3624,0,0,69449613050
34.2626,29.1863,9.75904,70,73,70,2483,2800,0.479607,42,12.3624,0,0,69478798842
39.4036,25.3784,9.75904,70,73,70,2483,2800,0.479607,42,12.3624,0,0,69504177685
36.5559,27.3553,9.75904,70,73,70,2483,2800,0.479607,42,12.3624,0,0,69531532334
36.4616,27.4261,9.75904,70,73,70,2483,2800,0.479607,42,12.3624,0,0,69558960109
35.6693,28.0353,9.75904,70,73,70,2483,2800,0.479607,42,12.3624,0,0,69586995685
34.4595,29.0196,9.75904,70,73,70,2483,2800,0.479607,42,12.3624,0,0,69616016117
36.1089,27.694,9.75904,70,73,70,2483,2800,0.479607,42,12.3624,0,0,69643709681
37.7415,26.496,9.75904,70,73,70,2483,2800,0.479607,42,12.3624,0,0,69670207262
38.332,26.0879,9.75904,70,73,70,2483,2800,0.479607,42,12.3624,0,0,69696295346
38.078,26.2619,9.75904,70,73,70,2483,2800,0.479607,42,12.3624,0,0,69722560411
37.1952,26.8852,19.975,71,73,71,2528,2800,0.480598,35,12.3789,0,0,69749442413
34.6152,28.889,19.975,71,73,71,2528,2800,0.480598,35,12.3789,0,0,69778331248
33.5223,29.8309,19.975,71,73,71,2528,2800,0.480598,35,12.3789,0,0,69808161850
37.047,26.9927,19.975,71,73,71,2528,2800,0.480598,35,12.3789,0,0,69835156443
39.5123,25.3086,19.975,71,73,71,2528,2800,0.480598,35,12.3789,0,0,69860465556
37.6137,26.5861,19.975,71,73,71,2528,2800,0.480598,35,12.3789,0,0,69887051623
36.0631,27.7292,19.975,71,73,71,2528,2800,0.480598,35,12.3789,0,0,69914782106
36.1434,27.6675,19.975,71,73,71,2528,2800,0.480598,35,12.3789,0,0,69942449992
35.5979,28.0915,19.975,71,73,71,2528,2800,0.480598,35,12.3789,0,0,69970541793
36.9021,27.0987,19.975,71,73,71,2528,2800,0.480598,35,12.3789,0,0,69997640371
36.429,27.4507,19.975,71,73,71,2528,2800,0.480598,35,12.3789,0,0,70025091300
38.0116,26.3077,19.975,71,73,71,2528,2800,0.480598,35,12.3789,0,0,70051399246
36.7309,27.2251,19.975,71,73,71,2528,2800,0.480598,35,12.3789,0,0,70078624622
38.8084,25.7676,19.975,71,73,71,2528,2800,0.480598,35,12.3789,0,0,70104392775
34.6543,28.8564,19.975,71,73,71,2528,2800,0.480598,35,12.3789,0,0,70133249240
36.8083,27.1678,19.975,71,73,71,2528,2800,0.480598,35,12.3789,0,0,70160417789
38.9331,25.6851,19.975,71,73,71,2528,2800,0.480598,35,12.3789,0,0,70186103017
35.9416,27.8229,19.975,71,73,71,2528,2800,0.480598,35,12.3789,0,0,70213927066
40.369,24.7715,19.975,71,73,71,2528,2800,0.480598,35,12.3789,0,0,70238702688
36.9671,27.0511,9.1358,72,81,71,2544,2800,0.480598,42,12.3786,0,0,70265749739
38.8085,25.7676,9.1358,72,81,71,2544,2800,0.480598,42,12.3786,0,0,70291517933
33.3047,30.0258,9.1358,72,81,71,2544,2800,0.480598,42,12.3786,0,0,70321544111
36.6751,27.2664,9.1358,72,81,71,2544,2800,0.480598,42,12.3786,0,0,70348810574
35.6174,28.0762,9.1358,72,81,71,2544,2800,0.480598,42,12.3786,0,0,70376887187
40.3632,24.7751,9.1358,72,81,71,2544,2800,0.480598,42,12.3786,0,0,70401662598
34.4493,29.0282,9.1358,72,81,71,2544,2800,0.480598,42,12.3786,0,0,70430692108
37.456,26.698,9.1358,72,81,71,2544,2800,0.480598,42,12.3786,0,0,70457389984
37.6869,26.5344,9.1358,72,81,71,2544,2800,0.480598,42,12.3786,0,0,70483923613
36.5327,27.3727,9.1358,72,81,71,2544,2800,0.480598,42,12.3786,0,0,70511297167
39.3977,25.3822,9.1358,72,81,71,2544,2800,0.480598,42,12.3786,0,0,70536679467
38.2243,26.1614,9.1358,72,81,71,2544,2800,0.480598,42,12.3786,0,0,70562841128
35.9634,27.8061,9.1358,72,81,71,2544,2800,0.480598,42,12.3786,0,0,70590647203
37.3256,26.7913,9.1358,72,81,71,2544,2800,0.480598,42,12.3786,0,0,70617440899
35.0367,28.5415,9.1358,72,81,71,2544,2800,0.480598,42,12.3786,0,0,70645981482
36.3538,27.5074,9.1358,72,81,71,2544,2800,0.480598,42,12.3786,0,0,70673489628
30.0479,33.2802,9.1358,72,81,71,2544,2800,0.480598,42,12.3786,0,0,70706770290
33.8215,29.567,9.1358,72,81,71,2544,2800,0.480598,42,12.3786,0,0,70736336566
37.2436,26.8502,9.1358,72,81,71,2544,2800,0.480598,42,12.3786,0,0,70763194423
40.6493,24.6007,9.61538,72,73,71,2532,2800,0.480598,35,12.3718,0,0,70787788875
33.932,29.4707,9.61538,72,73,71,2532,2800,0.480598,35,12.3718,0,0,70817260453
32.6739,30.6054,9.61538,72,73,71,2532,2800,0.480598,35,12.3718,0,0,70847865978
35.2282,28.3863,9.61538,72,73,71,2532,2800,0.480598,35,12.3718,0,0,70876253503
40.6332,24.6104,9.61538,72,73,71,2532,2800,0.480598,35,12.3718,0,0,70900863094
31.7953,31.4512,9.61538,72,73,71,2532,2800,0.480598,35,12.3718,0,0,70932313203
38.8778,25.7216,9.61538,72,73,71,2532,2800,0.480598,35,12.3718,0,0,70958036963
36.2212,27.6081,9.61538,72,73,71,2532,2800,0.480598,35,12.3718,0,0,70985645568
38.5619,25.9323,9.61538,72,73,71,2532,2800,0.480598,35,12.3718,0,0,71011577698
38.1183,26.2341,9.61538,72,73,71,2532,2800,0.480598,35,12.3718,0,0,71037811645
36.1703,27.647,9.61538,72,73,71,2532,2800,0.480598,35,12.3718,0,0,71065459904
35.6925,28.0171,9.61538,72,73,71,2532,2800,0.480598,35,12.3718,0,0,71093476935
38.4019,26.0404,9.61538,72,73,71,2532,2800,0.480598,35,12.3718,0,0,71119517519
36.2537,27.5834,9.61538,72,73,71,2532,2800,0.480598,35,12.3718,0,0,71147100446
34.0081,29.4047,9.61538,72,73,71,2532,2800,0.480598,35,12.3718,0,0,71176506160
38.3817,26.0541,9.61538,72,73,71,2532,2800,0.480598,35,12.3718,0,0,71202561071
37.5061,26.6623,9.61538,72,73,71,2532,2800,0.480598,35,12.3718,0,0,71229223913
37.4245,26.7205,9.61538,72,73,71,2532,2800,0.480598,35,12.3718,0,0,71255944913
37.8697,26.4064,9.61538,72,73,71,2532,2800,0.480598,35,12.3718,0,0,71282356102
31.2844,31.9648,10.0121,72,73,71,2554,2800,0.480595,40,12.3707,0,0,71314316237
37.9628,26.3416,10.0121,72,73,71,2554,2800,0.480595,40,12.3707,0,0,71340657495
36.6263,27.3028,10.0121,72,73,71,2554,2800,0.480595,40,12.3707,0,0,71367961338
34.937,28.623,10.0121,72,73,71,2554,2800,0.480595,40,12.3707,0,0,71396584496
32.9304,30.3671,10.0121,72,73,71,2554,2800,0.480595,40,12.3707,0,0,71426952635
27.7822,35.9943,10.0121,72,73,71,2554,2800,0.480595,40,12.3707,0,0,71462946224
29.9658,33.3714,10.0121,72,73,71,2554,2800,0.480595,40,12.3707,0,0,71496317696
27.8805,35.8674,10.0121,72,73,71,2554,2800,0.480595,40,12.3707,0,0,71532185750
35.337,28.299,10.0121,72,73,71,2554,2800,0.480595,40,12.3707,0,0,71560486002
31.7891,31.4573,10.0121,72,73,71,2554,2800,0.480595,40,12.3707,0,0,71591942813
31.8827,31.365,10.0121,72,73,71,2554,2800,0.480595,40,12.3707,0,0,71623308023
34.3554,29.1075,10.0121,72,73,71,2554,2800,0.480595,40,12.3707,0,0,71652417251
34.2706,29.1795,10.0121,72,73,71,2554,2800,0.480595,40,12.3707,0,0,71681596552
34.781,28.7513,10.0121,72,73,71,2554,2800,0.480595,40,12.3707,0,0,71710347469
31.4013,31.8458,10.0121,72,73,71,2554,2800,0.480595,40,12.3707,0,0,71742195133
34.4467,29.0304,10.0121,72,73,71,2554,2800,0.480595,40,12.3707,0,0,71771225434
34.4047,29.0658,10.0121,72,73,71,2554,2800,0.480595,40,12.3707,0,0,71800298054
31.281,31.9683,11.7861,72,73,69,2055,2800,0.480595,35,12.3811,0,0,71832259802
29.49,33.9098,11.7861,72,73,69,2055,2800,0.480595,35,12.3811,0,0,71866169052
32.1318,31.1219,11.7861,72,73,69,2055,2800,0.480595,35,12.3811,0,0,71897292729
35.1994,28.4096,11.7861,72,73,69,2055,2800,0.480595,35,12.3811,0,0,71925701013
35.2623,28.3589,11.7861,72,73,69,2055,2800,0.480595,35,12.3811,0,0,71954062209
29.4047,34.0082,11.7861,72,73,69,2055,2800,0.480595,35,12.3811,0,0,71988069343
31.7774,31.469,11.7861,72,73,69,2055,2800,0.480595,35,12.3811,0,0,72019538838
32.4071,30.8575,11.7861,72,73,69,2055,2800,0.480595,35,12.3811,0,0,72050396125
33.9573,29.4487,11.7861,72,73,69,2055,2800,0.480595,35,12.3811,0,0,72079846674
37.8349,26.4306,11.7861,72,73,69,2055,2800,0.480595,35,12.3811,0,0,72106277751
34.9765,28.5906,11.7861,72,73,69,2055,2800,0.480595,35,12.3811,0,0,72134867195
33.0744,30.2349,11.7861,72,73,69,2055,2800,0.480595,35,12.3811,0,0,72165101403
35.3876,28.2585,11.7861,72,73,69,2055,2800,0.480595,35,12.3811,0,0,72193362822
34.436,29.0394,11.7861,72,73,69,2055,2800,0.480595,35,12.3811,0,0,72222402050
37.0518,26.9893,11.7861,72,73,69,2055,2800,0.480595,35,12.3811,0,0,72249390161
33.1326,30.1817,11.7861,72,73,69,2055,2800,0.480595,35,12.3811,0,0,72279573394
32.2601,30.9981,11.7861,72,73,69,2055,2800,0.480595,35,12.3811,0,0,72310576584
31.3795,31.868,9.18114,70,77,68,1949,2800,0.477642,27,12.3807,0,0,72342441331
32.1215,31.1318,9.18114,70,77,68,1949,2800,0.477642,27,12.3807,0,0,72373572732
24.8086,40.3086,9.18114,70,77,68,1949,2800,0.477642,27,12.3807,0,0,72413880732
25.7802,38.7894,9.18114,70,77,68,1949,2800,0.477642,27,12.3807,0,0,72452669553
26.2413,38.1079,9.18114,70,77,68,1949,2800,0.477642,27,12.3807,0,0,72490777607
25.3362,39.4692,9.18114,70,77,68,1949,2800,0.477642,27,12.3807,0,0,72530246484
25.2869,39.5462,9.18114,70,77,68,1949,2800,0.477642,27,12.3807,0,0,72569793847
23.0637,43.3582,9.18114,70,77,68,1949,2800,0.477642,27,12.3807,0,0,72613154251
25.7919,38.7718,9.18114,70,77,68,1949,2800,0.477642,27,12.3807,0,0,72651923726
19.3529,51.6718,9.18114,70,77,68,1949,2800,0.477642,27,12.3807,0,0,72703595697
20.4338,48.9384,9.18114,70,77,68,1949,2800,0.477642,27,12.3807,0,0,72752534703
21.7695,45.9358,9.18114,70,77,68,1949,2800,0.477642,27,12.3807,0,0,72798470277
22.4113,44.6204,9.18114,70,77,68,1949,2800,0.477642,27,12.3807,0,0,72843094110
25.0232,39.963,9.16667,69,73,67,980,2800,0.477646,27,12.3773,0,0,72883053757
26.2354,38.1164,9.16667,69,73,67,980,2800,0.477646,27,12.3773,0,0,72921170377
26.2178,38.1421,9.16667,69,73,67,980,2800,0.477646,27,12.3773,0,0,72959313578
27.8657,35.8864,9.16667,69,73,67,980,2800,0.477646,27,12.3773,0,0,72995199445
28.5376,35.0415,9.16667,69,73,67,980,2800,0.477646,27,12.3773,0,0,73030240878
27.7798,35.9974,9.16667,69,73,67,980,2800,0.477646,27,12.3773,0,0,73066238144
26.9401,37.1195,9.16667,69,73,67,980,2800,0.477646,27,12.3773,0,0,73103359378
27.3035,36.6253,9.16667,69,73,67,980,2800,0.477646,27,12.3773,0,0,73139984111
25.7539,38.829,9.16667,69,73,67,980,2800,0.477646,27,12.3773,0,0,73178812576
28.1911,35.4722,9.16667,69,73,67,980,2800,0.477646,27,12.3773,0,0,73214284738
27.329,36.5911,9.16667,69,73,67,980,2800,0.477646,27,12.3773,0,0,73250876438
27.9202,35.8164,9.16667,69,73,67,980,2800,0.477646,27,12.3773,0,0,73286692725
27.4024,36.4931,9.16667,69,73,67,980,2800,0.477646,27,12.3773,0,0,73323186122
29.7207,33.6466,9.16667,69,73,67,980,2800,0.477646,27,12.3773,0,0,73356837558
29.0638,34.407,8.87793,69,73,67,1186,2800,0.477646,22,12.3777,0,0,73391240054
31.2555,31.9944,8.87793,69,73,67,1186,2800,0.477646,22,12.3777,0,0,73423234754
30.5388,32.7452,8.87793,69,73,67,1186,2800,0.477646,22,12.3777,0,0,73455979961
26.9288,37.135,8.87793,69,73,67,1186,2800,0.477646,22,12.3777,0,0,73493117185
28.3163,35.3154,8.87793,69,73,67,1186,2800,0.477646,22,12.3777,0,0,73528430939
30.9121,32.3498,8.87793,69,73,67,1186,2800,0.477646,22,12.3777,0,0,73560782599
25.4532,39.2877,8.87793,69,73,67,1186,2800,0.477646,22,12.3777,0,0,73600070175
23.2956,42.9266,8.87793,69,73,67,1186,2800,0.477646,22,12.3777,0,0,73642995483
26.8864,37.1935,8.87793,69,73,67,1186,2800,0.477646,22,12.3777,0,0,73680189353
28.5351,35.0446,8.87793,69,73,67,1186,2800,0.477646,22,12.3777,0,0,73715234093
28.9524,34.5394,8.87793,69,73,67,1186,2800,0.477646,22,12.3777,0,0,73749773676
28.8214,34.6965,8.87793,69,73,67,1186,2800,0.477646,22,12.3777,0,0,73784470172
29.2421,34.1973,8.87793,69,73,67,1186,2800,0.477646,22,12.3777,0,0,73818670388
27.6436,36.1747,8.87793,69,73,67,1186,2800,0.477646,22,12.3777,0,0,73854844706
26.1346,38.2635,8.87793,69,73,67,1186,2800,0.477646,22,12.3777,0,0,73893127609
27.6707,36.1394,10.5325,69,72,67,1243,2800,0.477646,26,12.3757,0,0,73929246894
28.8894,34.6147,10.5325,69,72,67,1243,2800,0.477646,26,12.3757,0,0,73963861306
28.9034,34.598,10.5325,69,72,67,1243,2800,0.477646,26,12.3757,0,0,73998459369
29.3393,34.084,10.5325,69,72,67,1243,2800,0.477646,26,12.3757,0,0,74032544779
29.0483,34.4254,10.5325,69,72,67,1243,2800,0.477646,26,12.3757,0,0,74066971560
30.1165,33.2044,10.5325,69,72,67,1243,2800,0.477646,26,12.3757,0,0,74100175358
28.2797,35.361,10.5325,69,72,67,1243,2800,0.477646,26,12.3757,0,0,74135535399
28.626,34.9333,10.5325,69,72,67,1243,2800,0.477646,26,12.3757,0,0,74170469240
31.2753,31.9741,10.5325,69,72,67,1243,2800,0.477646,26,12.3757,0,0,74202444023
30.3914,32.9041,10.5325,69,72,67,1243,2800,0.477646,26,12.3757,0,0,74235349180
29.6682,33.7062,10.5325,69,72,67,1243,2800,0.477646,26,12.3757,0,0,74269053737
30.3964,32.8986,10.5325,69,72,67,1243,2800,0.477646,26,12.3757,0,0,74301952332
25.6023,39.059,10.5325,69,72,67,1243,2800,0.477646,26,12.3757,0,0,74341011881
30.4554,32.8349,10.5325,69,72,67,1243,2800,0.477646,26,12.3757,0,0,74373848640
27.6022,36.229,10.5325,69,72,67,1243,2800,0.477646,26,12.3757,0,0,74410082810
26.8741,37.2105,7.98526,69,77,68,1773,2800,0.477646,23,12.3741,0,0,74447288492
28.6639,34.8871,7.98526,69,77,68,1773,2800,0.477646,23,12.3741,0,0,74482177109
27.7148,36.0818,7.98526,69,77,68,1773,2800,0.477646,23,12.3741,0,0,74518258974
29.1096,34.353,7.98526,69,77,68,1773,2800,0.477646,23,12.3741,0,0,74552612097
25.8809,38.6385,7.98526,69,77,68,1773,2800,0.477646,23,12.3741,0,0,74591251167
24.1762,41.363,7.98526,69,77,68,1773,2800,0.477646,23,12.3741,0,0,74632612603
26.7332,37.4066,7.98526,69,77,68,1773,2800,0.477646,23,12.3741,0,0,74670019011
27.3287,36.5915,7.98526,69,77,68,1773,2800,0.477646,23,12.3741,0,0,74706612766
26.2587,38.0826,7.98526,69,77,68,1773,2800,0.477646,23,12.3741,0,0,74744693930
27.1104,36.8862,7.98526,69,77,68,1773,2800,0.477646,23,12.3741,0,0,74781580313
26.9219,37.1445,7.98526,69,77,68,1773,2800,0.477646,23,12.3741,0,0,74818724280
28.7576,34.7734,7.98526,69,77,68,1773,2800,0.477646,23,12.3741,0,0,74853498332
27.7732,36.0059,7.98526,69,77,68,1773,2800,0.477646,23,12.3741,0,0,74889504625
27.8395,35.9202,7.98526,69,77,68,1773,2800,0.477646,23,12.3741,0,0,74925426960
25.076,39.8787,9.70516,70,71,68,1501,2800,0.477646,27,12.3777,0,0,74965303391
27.3589,36.5511,9.70516,70,71,68,1501,2800,0.477646,27,12.3777,0,0,75001854676
25.4974,39.2197,9.70516,70,71,68,1501,2800,0.477646,27,12.3777,0,0,75041076159
24.8272,40.2784,9.70516,70,71,68,1501,2800,0.477646,27,12.3777,0,0,75081354313
24.8084,40.3089,9.70516,70,71,68,1501,2800,0.477646,27,12.3777,0,0,75121663244
26.3999,37.879,9.70516,70,71,68,1501,2800,0.477646,27,12.3777,0,0,75159541418
27.3474,36.5666,9.70516,70,71,68,1501,2800,0.477646,27,12.3777,0,0,75196108923
24.7935,40.3332,9.70516,70,71,68,1501,2800,0.477646,27,12.3777,0,0,75236443012
22.4587,44.5261,9.70516,70,71,68,1501,2800,0.477646,27,12.3777,0,0,75280968892
24.359,41.0525,9.70516,70,71,68,1501,2800,0.477646,27,12.3777,0,0,75322022019
25.2854,39.5485,9.70516,70,71,68,1501,2800,0.477646,27,12.3777,0,0,75361572388
26.4073,37.8683,9.70516,70,71,68,1501,2800,0.477646,27,12.3777,0,0,75399439070
26.7012,37.4515,9.70516,70,71,68,1501,2800,0.477646,27,12.3777,0,0,75436895583
24.2399,41.2542,8.08458,69,72,67,1146,2800,0.477646,23,12.3769,0,0,75478146271
28.184,35.4811,8.08458,69,72,67,1146,2800,0.477646,23,12.3769,0,0,75513627279
27.7259,36.0674,8.08458,69,72,67,1146,2800,0.477646,23,12.3769,0,0,75549696029
27.9417,35.7889,8.08458,69,72,67,1146,2800,0.477646,23,12.3769,0,0,75585485034
25.3587,39.4342,8.08458,69,72,67,1146,2800,0.477646,23,12.3769,0,0,75624920548
32.6961,30.5847,8.08458,69,72,67,1146,2800,0.477646,23,12.3769,0,0,75655503711
31.2248,32.0258,8.08458,69,72,67,1146,2800,0.477646,23,12.3769,0,0,75687532465
32.8747,30.4186,8.08458,69,72,67,1146,2800,0.477646,23,12.3769,0,0,75717950017
33.2268,30.0962,8.08458,69,72,67,1146,2800,0.477646,23,12.3769,0,0,75748047379
34.7162,28.805,8.08458,69,72,67,1146,2800,0.477646,23,12.3769,0,0,75776851666
32.5898,30.6844,8.08458,69,72,67,1146,2800,0.477646,23,12.3769,0,0,75807536259
28.829,34.6872,8.08458,69,72,67,1146,2800,0.477646,23,12.3769,0,0,75842224100
32.5949,30.6796,8.08458,69,72,67,1146,2800,0.477646,23,12.3769,0,0,75872903623
32.2858,30.9734,8.08458,69,72,67,1146,2800,0.477646,23,12.3769,0,0,75903877208
31.473,31.7733,8.08458,69,72,67,1146,2800,0.477646,23,12.3769,0,0,75935649291
29.4206,33.9898,8.08458,69,72,67,1146,2800,0.477646,23,12.3769,0,0,75969642809
29.7142,33.6539,10.8333,69,74,69,1600,2800,0.477646,23,12.3781,0,0,76003294336
28.9251,34.572,10.8333,69,74,69,1600,2800,0.477646,23,12.3781,0,0,76037867973
28.7528,34.7793,10.8333,69,74,69,1600,2800,0.477646,23,12.3781,0,0,76072645201
28.8347,34.6804,10.8333,69,74,69,1600,2800,0.477646,23,12.3781,0,0,76107325407
26.5742,37.6305,10.8333,69,74,69,1600,2800,0.477646,23,12.3781,0,0,76144956337
27.9172,35.8202,10.8333,69,74,69,1600,2800,0.477646,23,12.3781,0,0,76180776320
28.2112,35.4469,10.8333,69,74,69,1600,2800,0.477646,23,12.3781,0,0,76216223505
27.708,36.0907,10.8333,69,74,69,1600,2800,0.477646,23,12.3781,0,0,76252315438
28.7195,34.8196,10.8333,69,74,69,1600,2800,0.477646,23,12.3781,0,0,76287135717
28.043,35.6596,10.8333,69,74,69,1600,2800,0.477646,23,12.3781,0,0,76322794498
28.0789,35.6139,10.8333,69,74,69,1600,2800,0.477646,23,12.3781,0,0,76358408636
29.9475,33.3917,10.8333,69,74,69,1600,2800,0.477646,23,12.3781,0,0,76391800406
29.6304,33.7492,10.8333,69,74,69,1600,2800,0.477646,23,12.3781,0,0,76425549716
29.0702,34.3995,10.8333,69,74,69,1600,2800,0.477646,23,12.3781,0,0,76459949166
29.7128,33.6555,10.8333,69,74,69,1600,2800,0.477646,23,12.3781,0,0,76493611603
26.1524,38.2374,8.72727,69,76,67,1428,2800,0.477646,26,12.3769,0,0,76531846676
26.084,38.3377,8.72727,69,76,67,1428,2800,0.477646,26,12.3769,0,0,76570181075
28.0263,35.6807,8.72727,69,76,67,1428,2800,0.477646,26,12.3769,0,0,76605861918
25.1938,39.6923,8.72727,69,76,67,1428,2800,0.477646,26,12.3769,0,0,76645556297
27.6068,36.223,8.72727,69,76,67,1428,2800,0.477646,26,12.3769,0,0,76681778986
24.9669,40.053,8.72727,69,76,67,1428,2800,0.477646,26,12.3769,0,0,76721831016
24.7504,40.4033,8.72727,69,76,67,1428,2800,0.477646,26,12.3769,0,0,76762235056
27.7454,36.0421,8.72727,69,76,67,1428,2800,0.477646,26,12.3769,0,0,76798276615
27.9137,35.8247,8.72727,69,76,67,1428,2800,0.477646,26,12.3769,0,0,76834102770
26.8069,37.3038,8.72727,69,76,67,1428,2800,0.477646,26,12.3769,0,0,76871405564
28.7439,34.79,8.72727,69,76,67,1428,2800,0.477646,26,12.3769,0,0,76906196268
28.6456,34.9094,8.72727,69,76,67,1428,2800,0.477646,26,12.3769,0,0,76941106034
28.8116,34.7083,8.72727,69,76,67,1428,2800,0.477646,26,12.3769,0,0,76975814163
25.204,39.6763,8.72727,69,76,67,1428,2800,0.477646,26,12.3769,0,0,77015497972
25.4803,39.2459,8.88078,69,73,68,1360,2800,0.477646,25,12.3636,0,0,77054738691
26.5566,37.6555,8.88078,69,73,68,1360,2800,0.477646,25,12.3636,0,0,77092395770
23.2492,43.0122,8.88078,69,73,68,1360,2800,0.477646,25,12.3636,0,0,77135406728
26.7834,37.3365,8.88078,69,73,68,1360,2800,0.477646,25,12.3636,0,0,77172742515
25.5564,39.1292,8.88078,69,73,68,1360,2800,0.477646,25,12.3636,0,0,77211873177
24.7201,40.453,8.88078,69,73,68,1360,2800,0.477646,25,12.3636,0,0,77252327241
29.163,34.2901,8.88078,69,73,68,1360,2800,0.477646,25,12.3636,0,0,77286615622
25.1336,39.7875,8.88078,69,73,68,1360,2800,0.477646,25,12.3636,0,0,77326402886
29.9746,33.3616,8.88078,69,73,68,1360,2800,0.477646,25,12.3636,0,0,77359764840
29.5928,33.792,8.88078,69,73,68,1360,2800,0.477646,25,12.3636,0,0,77393558914
28.8686,34.6398,8.88078,69,73,68,1360,2800,0.477646,25,12.3636,0,0,77428198143
28.93,34.5662,8.88078,69,73,68,1360,2800,0.477646,25,12.3636,0,0,77462765057
30.2745,33.0311,8.88078,69,73,68,1360,2800,0.477646,25,12.3636,0,0,77495797022
30.425,32.8677,8.88078,69,73,68,1360,2800,0.477646,25,12.3636,0,0,77528669037
31.8729,31.3746,9.06832,69,74,65,1486,2800,0.477646,23,12.3627,0,0,77560040679
32.2755,30.9833,9.06832,69,74,65,1486,2800,0.477646,23,12.3627,0,0,77591023842
32.3858,30.8777,9.06832,69,74,65,1486,2800,0.477646,23,12.3627,0,0,77621901096
34.6438,28.8652,9.06832,69,74,65,1486,2800,0.477646,23,12.3627,0,0,77650766969
34.529,28.9611,9.06832,69,74,65,1486,2800,0.477646,23,12.3627,0,0,77679728641
35.935,27.828,9.06832,69,74,65,1486,2800,0.477646,23,12.3627,0,0,77707555806
36.5164,27.385,9.06832,69,74,65,1486,2800,0.477646,23,12.3627,0,0,77734942454
34.6365,28.8713,9.06832,69,74,65,1486,2800,0.477646,23,12.3627,0,0,77763813406
33.5171,29.8356,9.06832,69,74,65,1486,2800,0.477646,23,12.3627,0,0,77793649949
36.4942,27.4016,9.06832,69,74,65,1486,2800,0.477646,23,12.3627,0,0,77821051625
36.0032,27.7753,9.06832,69,74,65,1486,2800,0.477646,23,12.3627,0,0,77848828245
35.528,28.1469,9.06832,69,74,65,1486,2800,0.477646,23,12.3627,0,0,77876974668
28.2896,35.3487,9.06832,69,74,65,1486,2800,0.477646,23,12.3627,0,0,77912323118
23.5936,42.3843,9.06832,69,74,65,1486,2800,0.477646,23,12.3627,0,0,77954707161
33.7512,29.6286,9.06832,69,74,65,1486,2800,0.477646,23,12.3627,0,0,77984337177
31.4275,31.8192,9.06832,69,74,65,1486,2800,0.477646,23,12.3627,0,0,78016155696
32.3962,30.8678,9.06832,69,74,65,1486,2800,0.477646,23,12.3627,0,0,78047030857
34.9521,28.6105,9.44785,69,73,68,1689,2800,0.477646,24,12.3655,0,0,78075635499
33.4734,29.8745,9.44785,69,73,68,1689,2800,0.477646,24,12.3655,0,0,78105510384
30.9394,32.3213,9.44785,69,73,68,1689,2800,0.477646,24,12.3655,0,0,78137831466
33.1452,30.1702,9.44785,69,73,68,1689,2800,0.477646,24,12.3655,0,0,78168002997
33.7391,29.6392,9.44785,69,73,68,1689,2800,0.477646,24,12.3655,0,0,78197640837
31.3225,31.9259,9.44785,69,73,68,1689,2800,0.477646,24,12.3655,0,0,78229567900
34.5302,28.9601,9.44785,69,73,68,1689,2800,0.477646,24,12.3655,0,0,78258527859
31.2943,31.9547,9.44785,69,73,68,1689,2800,0.477646,24,12.3655,0,0,78290483706
32.1234,31.13,9.44785,69,73,68,1689,2800,0.477646,24,12.3655,0,0,78321612302
32.6638,30.615,9.44785,69,73,68,1689,2800,0.477646,24,12.3655,0,0,78352227365
31.8434,31.4036,9.44785,69,73,68,1689,2800,0.477646,24,12.3655,0,0,78383631547
30.1127,33.2085,9.44785,69,73,68,1689,2800,0.477646,24,12.3655,0,0,78416839873
31.4336,31.8131,9.44785,69,73,68,1689,2800,0.477646,24,12.3655,0,0,78448653684
29.4331,33.9754,9.44785,69,73,68,1689,2800,0.477646,24,12.3655,0,0,78482628858
30.6075,32.6718,9.44785,69,73,68,1689,2800,0.477646,24,12.3655,0,0,78515300888
28.4411,35.1604,9.44785,69,73,68,1689,2800,0.477646,24,12.3655,0,0,78550463008
29.394,34.0206,8.93082,70,75,68,1558,2800,0.477646,29,12.3662,0,0,78584481854
29.2482,34.1901,8.93082,70,75,68,1558,2800,0.477646,29,12.3662,0,0,78618672222
29.6729,33.7007,8.93082,70,75,68,1558,2800,0.477646,29,12.3662,0,0,78652373211
28.0597,35.6382,8.93082,70,75,68,1558,2800,0.477646,29,12.3662,0,0,78688011604
27.2188,36.7393,8.93082,70,75,68,1558,2800,0.477646,29,12.3662,0,0,78724751423
30.4926,32.7948,8.93082,70,75,68,1558,2800,0.477646,29,12.3662,0,0,78757547917
29.5591,33.8305,8.93082,70,75,68,1558,2800,0.477646,29,12.3662,0,0,78791378780
29.0283,34.4491,8.93082,70,75,68,1558,2800,0.477646,29,12.3662,0,0,78825829055
30.2372,33.0719,8.93082,70,75,68,1558,2800,0.477646,29,12.3662,0,0,78858899322
30.0637,33.2627,8.93082,70,75,68,1558,2800,0.477646,29,12.3662,0,0,78892163152
25.5266,39.1748,8.93082,70,75,68,1558,2800,0.477646,29,12.3662,0,0,78931336374
30.8468,32.4182,8.93082,70,75,68,1558,2800,0.477646,29,12.3662,0,0,78963755099
31.0031,32.2548,8.93082,70,75,68,1558,2800,0.477646,29,12.3662,0,0,78996009977
31.5048,31.7412,8.93082,70,75,68,1558,2800,0.477646,29,12.3662,0,0,79027751362
28.1219,35.5595,8.93082,70,75,68,1558,2800,0.477646,29,12.3662,0,0,79063313682
28.9322,34.5636,10.5392,69,72,68,1389,2800,0.478016,26,12.3797,0,0,79097875106
28.4592,35.1381,10.5392,69,72,68,1389,2800,0.478016,26,12.3797,0,0,79133014012
26.8167,37.2902,10.5392,69,72,68,1389,2800,0.478016,26,12.3797,0,0,79170316195
27.2122,36.7482,10.5392,69,72,68,1389,2800,0.478016,26,12.3797,0,0,79207056635
24.9605,40.0633,10.5392,69,72,68,1389,2800,0.478016,26,12.3797,0,0,79247115909
28.0446,35.6574,10.5392,69,72,68,1389,2800,0.478016,26,12.3797,0,0,79282774560
24.829,40.2756,10.5392,69,72,68,1389,2800,0.478016,26,12.3797,0,0,79323049347
25.9047,38.603,10.5392,69,72,68,1389,2800,0.478016,26,12.3797,0,0,79361652160
26.9366,37.1243,10.5392,69,72,68,1389,2800,0.478016,26,12.3797,0,0,79398776409
27.334,36.5844,10.5392,69,72,68,1389,2800,0.478016,26,12.3797,0,0,79435360936
26.5106,37.7207,10.5392,69,72,68,1389,2800,0.478016,26,12.3797,0,0,79473081835
25.2636,39.5826,10.5392,69,72,68,1389,2800,0.478016,26,12.3797,0,0,79512664615
26.9959,37.0427,10.5392,69,72,68,1389,2800,0.478016,26,12.3797,0,0,79549708003
26.4985,37.738,10.5392,69,72,68,1389,2800,0.478016,26,12.3797,0,0,79587448548
24.4766,40.8554,12.7711,69,72,66,1812,2800,0.481445,25,12.3878,0,0,79628302943
29.0671,34.4031,12.7711,69,72,66,1812,2800,0.481445,25,12.3878,0,0,79662704817
29.0882,34.3782,12.7711,69,72,66,1812,2800,0.481445,25,12.3878,0,0,79697085591
28.0237,35.6841,12.7711,69,72,66,1812,2800,0.481445,25,12.3878,0,0,79732768117
26.4293,37.8368,12.7711,69,72,66,1812,2800,0.481445,25,12.3878,0,0,79770604943
24.7256,40.4439,12.7711,69,72,66,1812,2800,0.481445,25,12.3878,0,0,79811048517
29.522,33.873,12.7711,69,72,66,1812,2800,0.481445,25,12.3878,0,0,79844922001
30.1866,33.1272,12.7711,69,72,66,1812,2800,0.481445,25,12.3878,0,0,79878049635
27.6292,36.1936,12.7711,69,72,66,1812,2800,0.481445,25,12.3878,0,0,79914243139
29.5082,33.8889,12.7711,69,72,66,1812,2800,0.481445,25,12.3878,0,0,79948131921
24.5896,40.6676,12.7711,69,72,66,1812,2800,0.481445,25,12.3878,0,0,79988799666
24.1868,41.3449,12.7711,69,72,66,1812,2800,0.481445,25,12.3878,0,0,80030145692
31.2104,32.0406,12.7711,69,72,66,1812,2800,0.481445,25,12.3878,0,0,80062188152
28.9926,34.4916,12.7711,69,72,66,1812,2800,0.481445,25,12.3878,0,0,80096682099
30.1589,33.1578,16.129,69,73,69,1573,2800,0.481445,28,12.3792,0,0,80129836574
30.4336,32.8584,16.129,69,73,69,1573,2800,0.481445,28,12.3792,0,0,80162697508
29.345,34.0774,16.129,69,73,69,1573,2800,0.481445,28,12.3792,0,0,80196772449
27.8344,35.9268,16.129,69,73,69,1573,2800,0.481445,28,12.3792,0,0,80232699694
28.4996,35.0883,16.129,69,73,69,1573,2800,0.481445,28,12.3792,0,0,80267788016
28.4489,35.1508,16.129,69,73,69,1573,2800,0.481445,28,12.3792,0,0,80302941379
30.6111,32.6679,16.129,69,73,69,1573,2800,0.481445,28,12.3792,0,0,80335607428
29.5909,33.7942,16.129,69,73,69,1573,2800,0.481445,28,12.3792,0,0,80369403186
31.1186,32.1351,16.129,69,73,69,1573,2800,0.481445,28,12.3792,0,0,80401539130
30.0164,33.3151,16.129,69,73,69,1573,2800,0.481445,28,12.3792,0,0,80434852614
30.6867,32.5874,16.129,69,73,69,1573,2800,0.481445,28,12.3792,0,0,80467442169
33.0377,30.2685,16.129,69,73,69,1573,2800,0.481445,28,12.3792,0,0,80497711103
32.9466,30.3521,16.129,69,73,69,1573,2800,0.481445,28,12.3792,0,0,80528064415
35.8951,27.859,16.129,69,73,69,1573,2800,0.481445,28,12.3792,0,0,80555922307
31.708,31.5378,16.129,69,73,69,1573,2800,0.481445,28,12.3792,0,0,80587460871
32.9484,30.3505,16.129,69,73,69,1573,2800,0.481445,28,12.3792,0,0,80617814875
34.6761,28.8383,8.62697,69,78,67,1732,2800,0.481445,28,12.378,0,0,80646648356
33.8453,29.5462,8.62697,69,78,67,1732,2800,0.481445,28,12.378,0,0,80676194705
35.5211,28.1522,8.62697,69,78,67,1732,2800,0.481445,28,12.378,0,0,80704347991
32.1459,31.1082,8.62697,69,78,67,1732,2800,0.481445,28,12.378,0,0,80735458092
34.2524,29.195,8.62697,69,78,67,1732,2800,0.481445,28,12.378,0,0,80764651198
34.2595,29.189,8.62697,69,78,67,1732,2800,0.481445,28,12.378,0,0,80793840036
34.0083,29.4046,8.62697,69,78,67,1732,2800,0.481445,28,12.378,0,0,80823245871
35.7508,27.9714,8.62697,69,78,67,1732,2800,0.481445,28,12.378,0,0,80851218839
32.0186,31.2318,8.62697,69,78,67,1732,2800,0.481445,28,12.378,0,0,80882449096
34.6964,28.8214,8.62697,69,78,67,1732,2800,0.481445,28,12.378,0,0,80911272980
36.4948,27.4011,8.62697,69,78,67,1732,2800,0.481445,28,12.378,0,0,80938672993
35.446,28.2119,8.62697,69,78,67,1732,2800,0.481445,28,12.378,0,0,80966886322
33.6713,29.6989,8.62697,69,78,67,1732,2800,0.481445,28,12.378,0,0,80996598161
36.5693,27.3454,8.62697,69,78,67,1732,2800,0.481445,28,12.378,0,0,81023931840
34.3077,29.148,8.62697,69,78,67,1732,2800,0.481445,28,12.378,0,0,81053077848
34.9796,28.5881,8.62697,69,78,67,1732,2800,0.481445,28,12.378,0,0,81081666651
32.6201,30.656,8.62697,69,78,67,1732,2800,0.481445,28,12.378,0,0,81112324704
39.4514,25.3477,8.62697,69,78,67,1732,2800,0.481445,28,12.378,0,0,81137678901
34.0248,29.3903,9.12409,69,75,68,2065,2800,0.481445,27,12.3691,0,0,81167063626
36.7399,27.2184,9.12409,69,75,68,2065,2800,0.481445,27,12.3691,0,0,81194282380
35.9733,27.7984,9.12409,69,75,68,2065,2800,0.481445,27,12.3691,0,0,81222080440
25.7967,38.7646,9.12409,69,75,68,2065,2800,0.481445,27,12.3691,0,0,81260844615
34.5438,28.9488,9.12409,69,75,68,2065,2800,0.481445,27,12.3691,0,0,81289794635
36.6877,27.2571,9.12409,69,75,68,2065,2800,0.481445,27,12.3691,0,0,81317051470
37.2342,26.8571,9.12409,69,75,68,2065,2800,0.481445,27,12.3691,0,0,81343908135
41.1921,24.2765,9.12409,69,75,68,2065,2800,0.481445,27,12.3691,0,0,81368186715
36.4203,27.4572,9.12409,69,75,68,2065,2800,0.481445,27,12.3691,0,0,81395643705
38.8069,25.7686,9.12409,69,75,68,2065,2800,0.481445,27,12.3691,0,0,81421411848
31.5682,31.6774,9.12409,69,75,68,2065,2800,0.481445,27,12.3691,0,0,81453090896
35.0578,28.5243,9.12409,69,75,68,2065,2800,0.481445,27,12.3691,0,0,81481615228
34.8954,28.6571,9.12409,69,75,68,2065,2800,0.481445,27,12.3691,0,0,81510272009
28.6476,34.907,9.12409,69,75,68,2065,2800,0.481445,27,12.3691,0,0,81545179411
32.2912,30.9682,9.12409,69,75,68,2065,2800,0.481445,27,12.3691,0,0,81576148708
32.7848,30.5019,9.12409,69,75,68,2065,2800,0.481445,27,12.3691,0,0,81606651540
30.4294,32.863,9.12409,69,75,68,2065,2800,0.481445,27,12.3691,0,0,81639520981
31.4367,31.8099,11.2516,70,73,67,1923,2800,0.481445,30,12.3842,0,0,81671323450
31.0803,32.1747,11.2516,70,73,67,1923,2800,0.481445,30,12.3842,0,0,81703500081
30.5414,32.7424,11.2516,70,73,67,1923,2800,0.481445,30,12.3842,0,0,81736242984
30.2489,33.0591,11.2516,70,73,67,1923,2800,0.481445,30,12.3842,0,0,81769300888
29.9297,33.4116,11.2516,70,73,67,1923,2800,0.481445,30,12.3842,0,0,81802712415
30.0667,33.2594,11.2516,70,73,67,1923,2800,0.481445,30,12.3842,0,0,81835971727
23.0724,43.3418,11.2516,70,73,67,1923,2800,0.481445,30,12.3842,0,0,81879313015
27.4994,36.3645,11.2516,70,73,67,1923,2800,0.481445,30,12.3842,0,0,81915677610
28.5805,34.9889,11.2516,70,73,67,1923,2800,0.481445,30,12.3842,0,0,81950666475
26.2186,38.1409,11.2516,70,73,67,1923,2800,0.481445,30,12.3842,0,0,81988808984
28.173,35.495,11.2516,70,73,67,1923,2800,0.481445,30,12.3842,0,0,82024302886
29.4616,33.9425,11.2516,70,73,67,1923,2800,0.481445,30,12.3842,0,0,82058246882
29.4346,33.9737,11.2516,70,73,67,1923,2800,0.481445,30,12.3842,0,0,82092219411
28.1358,35.5419,11.2516,70,73,67,1923,2800,0.481445,30,12.3842,0,0,82127763617
31.7941,31.4523,11.2516,70,73,67,1923,2800,0.481445,30,12.3842,0,0,82159218445
28.506,35.0803,9.02439,69,72,67,1342,2800,0.478008,33,12.3751,0,0,82194295695
29.3145,34.1128,9.02439,69,72,67,1342,2800,0.478008,33,12.3751,0,0,82228408838
32.2581,31,9.02439,69,72,67,1342,2800,0.478008,33,12.3751,0,0,82259409264
33.5203,29.8327,9.02439,69,72,67,1342,2800,0.478008,33,12.3751,0,0,82289243783
31.9516,31.2973,9.02439,69,72,67,1342,2800,0.478008,33,12.3751,0,0,82320540544
35.1922,28.4154,9.02439,69,72,67,1342,2800,0.478008,33,12.3751,0,0,82348957364
34.0554,29.3639,9.02439,69,72,67,1342,2800,0.478008,33,12.3751,0,0,82378320870
34.5419,28.9504,9.02439,69,72,67,1342,2800,0.478008,33,12.3751,0,0,82407271501
34.0999,29.3256,9.02439,69,72,67,1342,2800,0.478008,33,12.3751,0,0,82436597767
37.4938,26.6711,9.02439,69,72,67,1342,2800,0.478008,33,12.3751,0,0,82463268483
39.2477,25.4792,9.02439,69,72,67,1342,2800,0.478008,33,12.3751,0,0,82488747624
33.5559,29.801,9.02439,69,72,67,1342,2800,0.478008,33,12.3751,0,0,82518550344
36.632,27.2986,9.02439,69,72,67,1342,2800,0.478008,33,12.3751,0,0,82545848025
38.4093,26.0353,9.02439,69,72,67,1342,2800,0.478008,33,12.3751,0,0,82571884191
35.3609,28.2798,9.02439,69,72,67,1342,2800,0.478008,33,12.3751,0,0,82600165497
34.6536,28.8571,9.02439,69,72,67,1342,2800,0.478008,33,12.3751,0,0,82629022353
37.4465,26.7048,9.02439,69,72,67,1342,2800,0.478008,33,12.3751,0,0,82655727824
33.322,30.0102,9.02439,69,72,67,1342,2800,0.478008,33,12.3751,0,0,82685743763
33.9935,29.4174,8.54392,69,76,68,1793,2800,0.478008,25,12.3738,0,0,82715156120
32.3781,30.885,8.54392,69,76,68,1793,2800,0.478008,25,12.3738,0,0,82746040288
33.6781,29.6929,8.54392,69,76,68,1793,2800,0.478008,25,12.3738,0,0,82775736006
35.4559,28.2041,8.54392,69,76,68,1793,2800,0.478008,25,12.3738,0,0,82803937794
28.5221,35.0605,8.54392,69,76,68,1793,2800,0.478008,25,12.3738,0,0,82839000497
31.3538,31.8941,8.54392,69,76,68,1793,2800,0.478008,25,12.3738,0,0,82870892675
31.157,32.0955,8.54392,69,76,68,1793,2800,0.478008,25,12.3738,0,0,82902989055
31.4001,31.8471,8.54392,69,76,68,1793,2800,0.478008,25,12.3738,0,0,82934835037
29.8886,33.4575,8.54392,69,76,68,1793,2800,0.478008,25,12.3738,0,0,82968293041
28.9216,34.5763,8.54392,69,76,68,1793,2800,0.478008,25,12.3738,0,0,83002869342
30.3874,32.9083,8.54392,69,76,68,1793,2800,0.478008,25,12.3738,0,0,83035777435
26.1879,38.1856,8.54392,69,76,68,1793,2800,0.478008,25,12.3738,0,0,83073963586
25.5874,39.0818,8.54392,69,76,68,1793,2800,0.478008,25,12.3738,0,0,83113046358
27.3766,36.5276,8.54392,69,76,68,1793,2800,0.478008,25,12.3738,0,0,83149573358
27.6994,36.1019,8.54392,69,76,68,1793,2800,0.478008,25,12.3738,0,0,83185677254
27.0255,37.0021,8.54392,69,76,68,1793,2800,0.478008,25,12.3738,0,0,83222680696
28.6104,34.9523,9.55189,69,73,67,1297,2800,0.478008,28,12.3847,0,0,83257631260
28.8995,34.6027,9.55189,69,73,67,1297,2800,0.478008,28,12.3847,0,0,83292233540
30.2257,33.0844,9.55189,69,73,67,1297,2800,0.478008,28,12.3847,0,0,83325318845
26.1331,38.2656,9.55189,69,73,67,1297,2800,0.478008,28,12.3847,0,0,83363584004
26.5314,37.6912,9.55189,69,73,67,1297,2800,0.478008,28,12.3847,0,0,83401277280
27.4275,36.4597,9.55189,69,73,67,1297,2800,0.478008,28,12.3847,0,0,83437737475
25.7542,38.8286,9.55189,69,73,67,1297,2800,0.478008,28,12.3847,0,0,83476564948
28.5279,35.0534,9.55189,69,73,67,1297,2800,0.478008,28,12.3847,0,0,83511618645
30.2426,33.066,9.55189,69,73,67,1297,2800,0.478008,28,12.3847,0,0,83544687489
32.8506,30.4409,9.55189,69,73,67,1297,2800,0.478008,28,12.3847,0,0,83575128055
30.7804,32.4882,9.55189,69,73,67,1297,2800,0.478008,28,12.3847,0,0,83607616160
30.0636,33.2628,9.55189,69,73,67,1297,2800,0.478008,28,12.3847,0,0,83640877105
32.2921,30.9673,9.55189,69,73,67,1297,2800,0.478008,28,12.3847,0,0,83671844859
34.7378,28.7871,9.55189,69,73,67,1297,2800,0.478008,28,12.3847,0,0,83700633246
31.833,31.4139,9.55189,69,73,67,1297,2800,0.478008,28,12.3847,0,0,83732050904
37.4961,26.6694,10.8075,69,71,68,1810,2800,0.478012,25,12.3778,0,0,83758717492
34.4264,29.0475,10.8075,69,71,68,1810,2800,0.478012,25,12.3778,0,0,83787765245
37.3155,26.7985,10.8075,69,71,68,1810,2800,0.478012,25,12.3778,0,0,83814565204
28.3015,35.3339,10.8075,69,71,68,1810,2800,0.478012,25,12.3778,0,0,83849898745
35.3734,28.2698,10.8075,69,71,68,1810,2800,0.478012,25,12.3778,0,0,83878170613
39.3306,25.4255,10.8075,69,71,68,1810,2800,0.478012,25,12.3778,0,0,83903594722
36.2245,27.6056,10.8075,69,71,68,1810,2800,0.478012,25,12.3778,0,0,83931200441
22.7152,44.0234,10.8075,69,71,68,1810,2800,0.478012,25,12.3778,0,0,83975225231
36.1737,27.6444,10.8075,69,71,68,1810,2800,0.478012,25,12.3778,0,0,84002870274
36.0334,27.752,10.8075,69,71,68,1810,2800,0.478012,25,12.3778,0,0,84030622819
36.242,27.5923,10.8075,69,71,68,1810,2800,0.478012,25,12.3778,0,0,84058215073
36.2917,27.5545,10.8075,69,71,68,1810,2800,0.478012,25,12.3778,0,0,84085770287
32.6455,30.6321,10.8075,69,71,68,1810,2800,0.478012,25,12.3778,0,0,84116402632
29.869,33.4795,10.8075,69,71,68,1810,2800,0.478012,25,12.3778,0,0,84149881706
32.84,30.4507,10.8075,69,71,68,1810,2800,0.478012,25,12.3778,0,0,84180332471
31.2152,32.0357,10.8075,69,71,68,1810,2800,0.478012,25,12.3778,0,0,84212368749
29.006,34.4756,10.8075,69,71,68,1810,2800,0.478012,25,12.3778,0,0,84246848228
28.5514,35.0246,8.62069,69,72,68,1636,2800,0.478012,25,12.3779,0,0,84281868743
28.5032,35.0837,8.62069,69,72,68,1636,2800,0.478012,25,12.3779,0,0,84316952426
27.7003,36.1007,8.62069,69,72,68,1636,2800,0.478012,25,12.3779,0,0,84353054278
29.5719,33.8159,8.62069,69,72,68,1636,2800,0.478012,25,12.3779,0,0,84386868851
27.786,35.9894,8.62069,69,72,68,1636,2800,0.478012,25,12.3779,0,0,84422858312
29.0401,34.4351,8.62069,69,72,68,1636,2800,0.478012,25,12.3779,0,0,84457293669
28.5801,34.9894,8.62069,69,72,68,1636,2800,0.478012,25,12.3779,0,0,84492283456
28.3352,35.2917,8.62069,69,72,68,1636,2800,0.478012,25,12.3779,0,0,84527576080
28.3631,35.257,8.62069,69,72,68,1636,2800,0.478012,25,12.3779,0,0,84562833108
31.3115,31.9372,8.62069,69,72,68,1636,2800,0.478012,25,12.3779,0,0,84594771432
30.0615,33.2651,8.62069,69,72,68,1636,2800,0.478012,25,12.3779,0,0,84628035032
31.0684,32.187,8.62069,69,72,68,1636,2800,0.478012,25,12.3779,0,0,84660224858
29.8457,33.5057,8.62069,69,72,68,1636,2800,0.478012,25,12.3779,0,0,84693731343
30.8099,32.4571,8.62069,69,72,68,1636,2800,0.478012,25,12.3779,0,0,84726185925
31.7109,31.5349,8.62069,69,72,68,1636,2800,0.478012,25,12.3779,0,0,84757723699
32.3435,30.9181,8.59278,69,76,68,1321,2800,0.476059,29,12.3676,0,0,84788641589
32.0313,31.2195,8.59278,69,76,68,1321,2800,0.476059,29,12.3676,0,0,84819860975
30.8948,32.3679,8.59278,69,76,68,1321,2800,0.476059,29,12.3676,0,0,84852228725
31.6778,31.5678,8.59278,69,76,68,1321,2800,0.476059,29,12.3676,0,0,84883796995
32.3376,30.9238,8.59278,69,76,68,1321,2800,0.476059,29,12.3676,0,0,84914720476
31.707,31.5388,8.59278,69,76,68,1321,2800,0.476059,29,12.3676,0,0,84946259522
32.1708,31.0841,8.59278,69,76,68,1321,2800,0.476059,29,12.3676,0,0,84977344355
30.192,33.1213,8.59278,69,76,68,1321,2800,0.476059,29,12.3676,0,0,85010465077
29.5505,33.8404,8.59278,69,76,68,1321,2800,0.476059,29,12.3676,0,0,85044306560
29.4441,33.9627,8.59278,69,76,68,1321,2800,0.476059,29,12.3676,0,0,85078268690
29.5619,33.8273,8.59278,69,76,68,1321,2800,0.476059,29,12.3676,0,0,85112095676
28.1757,35.4916,8.59278,69,76,68,1321,2800,0.476059,29,12.3676,0,0,85147588466
29.7833,33.5759,8.59278,69,76,68,1321,2800,0.476059,29,12.3676,0,0,85181163379
30.4713,32.8177,8.59278,69,76,68,1321,2800,0.476059,29,12.3676,0,0,85213981463
28.8147,34.7046,8.59278,69,76,68,1321,2800,0.476059,29,12.3676,0,0,85248686105
31.3282,31.9201,8.59278,69,76,68,1321,2800,0.476059,29,12.3676,0,0,85280611676
30.1975,33.1154,9.2233,69,72,68,1559,2800,0.478012,28,12.3694,0,0,85313721757
24.5979,40.6539,9.2233,69,72,68,1559,2800,0.478012,28,12.3694,0,0,85354376177
29.9759,33.3601,9.2233,69,72,68,1559,2800,0.478012,28,12.3694,0,0,85387736037
29.3164,34.1106,9.2233,69,72,68,1559,2800,0.478012,28,12.3694,0,0,85421848108
29.5611,33.8283,9.2233,69,72,68,1559,2800,0.478012,28,12.3694,0,0,85455675555
28.721,34.8177,9.2233,69,72,68,1559,2800,0.478012,28,12.3694,0,0,85490493810
30.2399,33.0689,9.2233,69,72,68,1559,2800,0.478012,28,12.3694,0,0,85523562414
29.6171,33.7643,9.2233,69,72,68,1559,2800,0.478012,28,12.3694,0,0,85557326993
29.6599,33.7156,9.2233,69,72,68,1559,2800,0.478012,28,12.3694,0,0,85591042550
28.5714,35.0001,9.2233,69,72,68,1559,2800,0.478012,28,12.3694,0,0,85626042716
30.1905,33.123,9.2233,69,72,68,1559,2800,0.478012,28,12.3694,0,0,85659165702
30.0383,33.2908,9.2233,69,72,68,1559,2800,0.478012,28,12.3694,0,0,85692459288
30.7536,32.5165,9.2233,69,72,68,1559,2800,0.478012,28,12.3694,0,0,85724974274
30.2869,33.0176,9.2233,69,72,68,1559,2800,0.478012,28,12.3694,0,0,85757991281
29.2413,34.1983,9.2233,69,72,68,1559,2800,0.478012,28,12.3694,0,0,85792192078
30.3813,32.915,10.8209,69,72,67,1452,2800,0.478012,24,12.3768,0,0,85825104870
29.9992,33.3342,10.8209,69,72,67,1452,2800,0.478012,24,12.3768,0,0,85858438971
30.2188,33.092,10.8209,69,72,67,1452,2800,0.478012,24,12.3768,0,0,85891531330
30.5945,32.6856,10.8209,69,72,67,1452,2800,0.478012,24,12.3768,0,0,85924218879
30.2591,33.0479,10.8209,69,72,67,1452,2800,0.478012,24,12.3768,0,0,85957265161
30.7475,32.5229,10.8209,69,72,67,1452,2800,0.478012,24,12.3768,0,0,85989788182
29.9895,33.345,10.8209,69,72,67,1452,2800,0.478012,24,12.3768,0,0,86023133725
30.8669,32.3972,10.8209,69,72,67,1452,2800,0.478012,24,12.3768,0,0,86055530709
29.9881,33.3465,10.8209,69,72,67,1452,2800,0.478012,24,12.3768,0,0,86088877695
29.9611,33.3767,10.8209,69,72,67,1452,2800,0.478012,24,12.3768,0,0,86122254537
29.0317,34.4451,10.8209,69,72,67,1452,2800,0.478012,24,12.3768,0,0,86156699442
31.5649,31.6807,10.8209,69,72,67,1452,2800,0.478012,24,12.3768,0,0,86188380574
32.6832,30.5968,10.8209,69,72,67,1452,2800,0.478012,24,12.3768,0,0,86218978815
33.9207,29.4805,10.8209,69,72,67,1452,2800,0.478012,24,12.3768,0,0,86248460883
36.4748,27.4162,10.8209,69,72,67,1452,2800,0.478012,24,12.3768,0,0,86275877358
34.7902,28.7438,10.8209,69,72,67,1452,2800,0.478012,24,12.3768,0,0,86304622704
33.5862,29.7741,8.99015,69,77,67,1694,2800,0.478012,25,12.3778,0,0,86334394896
37.9159,26.3742,8.99015,69,77,67,1694,2800,0.478012,25,12.3778,0,0,86360767974
39.2716,25.4637,8.99015,69,77,67,1694,2800,0.478012,25,12.3778,0,0,86386233921
39.0294,25.6217,8.99015,69,77,67,1694,2800,0.478012,25,12.3778,0,0,86411856551
37.8951,26.3887,8.99015,69,77,67,1694,2800,0.478012,25,12.3778,0,0,86438244346
37.7001,26.5251,8.99015,69,77,67,1694,2800,0.478012,25,12.3778,0,0,86464770120
39.1377,25.5508,8.99015,69,77,67,1694,2800,0.478012,25,12.3778,0,0,86490322078
38.6795,25.8535,8.99015,69,77,67,1694,2800,0.478012,25,12.3778,0,0,86516175562
38.7159,25.8292,8.99015,69,77,67,1694,2800,0.478012,25,12.3778,0,0,86542004569
38.5357,25.95,8.99015,69,77,67,1694,2800,0.478012,25,12.3778,0,0,86567956026
38.4378,26.016,8.99015,69,77,67,1694,2800,0.478012,25,12.3778,0,0,86593972174
35.2039,28.4059,8.99015,69,77,67,1694,2800,0.478012,25,12.3778,0,0,86622378094
36.9213,27.0846,8.99015,69,77,67,1694,2800,0.478012,25,12.3778,0,0,86649464089
36.8918,27.1063,8.99015,69,77,67,1694,2800,0.478012,25,12.3778,0,0,86676568117
40.3294,24.7958,8.99015,69,77,67,1694,2800,0.478012,25,12.3778,0,0,86701364118
33.4787,29.8698,8.99015,69,77,67,1694,2800,0.478012,25,12.3778,0,0,86731249442
37.6892,26.5328,8.99015,69,77,67,1694,2800,0.478012,25,12.3778,0,0,86757769716
35.3323,28.3027,8.99015,69,77,67,1694,2800,0.478012,25,12.3778,0,0,86786073163
34.2318,29.2126,8.99015,69,77,67,1694,2800,0.478012,25,12.3778,0,0,86815289844
31.7647,31.4815,9.03465,70,72,71,2550,2800,0.478012,28,12.3741,0,0,86846765881
30.1616,33.1547,9.03465,70,72,71,2550,2800,0.478012,28,12.3741,0,0,86879920115
29.2289,34.2127,9.03465,70,72,71,2550,2800,0.478012,28,12.3741,0,0,86914132625
30.2922,33.0118,9.03465,70,72,71,2550,2800,0.478012,28,12.3741,0,0,86947146786
29.9144,33.4287,9.03465,70,72,71,2550,2800,0.478012,28,12.3741,0,0,86980576497
27.4062,36.4881,9.03465,70,72,71,2550,2800,0.478012,28,12.3741,0,0,87017063111
26.9368,37.1239,9.03465,70,72,71,2550,2800,0.478012,28,12.3741,0,0,87054187681
25.7926,38.7708,9.03465,70,72,71,2550,2800,0.478012,28,12.3741,0,0,87092957567
26.893,37.1844,9.03465,70,72,71,2550,2800,0.478012,28,12.3741,0,0,87130142971
28.1019,35.5848,9.03465,70,72,71,2550,2800,0.478012,28,12.3741,0,0,87165726952
27.2364,36.7156,9.03465,70,72,71,2550,2800,0.478012,28,12.3741,0,0,87202443307
27.7102,36.0878,9.03465,70,72,71,2550,2800,0.478012,28,12.3741,0,0,87238532154
28.1504,35.5235,9.03465,70,72,71,2550,2800,0.478012,28,12.3741,0,0,87274055772
26.7665,37.3601,9.03465,70,72,71,2550,2800,0.478012,28,12.3741,0,0,87311417196
25.8113,38.7427,9.03465,70,72,71,2550,2800,0.478012,28,12.3741,0,0,87350164450
27.6659,36.1455,9.98825,69,71,67,1189,2800,0.476059,29,12.3731,0,0,87386304283
26.7855,37.3336,9.98825,69,71,67,1189,2800,0.476059,29,12.3731,0,0,87423637895
26.9058,37.1667,9.98825,69,71,67,1189,2800,0.476059,29,12.3731,0,0,87460807991
26.0766,38.3486,9.98825,69,71,67,1189,2800,0.476059,29,12.3731,0,0,87499155113
26.2801,38.0516,9.98825,69,71,67,1189,2800,0.476059,29,12.3731,0,0,87537206461
27.2881,36.646,9.98825,69,71,67,1189,2800,0.476059,29,12.3731,0,0,87573852053
25.3691,39.4181,9.98825,69,71,67,1189,2800,0.476059,29,12.3731,0,0,87613271397
28.0413,35.6617,9.98825,69,71,67,1189,2800,0.476059,29,12.3731,0,0,87648932643
30.3435,32.956,9.98825,69,71,67,1189,2800,0.476059,29,12.3731,0,0,87681889747
31.2374,32.0129,9.98825,69,71,67,1189,2800,0.476059,29,12.3731,0,0,87713903884
30.6298,32.648,9.98825,69,71,67,1189,2800,0.476059,29,12.3731,0,0,87746549755
31.8994,31.3486,9.98825,69,71,67,1189,2800,0.476059,29,12.3731,0,0,87777900227
33.0045,30.2989,9.98825,69,71,67,1189,2800,0.476059,29,12.3731,0,0,87808199648
34.3792,29.0874,9.98825,69,71,67,1189,2800,0.476059,29,12.3731,0,0,87837285954
34.5045,28.9817,9.98825,69,71,67,1189,2800,0.476059,29,12.3731,0,0,87866270098
28.5097,35.0757,12.0585,68,73,68,1515,2800,0.476059,24,12.3727,0,0,87901345695
29.9718,33.3647,12.0585,68,73,68,1515,2800,0.476059,24,12.3727,0,0,87934711016
30.7899,32.4782,12.0585,68,73,68,1515,2800,0.476059,24,12.3727,0,0,87967188601
31.822,31.4248,12.0585,68,73,68,1515,2800,0.476059,24,12.3727,0,0,87998614575
34.883,28.6673,12.0585,68,73,68,1515,2800,0.476059,24,12.3727,0,0,88027281063
30.0961,33.2269,12.0585,68,73,68,1515,2800,0.476059,24,12.3727,0,0,88060507213
32.4697,30.798,12.0585,68,73,68,1515,2800,0.476059,24,12.3727,0,0,88091307423
31.1436,32.1093,12.0585,68,73,68,1515,2800,0.476059,24,12.3727,0,0,88123415014
29.5698,33.8183,12.0585,68,73,68,1515,2800,0.476059,24,12.3727,0,0,88157234777
31.2101,32.0409,12.0585,68,73,68,1515,2800,0.476059,24,12.3727,0,0,88189276726
33.224,30.0987,12.0585,68,73,68,1515,2800,0.476059,24,12.3727,0,0,88219374248
32.269,30.9895,12.0585,68,73,68,1515,2800,0.476059,24,12.3727,0,0,88250365025
32.0561,31.1953,12.0585,68,73,68,1515,2800,0.476059,24,12.3727,0,0,88281559745
32.8469,30.4443,12.0585,68,73,68,1515,2800,0.476059,24,12.3727,0,0,88312006231
31.5188,31.7271,12.0585,68,73,68,1515,2800,0.476059,24,12.3727,0,0,88343733941
33.2186,30.1036,12.0585,68,73,68,1515,2800,0.476059,24,12.3727,0,0,88373842163
32.5357,30.7354,8.97756,69,76,67,1913,2800,0.476059,26,12.3737,0,0,88404574055
31.2723,31.9772,8.97756,69,76,67,1913,2800,0.476059,26,12.3737,0,0,88436550901
32.5815,30.6923,8.97756,69,76,67,1913,2800,0.476059,26,12.3737,0,0,88467242518
31.9723,31.277,8.97756,69,76,67,1913,2800,0.476059,26,12.3737,0,0,88498519943
32.7426,30.5412,8.97756,69,76,67,1913,2800,0.476059,26,12.3737,0,0,88529063762
33.374,29.9635,8.97756,69,76,67,1913,2800,0.476059,26,12.3737,0,0,88559024377
33.1616,30.1554,8.97756,69,76,67,1913,2800,0.476059,26,12.3737,0,0,88589182373
32.6037,30.6714,8.97756,69,76,67,1913,2800,0.476059,26,12.3737,0,0,88619854272
32.0241,31.2264,8.97756,69,76,67,1913,2800,0.476059,26,12.3737,0,0,88651080521
29.4657,33.9378,8.97756,69,76,67,1913,2800,0.476059,26,12.3737,0,0,88685019337
30.7414,32.5294,8.97756,69,76,67,1913,2800,0.476059,26,12.3737,0,0,88717548880
32.4068,30.8577,8.97756,69,76,67,1913,2800,0.476059,26,12.3737,0,0,88748406628
32.5424,30.7291,8.97756,69,76,67,1913,2800,0.476059,26,12.3737,0,0,88779137137
32.4096,30.855,8.97756,69,76,67,1913,2800,0.476059,26,12.3737,0,0,88809991518
33.4941,29.856,8.97756,69,76,67,1913,2800,0.476059,26,12.3737,0,0,88839848369
32.9439,30.3546,8.97756,69,76,67,1913,2800,0.476059,26,12.3737,0,0,88870202413
32.989,30.3132,8.97756,69,76,67,1913,2800,0.476059,26,12.3737,0,0,88900519727
32.8615,30.4307,9.63855,70,72,68,2182,2800,0.476059,32,12.3782,0,0,88930947508
34.1194,29.3089,9.63855,70,72,68,2182,2800,0.476059,32,12.3782,0,0,88960257113
33.8218,29.5667,9.63855,70,72,68,2182,2800,0.476059,32,12.3782,0,0,88989822968
32.6177,30.6582,9.63855,70,72,68,2182,2800,0.476059,32,12.3782,0,0,89020482625
32.5254,30.7452,9.63855,70,72,68,2182,2800,0.476059,32,12.3782,0,0,89051228092
32.6598,30.6187,9.63855,70,72,68,2182,2800,0.476059,32,12.3782,0,0,89081846711
30.051,33.2768,9.63855,70,72,68,2182,2800,0.476059,32,12.3782,0,0,89115123155
32.743,30.5409,9.63855,70,72,68,2182,2800,0.476059,32,12.3782,0,0,89145664940
31.4313,31.8155,9.63855,70,72,68,2182,2800,0.476059,32,12.3782,0,0,89177481095
35.4533,28.2061,9.63855,70,72,68,2182,2800,0.476059,32,12.3782,0,0,89205685698
32.3375,30.9239,9.63855,70,72,68,2182,2800,0.476059,32,12.3782,0,0,89236610441
31.1454,32.1075,9.63855,70,72,68,2182,2800,0.476059,32,12.3782,0,0,89268720407
31.5564,31.6893,9.63855,70,72,68,2182,2800,0.476059,32,12.3782,0,0,89300410085
31.2615,31.9882,9.63855,70,72,68,2182,2800,0.476059,32,12.3782,0,0,89332397512
34.6949,28.8227,9.63855,70,72,68,2182,2800,0.476059,32,12.3782,0,0,89361221335
32.809,30.4795,9.63855,70,72,68,2182,2800,0.476059,32,12.3782,0,0,89391701435
33.5396,29.8155,9.63855,70,72,68,2182,2800,0.476059,32,12.3782,0,0,89421519403
32.1616,31.093,10.8141,70,73,69,2318,2800,0.479485,32,12.3777,0,0,89452608324
31.8464,31.4007,10.8141,70,73,69,2318,2800,0.479485,32,12.3777,0,0,89484010223
29.8559,33.4942,10.8141,70,73,69,2318,2800,0.479485,32,12.3777,0,0,89517505006
27.5599,36.2846,10.8141,70,73,69,2318,2800,0.479485,32,12.3777,0,0,89553789490
26.7254,37.4176,10.8141,70,73,69,2318,2800,0.479485,32,12.3777,0,0,89591206649
25.2103,39.6663,10.8141,70,73,69,2318,2800,0.479485,32,12.3777,0,0,89630872595
29.1188,34.342,10.8141,70,73,69,2318,2800,0.479485,32,12.3777,0,0,89665215228
29.2348,34.2058,10.8141,70,73,69,2318,2800,0.479485,32,12.3777,0,0,89699421526
29.3702,34.0482,10.8141,70,73,69,2318,2800,0.479485,32,12.3777,0,0,89733469606
29.363,34.0565,10.8141,70,73,69,2318,2800,0.479485,32,12.3777,0,0,89767526113
29.4485,33.9576,10.8141,70,73,69,2318,2800,0.479485,32,12.3777,0,0,89801484626
30.2538,33.0537,10.8141,70,73,69,2318,2800,0.479485,32,12.3777,0,0,89834537811
29.5653,33.8235,10.8141,70,73,69,2318,2800,0.479485,32,12.3777,0,0,89868364346
30.9674,32.292,10.8141,70,73,69,2318,2800,0.479485,32,12.3777,0,0,89900656514
30.5727,32.7089,10.8141,70,73,69,2318,2800,0.479485,32,12.3777,0,0,89933367166
30.6113,32.6677,12.3916,69,73,68,1606,2800,0.479485,31,12.3812,0,0,89966030951
32.0901,31.1622,12.3916,69,73,68,1606,2800,0.479485,31,12.3812,0,0,89997195645
34.1707,29.2648,12.3916,69,73,68,1606,2800,0.479485,31,12.3812,0,0,90026459824
34.0017,29.4103,12.3916,69,73,68,1606,2800,0.479485,31,12.3812,0,0,90055869667
32.1442,31.1098,12.3916,69,73,68,1606,2800,0.479485,31,12.3812,0,0,90086981521
31.9933,31.2565,12.3916,69,73,68,1606,2800,0.479485,31,12.3812,0,0,90118236614
32.8345,30.4557,12.3916,69,73,68,1606,2800,0.479485,31,12.3812,0,0,90148692278
32.2342,31.0229,12.3916,69,73,68,1606,2800,0.479485,31,12.3812,0,0,90179716768
32.7734,30.5126,12.3916,69,73,68,1606,2800,0.479485,31,12.3812,0,0,90210229960
34.881,28.6689,12.3916,69,73,68,1606,2800,0.479485,31,12.3812,0,0,90238897601
34.337,29.1231,12.3916,69,73,68,1606,2800,0.479485,31,12.3812,0,0,90268023030
35.1634,28.4386,12.3916,69,73,68,1606,2800,0.479485,31,12.3812,0,0,90296461271
31.0912,32.1634,12.3916,69,73,68,1606,2800,0.479485,31,12.3812,0,0,90328625418
33.3307,30.0024,12.3916,69,73,68,1606,2800,0.479485,31,12.3812,0,0,90358627862
32.4194,30.8457,12.3916,69,73,68,1606,2800,0.479485,31,12.3812,0,0,90389473828
33.7016,29.6721,12.3916,69,73,68,1606,2800,0.479485,31,12.3812,0,0,90419145331
32.0015,31.2486,12.3916,69,73,68,1606,2800,0.479485,31,12.3812,0,0,90450404001
34.6661,28.8466,8.94608,69,77,67,1770,2800,0.479485,27,12.3819,0,0,90479241540
32.3017,30.9582,8.94608,69,77,67,1770,2800,0.479485,27,12.3819,0,0,90510202061
36.2833,27.5609,8.94608,69,77,67,1770,2800,0.479485,27,12.3819,0,0,90537761874
33.5011,29.8498,8.94608,69,77,67,1770,2800,0.479485,27,12.3819,0,0,90567611972
34.9778,28.5895,8.94608,69,77,67,1770,2800,0.479485,27,12.3819,0,0,90596200875
32.0414,31.2097,8.94608,69,77,67,1770,2800,0.479485,27,12.3819,0,0,90627412276
34.6953,28.8223,8.94608,69,77,67,1770,2800,0.479485,27,12.3819,0,0,90656233094
33.6589,29.7098,8.94608,69,77,67,1770,2800,0.479485,27,12.3819,0,0,90685944573
33.607,29.7557,8.94608,69,77,67,1770,2800,0.479485,27,12.3819,0,0,90715701867
34.5256,28.964,8.94608,69,77,67,1770,2800,0.479485,27,12.3819,0,0,90744665953
36.3132,27.5382,8.94608,69,77,67,1770,2800,0.479485,27,12.3819,0,0,90772203815
36.4585,27.4284,8.94608,69,77,67,1770,2800,0.479485,27,12.3819,0,0,90799634246
34.2028,29.2374,8.94608,69,77,67,1770,2800,0.479485,27,12.3819,0,0,90828871685
32.0716,31.1802,8.94608,69,77,67,1770,2800,0.479485,27,12.3819,0,0,90860050926
35.1859,28.4205,8.94608,69,77,67,1770,2800,0.479485,27,12.3819,0,0,90888471794
34.4517,29.0262,8.94608,69,77,67,1770,2800,0.479485,27,12.3819,0,0,90917498688
34.992,28.578,8.94608,69,77,67,1770,2800,0.479485,27,12.3819,0,0,90946076080
34.6149,28.8893,8.94608,69,77,67,1770,2800,0.479485,27,12.3819,0,0,90974971658
36.5554,27.3558,8.59564,69,72,68,1996,2800,0.479485,27,12.378,0,0,91002322349
32.6916,30.5889,8.59564,69,72,68,1996,2800,0.479485,27,12.378,0,0,91032910151
35.9594,27.8092,8.59564,69,72,68,1996,2800,0.479485,27,12.378,0,0,91060721676
26.3394,37.966,8.59564,69,72,68,1996,2800,0.479485,27,12.378,0,0,91098689027
28.2582,35.388,8.59564,69,72,68,1996,2800,0.479485,27,12.378,0,0,91134077591
35.8422,27.9001,8.59564,69,72,68,1996,2800,0.479485,27,12.378,0,0,91161977282
34.3585,29.1049,8.59564,69,72,68,1996,2800,0.479485,27,12.378,0,0,91191081882
34.3027,29.1522,8.59564,69,72,68,1996,2800,0.479485,27,12.378,0,0,91220234061
32.5254,30.7452,8.59564,69,72,68,1996,2800,0.479485,27,12.378,0,0,91250980210
33.4637,29.8832,8.59564,69,72,68,1996,2800,0.479485,27,12.378,0,0,91280863931
34.9524,28.6104,8.59564,69,72,68,1996,2800,0.479485,27,12.378,0,0,91309474555
38.8076,25.7682,8.59564,69,72,68,1996,2800,0.479485,27,12.378,0,0,91335243189
34.5171,28.9712,8.59564,69,72,68,1996,2800,0.479485,27,12.378,0,0,91364214479
37.1846,26.8929,8.59564,69,72,68,1996,2800,0.479485,27,12.378,0,0,91391108053
34.6446,28.8645,8.59564,69,72,68,1996,2800,0.479485,27,12.378,0,0,91419971832
33.5157,29.8368,8.59564,69,72,68,1996,2800,0.479485,27,12.378,0,0,91449808214
32.253,31.0048,8.59564,69,72,68,1996,2800,0.479485,27,12.378,0,0,91480817676
33.4235,29.9191,15.9548,69,72,67,1948,2800,0.479485,30,12.3765,0,0,91510734009
34.7137,28.8071,15.9548,69,72,67,1948,2800,0.479485,30,12.3765,0,0,91539541622
33.5223,29.8309,15.9548,69,72,67,1948,2800,0.479485,30,12.3765,0,0,91569372544
28.9555,34.5358,15.9548,69,72,67,1948,2800,0.479485,30,12.3765,0,0,91603908310
27.1827,36.7881,15.9548,69,72,67,1948,2800,0.479485,30,12.3765,0,0,91640694776
28.3993,35.2122,15.9548,69,72,67,1948,2800,0.479485,30,12.3765,0,0,91675908202
25.2629,39.5837,15.9548,69,72,67,1948,2800,0.479485,30,12.3765,0,0,91715491523
24.4175,40.9542,15.9548,69,72,67,1948,2800,0.479485,30,12.3765,0,0,91756446416
23.6974,42.1987,15.9548,69,72,67,1948,2800,0.479485,30,12.3765,0,0,91798643959
23.9002,41.8406,15.9548,69,72,67,1948,2800,0.479485,30,12.3765,0,0,91840485094
23.3727,42.785,15.9548,69,72,67,1948,2800,0.479485,30,12.3765,0,0,91883271713
22.8865,43.694,15.9548,69,72,67,1948,2800,0.479485,30,12.3765,0,0,91926965101
23.3974,42.7398,15.9548,69,72,67,1948,2800,0.479485,30,12.3765,0,0,91969704611
22.0492,45.3531,15.9548,69,72,67,1948,2800,0.479485,30,12.3765,0,0,92015063323
22.9945,43.4887,10.2381,69,73,67,912,2800,0.476048,26,12.3761,0,0,92058549613
24.8832,40.1878,10.2381,69,73,67,912,2800,0.476048,26,12.3761,0,0,92098734232
25.3553,39.4395,10.2381,69,73,67,912,2800,0.476048,26,12.3761,0,0,92138174064
26.4589,37.7944,10.2381,69,73,67,912,2800,0.476048,26,12.3761,0,0,92175969061
26.2055,38.16,10.2381,69,73,67,912,2800,0.476048,26,12.3761,0,0,92214128953
28.6794,34.8682,10.2381,69,73,67,912,2800,0.476048,26,12.3761,0,0,92248997292
28.0202,35.6885,10.2381,69,73,67,912,2800,0.476048,26,12.3761,0,0,92284686981
27.5066,36.3549,10.2381,69,73,67,912,2800,0.476048,26,12.3761,0,0,92321041337
29.0332,34.4433,10.2381,69,73,67,912,2800,0.476048,26,12.3761,0,0,92355484468
29.7897,33.5686,10.2381,69,73,67,912,2800,0.476048,26,12.3761,0,0,92389053901
28.8962,34.6066,10.2381,69,73,67,912,2800,0.476048,26,12.3761,0,0,92423661110
29.6434,33.7343,10.2381,69,73,67,912,2800,0.476048,26,12.3761,0,0,92457394992
31.9455,31.3033,10.2381,69,73,67,912,2800,0.476048,26,12.3761,0,0,92488698796
30.577,32.7043,10.2381,69,73,67,912,2800,0.476048,26,12.3761,0,0,92521410361
34.8991,28.654,7.64411,68,76,66,1337,2800,0.476048,22,12.3748,0,0,92550059637
36.8639,27.1268,7.64411,68,76,66,1337,2800,0.476048,22,12.3748,0,0,92577184454
34.7704,28.7601,7.64411,68,76,66,1337,2800,0.476048,22,12.3748,0,0,92605946492
37.205,26.8781,7.64411,68,76,66,1337,2800,0.476048,22,12.3748,0,0,92632822743
36.0608,27.7309,7.64411,68,76,66,1337,2800,0.476048,22,12.3748,0,0,92660556463
35.9297,27.8321,7.64411,68,76,66,1337,2800,0.476048,22,12.3748,0,0,92688387955
34.6026,28.8995,7.64411,68,76,66,1337,2800,0.476048,22,12.3748,0,0,92717288914
34.3207,29.1369,7.64411,68,76,66,1337,2800,0.476048,22,12.3748,0,0,92746424001
35.2606,28.3603,7.64411,68,76,66,1337,2800,0.476048,22,12.3748,0,0,92774783925
36.4499,27.4349,7.64411,68,76,66,1337,2800,0.476048,22,12.3748,0,0,92802219395
38.8398,25.7468,7.64411,68,76,66,1337,2800,0.476048,22,12.3748,0,0,92827968542
36.9833,27.0392,7.64411,68,76,66,1337,2800,0.476048,22,12.3748,0,0,92855006948
35.9931,27.7831,7.64411,68,76,66,1337,2800,0.476048,22,12.3748,0,0,92882790571
37.3253,26.7915,7.64411,68,76,66,1337,2800,0.476048,22,12.3748,0,0,92909582614
37.8987,26.3862,7.64411,68,76,66,1337,2800,0.476048,22,12.3748,0,0,92935967163
37.7338,26.5014,7.64411,68,76,66,1337,2800,0.476048,22,12.3748,0,0,92962469443
37.211,26.8738,7.64411,68,76,66,1337,2800,0.476048,22,12.3748,0,0,92989343651
36.4686,27.4209,7.64411,68,76,66,1337,2800,0.476048,22,12.3748,0,0,93016764724
35.5153,28.1569,7.64411,68,76,66,1337,2800,0.476048,22,12.3748,0,0,93044925905
38.536,25.9498,8.36364,69,72,68,1870,2800,0.476048,22,12.3782,0,0,93070871471
37.8055,26.4511,8.36364,69,72,68,1870,2800,0.476048,22,12.3782,0,0,93097323086
36.6437,27.2898,8.36364,69,72,68,1870,2800,0.476048,22,12.3782,0,0,93124614676
35.6454,28.0541,8.36364,69,72,68,1870,2800,0.476048,22,12.3782,0,0,93152669147
35.5871,28.1,8.36364,69,72,68,1870,2800,0.476048,22,12.3782,0,0,93180768842
34.5461,28.9468,8.36364,69,72,68,1870,2800,0.476048,22,12.3782,0,0,93209715707
35.933,27.8296,8.36364,69,72,68,1870,2800,0.476048,22,12.3782,0,0,93237545546
34.1094,29.3174,8.36364,69,72,68,1870,2800,0.476048,22,12.3782,0,0,93266862735
34.2335,29.2112,8.36364,69,72,68,1870,2800,0.476048,22,12.3782,0,0,93296073675
33.5902,29.7706,8.36364,69,72,68,1870,2800,0.476048,22,12.3782,0,0,93325844795
34.1042,29.3219,8.36364,69,72,68,1870,2800,0.476048,22,12.3782,0,0,93355168686
34.5036,28.9825,8.36364,69,72,68,1870,2800,0.476048,22,12.3782,0,0,93384150526
33.8776,29.518,8.36364,69,72,68,1870,2800,0.476048,22,12.3782,0,0,93413667600
34.9186,28.638,8.36364,69,72,68,1870,2800,0.476048,22,12.3782,0,0,93442308791
32.3482,30.9136,8.36364,69,72,68,1870,2800,0.476048,22,12.3782,0,0,93473220700
32.8067,30.4815,8.36364,69,72,68,1870,2800,0.476048,22,12.3782,0,0,93503702173
32.6588,30.6196,8.36364,69,72,68,1870,2800,0.476048,22,12.3782,0,0,93534321614
31.2598,31.99,8.36364,69,72,68,1870,2800,0.476048,22,12.3782,0,0,93566314370
30.6959,32.5776,10.475,70,71,65,1542,2800,0.476048,31,12.3819,0,0,93598890981
30.5208,32.7645,10.475,70,71,65,1542,2800,0.476048,31,12.3819,0,0,93631655565
32.1646,31.0901,10.475,70,71,65,1542,2800,0.476048,31,12.3819,0,0,93662745518
31.6413,31.6043,10.475,70,71,65,1542,2800,0.476048,31,12.3819,0,0,93694350548
31.9903,31.2595,10.475,70,71,65,1542,2800,0.476048,31,12.3819,0,0,93725609678
32.3071,30.953,10.475,70,71,65,1542,2800,0.476048,31,12.3819,0,0,93756562374
30.2889,33.0154,10.475,70,71,65,1542,2800,0.476048,31,12.3819,0,0,93789581114
31.7381,31.5079,10.475,70,71,65,1542,2800,0.476048,31,12.3819,0,0,93821086417
32.6361,30.6409,10.475,70,71,65,1542,2800,0.476048,31,12.3819,0,0,93851730133
31.7942,31.4523,10.475,70,71,65,1542,2800,0.476048,31,12.3819,0,0,93883180803
30.6996,32.5738,10.475,70,71,65,1542,2800,0.476048,31,12.3819,0,0,93915753998
31.5965,31.6491,10.475,70,71,65,1542,2800,0.476048,31,12.3819,0,0,93947403550
31.4261,31.8207,10.475,70,71,65,1542,2800,0.476048,31,12.3819,0,0,93979224655
32.7924,30.4949,10.475,70,71,65,1542,2800,0.476048,31,12.3819,0,0,94009719693
31.181,32.0708,10.475,70,71,65,1542,2800,0.476048,31,12.3819,0,0,94041791016
32.1186,31.1346,10.475,70,71,65,1542,2800,0.476048,31,12.3819,0,0,94072927747
31.5073,31.7387,9.63705,69,71,67,1745,2800,0.476048,24,12.3786,0,0,94104664564
30.4522,32.8383,9.63705,69,71,67,1745,2800,0.476048,24,12.3786,0,0,94137502786
32.1601,31.0944,9.63705,69,71,67,1745,2800,0.476048,24,12.3786,0,0,94168597217
30.8794,32.384,9.63705,69,71,67,1745,2800,0.476048,24,12.3786,0,0,94200982099
32.1501,31.1041,9.63705,69,71,67,1745,2800,0.476048,24,12.3786,0,0,94232088573
32.0143,31.236,9.63705,69,71,67,1745,2800,0.476048,24,12.3786,0,0,94263323158
32.4166,30.8484,9.63705,69,71,67,1745,2800,0.476048,24,12.3786,0,0,94294171618
27.5082,36.3529,9.63705,69,71,67,1745,2800,0.476048,24,12.3786,0,0,94330524120
31.7371,31.5089,9.63705,69,71,67,1745,2800,0.476048,24,12.3786,0,0,94362033280
30.6971,32.5763,9.63705,69,71,67,1745,2800,0.476048,24,12.3786,0,0,94394610262
30.9603,32.2994,9.63705,69,71,67,1745,2800,0.476048,24,12.3786,0,0,94426909323
31.4821,31.7641,9.63705,69,71,67,1745,2800,0.476048,24,12.3786,0,0,94458674312
31.5918,31.6538,9.63705,69,71,67,1745,2800,0.476048,24,12.3786,0,0,94490327702
28.7292,34.8078,9.63705,69,71,67,1745,2800,0.476048,24,12.3786,0,0,94525137711
31.2572,31.9927,9.63705,69,71,67,1745,2800,0.476048,24,12.3786,0,0,94557131159
33.3215,30.0106,9.63705,69,71,67,1745,2800,0.476048,24,12.3786,0,0,94587145505
34.1344,29.296,9.54712,69,75,67,1558,2800,0.476048,25,12.3779,0,0,94616438408
31.2062,32.0449,9.54712,69,75,67,1558,2800,0.476048,25,12.3779,0,0,94648483122
33.1528,30.1634,9.54712,69,75,67,1558,2800,0.476048,25,12.3779,0,0,94678646538
35.596,28.093,9.54712,69,75,67,1558,2800,0.476048,25,12.3779,0,0,94706742006
37.4287,26.7175,9.54712,69,75,67,1558,2800,0.476048,25,12.3779,0,0,94733457285
37.4376,26.7111,9.54712,69,75,67,1558,2800,0.476048,25,12.3779,0,0,94760169930
37.5493,26.6316,9.54712,69,75,67,1558,2800,0.476048,25,12.3779,0,0,94786802584
38.4138,26.0323,9.54712,69,75,67,1558,2800,0.476048,25,12.3779,0,0,94812834131
42.305,23.6379,9.54712,69,75,67,1558,2800,0.476048,25,12.3779,0,0,94836473192
35.9903,27.7852,9.54712,69,75,67,1558,2800,0.476048,25,12.3779,0,0,94864258729
40.2545,24.8419,9.54712,69,75,67,1558,2800,0.476048,25,12.3779,0,0,94889101577
37.6453,26.5638,9.54712,69,75,67,1558,2800,0.476048,25,12.3779,0,0,94915665703
40.189,24.8824,9.54712,69,75,67,1558,2800,0.476048,25,12.3779,0,0,94940546973
39.9634,25.0229,9.54712,69,75,67,1558,2800,0.476048,25,12.3779,0,0,94965569758
41.5523,24.0661,9.54712,69,75,67,1558,2800,0.476048,25,12.3779,0,0,94989638194
36.8808,27.1144,9.54712,69,75,67,1558,2800,0.476048,25,12.3779,0,0,95016752602
37.977,26.3318,9.54712,69,75,67,1558,2800,0.476048,25,12.3779,0,0,95043085685
40.1095,24.9317,9.54712,69,75,67,1558,2800,0.476048,25,12.3779,0,0,95068016928
39.8608,25.0873,9.54712,69,75,67,1558,2800,0.476048,25,12.3779,0,0,95093112300
35.8132,27.9226,8.63579,69,72,68,2480,2800,0.476048,23,12.3719,0,0,95121028992
39.9807,25.0121,8.63579,69,72,68,2480,2800,0.476048,23,12.3719,0,0,95146041298
41.2338,24.252,8.63579,69,72,68,2480,2800,0.476048,23,12.3719,0,0,95170293559
37.5663,26.6196,8.63579,69,72,68,2480,2800,0.476048,23,12.3719,0,0,95196913429
35.8047,27.9293,8.63579,69,72,68,2480,2800,0.476048,23,12.3719,0,0,95224842385
39.8581,25.089,8.63579,69,72,68,2480,2800,0.476048,23,12.3719,0,0,95249930473
38.1779,26.1932,8.63579,69,72,68,2480,2800,0.476048,23,12.3719,0,0,95276125567
40.4552,24.7187,8.63579,69,72,68,2480,2800,0.476048,23,12.3719,0,0,95300844582
38.7372,25.815,8.63579,69,72,68,2480,2800,0.476048,23,12.3719,0,0,95326660846
38.6355,25.8829,8.63579,69,72,68,2480,2800,0.476048,23,12.3719,0,0,95352544296
37.5618,26.6228,8.63579,69,72,68,2480,2800,0.476048,23,12.3719,0,0,95379166390
40.6692,24.5887,8.63579,69,72,68,2480,2800,0.476048,23,12.3719,0,0,95403756554
37.0858,26.9645,8.63579,69,72,68,2480,2800,0.476048,23,12.3719,0,0,95430720520
36.8636,27.127,8.63579,69,72,68,2480,2800,0.476048,23,12.3719,0,0,95457848504
37.0284,27.0063,8.63579,69,72,68,2480,2800,0.476048,23,12.3719,0,0,95484855109
38.7396,25.8134,8.63579,69,72,68,2480,2800,0.476048,23,12.3719,0,0,95510669289
39.5967,25.2546,8.63579,69,72,68,2480,2800,0.476048,23,12.3719,0,0,95535924801
37.2775,26.8258,8.63579,69,72,68,2480,2800,0.476048,23,12.3719,0,0,95562750387
36.6278,27.3016,8.63579,69,72,68,2480,2800,0.476048,23,12.3719,0,0,95590052968
36.4096,27.4653,8.63579,69,72,68,2480,2800,0.476048,23,12.3719,0,0,95617524355
38.3743,26.0591,11.6168,70,71,70,2539,2800,0.476048,38,12.3779,0,0,95643577543
41.982,23.8197,11.6168,70,71,70,2539,2800,0.476048,38,12.3779,0,0,95667398355
36.7691,27.1968,11.6168,70,71,70,2539,2800,0.476048,38,12.3779,0,0,95694595047
38.2179,26.1657,11.6168,70,71,70,2539,2800,0.476048,38,12.3779,0,0,95720760195
39.5397,25.291,11.6168,70,71,70,2539,2800,0.476048,38,12.3779,0,0,95746052816
39.5577,25.2795,11.6168,70,71,70,2539,2800,0.476048,38,12.3779,0,0,95771332223
37.8932,26.39,11.6168,70,71,70,2539,2800,0.476048,38,12.3779,0,0,95797723625
39.0457,25.611,11.6168,70,71,70,2539,2800,0.476048,38,12.3779,0,0,95823334343
38.2585,26.138,11.6168,70,71,70,2539,2800,0.476048,38,12.3779,0,0,95849473021
37.9065,26.3807,11.6168,70,71,70,2539,2800,0.476048,38,12.3779,0,0,95875854264
40.6269,24.6142,11.6168,70,71,70,2539,2800,0.476048,38,12.3779,0,0,95900469085
36.1913,27.6309,11.6168,70,71,70,2539,2800,0.476048,38,12.3779,0,0,95928100412
39.4634,25.34,11.6168,70,71,70,2539,2800,0.476048,38,12.3779,0,0,95953440683
37.8534,26.4177,11.6168,70,71,70,2539,2800,0.476048,38,12.3779,0,0,95979858745
42.0543,23.7788,11.6168,70,71,70,2539,2800,0.476048,38,12.3779,0,0,96003636445
39.0474,25.6099,11.6168,70,71,70,2539,2800,0.476048,38,12.3779,0,0,96029249027
38.1787,26.1926,11.6168,70,71,70,2539,2800,0.476048,38,12.3779,0,0,96055438220
38.489,25.9814,11.6168,70,71,70,2539,2800,0.476048,38,12.3779,0,0,96081422228
38.0707,26.2669,11.6168,70,71,70,2539,2800,0.476048,38,12.3779,0,0,96107688155
40.3312,24.7947,11.6168,70,71,70,2539,2800,0.476048,38,12.3779,0,0,96132487722
39.3975,25.3823,8.00493,71,68,70,2557,2800,0.476048,33,12.3763,0,0,96157867486
37.9247,26.368,8.00493,71,68,70,2557,2800,0.476048,33,12.3763,0,0,96184235485
38.2015,26.177,8.00493,71,68,70,2557,2800,0.476048,33,12.3763,0,0,96210413917
40.9029,24.4481,8.00493,71,68,70,2557,2800,0.476048,33,12.3763,0,0,96234860562
37.9439,26.3547,8.00493,71,68,70,2557,2800,0.476048,33,12.3763,0,0,96261214865
40.8774,24.4634,8.00493,71,68,70,2557,2800,0.476048,33,12.3763,0,0,96285680586
35.2134,28.3983,8.00493,71,68,70,2557,2800,0.476048,33,12.3763,0,0,96314079092
37.7096,26.5185,8.00493,71,68,70,2557,2800,0.476048,33,12.3763,0,0,96340597111
42.9212,23.2985,8.00493,71,68,70,2557,2800,0.476048,33,12.3763,0,0,96363897066
38.5279,25.9552,8.00493,71,68,70,2557,2800,0.476048,33,12.3763,0,0,96389851078
39.8168,25.115,8.00493,71,68,70,2557,2800,0.476048,33,12.3763,0,0,96414966467
37.3351,26.7844,8.00493,71,68,70,2557,2800,0.476048,33,12.3763,0,0,96441751908
40.1024,24.9362,8.00493,71,68,70,2557,2800,0.476048,33,12.3763,0,0,96466686047
38.0303,26.2948,8.00493,71,68,70,2557,2800,0.476048,33,12.3763,0,0,96492983383
39.7367,25.1657,8.00493,71,68,70,2557,2800,0.476048,33,12.3763,0,0,96518148816
39.5244,25.3008,8.00493,71,68,70,2557,2800,0.476048,33,12.3763,0,0,96543451145
39.6049,25.2494,8.00493,71,68,70,2557,2800,0.476048,33,12.3763,0,0,96568701678
38.1183,26.2341,8.00493,71,68,70,2557,2800,0.476048,33,12.3763,0,0,96594934984
35.5909,28.0971,8.00493,71,68,70,2557,2800,0.476048,33,12.3763,0,0,96623034910
38.8532,25.7379,8.00493,71,68,70,2557,2800,0.476048,33,12.3763,0,0,96648776193
35.9181,27.8411,7.59804,71,75,69,2536,2800,0.476048,45,12.3796,0,0,96676613877
39.8863,25.0712,7.59804,71,75,69,2536,2800,0.476048,45,12.3796,0,0,96701683500
39.2884,25.4528,7.59804,71,75,69,2536,2800,0.476048,45,12.3796,0,0,96727137555
41.1104,24.3247,7.59804,71,75,69,2536,2800,0.476048,45,12.3796,0,0,96751462311
39.7289,25.1706,7.59804,71,75,69,2536,2800,0.476048,45,12.3796,0,0,96776634186
40.6791,24.5826,7.59804,71,75,69,2536,2800,0.476048,45,12.3796,0,0,96801216475
37.9823,26.3281,7.59804,71,75,69,2536,2800,0.476048,45,12.3796,0,0,96827546723
36.5731,27.3425,7.59804,71,75,69,2536,2800,0.476048,45,12.3796,0,0,96854889188
41.8007,23.923,7.59804,71,75,69,2536,2800,0.476048,45,12.3796,0,0,96878812592
37.5855,26.606,7.59804,71,75,69,2536,2800,0.476048,45,12.3796,0,0,96905420140
39.7273,25.1716,7.59804,71,75,69,2536,2800,0.476048,45,12.3796,0,0,96930590502
38.7127,25.8313,7.59804,71,75,69,2536,2800,0.476048,45,12.3796,0,0,96956422004
38.5394,25.9475,7.59804,71,75,69,2536,2800,0.476048,45,12.3796,0,0,96982370666
37.7951,26.4584,7.59804,71,75,69,2536,2800,0.476048,45,12.3796,0,0,97008829204
41.1213,24.3183,7.59804,71,75,69,2536,2800,0.476048,45,12.3796,0,0,97033148149
38.5396,25.9473,7.59804,71,75,69,2536,2800,0.476048,45,12.3796,0,0,97059095689
38.1165,26.2353,7.59804,71,75,69,2536,2800,0.476048,45,12.3796,0,0,97085330527
36.4111,27.4642,7.59804,71,75,69,2536,2800,0.476048,45,12.3796,0,0,97112794441
39.6078,25.2475,7.59804,71,75,69,2536,2800,0.476048,45,12.3796,0,0,97138043210
38.2492,26.1443,7.59804,71,75,69,2536,2800,0.476048,45,12.3796,0,0,97164193961
40.7253,24.5548,8.46626,71,70,70,2562,2800,0.476048,21,12.3746,0,0,97188742427
37.8808,26.3986,8.46626,71,70,70,2562,2800,0.476048,21,12.3746,0,0,97215141503
39.8028,25.1238,8.46626,71,70,70,2562,2800,0.476048,21,12.3746,0,0,97240266801
39.0663,25.5975,8.46626,71,70,70,2562,2800,0.476048,21,12.3746,0,0,97265863803
40.1792,24.8885,8.46626,71,70,70,2562,2800,0.476048,21,12.3746,0,0,97290752487
36.5316,27.3736,8.46626,71,70,70,2562,2800,0.476048,21,12.3746,0,0,97318126993
37.5644,26.621,8.46626,71,70,70,2562,2800,0.476048,21,12.3746,0,0,97344748296
41.3052,24.21,8.46626,71,70,70,2562,2800,0.476048,21,12.3746,0,0,97368959239
39.5285,25.2982,8.46626,71,70,70,2562,2800,0.476048,21,12.3746,0,0,97394257251
38.3712,26.0612,8.46626,71,70,70,2562,2800,0.476048,21,12.3746,0,0,97420319065
33.2033,30.1175,8.46626,71,70,70,2562,2800,0.476048,21,12.3746,0,0,97450437206
36.5009,27.3966,8.46626,71,70,70,2562,2800,0.476048,21,12.3746,0,0,97477834174
39.7887,25.1327,8.46626,71,70,70,2562,2800,0.476048,21,12.3746,0,0,97502967597
40.1298,24.9192,8.46626,71,70,70,2562,2800,0.476048,21,12.3746,0,0,97527887048
36.873,27.1201,8.46626,71,70,70,2562,2800,0.476048,21,12.3746,0,0,97555006977
36.7447,27.2148,8.46626,71,70,70,2562,2800,0.476048,21,12.3746,0,0,97582223296
35.9999,27.7778,8.46626,71,70,70,2562,2800,0.476048,21,12.3746,0,0,97610000386
40.9719,24.407,8.46626,71,70,70,2562,2800,0.476048,21,12.3746,0,0,97634408048
41.0747,24.3459,8.46626,71,70,70,2562,2800,0.476048,21,12.3746,0,0,97658753874
38.1436,26.2167,8.46626,71,70,70,2562,2800,0.476048,21,12.3746,0,0,97684976069
39.382,25.3923,10.7317,71,72,71,2555,2800,0.477997,41,12.3923,0,0,97710363098
38.7057,25.836,10.7317,71,72,71,2555,2800,0.477997,41,12.3923,0,0,97736199910
29.7732,33.5873,10.7317,71,72,71,2555,2800,0.477997,41,12.3923,0,0,97769787787
34.8477,28.6963,10.7317,71,72,71,2555,2800,0.477997,41,12.3923,0,0,97798485094
40.7544,24.5372,10.7317,71,72,71,2555,2800,0.477997,41,12.3923,0,0,97823021978
39.8464,25.0964,10.7317,71,72,71,2555,2800,0.477997,41,12.3923,0,0,97848118692
40.7592,24.5343,10.7317,71,72,71,2555,2800,0.477997,41,12.3923,0,0,97872652390
33.9378,29.4657,10.7317,71,72,71,2555,2800,0.477997,41,12.3923,0,0,97902118889
37.3304,26.7878,10.7317,71,72,71,2555,2800,0.477997,41,12.3923,0,0,97928907867
39.3482,25.4141,10.7317,71,72,71,2555,2800,0.477997,41,12.3923,0,0,97954321215
36.7184,27.2343,10.7317,71,72,71,2555,2800,0.477997,41,12.3923,0,0,97981555828
42.7388,23.3979,10.7317,71,72,71,2555,2800,0.477997,41,12.3923,0,0,98004955229
38.9618,25.6662,10.7317,71,72,71,2555,2800,0.477997,41,12.3923,0,0,98030620860
37.6029,26.5937,10.7317,71,72,71,2555,2800,0.477997,41,12.3923,0,0,98057215443
36.9226,27.0837,10.7317,71,72,71,2555,2800,0.477997,41,12.3923,0,0,98084299434
39.3861,25.3897,10.7317,71,72,71,2555,2800,0.477997,41,12.3923,0,0,98109689769
39.9554,25.0279,10.7317,71,72,71,2555,2800,0.477997,41,12.3923,0,0,98134718355
41.2976,24.2145,10.7317,71,72,71,2555,2800,0.477997,41,12.3923,0,0,98158933566
37.0973,26.9561,10.7317,71,72,71,2555,2800,0.477997,41,12.3923,0,0,98185894316
40.1101,24.9314,8.37563,71,70,71,2550,2800,0.477997,33,12.389,0,0,98210821763
38.0625,26.2726,8.37563,71,70,71,2550,2800,0.477997,33,12.389,0,0,98237093741
39.4753,25.3323,8.37563,71,70,71,2550,2800,0.477997,33,12.389,0,0,98262427520
39.8012,25.1249,8.37563,71,70,71,2550,2800,0.477997,33,12.389,0,0,98287553268
38.6957,25.8427,8.37563,71,70,71,2550,2800,0.477997,33,12.389,0,0,98313396011
35.6798,28.0271,8.37563,71,70,71,2550,2800,0.477997,33,12.389,0,0,98341423432
41.9764,23.8229,8.37563,71,70,71,2550,2800,0.477997,33,12.389,0,0,98365246507
37.4317,26.7153,8.37563,71,70,71,2550,2800,0.477997,33,12.389,0,0,98391962167
41.653,24.0079,8.37563,71,70,71,2550,2800,0.477997,33,12.389,0,0,98415970370
36.8645,27.1264,8.37563,71,70,71,2550,2800,0.477997,33,12.389,0,0,98443098734
41.3071,24.2089,8.37563,71,70,71,2550,2800,0.477997,33,12.389,0,0,98467306662
37.562,26.6227,8.37563,71,70,71,2550,2800,0.477997,33,12.389,0,0,98493929317
39.1066,25.5711,8.37563,71,70,71,2550,2800,0.477997,33,12.389,0,0,98519501804
39.1705,25.5294,8.37563,71,70,71,2550,2800,0.477997,33,12.389,0,0,98545030117
40.324,24.7992,8.37563,71,70,71,2550,2800,0.477997,33,12.389,0,0,98569829744
37.2746,26.8279,8.37563,71,70,71,2550,2800,0.477997,33,12.389,0,0,98596659879
37.2064,26.8771,8.37563,71,70,71,2550,2800,0.477997,33,12.389,0,0,98623535730
40.2442,24.8483,8.37563,71,70,71,2550,2800,0.477997,33,12.389,0,0,98648382786
33.056,30.2517,8.37563,71,70,71,2550,2800,0.477997,33,12.389,0,0,98678636060
42.8324,23.3468,8.37563,71,70,71,2550,2800,0.477997,33,12.389,0,0,98701990086
36.328,27.527,8.57843,71,76,70,2497,2800,0.477997,23,12.3851,0,0,98729511307
37.0662,26.9787,8.57843,71,76,70,2497,2800,0.477997,23,12.3851,0,0,98756490181
40.4158,24.7428,8.57843,71,76,70,2497,2800,0.477997,23,12.3851,0,0,98781233903
41.1546,24.2986,8.57843,71,76,70,2497,2800,0.477997,23,12.3851,0,0,98805532370
38.3539,26.073,8.57843,71,76,70,2497,2800,0.477997,23,12.3851,0,0,98831606026
37.1169,26.9419,8.57843,71,76,70,2497,2800,0.477997,23,12.3851,0,0,98858547760
40.0678,24.9577,8.57843,71,76,70,2497,2800,0.477997,23,12.3851,0,0,98883506826
38.0861,26.2563,8.57843,71,76,70,2497,2800,0.477997,23,12.3851,0,0,98909763355
42.3362,23.6204,8.57843,71,76,70,2497,2800,0.477997,23,12.3851,0,0,98933384492
37.4917,26.6725,8.57843,71,76,70,2497,2800,0.477997,23,12.3851,0,0,98960056701
37.9136,26.3757,8.57843,71,76,70,2497,2800,0.477997,23,12.3851,0,0,98986430831
37.4068,26.7331,8.57843,71,76,70,2497,2800,0.477997,23,12.3851,0,0,99013165086
42.505,23.5266,8.57843,71,76,70,2497,2800,0.477997,23,12.3851,0,0,99036693589
36.5423,27.3655,8.57843,71,76,70,2497,2800,0.477997,23,12.3851,0,0,99064059959
38.2499,26.1439,8.57843,71,76,70,2497,2800,0.477997,23,12.3851,0,0,99090204058
37.682,26.5379,8.57843,71,76,70,2497,2800,0.477997,23,12.3851,0,0,99116742315
38.4845,25.9845,8.57843,71,76,70,2497,2800,0.477997,23,12.3851,0,0,99142727245
43.6925,22.8872,8.57843,71,76,70,2497,2800,0.477997,23,12.3851,0,0,99165614095
36.3791,27.4883,8.57843,71,76,70,2497,2800,0.477997,23,12.3851,0,0,99193103867
37.041,26.9971,8.57843,71,76,70,2497,2800,0.477997,23,12.3851,0,0,99220106455
41.9574,23.8337,7.36196,71,73,71,2535,2800,0.477997,46,12.3818,0,0,99243934350
39.769,25.1452,7.36196,71,73,71,2535,2800,0.477997,46,12.3818,0,0,99269080827
37.5961,26.5985,7.36196,71,73,71,2535,2800,0.477997,46,12.3818,0,0,99295679999
37.4809,26.6803,7.36196,71,73,71,2535,2800,0.477997,46,12.3818,0,0,99322360002
38.0265,26.2975,7.36196,71,73,71,2535,2800,0.477997,46,12.3818,0,0,99348658370
35.789,27.9416,7.36196,71,73,71,2535,2800,0.477997,46,12.3818,0,0,99376600520
39.2956,25.4481,7.36196,71,73,71,2535,2800,0.477997,46,12.3818,0,0,99402049104
36.0767,27.7187,7.36196,71,73,71,2535,2800,0.477997,46,12.3818,0,0,99429766883
30.583,32.6979,7.36196,71,73,71,2535,2800,0.477997,46,12.3818,0,0,99462465323
34.8109,28.7266,7.36196,71,73,71,2535,2800,0.477997,46,12.3818,0,0,99491192666
36.5496,27.3601,7.36196,71,73,71,2535,2800,0.477997,46,12.3818,0,0,99518554087
35.7979,27.9346,7.36196,71,73,71,2535,2800,0.477997,46,12.3818,0,0,99546488432
40.2006,24.8752,7.36196,71,73,71,2535,2800,0.477997,46,12.3818,0,0,99571363661
37.5134,26.6571,7.36196,71,73,71,2535,2800,0.477997,46,12.3818,0,0,99598021503
36.4438,27.4395,7.36196,71,73,71,2535,2800,0.477997,46,12.3818,0,0,99625461932
39.5835,25.263,7.36196,71,73,71,2535,2800,0.477997,46,12.3818,0,0,99650722674
40.0982,24.9388,7.36196,71,73,71,2535,2800,0.477997,46,12.3818,0,0,99675663436
41.2031,24.27,7.36196,71,73,71,2535,2800,0.477997,46,12.3818,0,0,99699933680
36.8427,27.1424,7.36196,71,73,71,2535,2800,0.477997,46,12.3818,0,0,99727079617
41.1397,24.3074,14.1427,71,71,70,2547,2800,0.481438,30,12.3775,0,0,99751384967
38.0934,26.2513,14.1427,71,71,70,2547,2800,0.481438,30,12.3775,0,0,99777635936
39.9077,25.0578,14.1427,71,71,70,2547,2800,0.481438,30,12.3775,0,0,99802693466
39.6553,25.2173,14.1427,71,71,70,2547,2800,0.481438,30,12.3775,0,0,99827912199
38.8268,25.7554,14.1427,71,71,70,2547,2800,0.481438,30,12.3775,0,0,99853667509
37.7535,26.4876,14.1427,71,71,70,2547,2800,0.481438,30,12.3775,0,0,99880155842
36.2063,27.6195,14.1427,71,71,70,2547,2800,0.481438,30,12.3775,0,0,99907775057
40.861,24.4732,14.1427,71,71,70,2547,2800,0.481438,30,12.3775,0,0,99932248643
39.3264,25.4282,14.1427,71,71,70,2547,2800,0.481438,30,12.3775,0,0,99957676007
37.2872,26.8188,14.1427,71,71,70,2547,2800,0.481438,30,12.3775,0,0,99984497726
39.7005,25.1886,14.1427,71,71,70,2547,2800,0.481438,30,12.3775,0,0,100009685831
38.8288,25.7541,14.1427,71,71,70,2547,2800,0.481438,30,12.3775,0,0,100035440109
39.1799,25.5233,14.1427,71,71,70,2547,2800,0.481438,30,12.3775,0,0,100060963623
38.7349,25.8165,14.1427,71,71,70,2547,2800,0.481438,30,12.3775,0,0,100086781219
37.0996,26.9545,14.1427,71,71,70,2547,2800,0.481438,30,12.3775,0,0,100113734605
40.6609,24.5936,14.1427,71,71,70,2547,2800,0.481438,30,12.3775,0,0,100138330109
37.2087,26.8754,14.1427,71,71,70,2547,2800,0.481438,30,12.3775,0,0,100165205840
38.1447,26.2159,14.1427,71,71,70,2547,2800,0.481438,30,12.3775,0,0,100191422133
38.2149,26.1678,14.1427,71,71,70,2547,2800,0.481438,30,12.3775,0,0,100217590036
37.8742,26.4032,14.1427,71,71,70,2547,2800,0.481438,30,12.3775,0,0,100243999041
41.0634,24.3526,9.07975,71,75,71,2551,2800,0.481438,32,12.3793,0,0,100268346641
39.4795,25.3296,9.07975,71,75,71,2551,2800,0.481438,32,12.3793,0,0,100293676061
36.9013,27.0993,9.07975,71,75,71,2551,2800,0.481438,32,12.3793,0,0,100320777725
37.7439,26.4943,9.07975,71,75,71,2551,2800,0.481438,32,12.3793,0,0,100347270748
41.64,24.0153,9.07975,71,75,71,2551,2800,0.481438,32,12.3793,0,0,100371285743
35.3988,28.2495,9.07975,71,75,71,2551,2800,0.481438,32,12.3793,0,0,100399537154
38.5302,25.9537,9.07975,71,75,71,2551,2800,0.481438,32,12.3793,0,0,100425490254
40.9499,24.4201,9.07975,71,75,71,2551,2800,0.481438,32,12.3793,0,0,100449911982
37.2942,26.8138,9.07975,71,75,71,2551,2800,0.481438,32,12.3793,0,0,100476724975
41.3574,24.1795,9.07975,71,75,71,2551,2800,0.481438,32,12.3793,0,0,100500905571
38.3658,26.0649,9.07975,71,75,71,2551,2800,0.481438,32,12.3793,0,0,100526970000
38.7393,25.8136,9.07975,71,75,71,2551,2800,0.481438,32,12.3793,0,0,100552784720
37.4822,26.6794,9.07975,71,75,71,2551,2800,0.481438,32,12.3793,0,0,100579463782
40.3693,24.7713,9.07975,71,75,71,2551,2800,0.481438,32,12.3793,0,0,100604236458
36.5032,27.3949,9.07975,71,75,71,2551,2800,0.481438,32,12.3793,0,0,100631632605
41.582,24.0488,9.07975,71,75,71,2551,2800,0.481438,32,12.3793,0,0,100655680011
33.4356,29.9082,9.07975,71,75,71,2551,2800,0.481438,32,12.3793,0,0,100685588499
38.2849,26.12,9.07975,71,75,71,2551,2800,0.481438,32,12.3793,0,0,100711709724
42.4102,23.5792,9.07975,71,75,71,2551,2800,0.481438,32,12.3793,0,0,100735289493
38.4008,26.0411,9.07975,71,75,71,2551,2800,0.481438,32,12.3793,0,0,100761334806
41.5284,24.0799,7.98526,72,77,70,2512,2800,0.481438,45,12.3767,0,0,100785410686
36.5341,27.3717,7.98526,72,77,70,2512,2800,0.481438,45,12.3767,0,0,100812782637
41.5042,24.0939,7.98526,72,77,70,2512,2800,0.481438,45,12.3767,0,0,100836877122
38.5714,25.9259,7.98526,72,77,70,2512,2800,0.481438,45,12.3767,0,0,100862802229
37.7897,26.4622,7.98526,72,77,70,2512,2800,0.481438,45,12.3767,0,0,100889266518
40.6389,24.607,7.98526,72,77,70,2512,2800,0.481438,45,12.3767,0,0,100913873534
34.1212,29.3073,7.98526,72,77,70,2512,2800,0.481438,45,12.3767,0,0,100943181776
39.8545,25.0913,7.98526,72,77,70,2512,2800,0.481438,45,12.3767,0,0,100968272098
32.6704,30.6088,7.98526,72,77,70,2512,2800,0.481438,45,12.3767,0,0,100998881721
36.9869,27.0366,7.98526,72,77,70,2512,2800,0.481438,45,12.3767,0,0,101025920346
36.0889,27.7094,7.98526,72,77,70,2512,2800,0.481438,45,12.3767,0,0,101053629900
38.3115,26.1018,7.98526,72,77,70,2512,2800,0.481438,45,12.3767,0,0,101079731639
43.9287,22.7642,7.98526,72,77,70,2512,2800,0.481438,45,12.3767,0,0,101102495579
35.6394,28.0588,7.98526,72,77,70,2512,2800,0.481438,45,12.3767,0,0,101130554829
39.3716,25.399,7.98526,72,77,70,2512,2800,0.481438,45,12.3767,0,0,101155954481
37.5057,26.6626,7.98526,72,77,70,2512,2800,0.481438,45,12.3767,0,0,101182618264
36.5726,27.3429,7.98526,72,77,70,2512,2800,0.481438,45,12.3767,0,0,101209960910
42.6988,23.4199,7.98526,72,77,70,2512,2800,0.481438,45,12.3767,0,0,101233380739
37.4836,26.6784,7.98526,72,77,70,2512,2800,0.481438,45,12.3767,0,0,101260060081
39.9266,25.046,7.98526,72,77,70,2512,2800,0.481438,45,12.3767,0,0,101285110428
38.6321,25.8852,7.78589,72,72,71,2547,2800,0.481438,25,12.3775,0,0,101310991604
40.1701,24.8942,7.78589,72,72,71,2547,2800,0.481438,25,12.3775,0,0,101335886649
28.2291,35.4244,7.78589,72,72,71,2547,2800,0.481438,25,12.3775,0,0,101371310039
39.1212,25.5616,7.78589,72,72,71,2547,2800,0.481438,25,12.3775,0,0,101396872878
39.981,25.0119,7.78589,72,72,71,2547,2800,0.481438,25,12.3775,0,0,101421886125
37.9505,26.3501,7.78589,72,72,71,2547,2800,0.481438,25,12.3775,0,0,101448236190
40.5841,24.6402,7.78589,72,72,71,2547,2800,0.481438,25,12.3775,0,0,101472878812
37.8111,26.4473,7.78589,72,72,71,2547,2800,0.481438,25,12.3775,0,0,101499324667
37.8803,26.3989,7.78589,72,72,71,2547,2800,0.481438,25,12.3775,0,0,101525724585
41.1339,24.3109,7.78589,72,72,71,2547,2800,0.481438,25,12.3775,0,0,101550034794
36.7954,27.1773,7.78589,72,72,71,2547,2800,0.481438,25,12.3775,0,0,101577213152
39.5796,25.2656,7.78589,72,72,71,2547,2800,0.481438,25,12.3775,0,0,101602478853
37.6638,26.5507,7.78589,72,72,71,2547,2800,0.481438,25,12.3775,0,0,101629029604
40.0582,24.9637,7.78589,72,72,71,2547,2800,0.481438,25,12.3775,0,0,101653993629
40.746,24.5423,7.78589,72,72,71,2547,2800,0.481438,25,12.3775,0,0,101678537005
41.2357,24.2508,7.78589,72,72,71,2547,2800,0.481438,25,12.3775,0,0,101702788264
35.1682,28.4347,7.78589,72,72,71,2547,2800,0.481438,25,12.3775,0,0,101731222727
41.0735,24.3466,7.78589,72,72,71,2547,2800,0.481438,25,12.3775,0,0,101755569355
37.0885,26.9626,7.78589,72,72,71,2547,2800,0.481438,25,12.3775,0,0,101782533140
35.8631,27.8838,7.78589,72,72,71,2547,2800,0.481438,25,12.3775,0,0,101810422291
42.6751,23.4328,10.6409,71,73,71,2533,2800,0.481438,33,12.3875,0,0,101833851107
38.3383,26.0836,10.6409,71,73,71,2533,2800,0.481438,33,12.3875,0,0,101859933079
39.9307,25.0434,10.6409,71,73,71,2533,2800,0.481438,33,12.3875,0,0,101884978567
37.7005,26.5248,10.6409,71,73,71,2533,2800,0.481438,33,12.3875,0,0,101911503840
42.3845,23.5935,10.6409,71,73,71,2533,2800,0.481438,33,12.3875,0,0,101935097656
33.5981,29.7636,10.6409,71,73,71,2533,2800,0.481438,33,12.3875,0,0,101964861092
41.1718,24.2885,10.6409,71,73,71,2533,2800,0.481438,33,12.3875,0,0,101989151063
38.2488,26.1446,10.6409,71,73,71,2533,2800,0.481438,33,12.3875,0,0,102015295702
27.842,35.917,10.6409,71,73,71,2533,2800,0.481438,33,12.3875,0,0,102051211556
37.4197,26.7239,10.6409,71,73,71,2533,2800,0.481438,33,12.3875,0,0,102077937996
36.2547,27.5826,10.6409,71,73,71,2533,2800,0.481438,33,12.3875,0,0,102105519580
37.2057,26.8776,10.6409,71,73,71,2533,2800,0.481438,33,12.3875,0,0,102132398486
40.038,24.9763,10.6409,71,73,71,2533,2800,0.481438,33,12.3875,0,0,102157373713
38.8795,25.7205,10.6409,71,73,71,2533,2800,0.481438,33,12.3875,0,0,102183096210
37.2643,26.8353,10.6409,71,73,71,2533,2800,0.481438,33,12.3875,0,0,102209932427
40.315,24.8047,10.6409,71,73,71,2533,2800,0.481438,33,12.3875,0,0,102234735971
38.6456,25.8762,10.6409,71,73,71,2533,2800,0.481438,33,12.3875,0,0,102260613008
38.6938,25.8439,10.6409,71,73,71,2533,2800,0.481438,33,12.3875,0,0,102286457765
35.6106,28.0816,10.6409,71,73,71,2533,2800,0.481438,33,12.3875,0,0,102314543665
41.9669,23.8283,8.28105,71,74,69,2343,2800,0.478001,48,12.3872,0,0,102338368043
37.8318,26.4328,8.28105,71,74,69,2343,2800,0.478001,48,12.3872,0,0,102364801584
38.411,26.0342,8.28105,71,74,69,2343,2800,0.478001,48,12.3872,0,0,102390835446
38.4216,26.027,8.28105,71,74,69,2343,2800,0.478001,48,12.3872,0,0,102416863006
36.5757,27.3406,8.28105,71,74,69,2343,2800,0.478001,48,12.3872,0,0,102444204289
41.2532,24.2405,8.28105,71,74,69,2343,2800,0.478001,48,12.3872,0,0,102468443836
34.897,28.6558,8.28105,71,74,69,2343,2800,0.478001,48,12.3872,0,0,102497100626
39.9781,25.0137,8.28105,71,74,69,2343,2800,0.478001,48,12.3872,0,0,102522114545
35.7141,28.0001,8.28105,71,74,69,2343,2800,0.478001,48,12.3872,0,0,102550115055
35.2311,28.384,8.28105,71,74,69,2343,2800,0.478001,48,12.3872,0,0,102578500546
37.9676,26.3382,8.28105,71,74,69,2343,2800,0.478001,48,12.3872,0,0,102604838428
37.4216,26.7225,8.28105,71,74,69,2343,2800,0.478001,48,12.3872,0,0,102631560801
39.2749,25.4615,8.28105,71,74,69,2343,2800,0.478001,48,12.3872,0,0,102657022810
36.1085,27.6943,8.28105,71,74,69,2343,2800,0.478001,48,12.3872,0,0,102684717406
30.5401,32.7439,8.28105,71,74,69,2343,2800,0.478001,48,12.3872,0,0,102717462703
30.7489,32.5215,8.28105,71,74,69,2343,2800,0.478001,48,12.3872,0,0,102749985674
36.735,27.222,8.28105,71,74,69,2343,2800,0.478001,48,12.3872,0,0,102777204979
40.07,24.9563,8.28105,71,74,69,2343,2800,0.478001,48,12.3872,0,0,102802163434
37.3201,26.7952,8.28105,71,74,69,2343,2800,0.478001,48,12.3872,0,0,102828962149
35.1621,28.4397,16.0539,70,76,70,2133,2800,0.478001,42,12.387,0,0,102857396753
38.671,25.8591,16.0539,70,76,70,2133,2800,0.478001,42,12.387,0,0,102883257550
37.0717,26.9747,16.0539,70,76,70,2133,2800,0.478001,42,12.387,0,0,102910233739
40.2098,24.8696,16.0539,70,76,70,2133,2800,0.478001,42,12.387,0,0,102935102946
39.2402,25.4841,16.0539,70,76,70,2133,2800,0.478001,42,12.387,0,0,102960586967
38.946,25.6766,16.0539,70,76,70,2133,2800,0.478001,42,12.387,0,0,102986264570
36.8834,27.1124,16.0539,70,76,70,2133,2800,0.478001,42,12.387,0,0,103013377025
42.0503,23.781,16.0539,70,76,70,2133,2800,0.478001,42,12.387,0,0,103037159755
34.0217,29.393,16.0539,70,76,70,2133,2800,0.478001,42,12.387,0,0,103066552736
39.5079,25.3114,16.0539,70,76,70,2133,2800,0.478001,42,12.387,0,0,103091864573
36.1988,27.6252,16.0539,70,76,70,2133,2800,0.478001,42,12.387,0,0,103119489749
39.5319,25.296,16.0539,70,76,70,2133,2800,0.478001,42,12.387,0,0,103144787500
38.4285,26.0223,16.0539,70,76,70,2133,2800,0.478001,42,12.387,0,0,103170809419
37.9968,26.318,16.0539,70,76,70,2133,2800,0.478001,42,12.387,0,0,103197126492
37.5313,26.6444,16.0539,70,76,70,2133,2800,0.478001,42,12.387,0,0,103223771570
36.1526,27.6605,16.0539,70,76,70,2133,2800,0.478001,42,12.387,0,0,103251433635
38.8342,25.7505,16.0539,70,76,70,2133,2800,0.478001,42,12.387,0,0,103277183213
38.7416,25.812,16.0539,70,76,70,2133,2800,0.478001,42,12.387,0,0,103302996551
36.209,27.6175,16.0539,70,76,70,2133,2800,0.478001,42,12.387,0,0,103330617880
37.853,26.418,8.89724,70,72,71,2570,2800,0.478001,26,12.3863,0,0,103357033066
39.7837,25.1359,8.89724,70,72,71,2570,2800,0.478001,26,12.3863,0,0,103382168693
34.0181,29.3961,8.89724,70,72,71,2570,2800,0.478001,26,12.3863,0,0,103411567044
39.1086,25.5698,8.89724,70,72,71,2570,2800,0.478001,26,12.3863,0,0,103437134802
33.9355,29.4677,8.89724,70,72,71,2570,2800,0.478001,26,12.3863,0,0,103466603285
34.6689,28.8443,8.89724,70,72,71,2570,2800,0.478001,26,12.3863,0,0,103495448558
36.3912,27.4792,8.89724,70,72,71,2570,2800,0.478001,26,12.3863,0,0,103522927610
34.9827,28.5855,8.89724,70,72,71,2570,2800,0.478001,26,12.3863,0,0,103551512335
34.2986,29.1557,8.89724,70,72,71,2570,2800,0.478001,26,12.3863,0,0,103580669544
33.7806,29.6028,8.89724,70,72,71,2570,2800,0.478001,26,12.3863,0,0,103610273170
35.3364,28.2994,8.89724,70,72,71,2570,2800,0.478001,26,12.3863,0,0,103638571739
33.9654,29.4417,8.89724,70,72,71,2570,2800,0.478001,26,12.3863,0,0,103668014473
33.2738,30.0537,8.89724,70,72,71,2570,2800,0.478001,26,12.3863,0,0,103698069526
33.9641,29.4428,8.89724,70,72,71,2570,2800,0.478001,26,12.3863,0,0,103727511609
34.4526,29.0254,8.89724,70,72,71,2570,2800,0.478001,26,12.3863,0,0,103756536840
35.2277,28.3868,8.89724,70,72,71,2570,2800,0.478001,26,12.3863,0,0,103784924466
33.074,30.2352,8.89724,70,72,71,2570,2800,0.478001,26,12.3863,0,0,103815161569
35.5485,28.1306,8.89724,70,72,71,2570,2800,0.478001,26,12.3863,0,0,103843296631
38.5597,25.9338,12.0541,70,74,72,2542,2800,0.478001,32,12.3841,0,0,103869226067
35.5682,28.115,12.0541,70,74,72,2542,2800,0.478001,32,12.3841,0,0,103897340691
34.9239,28.6337,12.0541,70,74,72,2542,2800,0.478001,32,12.3841,0,0,103925975901
37.9254,26.3675,12.0541,70,74,72,2542,2800,0.478001,32,12.3841,0,0,103952343348
35.048,28.5323,12.0541,70,74,72,2542,2800,0.478001,32,12.3841,0,0,103980875645
39.0181,25.6291,12.0541,70,74,72,2542,2800,0.478001,32,12.3841,0,0,104006505909
34.2423,29.2036,12.0541,70,74,72,2542,2800,0.478001,32,12.3841,0,0,104035709465
33.1107,30.2017,12.0541,70,74,72,2542,2800,0.478001,32,12.3841,0,0,104065911363
32.4414,30.8248,12.0541,70,74,72,2542,2800,0.478001,32,12.3841,0,0,104096736690
31.438,31.8086,12.0541,70,74,72,2542,2800,0.478001,32,12.3841,0,0,104128545051
31.3338,31.9144,12.0541,70,74,72,2542,2800,0.478001,32,12.3841,0,0,104160459420
31.0698,32.1856,12.0541,70,74,72,2542,2800,0.478001,32,12.3841,0,0,104192646761
31.9523,31.2967,12.0541,70,74,72,2542,2800,0.478001,32,12.3841,0,0,104223944274
27.8859,35.8604,12.0541,70,74,72,2542,2800,0.478001,32,12.3841,0,0,104259802289
32.0192,31.2313,12.0541,70,74,72,2542,2800,0.478001,32,12.3841,0,0,104291036593
30.4622,32.8276,12.0541,70,74,72,2542,2800,0.478001,32,12.3841,0,0,104323864165
29.5816,33.8048,12.0541,70,74,72,2542,2800,0.478001,32,12.3841,0,0,104357670362
30.8678,32.3962,8.52905,71,72,69,1988,2800,0.478001,36,12.384,0,0,104390064040
31.2155,32.0353,8.52905,71,72,69,1988,2800,0.478001,36,12.384,0,0,104422101590
30.3891,32.9066,8.52905,71,72,69,1988,2800,0.478001,36,12.384,0,0,104455007359
29.3357,34.0881,8.52905,71,72,69,1988,2800,0.478001,36,12.384,0,0,104489094633
29.5614,33.8279,8.52905,71,72,69,1988,2800,0.478001,36,12.384,0,0,104522924294
29.849,33.5019,8.52905,71,72,69,1988,2800,0.478001,36,12.384,0,0,104556426291
29.8576,33.4923,8.52905,71,72,69,1988,2800,0.478001,36,12.384,0,0,104589919481
29.0224,34.4561,8.52905,71,72,69,1988,2800,0.478001,36,12.384,0,0,104624374144
28.1677,35.5017,8.52905,71,72,69,1988,2800,0.478001,36,12.384,0,0,104659876723
27.6778,36.1301,8.52905,71,72,69,1988,2800,0.478001,36,12.384,0,0,104696009002
28.8319,34.6838,8.52905,71,72,69,1988,2800,0.478001,36,12.384,0,0,104730691643
28.3687,35.2501,8.52905,71,72,69,1988,2800,0.478001,36,12.384,0,0,104765941757
28.6204,34.9401,8.52905,71,72,69,1988,2800,0.478001,36,12.384,0,0,104800883173
27.2248,36.7312,8.52905,71,72,69,1988,2800,0.478001,36,12.384,0,0,104837614486
26.8086,37.3015,8.52905,71,72,69,1988,2800,0.478001,36,12.384,0,0,104874917541
27.0956,36.9063,8.47666,71,76,68,1318,2800,0.478001,36,12.379,0,0,104911821287
28.3794,35.2368,8.47666,71,76,68,1318,2800,0.478001,36,12.379,0,0,104947059950
28.8857,34.6192,8.47666,71,76,68,1318,2800,0.478001,36,12.379,0,0,104981678300
29.3225,34.1036,8.47666,71,76,68,1318,2800,0.478001,36,12.379,0,0,105015782506
24.4983,40.8191,8.47666,71,76,68,1318,2800,0.478001,36,12.379,0,0,105056601024
25.258,39.5914,8.47666,71,76,68,1318,2800,0.478001,36,12.379,0,0,105096192660
28.9789,34.5078,8.47666,71,76,68,1318,2800,0.478001,36,12.379,0,0,105130702908
28.7852,34.7401,8.47666,71,76,68,1318,2800,0.478001,36,12.379,0,0,105165441013
27.9042,35.8369,8.47666,71,76,68,1318,2800,0.478001,36,12.379,0,0,105201280984
27.5142,36.3449,8.47666,71,76,68,1318,2800,0.478001,36,12.379,0,0,105237624108
29.6955,33.6751,8.47666,71,76,68,1318,2800,0.478001,36,12.379,0,0,105271298689
30.9694,32.29,8.47666,71,76,68,1318,2800,0.478001,36,12.379,0,0,105303591478
30.2485,33.0595,8.47666,71,76,68,1318,2800,0.478001,36,12.379,0,0,105336649141
28.7074,34.8343,8.47666,71,76,68,1318,2800,0.478001,36,12.379,0,0,105371485420
30.2098,33.1019,8.47666,71,76,68,1318,2800,0.478001,36,12.379,0,0,105404589420
17.607,56.7958,8.93921,69,74,68,1415,2800,0.478001,23,12.3795,0,0,105461383977
21.7448,45.988,8.93921,69,74,68,1415,2800,0.478001,23,12.3795,0,0,105507372410
22.2984,44.8463,8.93921,69,74,68,1415,2800,0.478001,23,12.3795,0,0,105552217108
23.3999,42.7352,8.93921,69,74,68,1415,2800,0.478001,23,12.3795,0,0,105594953442
25.2519,39.6009,8.93921,69,74,68,1415,2800,0.478001,23,12.3795,0,0,105634553905
27.1612,36.8172,8.93921,69,74,68,1415,2800,0.478001,23,12.3795,0,0,105671372902
26.8403,37.2573,8.93921,69,74,68,1415,2800,0.478001,23,12.3795,0,0,105708628848
26.4563,37.7982,8.93921,69,74,68,1415,2800,0.478001,23,12.3795,0,0,105746426901
28.1071,35.5782,8.93921,69,74,68,1415,2800,0.478001,23,12.3795,0,0,105782005302
29.0739,34.3951,8.93921,69,74,68,1415,2800,0.478001,23,12.3795,0,0,105816400914
29.899,33.4459,8.93921,69,74,68,1415,2800,0.478001,23,12.3795,0,0,105849846916
29.8128,33.5426,8.93921,69,74,68,1415,2800,0.478001,23,12.3795,0,0,105883389318
29.4998,33.8985,8.93921,69,74,68,1415,2800,0.478001,23,12.3795,0,0,105917292187
27.629,36.1938,10.8776,69,74,68,1400,2800,0.478001,26,12.3757,0,0,105953482695
26.732,37.4084,10.8776,69,74,68,1400,2800,0.478001,26,12.3757,0,0,105990890567
27.7243,36.0694,10.8776,69,74,68,1400,2800,0.478001,26,12.3757,0,0,106026960299
17.9789,55.6209,10.8776,69,74,68,1400,2800,0.478001,26,12.3757,0,0,106082582287
20.0818,49.7963,10.8776,69,74,68,1400,2800,0.478001,26,12.3757,0,0,106132379152
20.2612,49.3553,10.8776,69,74,68,1400,2800,0.478001,26,12.3757,0,0,106181733587
24.1765,41.3625,10.8776,69,74,68,1400,2800,0.478001,26,12.3757,0,0,106223096916
16.1392,61.961,10.8776,69,74,68,1400,2800,0.478001,26,12.3757,0,0,106285058503
21.6594,46.1694,10.8776,69,74,68,1400,2800,0.478001,26,12.3757,0,0,106331226943
23.0087,43.4618,10.8776,69,74,68,1400,2800,0.478001,26,12.3757,0,0,106374689238
24.9732,40.043,10.8776,69,74,68,1400,2800,0.478001,26,12.3757,0,0,106414732893
26.9957,37.0429,10.8776,69,74,68,1400,2800,0.478001,26,12.3757,0,0,106451784165
27.5863,36.2499,8.27423,68,72,67,1027,2800,0.476048,21,12.3757,0,0,106488026791
27.0685,36.9434,8.27423,68,72,67,1027,2800,0.476048,21,12.3757,0,0,106524969090
25.7648,38.8126,8.27423,68,72,67,1027,2800,0.476048,21,12.3757,0,0,106563783308
19.3791,51.6019,8.27423,68,72,67,1027,2800,0.476048,21,12.3757,0,0,106615385649
29.8205,33.5339,8.27423,68,72,67,1027,2800,0.476048,21,12.3757,0,0,106648918934
27.0476,36.9719,8.27423,68,72,67,1027,2800,0.476048,21,12.3757,0,0,106685890617
21.7342,46.0105,8.27423,68,72,67,1027,2800,0.476048,21,12.3757,0,0,106731901743
32.8506,30.4408,8.27423,68,72,67,1027,2800,0.476048,21,12.3757,0,0,106762342959
30.5376,32.7465,8.27423,68,72,67,1027,2800,0.476048,21,12.3757,0,0,106795090211
34.0331,29.3831,8.27423,68,72,67,1027,2800,0.476048,21,12.3757,0,0,106824472652
34.7776,28.7542,8.27423,68,72,67,1027,2800,0.476048,21,12.3757,0,0,106853228728
36.4868,27.4072,8.27423,68,72,67,1027,2800,0.476048,21,12.3757,0,0,106880635074
35.9497,27.8166,8.27423,68,72,67,1027,2800,0.476048,21,12.3757,0,0,106908451218
39.6271,25.2353,8.27423,68,72,67,1027,2800,0.476048,21,12.3757,0,0,106933688235
35.6704,28.0345,8.27423,68,72,67,1027,2800,0.476048,21,12.3757,0,0,106961730222
36.8223,27.1575,7.79703,69,73,66,1258,2800,0.476048,18,12.3765,0,0,106988881660
37.2593,26.839,7.79703,69,73,66,1258,2800,0.476048,18,12.3765,0,0,107015720761
33.0726,30.2365,7.79703,69,73,66,1258,2800,0.476048,18,12.3765,0,0,107045957545
39.3573,25.4082,7.79703,69,73,66,1258,2800,0.476048,18,12.3765,0,0,107071367055
39.6264,25.2357,7.79703,69,73,66,1258,2800,0.476048,18,12.3765,0,0,107096601969
38.7657,25.796,7.79703,69,73,66,1258,2800,0.476048,18,12.3765,0,0,107122398696
40.1131,24.9295,7.79703,69,73,66,1258,2800,0.476048,18,12.3765,0,0,107147329088
43.57,22.9516,7.79703,69,73,66,1258,2800,0.476048,18,12.3765,0,0,107170279387
36.45,27.4348,7.79703,69,73,66,1258,2800,0.476048,18,12.3765,0,0,107197715568
38.4577,26.0026,7.79703,69,73,66,1258,2800,0.476048,18,12.3765,0,0,107223719514
38.681,25.8525,7.79703,69,73,66,1258,2800,0.476048,18,12.3765,0,0,107249571714
38.9432,25.6784,7.79703,69,73,66,1258,2800,0.476048,18,12.3765,0,0,107275250450
37.8846,26.396,7.79703,69,73,66,1258,2800,0.476048,18,12.3765,0,0,107301647393
39.5559,25.2807,7.79703,69,73,66,1258,2800,0.476048,18,12.3765,0,0,107326927901
36.3203,27.5328,7.79703,69,73,66,1258,2800,0.476048,18,12.3765,0,0,107354460574
35.0464,28.5336,7.79703,69,73,66,1258,2800,0.476048,18,12.3765,0,0,107382992941
34.492,28.9923,7.79703,69,73,66,1258,2800,0.476048,18,12.3765,0,0,107411987625
30.4102,32.8837,7.79703,69,73,66,1258,2800,0.476048,18,12.3765,0,0,107444870701
28.0265,35.6805,7.79703,69,73,66,1258,2800,0.476048,18,12.3765,0,0,107480554980
30.9509,32.3093,8.75912,69,70,65,1244,2800,0.476048,25,12.3751,0,0,107512861264
30.5315,32.7531,8.75912,69,70,65,1244,2800,0.476048,25,12.3751,0,0,107545614466
28.4892,35.101,8.75912,69,70,65,1244,2800,0.476048,25,12.3751,0,0,107580716834
29.0109,34.4698,8.75912,69,70,65,1244,2800,0.476048,25,12.3751,0,0,107615184732
29.8982,33.4468,8.75912,69,70,65,1244,2800,0.476048,25,12.3751,0,0,107648633599
29.7405,33.6241,8.75912,69,70,65,1244,2800,0.476048,25,12.3751,0,0,107682257394
29.8625,33.4868,8.75912,69,70,65,1244,2800,0.476048,25,12.3751,0,0,107715745876
25.23,39.6353,8.75912,69,70,65,1244,2800,0.476048,25,12.3751,0,0,107755381655
28.752,34.7802,8.75912,69,70,65,1244,2800,0.476048,25,12.3751,0,0,107790159785
30.5422,32.7416,8.75912,69,70,65,1244,2800,0.476048,25,12.3751,0,0,107822901806
26.6593,37.5104,8.75912,69,70,65,1244,2800,0.476048,25,12.3751,0,0,107860412370
27.8095,35.9589,8.75912,69,70,65,1244,2800,0.476048,25,12.3751,0,0,107896373519
28.7815,34.7445,8.75912,69,70,65,1244,2800,0.476048,25,12.3751,0,0,107931117595
28.8496,34.6625,8.75912,69,70,65,1244,2800,0.476048,25,12.3751,0,0,107965781861
28.8168,34.702,8.75912,69,70,65,1244,2800,0.476048,25,12.3751,0,0,108000488066
26.5646,37.6441,10.1695,69,69,67,1180,2800,0.476048,21,12.3902,0,0,108038127241
28.8897,34.6145,10.1695,69,69,67,1180,2800,0.476048,21,12.3902,0,0,108072742265
29.8508,33.4999,10.1695,69,69,67,1180,2800,0.476048,21,12.3902,0,0,108106241606
27.8297,35.9328,10.1695,69,69,67,1180,2800,0.476048,21,12.3902,0,0,108142174662
28.5572,35.0175,10.1695,69,69,67,1180,2800,0.476048,21,12.3902,0,0,108177193433
28.0983,35.5893,10.1695,69,69,67,1180,2800,0.476048,21,12.3902,0,0,108212782444
29.4095,34.0027,10.1695,69,69,67,1180,2800,0.476048,21,12.3902,0,0,108246785039
29.2435,34.1956,10.1695,69,69,67,1180,2800,0.476048,21,12.3902,0,0,108280981618
29.8685,33.48,10.1695,69,69,67,1180,2800,0.476048,21,12.3902,0,0,108314463166
28.6846,34.862,10.1695,69,69,67,1180,2800,0.476048,21,12.3902,0,0,108349323150
29.287,34.1448,10.1695,69,69,67,1180,2800,0.476048,21,12.3902,0,0,108383468663
30.5605,32.722,10.1695,69,69,67,1180,2800,0.476048,21,12.3902,0,0,108416192961
31.3103,31.9384,10.1695,69,69,67,1180,2800,0.476048,21,12.3902,0,0,108448129282
32.352,30.91,10.1695,69,69,67,1180,2800,0.476048,21,12.3902,0,0,108479039969
30.0099,33.3224,10.1695,69,69,67,1180,2800,0.476048,21,12.3902,0,0,108512370003
30.6242,32.6539,8.51852,69,75,67,1351,2800,0.476048,24,12.3904,0,0,108545016636
31.3908,31.8565,8.51852,69,75,67,1351,2800,0.476048,24,12.3904,0,0,108576875571
30.6427,32.6342,8.51852,69,75,67,1351,2800,0.476048,24,12.3904,0,0,108609508177
29.0392,34.4362,8.51852,69,75,67,1351,2800,0.476048,24,12.3904,0,0,108643944797
29.995,33.3389,8.51852,69,75,67,1351,2800,0.476048,24,12.3904,0,0,108677283918
29.4941,33.9051,8.51852,69,75,67,1351,2800,0.476048,24,12.3904,0,0,108711190163
29.5835,33.8026,8.51852,69,75,67,1351,2800,0.476048,24,12.3904,0,0,108744994647
28.2524,35.3952,8.51852,69,75,67,1351,2800,0.476048,24,12.3904,0,0,108780388060
30.0054,33.3273,8.51852,69,75,67,1351,2800,0.476048,24,12.3904,0,0,108813717634
29.4045,34.0083,8.51852,69,75,67,1351,2800,0.476048,24,12.3904,0,0,108847724317
29.1387,34.3186,8.51852,69,75,67,1351,2800,0.476048,24,12.3904,0,0,108882043185
28.9841,34.5016,8.51852,69,75,67,1351,2800,0.476048,24,12.3904,0,0,108916545949
28.7386,34.7964,8.51852,69,75,67,1351,2800,0.476048,24,12.3904,0,0,108951341962
27.9779,35.7425,8.51852,69,75,67,1351,2800,0.476048,24,12.3904,0,0,108987084260
27.0995,36.9011,8.51852,69,75,67,1351,2800,0.476048,24,12.3904,0,0,109023991923
24.1434,41.4191,9.16976,69,72,66,1215,2800,0.476048,23,12.3782,0,0,109065405627
16.8602,59.3112,9.16976,69,72,66,1215,2800,0.476048,23,12.3782,0,0,109124717004
23.2176,43.0708,9.16976,69,72,66,1215,2800,0.476048,23,12.3782,0,0,109167789849
23.4875,42.5758,9.16976,69,72,66,1215,2800,0.476048,23,12.3782,0,0,109210363858
25.7729,38.8005,9.16976,69,72,66,1215,2800,0.476048,23,12.3782,0,0,109249164021
25.0821,39.8691,9.16976,69,72,66,1215,2800,0.476048,23,12.3782,0,0,109289034370
25.232,39.6323,9.16976,69,72,66,1215,2800,0.476048,23,12.3782,0,0,109328666853
27.0108,37.0222,9.16976,69,72,66,1215,2800,0.476048,23,12.3782,0,0,109365688671
24.5667,40.7055,9.16976,69,72,66,1215,2800,0.476048,23,12.3782,0,0,109406397172
22.9056,43.6575,9.16976,69,72,66,1215,2800,0.476048,23,12.3782,0,0,109450051848
20.4088,48.9985,9.16976,69,72,66,1215,2800,0.476048,23,12.3782,0,0,109499050555
22.3041,44.8348,9.16976,69,72,66,1215,2800,0.476048,23,12.3782,0,0,109543888731
23.2516,43.0078,11.2332,69,72,65,800,2800,0.479485,21,12.3849,0,0,109586893999
24.2783,41.1891,11.2332,69,72,65,800,2800,0.479485,21,12.3849,0,0,109628082771
24.4758,40.8566,11.2332,69,72,65,800,2800,0.479485,21,12.3849,0,0,109668941283
26.7947,37.3208,11.2332,69,72,65,800,2800,0.479485,21,12.3849,0,0,109706260669
26.7906,37.3265,11.2332,69,72,65,800,2800,0.479485,21,12.3849,0,0,109743587428
25.9795,38.4919,11.2332,69,72,65,800,2800,0.479485,21,12.3849,0,0,109782079372
25.7214,38.8781,11.2332,69,72,65,800,2800,0.479485,21,12.3849,0,0,109820958803
27.1989,36.7662,11.2332,69,72,65,800,2800,0.479485,21,12.3849,0,0,109857726394
27.9971,35.7179,11.2332,69,72,65,800,2800,0.479485,21,12.3849,0,0,109893442803
27.4825,36.3869,11.2332,69,72,65,800,2800,0.479485,21,12.3849,0,0,109929830361
27.8565,35.8983,11.2332,69,72,65,800,2800,0.479485,21,12.3849,0,0,109965728261
25.9891,38.4777,11.2332,69,72,65,800,2800,0.479485,21,12.3849,0,0,110004206059
24.8558,40.2321,11.2332,69,72,65,800,2800,0.479485,21,12.3849,0,0,110044441623
25.6147,39.0401,10.2922,69,73,67,1087,2800,0.479485,22,12.3855,0,0,110083478589
25.1529,39.7568,10.2922,69,73,67,1087,2800,0.479485,22,12.3855,0,0,110123235586
26.0663,38.3637,10.2922,69,73,67,1087,2800,0.479485,22,12.3855,0,0,110161599290
25.6896,38.9263,10.2922,69,73,67,1087,2800,0.479485,22,12.3855,0,0,110200525839
26.8461,37.2493,10.2922,69,73,67,1087,2800,0.479485,22,12.3855,0,0,110237775414
26.1007,38.3131,10.2922,69,73,67,1087,2800,0.479485,22,12.3855,0,0,110276088693
24.8342,40.267,10.2922,69,73,67,1087,2800,0.479485,22,12.3855,0,0,110316355927
26.1902,38.1822,10.2922,69,73,67,1087,2800,0.479485,22,12.3855,0,0,110354537800
24.5971,40.6552,10.2922,69,73,67,1087,2800,0.479485,22,12.3855,0,0,110395193472
25.931,38.5638,10.2922,69,73,67,1087,2800,0.479485,22,12.3855,0,0,110433757491
25.2036,39.6769,10.2922,69,73,67,1087,2800,0.479485,22,12.3855,0,0,110473434398
23.4505,42.6431,10.2922,69,73,67,1087,2800,0.479485,22,12.3855,0,0,110516078458
26.8753,37.2089,10.2922,69,73,67,1087,2800,0.479485,22,12.3855,0,0,110553291184
29.2279,34.2139,9.29368,69,75,66,977,2800,0.479485,23,12.3819,0,0,110587502280
31.3464,31.9016,9.29368,69,75,66,977,2800,0.479485,23,12.3819,0,0,110619404707
31.9366,31.312,9.29368,69,75,66,977,2800,0.479485,23,12.3819,0,0,110650717378
33.0206,30.2841,9.29368,69,75,66,977,2800,0.479485,23,12.3819,0,0,110681001200
32.4244,30.841,9.29368,69,75,66,977,2800,0.479485,23,12.3819,0,0,110711843248
40.2556,24.8413,9.29368,69,75,66,977,2800,0.479485,23,12.3819,0,0,110736685154
37.9839,26.327,9.29368,69,75,66,977,2800,0.479485,23,12.3819,0,0,110763011835
40.1688,24.8949,9.29368,69,75,66,977,2800,0.479485,23,12.3819,0,0,110787907292
35.7819,27.9471,9.29368,69,75,66,977,2800,0.479485,23,12.3819,0,0,110815854201
40.2333,24.855,9.29368,69,75,66,977,2800,0.479485,23,12.3819,0,0,110840709252
38.6775,25.8548,9.29368,69,75,66,977,2800,0.479485,23,12.3819,0,0,110866564909
42.3747,23.599,9.29368,69,75,66,977,2800,0.479485,23,12.3819,0,0,110890163985
35.6261,28.0693,9.29368,69,75,66,977,2800,0.479485,23,12.3819,0,0,110918235508
35.3326,28.3025,9.29368,69,75,66,977,2800,0.479485,23,12.3819,0,0,110946536811
37.5953,26.5991,9.29368,69,75,66,977,2800,0.479485,23,12.3819,0,0,110973136875
40.3256,24.7981,9.29368,69,75,66,977,2800,0.479485,23,12.3819,0,0,110997935540
40.1832,24.886,9.29368,69,75,66,977,2800,0.479485,23,12.3819,0,0,111022820487
36.2095,27.617,9.29368,69,75,66,977,2800,0.479485,23,12.3819,0,0,111050440213
39.9619,25.0239,9.29368,69,75,66,977,2800,0.479485,23,12.3819,0,0,111075468448
42.054,23.7789,8.68516,69,72,67,1766,2800,0.479485,22,12.3709,0,0,111099240859
38.418,26.0295,8.68516,69,72,67,1766,2800,0.479485,22,12.3709,0,0,111125272236
40.8623,24.4725,8.68516,69,72,67,1766,2800,0.479485,22,12.3709,0,0,111149744038
39.4252,25.3645,8.68516,69,72,67,1766,2800,0.479485,22,12.3709,0,0,111175108003
41.6864,23.9886,8.68516,69,72,67,1766,2800,0.479485,22,12.3709,0,0,111199098212
36.9721,27.0474,8.68516,69,72,67,1766,2800,0.479485,22,12.3709,0,0,111226146957
39.2788,25.459,8.68516,69,72,67,1766,2800,0.479485,22,12.3709,0,0,111251603656
37.6953,26.5285,8.68516,69,72,67,1766,2800,0.479485,22,12.3709,0,0,111278133538
42.8187,23.3543,8.68516,69,72,67,1766,2800,0.479485,22,12.3709,0,0,111301489107
37.6217,26.5804,8.68516,69,72,67,1766,2800,0.479485,22,12.3709,0,0,111328068882
38.3886,26.0494,8.68516,69,72,67,1766,2800,0.479485,22,12.3709,0,0,111354118744
38.5042,25.9712,8.68516,69,72,67,1766,2800,0.479485,22,12.3709,0,0,111380089107
36.917,27.0878,8.68516,69,72,67,1766,2800,0.479485,22,12.3709,0,0,111407178077
40.8775,24.4633,8.68516,69,72,67,1766,2800,0.479485,22,12.3709,0,0,111431640431
36.6508,27.2845,8.68516,69,72,67,1766,2800,0.479485,22,12.3709,0,0,111458925179
40.6992,24.5705,8.68516,69,72,67,1766,2800,0.479485,22,12.3709,0,0,111483496708
37.2535,26.8431,8.68516,69,72,67,1766,2800,0.479485,22,12.3709,0,0,111510339907
37.4473,26.7042,8.68516,69,72,67,1766,2800,0.479485,22,12.3709,0,0,111537046140
38.6158,25.8961,8.68516,69,72,67,1766,2800,0.479485,22,12.3709,0,0,111562942714
36.666,27.2733,8.68516,69,72,67,1766,2800,0.479485,22,12.3709,0,0,111590219797
38.6762,25.8557,9.79192,70,70,67,2287,2800,0.479485,30,12.386,0,0,111616070355
39.4903,25.3227,9.79192,70,70,67,2287,2800,0.479485,30,12.386,0,0,111641395367
37.377,26.7544,9.79192,70,70,67,2287,2800,0.479485,30,12.386,0,0,111668150832
39.7763,25.1406,9.79192,70,70,67,2287,2800,0.479485,30,12.386,0,0,111693291639
41.0293,24.3728,9.79192,70,70,67,2287,2800,0.479485,30,12.386,0,0,111717665116
37.4991,26.6673,9.79192,70,70,67,2287,2800,0.479485,30,12.386,0,0,111744332676
39.8108,25.1188,9.79192,70,70,67,2287,2800,0.479485,30,12.386,0,0,111769450961
40.2427,24.8492,9.79192,70,70,67,2287,2800,0.479485,30,12.386,0,0,111794301373
40.5404,24.6668,9.79192,70,70,67,2287,2800,0.479485,30,12.386,0,0,111818969263
35.6198,28.0742,9.79192,70,70,67,2287,2800,0.479485,30,12.386,0,0,111847042950
36.9424,27.0692,9.79192,70,70,67,2287,2800,0.479485,30,12.386,0,0,111874112163
38.3228,26.0941,9.79192,70,70,67,2287,2800,0.479485,30,12.386,0,0,111900205977
38.2749,26.1268,9.79192,70,70,67,2287,2800,0.479485,30,12.386,0,0,111926334326
41.3026,24.2115,9.79192,70,70,67,2287,2800,0.479485,30,12.386,0,0,111950546381
40.6844,24.5794,9.79192,70,70,67,2287,2800,0.479485,30,12.386,0,0,111975126076
38.9228,25.6919,9.79192,70,70,67,2287,2800,0.479485,30,12.386,0,0,112000818507
38.885,25.7169,9.79192,70,70,67,2287,2800,0.479485,30,12.386,0,0,112026534733
37.3347,26.7847,9.79192,70,70,67,2287,2800,0.479485,30,12.386,0,0,112053320785
37.4402,26.7093,9.79192,70,70,67,2287,2800,0.479485,30,12.386,0,0,112080029502
41.7135,23.9731,9.79192,70,70,67,2287,2800,0.479485,30,12.386,0,0,112104010043
37.6684,26.5474,8.49754,70,68,67,1844,2800,0.477028,25,12.3809,0,0,112130551787
38.6726,25.8581,8.49754,70,68,67,1844,2800,0.477028,25,12.3809,0,0,112156408717
40.1478,24.908,8.49754,70,68,67,1844,2800,0.477028,25,12.3809,0,0,112181319041
41.1415,24.3063,8.49754,70,68,67,1844,2800,0.477028,25,12.3809,0,0,112205624462
37.3902,26.7449,8.49754,70,68,67,1844,2800,0.477028,25,12.3809,0,0,112232370258
39.5359,25.2935,8.49754,70,68,67,1844,2800,0.477028,25,12.3809,0,0,112257664182
37.4203,26.7234,8.49754,70,68,67,1844,2800,0.477028,25,12.3809,0,0,112284387657
36.9676,27.0507,8.49754,70,68,67,1844,2800,0.477028,25,12.3809,0,0,112311439538
42.6288,23.4583,8.49754,70,68,67,1844,2800,0.477028,25,12.3809,0,0,112334897298
38.7775,25.7882,8.49754,70,68,67,1844,2800,0.477028,25,12.3809,0,0,112360686561
38.1985,26.179,8.49754,70,68,67,1844,2800,0.477028,25,12.3809,0,0,112386866427
38.8566,25.7357,8.49754,70,68,67,1844,2800,0.477028,25,12.3809,0,0,112412601347
38.265,26.1336,8.49754,70,68,67,1844,2800,0.477028,25,12.3809,0,0,112438735457
40.9554,24.4168,8.49754,70,68,67,1844,2800,0.477028,25,12.3809,0,0,112463153188
35.1654,28.437,8.49754,70,68,67,1844,2800,0.477028,25,12.3809,0,0,112491590457
40.9989,24.3909,8.49754,70,68,67,1844,2800,0.477028,25,12.3809,0,0,112515981277
37.9839,26.327,8.49754,70,68,67,1844,2800,0.477028,25,12.3809,0,0,112542309050
41.5283,24.08,8.49754,70,68,67,1844,2800,0.477028,25,12.3809,0,0,112566389288
38.1481,26.2136,8.49754,70,68,67,1844,2800,0.477028,25,12.3809,0,0,112592602926
38.677,25.8552,8.49754,70,68,67,1844,2800,0.477028,25,12.3809,0,0,112618463763
38.138,26.2206,7.85276,70,76,67,1891,2800,0.477028,25,12.3817,0,0,112644679346
42.518,23.5194,7.85276,70,76,67,1891,2800,0.477028,25,12.3817,0,0,112668199573
36.6816,27.2616,7.85276,70,76,67,1891,2800,0.477028,25,12.3817,0,0,112695459174
40.1056,24.9342,7.85276,70,76,67,1891,2800,0.477028,25,12.3817,0,0,112720395978
39.2042,25.5075,7.85276,70,76,67,1891,2800,0.477028,25,12.3817,0,0,112745902310
40.5714,24.6479,7.85276,70,76,67,1891,2800,0.477028,25,12.3817,0,0,112770551976
39.8452,25.0971,7.85276,70,76,67,1891,2800,0.477028,25,12.3817,0,0,112795648189
36.7212,27.2322,7.85276,70,76,67,1891,2800,0.477028,25,12.3817,0,0,112822881069
39.1817,25.5221,7.85276,70,76,67,1891,2800,0.477028,25,12.3817,0,0,112848402410
36.6385,27.2937,7.85276,70,76,67,1891,2800,0.477028,25,12.3817,0,0,112875697637
40.9684,24.4091,7.85276,70,76,67,1891,2800,0.477028,25,12.3817,0,0,112900107823
38.7329,25.8179,7.85276,70,76,67,1891,2800,0.477028,25,12.3817,0,0,112925924367
38.2923,26.1149,7.85276,70,76,67,1891,2800,0.477028,25,12.3817,0,0,112952040443
37.0903,26.9612,7.85276,70,76,67,1891,2800,0.477028,25,12.3817,0,0,112979002065
42.5245,23.5159,7.85276,70,76,67,1891,2800,0.477028,25,12.3817,0,0,113002516431
39.1978,25.5116,7.85276,70,76,67,1891,2800,0.477028,25,12.3817,0,0,113028030699
34.1018,29.324,7.85276,70,76,67,1891,2800,0.477028,25,12.3817,0,0,113057353899
40.8244,24.4952,7.85276,70,76,67,1891,2800,0.477028,25,12.3817,0,0,113081849596
35.8012,27.932,7.85276,70,76,67,1891,2800,0.477028,25,12.3817,0,0,113109783881
42.2325,23.6784,7.85276,70,76,67,1891,2800,0.477028,25,12.3817,0,0,113133468497
40.9806,24.4018,7.65432,69,68,67,1680,2800,0.477028,31,12.3667,0,0,113157861962
36.0832,27.7138,7.65432,69,68,67,1680,2800,0.477028,31,12.3667,0,0,113185577017
37.4078,26.7324,7.65432,69,68,67,1680,2800,0.477028,31,12.3667,0,0,113212308477
39.2139,25.5012,7.65432,69,68,67,1680,2800,0.477028,31,12.3667,0,0,113237812414
42.2536,23.6666,7.65432,69,68,67,1680,2800,0.477028,31,12.3667,0,0,113261478375
38.4302,26.0212,7.65432,69,68,67,1680,2800,0.477028,31,12.3667,0,0,113287499373
38.8587,25.7342,7.65432,69,68,67,1680,2800,0.477028,31,12.3667,0,0,113313235656
37.4448,26.706,7.65432,69,68,67,1680,2800,0.477028,31,12.3667,0,0,113339940987
40.2402,24.8508,7.65432,69,68,67,1680,2800,0.477028,31,12.3667,0,0,113364791690
38.042,26.2868,7.65432,69,68,67,1680,2800,0.477028,31,12.3667,0,0,113391078516
38.8136,25.7641,7.65432,69,68,67,1680,2800,0.477028,31,12.3667,0,0,113416841870
40.1786,24.8889,7.65432,69,68,67,1680,2800,0.477028,31,12.3667,0,0,113441730604
37.5548,26.6278,7.65432,69,68,67,1680,2800,0.477028,31,12.3667,0,0,113468359452
37.371,26.7587,7.65432,69,68,67,1680,2800,0.477028,31,12.3667,0,0,113495120026
38.8001,25.7731,7.65432,69,68,67,1680,2800,0.477028,31,12.3667,0,0,113520891996
38.6978,25.8413,7.65432,69,68,67,1680,2800,0.477028,31,12.3667,0,0,113546732906
37.9804,26.3293,7.65432,69,68,67,1680,2800,0.477028,31,12.3667,0,0,113573062923
28.449,35.1506,7.65432,69,68,67,1680,2800,0.477028,31,12.3667,0,0,113608215124
34.4225,29.0508,7.65432,69,68,67,1680,2800,0.477028,31,12.3667,0,0,113637272777
36.3434,27.5153,16.478,69,69,67,1770,2800,0.476048,27,12.3591,0,0,113664781514
40.8888,24.4566,16.478,69,69,67,1770,2800,0.476048,27,12.3591,0,0,113689238589
39.2207,25.4967,16.478,69,69,67,1770,2800,0.476048,27,12.3591,0,0,113714736675
38.8766,25.7224,16.478,69,69,67,1770,2800,0.476048,27,12.3591,0,0,113740460385
29.694,33.6768,16.478,69,69,67,1770,2800,0.476048,27,12.3591,0,0,113774135457
48.0451,20.8138,16.478,69,69,67,1770,2800,0.476048,27,12.3591,0,0,113794950531
38.1995,26.1784,16.478,69,69,67,1770,2800,0.476048,27,12.3591,0,0,113821128974
37.9006,26.3848,16.478,69,69,67,1770,2800,0.476048,27,12.3591,0,0,113847513984
35.9884,27.7868,16.478,69,69,67,1770,2800,0.476048,27,12.3591,0,0,113875301314
37.8767,26.4015,16.478,69,69,67,1770,2800,0.476048,27,12.3591,0,0,113901703707
38.1449,26.2159,16.478,69,69,67,1770,2800,0.476048,27,12.3591,0,0,113927919079
42.4031,23.5832,16.478,69,69,67,1770,2800,0.476048,27,12.3591,0,0,113951502284
40.9349,24.429,16.478,69,69,67,1770,2800,0.476048,27,12.3591,0,0,113975930655
41.2422,24.247,16.478,69,69,67,1770,2800,0.476048,27,12.3591,0,0,114000179920
34.3462,29.1153,16.478,69,69,67,1770,2800,0.476048,27,12.3591,0,0,114029294970
37.3895,26.7454,16.478,69,69,67,1770,2800,0.476048,27,12.3591,0,0,114056040546
44.3907,22.5272,16.478,69,69,67,1770,2800,0.476048,27,12.3591,0,0,114078568313
36.2488,27.5871,16.478,69,69,67,1770,2800,0.476048,27,12.3591,0,0,114106158162
41.7536,23.9501,16.478,69,69,67,1770,2800,0.476048,27,12.3591,0,0,114130106763
40.6829,24.5803,16.478,69,69,67,1770,2800,0.476048,27,12.3591,0,0,114154694393
38.0366,26.2905,9.4132,69,79,67,1776,2800,0.476048,26,11.4712,0,0,114180978003
34.6998,28.8186,9.4132,69,79,67,1776,2800,0.476048,26,11.4712,0,0,114209797959
41.8621,23.888,9.4132,69,79,67,1776,2800,0.476048,26,11.4712,0,0,114233683061
34.2441,29.2021,9.4132,69,79,67,1776,2800,0.476048,26,11.4712,0,0,114262887809
40.4135,24.7442,9.4132,69,79,67,1776,2800,0.476048,26,11.4712,0,0,114287631912
39.242,25.4829,9.4132,69,79,67,1776,2800,0.476048,26,11.4712,0,0,114313117525
38.1176,26.2346,9.4132,69,79,67,1776,2800,0.476048,26,11.4712,0,0,114339352073
44.4607,22.4918,9.4132,69,79,67,1776,2800,0.476048,26,11.4712,0,0,114361842580
37.5816,26.6087,9.4132,69,79,67,1776,2800,0.476048,26,11.4712,0,0,114388450648
38.6581,25.8678,9.4132,69,79,67,1776,2800,0.476048,26,11.4712,0,0,114414319871
36.6738,27.2674,9.4132,69,79,67,1776,2800,0.476048,26,11.4712,0,0,114441587697
43.4091,23.0367,9.4132,69,79,67,1776,2800,0.476048,26,11.4712,0,0,114464624498
36.773,27.1939,9.4132,69,79,67,1776,2800,0.476048,26,11.4712,0,0,114491817383
39.8954,25.0656,9.4132,69,79,67,1776,2800,0.476048,26,11.4712,0,0,114516882868
36.896,27.1032,9.4132,69,79,67,1776,2800,0.476048,26,11.4712,0,0,114543985935
41.8968,23.8682,9.4132,69,79,67,1776,2800,0.476048,26,11.4712,0,0,114567856309
37.0386,26.9989,9.4132,69,79,67,1776,2800,0.476048,26,11.4712,0,0,114594857104
39.2527,25.476,9.4132,69,79,67,1776,2800,0.476048,26,11.4712,0,0,114620331747
38.3482,26.0769,9.4132,69,79,67,1776,2800,0.476048,26,11.4712,0,0,114646409281
37.9303,26.3642,9.4132,69,79,67,1776,2800,0.476048,26,11.4712,0,0,114672781487
41.2215,24.2592,14.0931,69,76,67,1838,2800,0.476051,30,11.4767,0,0,114697031112
38.4233,26.0259,14.0931,69,76,67,1838,2800,0.476051,30,11.4767,0,0,114723059754
38.457,26.0031,14.0931,69,76,67,1838,2800,0.476051,30,11.4767,0,0,114749062457
39.1784,25.5243,14.0931,69,76,67,1838,2800,0.476051,30,11.4767,0,0,114774587074
39.1616,25.5352,14.0931,69,76,67,1838,2800,0.476051,30,11.4767,0,0,114800122901
37.14,26.9251,14.0931,69,76,67,1838,2800,0.476051,30,11.4767,0,0,114827047624
39.0508,25.6077,14.0931,69,76,67,1838,2800,0.476051,30,11.4767,0,0,114852654745
39.6546,25.2178,14.0931,69,76,67,1838,2800,0.476051,30,11.4767,0,0,114877874059
40.5075,24.6868,14.0931,69,76,67,1838,2800,0.476051,30,11.4767,0,0,114902561756
36.6413,27.2916,14.0931,69,76,67,1838,2800,0.476051,30,11.4767,0,0,114929853246
40.6152,24.6213,14.0931,69,76,67,1838,2800,0.476051,30,11.4767,0,0,114954473006
37.9345,26.3612,14.0931,69,76,67,1838,2800,0.476051,30,11.4767,0,0,114980836836
36.7692,27.1967,14.0931,69,76,67,1838,2800,0.476051,30,11.4767,0,0,115008033899
41.2491,24.243,14.0931,69,76,67,1838,2800,0.476051,30,11.4767,0,0,115032277163
40.386,24.7611,14.0931,69,76,67,1838,2800,0.476051,30,11.4767,0,0,115057039360
38.9175,25.6954,14.0931,69,76,67,1838,2800,0.476051,30,11.4767,0,0,115082734005
34.125,29.304,14.0931,69,76,67,1838,2800,0.476051,30,11.4767,0,0,115112038440
46.93,21.3083,14.0931,69,76,67,1838,2800,0.476051,30,11.4767,0,0,115133347110
38.9361,25.6831,14.0931,69,76,67,1838,2800,0.476051,30,11.4767,0,0,115159031366
36.641,27.2918,14.0931,69,76,67,1838,2800,0.476051,30,11.4767,0,0,115186330050
38.7764,25.7889,7.26601,70,72,66,1734,2800,0.476051,17,11.4867,0,0,115212112370
32.716,30.5661,7.26601,70,72,66,1734,2800,0.476051,17,11.4867,0,0,115242681526
44.6826,22.3801,7.26601,70,72,66,1734,2800,0.476051,17,11.4867,0,0,115265059231
41.3649,24.1751,7.26601,70,72,66,1734,2800,0.476051,17,11.4867,0,0,115289232484
39.6152,25.2428,7.26601,70,72,66,1734,2800,0.476051,17,11.4867,0,0,115314477626
36.5199,27.3823,7.26601,70,72,66,1734,2800,0.476051,17,11.4867,0,0,115341859796
42.2418,23.6732,7.26601,70,72,66,1734,2800,0.476051,17,11.4867,0,0,115365534263
37.508,26.661,7.26601,70,72,66,1734,2800,0.476051,17,11.4867,0,0,115392195381
38.6147,25.8968,7.26601,70,72,66,1734,2800,0.476051,17,11.4867,0,0,115418090963
39.1158,25.5651,7.26601,70,72,66,1734,2800,0.476051,17,11.4867,0,0,115443657609
38.9318,25.6859,7.26601,70,72,66,1734,2800,0.476051,17,11.4867,0,0,115469344680
37.0028,27.025,7.26601,70,72,66,1734,2800,0.476051,17,11.4867,0,0,115496370522
39.8715,25.0806,7.26601,70,72,66,1734,2800,0.476051,17,11.4867,0,0,115521448461
36.7535,27.2083,7.26601,70,72,66,1734,2800,0.476051,17,11.4867,0,0,115548658468
38.8115,25.7656,7.26601,70,72,66,1734,2800,0.476051,17,11.4867,0,0,115574424648
39.0594,25.602,7.26601,70,72,66,1734,2800,0.476051,17,11.4867,0,0,115600025938
37.9658,26.3395,7.26601,70,72,66,1734,2800,0.476051,17,11.4867,0,0,115626367987
41.2897,24.2191,7.26601,70,72,66,1734,2800,0.476051,17,11.4867,0,0,115650584331
39.1585,25.5372,7.26601,70,72,66,1734,2800,0.476051,17,11.4867,0,0,115676123434
39.5209,25.3031,7.26601,70,72,66,1734,2800,0.476051,17,11.4867,0,0,115701431775
36.7365,27.2209,9.20245,69,68,65,1778,2800,0.476051,30,11.5035,0,0,115728647844
41.6901,23.9865,9.20245,69,68,65,1778,2800,0.476051,30,11.5035,0,0,115752633184
38.7195,25.8268,9.20245,69,68,65,1778,2800,0.476051,30,11.5035,0,0,115778460999
32.2476,31.01,9.20245,69,68,65,1778,2800,0.476051,30,11.5035,0,0,115809470552
42.3019,23.6396,9.20245,69,68,65,1778,2800,0.476051,30,11.5035,0,0,115833112127
37.753,26.488,9.20245,69,68,65,1778,2800,0.476051,30,11.5035,0,0,115859601082
39.0147,25.6314,9.20245,69,68,65,1778,2800,0.476051,30,11.5035,0,0,115885231717
43.5344,22.9703,9.20245,69,68,65,1778,2800,0.476051,30,11.5035,0,0,115908203547
41.9843,23.8184,9.20245,69,68,65,1778,2800,0.476051,30,11.5035,0,0,115932021162
37.2164,26.8699,9.20245,69,68,65,1778,2800,0.476051,30,11.5035,0,0,115958891642
38.532,25.9525,9.20245,69,68,65,1778,2800,0.476051,30,11.5035,0,0,115984845474
37.222,26.8658,9.20245,69,68,65,1778,2800,0.476051,30,11.5035,0,0,116011710604
42.1427,23.7289,9.20245,69,68,65,1778,2800,0.476051,30,11.5035,0,0,116035442429
33.1397,30.1753,9.20245,69,68,65,1778,2800,0.476051,30,11.5035,0,0,116065615924
41.061,24.354,9.20245,69,68,65,1778,2800,0.476051,30,11.5035,0,0,116089969945
39.1067,25.5711,9.20245,69,68,65,1778,2800,0.476051,30,11.5035,0,0,116115542451
40.0654,24.9592,9.20245,69,68,65,1778,2800,0.476051,30,11.5035,0,0,116140500165
40.2741,24.8299,9.20245,69,68,65,1778,2800,0.476051,30,11.5035,0,0,116165329628
41.2966,24.2151,9.20245,69,68,65,1778,2800,0.476051,30,11.5035,0,0,116189548015
36.2011,27.6234,9.20245,69,68,65,1778,2800,0.476051,30,11.5035,0,0,116217174683
39.9247,25.0471,6.76507,69,69,66,1740,2800,0.476051,21,11.5037,0,0,116242217697
39.1866,25.5189,6.76507,69,69,66,1740,2800,0.476051,21,11.5037,0,0,116267736522
39.3563,25.4089,6.76507,69,69,66,1740,2800,0.476051,21,11.5037,0,0,116293146674
35.6046,28.0863,6.76507,69,69,66,1740,2800,0.476051,21,11.5037,0,0,116321231572
30.7497,32.5206,6.76507,69,69,66,1740,2800,0.476051,21,11.5037,0,0,116353752489
44.433,22.5058,6.76507,69,69,66,1740,2800,0.476051,21,11.5037,0,0,116376261020
44.0904,22.6807,6.76507,69,69,66,1740,2800,0.476051,21,11.5037,0,0,116398940791
38.9975,25.6427,6.76507,69,69,66,1740,2800,0.476051,21,11.5037,0,0,116424584521
38.8182,25.7611,6.76507,69,69,66,1740,2800,0.476051,21,11.5037,0,0,116450344950
29.7568,33.6058,6.76507,69,69,66,1740,2800,0.476051,21,11.5037,0,0,116483951623
40.3858,24.7612,6.76507,69,69,66,1740,2800,0.476051,21,11.5037,0,0,116508711866
45.0956,22.1751,6.76507,69,69,66,1740,2800,0.476051,21,11.5037,0,0,116530887663
33.9403,29.4635,6.76507,69,69,66,1740,2800,0.476051,21,11.5037,0,0,116560352588
37.8792,26.3997,6.76507,69,69,66,1740,2800,0.476051,21,11.5037,0,0,116586751805
35.9452,27.8202,6.76507,69,69,66,1740,2800,0.476051,21,11.5037,0,0,116614572518
47.2725,21.1539,6.76507,69,69,66,1740,2800,0.476051,21,11.5037,0,0,116635725005
40.052,24.9675,6.76507,69,69,66,1740,2800,0.476051,21,11.5037,0,0,116660694120
39.8816,25.0742,6.76507,69,69,66,1740,2800,0.476051,21,11.5037,0,0,116685769294
35.7531,27.9696,6.76507,69,69,66,1740,2800,0.476051,21,11.5037,0,0,116713739346
44.7285,22.3571,6.76507,69,69,66,1740,2800,0.476051,21,11.5037,0,0,116736099749
35.2733,28.3501,7.19512,69,73,66,1720,2800,0.476051,28,11.5015,0,0,116764447440
41.9433,23.8417,7.19512,69,73,66,1720,2800,0.476051,28,11.5015,0,0,116788286766
37.0691,26.9767,7.19512,69,73,66,1720,2800,0.476051,28,11.5015,0,0,116815267002
38.7467,25.8087,7.19512,69,73,66,1720,2800,0.476051,28,11.5015,0,0,116841072996
39.7403,25.1634,7.19512,69,73,66,1720,2800,0.476051,28,11.5015,0,0,116866238670
38.2105,26.1708,7.19512,69,73,66,1720,2800,0.476051,28,11.5015,0,0,116892408466
39.981,25.0119,7.19512,69,73,66,1720,2800,0.476051,28,11.5015,0,0,116917421694
37.0192,27.013,7.19512,69,73,66,1720,2800,0.476051,28,11.5015,0,0,116944435082
43.0509,23.2283,7.19512,69,73,66,1720,2800,0.476051,28,11.5015,0,0,116967664435
34.263,29.186,7.19512,69,73,66,1720,2800,0.476051,28,11.5015,0,0,116996850347
42.3104,23.6349,7.19512,69,73,66,1720,2800,0.476051,28,11.5015,0,0,117020484328
33.2647,30.0619,7.19512,69,73,66,1720,2800,0.476051,28,11.5015,0,0,117050547977
41.7428,23.9562,7.19512,69,73,66,1720,2800,0.476051,28,11.5015,0,0,117074503802
38.996,25.6437,7.19512,69,73,66,1720,2800,0.476051,28,11.5015,0,0,117100147121
40.4072,24.7481,7.19512,69,73,66,1720,2800,0.476051,28,11.5015,0,0,117124897746
39.8476,25.0956,7.19512,69,73,66,1720,2800,0.476051,28,11.5015,0,0,117149991965
39.5064,25.3124,7.19512,69,73,66,1720,2800,0.476051,28,11.5015,0,0,117175305456
39.6568,25.2163,7.19512,69,73,66,1720,2800,0.476051,28,11.5015,0,0,117200522876
33.9262,29.4757,7.19512,69,73,66,1720,2800,0.476051,28,11.5015,0,0,117229997931
42.3863,23.5925,7.19512,69,73,66,1720,2800,0.476051,28,11.5015,0,0,117253599351
40.2785,24.8271,6.4951,69,67,67,1750,2800,0.476051,15,11.4998,0,0,117278418415
40.2712,24.8316,6.4951,69,67,67,1750,2800,0.476051,15,11.4998,0,0,117303250032
34.6607,28.8511,6.4951,69,67,67,1750,2800,0.476051,15,11.4998,0,0,117332102930
42.2403,23.6741,6.4951,69,67,67,1750,2800,0.476051,15,11.4998,0,0,117355776385
35.9736,27.7981,6.4951,69,67,67,1750,2800,0.476051,15,11.4998,0,0,117383573493
34.7797,28.7524,6.4951,69,67,67,1750,2800,0.476051,15,11.4998,0,0,117412327516
42.9237,23.2971,6.4951,69,67,67,1750,2800,0.476051,15,11.4998,0,0,117435624285
39.1422,25.5479,6.4951,69,67,67,1750,2800,0.476051,15,11.4998,0,0,117461173127
40.3041,24.8114,6.4951,69,67,67,1750,2800,0.476051,15,11.4998,0,0,117485984315
39.6557,25.217,6.4951,69,67,67,1750,2800,0.476051,15,11.4998,0,0,117511201034
41.8419,23.8995,6.4951,69,67,67,1750,2800,0.476051,15,11.4998,0,0,117535101946
34.8918,28.66,6.4951,69,67,67,1750,2800,0.476051,15,11.4998,0,0,117563762473
40.4124,24.7449,6.4951,69,67,67,1750,2800,0.476051,15,11.4998,0,0,117588507949
36.5559,27.3553,6.4951,69,67,67,1750,2800,0.476051,15,11.4998,0,0,117615863078
40.1545,24.9038,6.4951,69,67,67,1750,2800,0.476051,15,11.4998,0,0,117640768153
43.5147,22.9807,6.4951,69,67,67,1750,2800,0.476051,15,11.4998,0,0,117663749280
38.8826,25.7185,6.4951,69,67,67,1750,2800,0.476051,15,11.4998,0,0,117689467640
35.9686,27.802,6.4951,69,67,67,1750,2800,0.476051,15,11.4998,0,0,117717270428
39.8953,25.0656,6.4951,69,67,67,1750,2800,0.476051,15,11.4998,0,0,117742335664
39.1238,25.5599,6.4951,69,67,67,1750,2800,0.476051,15,11.4998,0,0,117767900926
40.5991,24.6311,9.2707,69,69,67,1856,2800,0.476051,27,11.4928,0,0,117792529613
29.3022,34.1271,9.2707,69,69,67,1856,2800,0.476051,27,11.4928,0,0,117826656662
43.9459,22.7552,9.2707,69,69,67,1856,2800,0.476051,27,11.4928,0,0,117849409370
37.527,26.6475,9.2707,69,69,67,1856,2800,0.476051,27,11.4928,0,0,117876059117
43.0186,23.2458,9.2707,69,69,67,1856,2800,0.476051,27,11.4928,0,0,117899304749
38.6869,25.8486,9.2707,69,69,67,1856,2800,0.476051,27,11.4928,0,0,117925154035
39.0266,25.6236,9.2707,69,69,67,1856,2800,0.476051,27,11.4928,0,0,117950777096
36.2565,27.5813,9.2707,69,69,67,1856,2800,0.476051,27,11.4928,0,0,117978360233
33.4028,29.9376,9.2707,69,69,67,1856,2800,0.476051,27,11.4928,0,0,118008296172
46.1065,21.6889,9.2707,69,69,67,1856,2800,0.476051,27,11.4928,0,0,118029984344
35.8906,27.8624,9.2707,69,69,67,1856,2800,0.476051,27,11.4928,0,0,118057850321
35.5096,28.1614,9.2707,69,69,67,1856,2800,0.476051,27,11.4928,0,0,118086010861
40.504,24.6889,9.2707,69,69,67,1856,2800,0.476051,27,11.4928,0,0,118110699801
41.8913,23.8713,9.2707,69,69,67,1856,2800,0.476051,27,11.4928,0,0,118134571828
39.0595,25.602,9.2707,69,69,67,1856,2800,0.476051,27,11.4928,0,0,118160173209
38.3927,26.0466,9.2707,69,69,67,1856,2800,0.476051,27,11.4928,0,0,118186220996
37.5328,26.6434,9.2707,69,69,67,1856,2800,0.476051,27,11.4928,0,0,118212863770
40.5362,24.6693,9.2707,69,69,67,1856,2800,0.476051,27,11.4928,0,0,118237533363
41.034,24.37,9.2707,69,69,67,1856,2800,0.476051,27,11.4928,0,0,118261905148
36.4297,27.4501,9.2707,69,69,67,1856,2800,0.476051,27,11.4928,0,0,118289360214
38.3497,26.0758,6.91748,69,69,66,1697,2800,0.476051,32,11.4937,0,0,118315431356
35.2232,28.3903,6.91748,69,69,66,1697,2800,0.476051,32,11.4937,0,0,118343824442
43.3348,23.0761,6.91748,69,69,66,1697,2800,0.476051,32,11.4937,0,0,118366899064
38.5889,25.9142,6.91748,69,69,66,1697,2800,0.476051,32,11.4937,0,0,118392811838
39.5686,25.2725,6.91748,69,69,66,1697,2800,0.476051,32,11.4937,0,0,118418084993
32.4871,30.7814,6.91748,69,69,66,1697,2800,0.476051,32,11.4937,0,0,118448867049
40.1045,24.9348,6.91748,69,69,66,1697,2800,0.476051,32,11.4937,0,0,118473803433
42.2465,23.6706,6.91748,69,69,66,1697,2800,0.476051,32,11.4937,0,0,118497474764
37.307,26.8046,6.91748,69,69,66,1697,2800,0.476051,32,11.4937,0,0,118524278289
36.2641,27.5755,6.91748,69,69,66,1697,2800,0.476051,32,11.4937,0,0,118551854753
38.5964,25.9092,6.91748,69,69,66,1697,2800,0.476051,32,11.4937,0,0,118577762779
43.8794,22.7897,6.91748,69,69,66,1697,2800,0.476051,32,11.4937,0,0,118600553188
37.6027,26.5938,6.91748,69,69,66,1697,2800,0.476051,32,11.4937,0,0,118627148562
40.6567,24.5962,6.91748,69,69,66,1697,2800,0.476051,32,11.4937,0,0,118651744016
37.2791,26.8247,6.91748,69,69,66,1697,2800,0.476051,32,11.4937,0,0,118678568280
42.2153,23.6881,6.91748,69,69,66,1697,2800,0.476051,32,11.4937,0,0,118702258497
37.4127,26.7289,6.91748,69,69,66,1697,2800,0.476051,32,11.4937,0,0,118728987342
40.5625,24.6533,6.91748,69,69,66,1697,2800,0.476051,32,11.4937,0,0,118753641275
36.4044,27.4692,6.91748,69,69,66,1697,2800,0.476051,32,11.4937,0,0,118781111701
39.2022,25.5087,6.91748,69,69,66,1697,2800,0.476051,32,11.4937,0,0,118806625748
41.8925,23.8706,9.21212,69,72,66,1754,2800,0.476051,27,11.4921,0,0,118830491323
35.1974,28.4112,9.21212,69,72,66,1754,2800,0.476051,27,11.4921,0,0,118858902403
39.9145,25.0536,9.21212,69,72,66,1754,2800,0.476051,27,11.4921,0,0,118883955465
37.7981,26.4564,9.21212,69,72,66,1754,2800,0.476051,27,11.4921,0,0,118910415225
42.9295,23.294,9.21212,69,72,66,1754,2800,0.476051,27,11.4921,0,0,118933707616
38.1269,26.2282,9.21212,69,72,66,1754,2800,0.476051,27,11.4921,0,0,118959936162
37.3065,26.805,9.21212,69,72,66,1754,2800,0.476051,27,11.4921,0,0,118986741250
36.057,27.7339,9.21212,69,72,66,1754,2800,0.476051,27,11.4921,0,0,119014475140
39.4269,25.3634,9.21212,69,72,66,1754,2800,0.476051,27,11.4921,0,0,119039842502
37.3121,26.8009,9.21212,69,72,66,1754,2800,0.476051,27,11.4921,0,0,119066641688
31.6647,31.5809,9.21212,69,72,66,1754,2800,0.476051,27,11.4921,0,0,119098221711
36.6735,27.2676,9.21212,69,72,66,1754,2800,0.476051,27,11.4921,0,0,119125491550
23.3086,42.9027,9.21212,69,72,66,1754,2800,0.476051,27,11.4921,0,0,119168393925
36.3632,27.5003,9.21212,69,72,66,1754,2800,0.476051,27,11.4921,0,0,119195894558
34.1319,29.2981,9.21212,69,72,66,1754,2800,0.476051,27,11.4921,0,0,119225191138
37.1736,26.9008,9.21212,69,72,66,1754,2800,0.476051,27,11.4921,0,0,119252092967
37.4692,26.6886,9.21212,69,72,66,1754,2800,0.476051,27,11.4921,0,0,119278780555
39.1083,25.57,9.21212,69,72,66,1754,2800,0.476051,27,11.4921,0,0,119304352851
34.7862,28.7471,9.21212,69,72,66,1754,2800,0.476051,27,11.4921,0,0,119333107905
31.4061,31.841,9.18854,69,67,67,1754,2800,0.478504,24,11.5222,0,0,119364941964
33.8515,29.5408,9.18854,69,67,67,1754,2800,0.478504,24,11.5222,0,0,119394480688
32.0361,31.2148,9.18854,69,67,67,1754,2800,0.478504,24,11.5222,0,0,119425695886
32.9386,30.3595,9.18854,69,67,67,1754,2800,0.478504,24,11.5222,0,0,119456055791
32.0809,31.1712,9.18854,69,67,67,1754,2800,0.478504,24,11.5222,0,0,119487226716
30.7554,32.5147,9.18854,69,67,67,1754,2800,0.478504,24,11.5222,0,0,119519742513
31.2953,31.9537,9.18854,69,67,67,1754,2800,0.478504,24,11.5222,0,0,119551696767
31.2047,32.0464,9.18854,69,67,67,1754,2800,0.478504,24,11.5222,0,0,119583742162
30.9517,32.3084,9.18854,69,67,67,1754,2800,0.478504,24,11.5222,0,0,119616050711
32.7367,30.5467,9.18854,69,67,67,1754,2800,0.478504,24,11.5222,0,0,119646597596
32.4937,30.7752,9.18854,69,67,67,1754,2800,0.478504,24,11.5222,0,0,119677374221
36.0232,27.7599,9.18854,69,67,67,1754,2800,0.478504,24,11.5222,0,0,119705135743
36.158,27.6564,9.18854,69,67,67,1754,2800,0.478504,24,11.5222,0,0,119732789683
39.8234,25.1109,9.18854,69,67,67,1754,2800,0.478504,24,11.5222,0,0,119757900744
36.931,27.0775,9.18854,69,67,67,1754,2800,0.478504,24,11.5222,0,0,119784980296
37.6117,26.5874,9.18854,69,67,67,1754,2800,0.478504,24,11.5222,0,0,119811569018
40.7884,24.5168,9.18854,69,67,67,1754,2800,0.478504,24,11.5222,0,0,119836091245
38.5316,25.9527,12.1554,69,72,67,1872,2800,0.479488,28,11.6031,0,0,119862039125
37.4613,26.6942,12.1554,69,72,67,1872,2800,0.479488,28,11.6031,0,0,119888733947
37.9496,26.3508,12.1554,69,72,67,1872,2800,0.479488,28,11.6031,0,0,119915084993
38.2084,26.1723,12.1554,69,72,67,1872,2800,0.479488,28,11.6031,0,0,119941256994
38.8691,25.7274,12.1554,69,72,67,1872,2800,0.479488,28,11.6031,0,0,119966984791
42.2148,23.6884,12.1554,69,72,67,1872,2800,0.479488,28,11.6031,0,0,119990673855
37.5073,26.6615,12.1554,69,72,67,1872,2800,0.479488,28,11.6031,0,0,120017336386
40.8229,24.4961,12.1554,69,72,67,1872,2800,0.479488,28,11.6031,0,0,120041832474
39.8264,25.109,12.1554,69,72,67,1872,2800,0.479488,28,11.6031,0,0,120066941731
39.4743,25.3329,12.1554,69,72,67,1872,2800,0.479488,28,11.6031,0,0,120092274478
35.0608,28.5219,12.1554,69,72,67,1872,2800,0.479488,28,11.6031,0,0,120120797748
39.7928,25.1302,12.1554,69,72,67,1872,2800,0.479488,28,11.6031,0,0,120145927985
34.1535,29.2796,12.1554,69,72,67,1872,2800,0.479488,28,11.6031,0,0,120175207353
41.2058,24.2685,12.1554,69,72,67,1872,2800,0.479488,28,11.6031,0,0,120199476796
35.3065,28.3234,12.1554,69,72,67,1872,2800,0.479488,28,11.6031,0,0,120227800381
37.727,26.5062,12.1554,69,72,67,1872,2800,0.479488,28,11.6031,0,0,120254305547
41.6462,24.0118,12.1554,69,72,67,1872,2800,0.479488,28,11.6031,0,0,120278319741
43.0856,23.2096,12.1554,69,72,67,1872,2800,0.479488,28,11.6031,0,0,120301529556
37.8921,26.3907,12.1554,69,72,67,1872,2800,0.479488,28,11.6031,0,0,120327919526
38.4682,25.9955,12.1554,69,72,67,1872,2800,0.479488,28,11.6031,0,0,120353920165
37.246,26.8485,8.19071,69,72,69,2561,2800,0.479488,26,11.6029,0,0,120380765378
41.392,24.1593,8.19071,69,72,69,2561,2800,0.479488,26,11.6029,0,0,120404924855
39.3034,25.4431,8.19071,69,72,69,2561,2800,0.479488,26,11.6029,0,0,120430368109
38.6457,25.8761,8.19071,69,72,69,2561,2800,0.479488,26,11.6029,0,0,120456243102
35.9967,27.7803,8.19071,69,72,69,2561,2800,0.479488,26,11.6029,0,0,120484026204
40.0701,24.9563,8.19071,69,72,69,2561,2800,0.479488,26,11.6029,0,0,120508983116
39.9553,25.0279,8.19071,69,72,69,2561,2800,0.479488,26,11.6029,0,0,120534010871
39.9586,25.0259,8.19071,69,72,69,2561,2800,0.479488,26,11.6029,0,0,120559036472
36.9688,27.0498,8.19071,69,72,69,2561,2800,0.479488,26,11.6029,0,0,120586087270
39.1644,25.5334,8.19071,69,72,69,2561,2800,0.479488,26,11.6029,0,0,120611622066
37.6564,26.5559,8.19071,69,72,69,2561,2800,0.479488,26,11.6029,0,0,120638177516
40.8854,24.4586,8.19071,69,72,69,2561,2800,0.479488,26,11.6029,0,0,120662635512
37.3322,26.7865,8.19071,69,72,69,2561,2800,0.479488,26,11.6029,0,0,120689422887
39.7199,25.1763,8.19071,69,72,69,2561,2800,0.479488,26,11.6029,0,0,120714600432
37.6777,26.5409,8.19071,69,72,69,2561,2800,0.479488,26,11.6029,0,0,120741140714
43.0168,23.2467,8.19071,69,72,69,2561,2800,0.479488,26,11.6029,0,0,120764386056
38.1691,26.1992,8.19071,69,72,69,2561,2800,0.479488,26,11.6029,0,0,120790585528
36.2036,27.6216,8.19071,69,72,69,2561,2800,0.479488,26,11.6029,0,0,120818209572
39.528,25.2985,8.19071,69,72,69,2561,2800,0.479488,26,11.6029,0,0,120843506852
39.2951,25.4485,8.19071,69,72,69,2561,2800,0.479488,26,11.6029,0,0,120868960576
40.2195,24.8635,7.48466,71,74,69,2564,2800,0.479492,34,11.5948,0,0,120893820516
35.7465,27.9748,7.48466,71,74,69,2564,2800,0.479492,34,11.5948,0,0,120921796760
36.5464,27.3624,7.48466,71,74,69,2564,2800,0.479492,34,11.5948,0,0,120949157820
28.3434,35.2816,7.48466,71,74,69,2564,2800,0.479492,34,11.5948,0,0,120984440316
40.0485,24.9697,7.48466,71,74,69,2564,2800,0.479492,34,11.5948,0,0,121009411294
42.7746,23.3783,7.48466,71,74,69,2564,2800,0.479492,34,11.5948,0,0,121032788995
39.9422,25.0362,7.48466,71,74,69,2564,2800,0.479492,34,11.5948,0,0,121057824975
38.8916,25.7125,7.48466,71,74,69,2564,2800,0.479492,34,11.5948,0,0,121083538887
39.6429,25.2252,7.48466,71,74,69,2564,2800,0.479492,34,11.5948,0,0,121108763711
36.0052,27.7738,7.48466,71,74,69,2564,2800,0.479492,34,11.5948,0,0,121136537425
41.1922,24.2765,7.48466,71,74,69,2564,2800,0.479492,34,11.5948,0,0,121160815103
36.0801,27.7161,7.48466,71,74,69,2564,2800,0.479492,34,11.5948,0,0,121188531480
40.6899,24.5761,7.48466,71,74,69,2564,2800,0.479492,34,11.5948,0,0,121213107969
32.8806,30.413,7.48466,71,74,69,2564,2800,0.479492,34,11.5948,0,0,121243520722
42.9797,23.2668,7.48466,71,74,69,2564,2800,0.479492,34,11.5948,0,0,121266788326
32.8027,30.4853,7.48466,71,74,69,2564,2800,0.479492,34,11.5948,0,0,121297273616
40.8323,24.4904,7.48466,71,74,69,2564,2800,0.479492,34,11.5948,0,0,121321764463
39.2841,25.4556,7.48466,71,74,69,2564,2800,0.479492,34,11.5948,0,0,121347220862
36.0385,27.7481,7.48466,71,74,69,2564,2800,0.479492,34,11.5948,0,0,121374974649
39.4565,25.3443,7.28643,71,69,69,2562,2800,0.479492,43,11.5929,0,0,121400315120
31.6059,31.6396,7.28643,71,69,69,2562,2800,0.479492,43,11.5929,0,0,121431955175
38.4831,25.9854,7.28643,71,69,69,2562,2800,0.479492,43,11.5929,0,0,121457941157
37.784,26.4662,7.28643,71,69,69,2562,2800,0.479492,43,11.5929,0,0,121484407640
39.6802,25.2015,7.28643,71,69,69,2562,2800,0.479492,43,11.5929,0,0,121509607988
39.959,25.0256,7.28643,71,69,69,2562,2800,0.479492,43,11.5929,0,0,121534634781
40.7596,24.5341,7.28643,71,69,69,2562,2800,0.479492,43,11.5929,0,0,121559169331
34.8971,28.6557,7.28643,71,69,69,2562,2800,0.479492,43,11.5929,0,0,121587825971
36.801,27.1732,7.28643,71,69,69,2562,2800,0.479492,43,11.5929,0,0,121614999891
41.2159,24.2625,7.28643,71,69,69,2562,2800,0.479492,43,11.5929,0,0,121639262741
36.7582,27.2048,7.28643,71,69,69,2562,2800,0.479492,43,11.5929,0,0,121666467358
35.3861,28.2597,7.28643,71,69,69,2562,2800,0.479492,43,11.5929,0,0,121694728076
39.563,25.2761,7.28643,71,69,69,2562,2800,0.479492,43,11.5929,0,0,121720004317
36.223,27.6068,7.28643,71,69,69,2562,2800,0.479492,43,11.5929,0,0,121747611789
41.7778,23.9361,7.28643,71,69,69,2562,2800,0.479492,43,11.5929,0,0,121771547206
37.0996,26.9544,7.28643,71,69,69,2562,2800,0.479492,43,11.5929,0,0,121798501994
40.6151,24.6214,7.28643,71,69,69,2562,2800,0.479492,43,11.5929,0,0,121823124860
33.3629,29.9734,7.28643,71,69,69,2562,2800,0.479492,43,11.5929,0,0,121853108298
40.3993,24.7529,7.28643,71,69,69,2562,2800,0.479492,43,11.5929,0,0,121877856789
40.4155,24.743,10.6784,71,70,69,2537,2800,0.479492,36,11.5908,0,0,121902595502
39.7846,25.1354,10.6784,71,70,69,2537,2800,0.479492,36,11.5908,0,0,121927729596
37.2316,26.8589,10.6784,71,70,69,2537,2800,0.479492,36,11.5908,0,0,121954590118
39.297,25.4473,10.6784,71,70,69,2537,2800,0.479492,36,11.5908,0,0,121980037309
35.373,28.2701,10.6784,71,70,69,2537,2800,0.479492,36,11.5908,0,0,122008308988
41.8672,23.885,10.6784,71,70,69,2537,2800,0.479492,36,11.5908,0,0,122032193949
38.7686,25.7941,10.6784,71,70,69,2537,2800,0.479492,36,11.5908,0,0,122057987590
39.4091,25.3749,10.6784,71,70,69,2537,2800,0.479492,36,11.5908,0,0,122083361494
36.0733,27.7213,10.6784,71,70,69,2537,2800,0.479492,36,11.5908,0,0,122111085155
36.2592,27.5792,10.6784,71,70,69,2537,2800,0.479492,36,11.5908,0,0,122138664414
38.7786,25.7874,10.6784,71,70,69,2537,2800,0.479492,36,11.5908,0,0,122164452134
36.8152,27.1627,10.6784,71,70,69,2537,2800,0.479492,36,11.5908,0,0,122191615915
35.4269,28.2271,10.6784,71,70,69,2537,2800,0.479492,36,11.5908,0,0,122219842889
41.9458,23.8403,10.6784,71,70,69,2537,2800,0.479492,36,11.5908,0,0,122243683788
41.4786,24.1088,10.6784,71,70,69,2537,2800,0.479492,36,11.5908,0,0,122267792820
40.8865,24.4579,10.6784,71,70,69,2537,2800,0.479492,36,11.5908,0,0,122292250686
37.528,26.6468,10.6784,71,70,69,2537,2800,0.479492,36,11.5908,0,0,122318899241
38.3517,26.0744,10.6784,71,70,69,2537,2800,0.479492,36,11.5908,0,0,122344973548
31.9746,31.2748,10.6784,71,70,69,2537,2800,0.479492,36,11.5908,0,0,122376248388
43.7662,22.8487,10.6784,71,70,69,2537,2800,0.479492,36,11.5908,0,0,122399103539
38.6635,25.8642,7.78589,71,74,69,2519,2800,0.476055,41,11.5909,0,0,122424960819
39.1933,25.5145,7.78589,71,74,69,2519,2800,0.476055,41,11.5909,0,0,122450474395
37.9825,26.3279,7.78589,71,74,69,2519,2800,0.476055,41,11.5909,0,0,122476804973
40.1206,24.9249,7.78589,71,74,69,2519,2800,0.476055,41,11.5909,0,0,122501729013
37.1399,26.9252,7.78589,71,74,69,2519,2800,0.476055,41,11.5909,0,0,122528655529
40.4071,24.7481,7.78589,71,74,69,2519,2800,0.476055,41,11.5909,0,0,122553402988
37.2755,26.8272,7.78589,71,74,69,2519,2800,0.476055,41,11.5909,0,0,122580231490
35.7261,27.9908,7.78589,71,74,69,2519,2800,0.476055,41,11.5909,0,0,122608222151
40.7839,24.5195,7.78589,71,74,69,2519,2800,0.476055,41,11.5909,0,0,122632741613
38.3263,26.0918,7.78589,71,74,69,2519,2800,0.476055,41,11.5909,0,0,122658833463
39.2679,25.4661,7.78589,71,74,69,2519,2800,0.476055,41,11.5909,0,0,122684299580
38.3868,26.0506,7.78589,71,74,69,2519,2800,0.476055,41,11.5909,0,0,122710350333
40.9082,24.445,7.78589,71,74,69,2519,2800,0.476055,41,11.5909,0,0,122734796637
40.1307,24.9186,7.78589,71,74,69,2519,2800,0.476055,41,11.5909,0,0,122759715258
39.0366,25.617,7.78589,71,74,69,2519,2800,0.476055,41,11.5909,0,0,122785332678
39.0805,25.5882,7.78589,71,74,69,2519,2800,0.476055,41,11.5909,0,0,122810920944
40.1645,24.8976,7.78589,71,74,69,2519,2800,0.476055,41,11.5909,0,0,122835819867
38.3087,26.1037,7.78589,71,74,69,2519,2800,0.476055,41,11.5909,0,0,122861923971
32.5155,30.7545,7.78589,71,74,69,2519,2800,0.476055,41,11.5909,0,0,122892677794
39.9247,25.0472,7.78589,71,74,69,2519,2800,0.476055,41,11.5909,0,0,122917731878
39.955,25.0282,7.95594,71,72,69,2471,2800,0.476055,32,11.5883,0,0,122942753762
42.5096,23.5241,7.95594,71,72,69,2471,2800,0.476055,32,11.5883,0,0,122966278317
37.423,26.7216,7.95594,71,72,69,2471,2800,0.476055,32,11.5883,0,0,122993000139
37.642,26.566,7.95594,71,72,69,2471,2800,0.476055,32,11.5883,0,0,123019566910
34.6107,28.8928,7.95594,71,72,69,2471,2800,0.476055,32,11.5883,0,0,123048460344
35.7615,27.9631,7.95594,71,72,69,2471,2800,0.476055,32,11.5883,0,0,123076423764
43.0924,23.2059,7.95594,71,72,69,2471,2800,0.476055,32,11.5883,0,0,123099629081
37.0694,26.9764,7.95594,71,72,69,2471,2800,0.476055,32,11.5883,0,0,123126604920
28.6792,34.8685,7.95594,71,72,69,2471,2800,0.476055,32,11.5883,0,0,123161474070
36.5711,27.344,7.95594,71,72,69,2471,2800,0.476055,32,11.5883,0,0,123188819241
36.5841,27.3342,7.95594,71,72,69,2471,2800,0.476055,32,11.5883,0,0,123216154062
37.8826,26.3973,7.95594,71,72,69,2471,2800,0.476055,32,11.5883,0,0,123242552237
44.0953,22.6782,7.95594,71,72,69,2471,2800,0.476055,32,11.5883,0,0,123265229263
38.3835,26.0529,7.95594,71,72,69,2471,2800,0.476055,32,11.5883,0,0,123291282621
41.367,24.1739,7.95594,71,72,69,2471,2800,0.476055,32,11.5883,0,0,123315457146
38.3231,26.0939,7.95594,71,72,69,2471,2800,0.476055,32,11.5883,0,0,123341551361
40.4024,24.751,7.95594,71,72,69,2471,2800,0.476055,32,11.5883,0,0,123366328706
38.7094,25.8335,7.95594,71,72,69,2471,2800,0.476055,32,11.5883,0,0,123392136233
35.7616,27.963,7.95594,71,72,69,2471,2800,0.476055,32,11.5883,0,0,123420104673
34.5609,28.9344,7.81841,72,70,69,2541,2800,0.476055,41,11.5889,0,0,123449034806
35.4607,28.2003,7.81841,72,70,69,2541,2800,0.476055,41,11.5889,0,0,123477234659
38.6046,25.9036,7.81841,72,70,69,2541,2800,0.476055,41,11.5889,0,0,123503138597
38.7619,25.7985,7.81841,72,70,69,2541,2800,0.476055,41,11.5889,0,0,123528938800
38.2443,26.1477,7.81841,72,70,69,2541,2800,0.476055,41,11.5889,0,0,123555086055
36.4902,27.4046,7.81841,72,70,69,2541,2800,0.476055,41,11.5889,0,0,123582490537
38.0688,26.2682,7.81841,72,70,69,2541,2800,0.476055,41,11.5889,0,0,123608760080
38.6763,25.8556,7.81841,72,70,69,2541,2800,0.476055,41,11.5889,0,0,123634615397
42.5973,23.4757,7.81841,72,70,69,2541,2800,0.476055,41,11.5889,0,0,123658090610
36.6901,27.2553,7.81841,72,70,69,2541,2800,0.476055,41,11.5889,0,0,123685346834
41.8305,23.906,7.81841,72,70,69,2541,2800,0.476055,41,11.5889,0,0,123709253166
36.4916,27.4036,7.81841,72,70,69,2541,2800,0.476055,41,11.5889,0,0,123736657307
37.3025,26.8079,7.81841,72,70,69,2541,2800,0.476055,41,11.5889,0,0,123763464990
38.9046,25.7039,7.81841,72,70,69,2541,2800,0.476055,41,11.5889,0,0,123789169273
39.0598,25.6018,7.81841,72,70,69,2541,2800,0.476055,41,11.5889,0,0,123814772928
41.6851,23.9894,7.81841,72,70,69,2541,2800,0.476055,41,11.5889,0,0,123838761224
39.7186,25.1771,7.81841,72,70,69,2541,2800,0.476055,41,11.5889,0,0,123863939060
37.42,26.7237,7.81841,72,70,69,2541,2800,0.476055,41,11.5889,0,0,123890662465
39.692,25.194,7.81841,72,70,69,2541,2800,0.476055,41,11.5889,0,0,123915857583
38.5173,25.9624,7.81841,72,70,69,2541,2800,0.476055,41,11.5889,0,0,123941824419
38.3511,26.0748,10.3281,71,72,70,2569,2800,0.476055,40,11.5869,0,0,123967895290
32.823,30.4664,10.3281,71,72,70,2569,2800,0.476055,40,11.5869,0,0,123998362005
39.3222,25.4309,10.3281,71,72,70,2569,2800,0.476055,40,11.5869,0,0,124023793246
37.5608,26.6235,10.3281,71,72,70,2569,2800,0.476055,40,11.5869,0,0,124050416984
39.139,25.55,10.3281,71,72,70,2569,2800,0.476055,40,11.5869,0,0,124075967379
29.9425,33.3974,10.3281,71,72,70,2569,2800,0.476055,40,11.5869,0,0,124109365461
38.9196,25.694,10.3281,71,72,70,2569,2800,0.476055,40,11.5869,0,0,124135059785
40.2554,24.8414,10.3281,71,72,70,2569,2800,0.476055,40,11.5869,0,0,124159901521
39.2384,25.4853,10.3281,71,72,70,2569,2800,0.476055,40,11.5869,0,0,124185385201
40.7596,24.5341,10.3281,71,72,70,2569,2800,0.476055,40,11.5869,0,0,124209920192
37.7061,26.5209,10.3281,71,72,70,2569,2800,0.476055,40,11.5869,0,0,124236442239
41.098,24.3321,10.3281,71,72,70,2569,2800,0.476055,40,11.5869,0,0,124260774570
39.4038,25.3783,10.3281,71,72,70,2569,2800,0.476055,40,11.5869,0,0,124286153222
36.4089,27.4658,10.3281,71,72,70,2569,2800,0.476055,40,11.5869,0,0,124313620111
41.7174,23.9708,10.3281,71,72,70,2569,2800,0.476055,40,11.5869,0,0,124337590694
38.8415,25.7457,10.3281,71,72,70,2569,2800,0.476055,40,11.5869,0,0,124363336856
38.7675,25.7948,10.3281,71,72,70,2569,2800,0.476055,40,11.5869,0,0,124389130327
32.4054,30.859,10.3281,71,72,70,2569,2800,0.476055,40,11.5869,0,0,124419991912
38.9101,25.7003,10.3281,71,72,70,2569,2800,0.476055,40,11.5869,0,0,124445696385
38.438,26.0159,7.71176,72,75,69,2480,2800,0.476055,42,11.5871,0,0,124471708236
35.7812,27.9477,7.71176,72,75,69,2480,2800,0.476055,42,11.5871,0,0,124499657419
40.0977,24.9391,7.71176,72,75,69,2480,2800,0.476055,42,11.5871,0,0,124524594093
39.9186,25.051,7.71176,72,75,69,2480,2800,0.476055,42,11.5871,0,0,124549646865
39.8501,25.094,7.71176,72,75,69,2480,2800,0.476055,42,11.5871,0,0,124574741235
41.3516,24.1829,7.71176,72,75,69,2480,2800,0.476055,42,11.5871,0,0,124598924546
34.5028,28.9832,7.71176,72,75,69,2480,2800,0.476055,42,11.5871,0,0,124627906887
38.2081,26.1725,7.71176,72,75,69,2480,2800,0.476055,42,11.5871,0,0,124654081172
42.3908,23.59,7.71176,72,75,69,2480,2800,0.476055,42,11.5871,0,0,124677670509
37.3749,26.7559,7.71176,72,75,69,2480,2800,0.476055,42,11.5871,0,0,124704427396
40.5682,24.6499,7.71176,72,75,69,2480,2800,0.476055,42,11.5871,0,0,124729077353
39.0699,25.5952,7.71176,72,75,69,2480,2800,0.476055,42,11.5871,0,0,124754672602
39.2757,25.461,7.71176,72,75,69,2480,2800,0.476055,42,11.5871,0,0,124780135232
40.0865,24.9461,7.71176,72,75,69,2480,2800,0.476055,42,11.5871,0,0,124805080612
39.2855,25.4547,7.71176,72,75,69,2480,2800,0.476055,42,11.5871,0,0,124830536119
38.2062,26.1738,7.71176,72,75,69,2480,2800,0.476055,42,11.5871,0,0,124856709162
37.3289,26.7889,7.71176,72,75,69,2480,2800,0.476055,42,11.5871,0,0,124883499091
38.0624,26.2726,7.71176,72,75,69,2480,2800,0.476055,42,11.5871,0,0,124909772412
39.6155,25.2426,7.71176,72,75,69,2480,2800,0.476055,42,11.5871,0,0,124935015360
39.8738,25.0791,7.71176,72,75,69,2480,2800,0.476055,42,11.5871,0,0,124960099842
36.6531,27.2828,7.92079,72,71,70,2560,2800,0.476055,41,11.5832,0,0,124987377466
39.02,25.6279,7.92079,72,71,70,2560,2800,0.476055,41,11.5832,0,0,125013006738
40.4582,24.7168,7.92079,72,71,70,2560,2800,0.476055,41,11.5832,0,0,125037723079
41.572,24.0547,7.92079,72,71,70,2560,2800,0.476055,41,11.5832,0,0,125061778451
37.7272,26.5061,7.92079,72,71,70,2560,2800,0.476055,41,11.5832,0,0,125088284948
39.6538,25.2183,7.92079,72,71,70,2560,2800,0.476055,41,11.5832,0,0,125113504523
35.216,28.3962,7.92079,72,71,70,2560,2800,0.476055,41,11.5832,0,0,125141899713
43.2706,23.1104,7.92079,72,71,70,2560,2800,0.476055,41,11.5832,0,0,125165009270
36.3378,27.5195,7.92079,72,71,70,2560,2800,0.476055,41,11.5832,0,0,125192530461
36.6294,27.3005,7.92079,72,71,70,2560,2800,0.476055,41,11.5832,0,0,125219832882
38.4177,26.0297,7.92079,72,71,70,2560,2800,0.476055,41,11.5832,0,0,125245861754
37.7797,26.4692,7.92079,72,71,70,2560,2800,0.476055,41,11.5832,0,0,125272331473
38.8368,25.7488,7.92079,72,71,70,2560,2800,0.476055,41,11.5832,0,0,125298080721
37.4913,26.6728,7.92079,72,71,70,2560,2800,0.476055,41,11.5832,0,0,125324753200
39.8284,25.1077,7.92079,72,71,70,2560,2800,0.476055,41,11.5832,0,0,125349862638
35.6838,28.0239,7.92079,72,71,70,2560,2800,0.476055,41,11.5832,0,0,125377885640
31.9733,31.2761,7.92079,72,71,70,2560,2800,0.476055,41,11.5832,0,0,125409163606
39.6705,25.2076,7.92079,72,71,70,2560,2800,0.476055,41,11.5832,0,0,125434370657
37.9938,26.3201,7.92079,72,71,70,2560,2800,0.476055,41,11.5832,0,0,125460698900
37.0112,27.0189,7.62389,72,70,70,2546,2800,0.476055,36,11.5824,0,0,125487711126
34.5153,28.9726,7.62389,72,70,70,2546,2800,0.476055,36,11.5824,0,0,125516683619
34.9246,28.6331,7.62389,72,70,70,2546,2800,0.476055,36,11.5824,0,0,125545317586
33.0176,30.2868,7.62389,72,70,70,2546,2800,0.476055,36,11.5824,0,0,125575604985
39.9462,25.0337,7.62389,72,70,70,2546,2800,0.476055,36,11.5824,0,0,125600638040
37.6856,26.5354,7.62389,72,70,70,2546,2800,0.476055,36,11.5824,0,0,125627173392
39.2816,25.4572,7.62389,72,70,70,2546,2800,0.476055,36,11.5824,0,0,125652631493
40.0854,24.9467,7.62389,72,70,70,2546,2800,0.476055,36,11.5824,0,0,125677578326
41.3401,24.1896,7.62389,72,70,70,2546,2800,0.476055,36,11.5824,0,0,125701768000
38.7264,25.8222,7.62389,72,70,70,2546,2800,0.476055,36,11.5824,0,0,125727590625
32.9961,30.3066,7.62389,72,70,70,2546,2800,0.476055,36,11.5824,0,0,125757897580
32.3316,30.9295,7.62389,72,70,70,2546,2800,0.476055,36,11.5824,0,0,125788827613
38.1226,26.2312,7.62389,72,70,70,2546,2800,0.476055,36,11.5824,0,0,125815058875
43.143,23.1787,7.62389,72,70,70,2546,2800,0.476055,36,11.5824,0,0,125838238524
38.5498,25.9404,7.62389,72,70,70,2546,2800,0.476055,36,11.5824,0,0,125864179872
37.1865,26.8915,7.62389,72,70,70,2546,2800,0.476055,36,11.5824,0,0,125891071052
38.4209,26.0275,7.62389,72,70,70,2546,2800,0.476055,36,11.5824,0,0,125917098691
39.6446,25.2241,7.62389,72,70,70,2546,2800,0.476055,36,11.5824,0,0,125942323556
38.614,25.8973,7.62389,72,70,70,2546,2800,0.476055,36,11.5824,0,0,125968226031
37.6245,26.5784,10.388,72,73,69,2556,2800,0.476055,31,11.5878,0,0,125994800537
41.1432,24.3054,10.388,72,73,69,2556,2800,0.476055,31,11.5878,0,0,126019106287
36.6843,27.2596,10.388,72,73,69,2556,2800,0.476055,31,11.5878,0,0,126046365427
42.2678,23.6586,10.388,72,73,69,2556,2800,0.476055,31,11.5878,0,0,126070023012
37.9669,26.3387,10.388,72,73,69,2556,2800,0.476055,31,11.5878,0,0,126096363909
36.8412,27.1435,10.388,72,73,69,2556,2800,0.476055,31,11.5878,0,0,126123505879
39.394,25.3846,10.388,72,73,69,2556,2800,0.476055,31,11.5878,0,0,126148892948
37.8557,26.4161,10.388,72,73,69,2556,2800,0.476055,31,11.5878,0,0,126175308615
42.2277,23.6811,10.388,72,73,69,2556,2800,0.476055,31,11.5878,0,0,126198989845
37.8699,26.4062,10.388,72,73,69,2556,2800,0.476055,31,11.5878,0,0,126225397407
37.8602,26.413,10.388,72,73,69,2556,2800,0.476055,31,11.5878,0,0,126251810760
37.7283,26.5053,10.388,72,73,69,2556,2800,0.476055,31,11.5878,0,0,126278315235
41.772,23.9395,10.388,72,73,69,2556,2800,0.476055,31,11.5878,0,0,126302254909
31.6634,31.5822,10.388,72,73,69,2556,2800,0.476055,31,11.5878,0,0,126333838508
39.5455,25.2874,10.388,72,73,69,2556,2800,0.476055,31,11.5878,0,0,126359126150
39.3999,25.3808,10.388,72,73,69,2556,2800,0.476055,31,11.5878,0,0,126384507127
40.3672,24.7726,10.388,72,73,69,2556,2800,0.476055,31,11.5878,0,0,126409278321
40.959,24.4147,10.388,72,73,69,2556,2800,0.476055,31,11.5878,0,0,126433695300
39.9516,25.0303,10.388,72,73,69,2556,2800,0.476055,31,11.5878,0,0,126458726301
38.6039,25.9041,10.388,72,73,69,2556,2800,0.476055,31,11.5878,0,0,126484635359
36.9962,27.0298,7.84314,72,74,70,2559,2800,0.476055,40,11.5873,0,0,126511660209
38.1951,26.1813,7.84314,72,74,70,2559,2800,0.476055,40,11.5873,0,0,126537842389
39.9746,25.0159,7.84314,72,74,70,2559,2800,0.476055,40,11.5873,0,0,126562859223
39.162,25.535,7.84314,72,74,70,2559,2800,0.476055,40,11.5873,0,0,126588394780
37.1062,26.9497,7.84314,72,74,70,2559,2800,0.476055,40,11.5873,0,0,126615344239
40.1983,24.8767,7.84314,72,74,70,2559,2800,0.476055,40,11.5873,0,0,126640220800
40.71,24.564,7.84314,72,74,70,2559,2800,0.476055,40,11.5873,0,0,126664785376
35.0005,28.571,7.84314,72,74,70,2559,2800,0.476055,40,11.5873,0,0,126693356516
39.46,25.3421,7.84314,72,74,70,2559,2800,0.476055,40,11.5873,0,0,126718698790
38.0342,26.2921,7.84314,72,74,70,2559,2800,0.476055,40,11.5873,0,0,126744991748
40.9513,24.4192,7.84314,72,74,70,2559,2800,0.476055,40,11.5873,0,0,126769412494
39.0973,25.5772,7.84314,72,74,70,2559,2800,0.476055,40,11.5873,0,0,126794990211
37.6661,26.5491,7.84314,72,74,70,2559,2800,0.476055,40,11.5873,0,0,126821538056
40.7241,24.5555,7.84314,72,74,70,2559,2800,0.476055,40,11.5873,0,0,126846092784
39.6061,25.2486,7.84314,72,74,70,2559,2800,0.476055,40,11.5873,0,0,126871342044
41.1411,24.3066,7.84314,72,74,70,2559,2800,0.476055,40,11.5873,0,0,126895650049
36.736,27.2212,7.84314,72,74,70,2559,2800,0.476055,40,11.5873,0,0,126922871397
32.976,30.3251,7.84314,72,74,70,2559,2800,0.476055,40,11.5873,0,0,126953194733
41.0399,24.3665,7.84314,72,74,70,2559,2800,0.476055,40,11.5873,0,0,126977562821
42.6672,23.4372,7.84314,72,74,70,2559,2800,0.476055,40,11.5873,0,0,127001005142
40.0625,24.961,8.42491,72,73,70,2549,2800,0.478004,30,11.5768,0,0,127025960091
37.0521,26.9891,8.42491,72,73,70,2549,2800,0.478004,30,11.5768,0,0,127052950226
39.2961,25.4478,8.42491,72,73,70,2549,2800,0.478004,30,11.5768,0,0,127078399611
42.2572,23.6646,8.42491,72,73,70,2549,2800,0.478004,30,11.5768,0,0,127102064761
35.1612,28.4405,8.42491,72,73,70,2549,2800,0.478004,30,11.5768,0,0,127130505085
39.1862,25.5192,8.42491,72,73,70,2549,2800,0.478004,30,11.5768,0,0,127156025574
40.933,24.4302,8.42491,72,73,70,2549,2800,0.478004,30,11.5768,0,0,127180455427
35.1319,28.4642,8.42491,72,73,70,2549,2800,0.478004,30,11.5768,0,0,127208919827
36.8856,27.1108,8.42491,72,73,70,2549,2800,0.478004,30,11.5768,0,0,127236031921
38.2234,26.162,8.42491,72,73,70,2549,2800,0.478004,30,11.5768,0,0,127262193782
40.8931,24.454,8.42491,72,73,70,2549,2800,0.478004,30,11.5768,0,0,127286648001
40.9852,24.3991,8.42491,72,73,70,2549,2800,0.478004,30,11.5768,0,0,127311047608
42.1756,23.7104,8.42491,72,73,70,2549,2800,0.478004,30,11.5768,0,0,127334758864
36.7971,27.176,8.42491,72,73,70,2549,2800,0.478004,30,11.5768,0,0,127361933335
37.6329,26.5725,8.42491,72,73,70,2549,2800,0.478004,30,11.5768,0,0,127388506919
40.7257,24.5545,8.42491,72,73,70,2549,2800,0.478004,30,11.5768,0,0,127413061927
34.976,28.591,8.42491,72,73,70,2549,2800,0.478004,30,11.5768,0,0,127441654517
42.6645,23.4387,8.42491,72,73,70,2549,2800,0.478004,30,11.5768,0,0,127465092901
37.1046,26.9508,8.42491,72,73,70,2549,2800,0.478004,30,11.5768,0,0,127492045455
39.9747,25.0158,8.42491,72,73,70,2549,2800,0.478004,30,11.5768,0,0,127517067530
35.875,27.8746,9.15751,72,70,69,2564,2800,0.478004,46,11.5776,0,0,127544936933
41.1822,24.2823,9.15751,72,70,69,2564,2800,0.478004,46,11.5776,0,0,127569219821
37.8398,26.4272,9.15751,72,70,69,2564,2800,0.478004,46,11.5776,0,0,127595647011
37.4406,26.7089,9.15751,72,70,69,2564,2800,0.478004,46,11.5776,0,0,127622356790
41.2537,24.2402,9.15751,72,70,69,2564,2800,0.478004,46,11.5776,0,0,127646596978
40.2548,24.8418,9.15751,72,70,69,2564,2800,0.478004,46,11.5776,0,0,127671438293
39.6837,25.1993,9.15751,72,70,69,2564,2800,0.478004,46,11.5776,0,0,127696639803
38.8569,25.7355,9.15751,72,70,69,2564,2800,0.478004,46,11.5776,0,0,127722374263
41.6375,24.0168,9.15751,72,70,69,2564,2800,0.478004,46,11.5776,0,0,127746392836
34.6205,28.8846,9.15751,72,70,69,2564,2800,0.478004,46,11.5776,0,0,127775276562
41.9847,23.8182,9.15751,72,70,69,2564,2800,0.478004,46,11.5776,0,0,127799095910
38.6658,25.8627,9.15751,72,70,69,2564,2800,0.478004,46,11.5776,0,0,127824959252
38.6258,25.8894,9.15751,72,70,69,2564,2800,0.478004,46,11.5776,0,0,127850847831
36.7441,27.2152,9.15751,72,70,69,2564,2800,0.478004,46,11.5776,0,0,127878063249
34.2154,29.2266,9.15751,72,70,69,2564,2800,0.478004,46,11.5776,0,0,127907289807
34.6909,28.826,9.15751,72,70,69,2564,2800,0.478004,46,11.5776,0,0,127936118490
31.5683,31.6773,9.15751,72,70,69,2564,2800,0.478004,46,11.5776,0,0,127967796176
38.5046,25.9709,9.15751,72,70,69,2564,2800,0.478004,46,11.5776,0,0,127993765506
42.5147,23.5213,9.15751,72,70,69,2564,2800,0.478004,46,11.5776,0,0,128017288319
38.2874,26.1182,15.9898,72,71,71,2567,2800,0.478004,28,11.5711,0,0,128043406378
41.145,24.3043,15.9898,72,71,71,2567,2800,0.478004,28,11.5711,0,0,128067711889
38.6406,25.8795,15.9898,72,71,71,2567,2800,0.478004,28,11.5711,0,0,128093590900
36.4694,27.4203,15.9898,72,71,71,2567,2800,0.478004,28,11.5711,0,0,128121011392
37.241,26.8521,15.9898,72,71,71,2567,2800,0.478004,28,11.5711,0,0,128147863598
40.9457,24.4226,15.9898,72,71,71,2567,2800,0.478004,28,11.5711,0,0,128172285166
39.992,25.005,15.9898,72,71,71,2567,2800,0.478004,28,11.5711,0,0,128197292503
38.176,26.1945,15.9898,72,71,71,2567,2800,0.478004,28,11.5711,0,0,128223486705
40.7542,24.5373,15.9898,72,71,71,2567,2800,0.478004,28,11.5711,0,0,128248024711
33.8906,29.5067,15.9898,72,71,71,2567,2800,0.478004,28,11.5711,0,0,128277531085
43.383,23.0505,15.9898,72,71,71,2567,2800,0.478004,28,11.5711,0,0,128300580239
37.0348,27.0016,15.9898,72,71,71,2567,2800,0.478004,28,11.5711,0,0,128327584581
39.5414,25.2899,15.9898,72,71,71,2567,2800,0.478004,28,11.5711,0,0,128352874247
36.2613,27.5776,15.9898,72,71,71,2567,2800,0.478004,28,11.5711,0,0,128380452414
41.5381,24.0743,15.9898,72,71,71,2567,2800,0.478004,28,11.5711,0,0,128404527523
27.1477,36.8356,15.9898,72,71,71,2567,2800,0.478004,28,11.5711,0,0,128441362480
41.0341,24.37,15.9898,72,71,71,2567,2800,0.478004,28,11.5711,0,0,128465733693
38.2768,26.1255,15.9898,72,71,71,2567,2800,0.478004,28,11.5711,0,0,128491859878
36.1256,27.6812,15.9898,72,71,71,2567,2800,0.478004,28,11.5711,0,0,128519545938
39.768,25.1459,7.81841,72,77,69,2492,2800,0.478004,34,11.5705,0,0,128544686965
39.818,25.1143,7.81841,72,77,69,2492,2800,0.478004,34,11.5705,0,0,128569802805
39.5536,25.2822,7.81841,72,77,69,2492,2800,0.478004,34,11.5705,0,0,128595083965
39.6202,25.2397,7.81841,72,77,69,2492,2800,0.478004,34,11.5705,0,0,128620324088
38.8398,25.7468,7.81841,72,77,69,2492,2800,0.478004,34,11.5705,0,0,128646072384
34.1991,29.2406,7.81841,72,77,69,2492,2800,0.478004,34,11.5705,0,0,128675311917
36.4586,27.4283,7.81841,72,77,69,2492,2800,0.478004,34,11.5705,0,0,128702741687
35.3182,28.314,7.81841,72,77,69,2492,2800,0.478004,34,11.5705,0,0,128731054813
37.2301,26.86,7.81841,72,77,69,2492,2800,0.478004,34,11.5705,0,0,128757915745
40.0201,24.9875,7.81841,72,77,69,2492,2800,0.478004,34,11.5705,0,0,128782903164
37.9275,26.3661,7.81841,72,77,69,2492,2800,0.478004,34,11.5705,0,0,128809271253
39.0074,25.6362,7.81841,72,77,69,2492,2800,0.478004,34,11.5705,0,0,128834907699
36.8242,27.156,7.81841,72,77,69,2492,2800,0.478004,34,11.5705,0,0,128862063444
40.3084,24.8087,7.81841,72,77,69,2492,2800,0.478004,34,11.5705,0,0,128886872209
39.8114,25.1184,7.81841,72,77,69,2492,2800,0.478004,34,11.5705,0,0,128911990734
39.3406,25.4191,7.81841,72,77,69,2492,2800,0.478004,34,11.5705,0,0,128937430391
38.2393,26.1511,7.81841,72,77,69,2492,2800,0.478004,34,11.5705,0,0,128963562366
39.4503,25.3483,7.81841,72,77,69,2492,2800,0.478004,34,11.5705,0,0,128988910632
39.0518,25.607,7.81841,72,77,69,2492,2800,0.478004,34,11.5705,0,0,129014518445
41.22,24.2601,7.81841,72,77,69,2492,2800,0.478004,34,11.5705,0,0,129038782768
37.8682,26.4074,9.15751,72,73,70,2552,2800,0.478004,32,11.5734,0,0,129065187265
38.5124,25.9657,9.15751,72,73,70,2552,2800,0.478004,32,11.5734,0,0,129091152297
37.7875,26.4638,9.15751,72,73,70,2552,2800,0.478004,32,11.5734,0,0,129117616015
39.0316,25.6203,9.15751,72,73,70,2552,2800,0.478004,32,11.5734,0,0,129143238325
39.6186,25.2407,9.15751,72,73,70,2552,2800,0.478004,32,11.5734,0,0,129168478137
37.8908,26.3917,9.15751,72,73,70,2552,2800,0.478004,32,11.5734,0,0,129194870641
37.5755,26.6131,9.15751,72,73,70,2552,2800,0.478004,32,11.5734,0,0,129221483148
39.2485,25.4787,9.15751,72,73,70,2552,2800,0.478004,32,11.5734,0,0,129246962269
40.8861,24.4582,9.15751,72,73,70,2552,2800,0.478004,32,11.5734,0,0,129271418833
37.2469,26.8478,9.15751,72,73,70,2552,2800,0.478004,32,11.5734,0,0,129298267943
38.05,26.2812,9.15751,72,73,70,2552,2800,0.478004,32,11.5734,0,0,129324550191
38.8784,25.7212,9.15751,72,73,70,2552,2800,0.478004,32,11.5734,0,0,129350273349
37.3397,26.7812,9.15751,72,73,70,2552,2800,0.478004,32,11.5734,0,0,129377053561
39.7038,25.1865,9.15751,72,73,70,2552,2800,0.478004,32,11.5734,0,0,129402241536
37.888,26.3936,9.15751,72,73,70,2552,2800,0.478004,32,11.5734,0,0,129428635483
36.7618,27.2022,9.15751,72,73,70,2552,2800,0.478004,32,11.5734,0,0,129455837275
36.9376,27.0727,9.15751,72,73,70,2552,2800,0.478004,32,11.5734,0,0,129482910816
35.6365,28.0611,9.15751,72,73,70,2552,2800,0.478004,32,11.5734,0,0,129510973031
38.8451,25.7433,9.15751,72,73,70,2552,2800,0.478004,32,11.5734,0,0,129536716278
35.1625,28.4394,9.15751,72,73,70,2552,2800,0.478004,32,11.5734,0,0,129565163034
36.468,27.4213,10.6152,72,72,69,2541,2800,0.481445,44,11.5814,0,0,129592578156
33.8479,29.5439,10.6152,72,72,69,2541,2800,0.481445,44,11.5814,0,0,129622119856
40.6587,24.595,10.6152,72,72,69,2541,2800,0.481445,44,11.5814,0,0,129646717043
39.5569,25.28,10.6152,72,72,69,2541,2800,0.481445,44,11.5814,0,0,129671997813
38.9057,25.7032,10.6152,72,72,69,2541,2800,0.481445,44,11.5814,0,0,129697700593
38.4381,26.0159,10.6152,72,72,69,2541,2800,0.481445,44,11.5814,0,0,129723717112
37.0596,26.9835,10.6152,72,72,69,2541,2800,0.481445,44,11.5814,0,0,129750701336
35.3057,28.324,10.6152,72,72,69,2541,2800,0.481445,44,11.5814,0,0,129779024421
40.7392,24.5464,10.6152,72,72,69,2541,2800,0.481445,44,11.5814,0,0,129803572396
33.5928,29.7683,10.6152,72,72,69,2541,2800,0.481445,44,11.5814,0,0,129833339939
36.2838,27.5605,10.6152,72,72,69,2541,2800,0.481445,44,11.5814,0,0,129860901526
35.9098,27.8476,10.6152,72,72,69,2541,2800,0.481445,44,11.5814,0,0,129888750551
34.8318,28.7094,10.6152,72,72,69,2541,2800,0.481445,44,11.5814,0,0,129917461333
33.5102,29.8416,10.6152,72,72,69,2541,2800,0.481445,44,11.5814,0,0,129947301012
31.028,32.2289,10.6152,72,72,69,2541,2800,0.481445,44,11.5814,0,0,129979529951
21.5784,46.3427,10.6152,72,72,69,2541,2800,0.481445,44,11.5814,0,0,130025874461
21.4234,46.6779,10.6152,72,72,69,2541,2800,0.481445,44,11.5814,0,0,130072557917
27.1616,36.8167,10.2628,72,71,69,1697,2800,0.481441,36,11.5823,0,0,130109368739
24.6345,40.5934,10.2628,72,71,69,1697,2800,0.481441,36,11.5823,0,0,130149963286
26.8586,37.232,10.2628,72,71,69,1697,2800,0.481441,36,11.5823,0,0,130187194857
25.7814,38.7877,10.2628,72,71,69,1697,2800,0.481441,36,11.5823,0,0,130225982746
26.3573,37.9402,10.2628,72,71,69,1697,2800,0.481441,36,11.5823,0,0,130263924719
26.1844,38.1907,10.2628,72,71,69,1697,2800,0.481441,36,11.5823,0,0,130302113395
24.9258,40.119,10.2628,72,71,69,1697,2800,0.481441,36,11.5823,0,0,130342233142
23.3208,42.8803,10.2628,72,71,69,1697,2800,0.481441,36,11.5823,0,0,130385112775
25.6038,39.0567,10.2628,72,71,69,1697,2800,0.481441,36,11.5823,0,0,130424169869
25.5019,39.2127,10.2628,72,71,69,1697,2800,0.481441,36,11.5823,0,0,130463382905
25.3132,39.505,10.2628,72,71,69,1697,2800,0.481441,36,11.5823,0,0,130502890364
25.0949,39.8487,10.2628,72,71,69,1697,2800,0.481441,36,11.5823,0,0,130542738271
24.3305,41.1007,10.2628,72,71,69,1697,2800,0.481441,36,11.5823,0,0,130583841443
25.2434,39.6144,9.14709,71,78,68,1177,2800,0.481441,34,11.5827,0,0,130623452275
27.049,36.97,9.14709,71,78,68,1177,2800,0.481441,34,11.5827,0,0,130660423337
25.1234,39.8035,9.14709,71,78,68,1177,2800,0.481441,34,11.5827,0,0,130700228454
25.4264,39.3293,9.14709,71,78,68,1177,2800,0.481441,34,11.5827,0,0,130739557999
26.7577,37.3724,9.14709,71,78,68,1177,2800,0.481441,34,11.5827,0,0,130776928771
25.7745,38.798,9.14709,71,78,68,1177,2800,0.481441,34,11.5827,0,0,130815727140
27.0505,36.9679,9.14709,71,78,68,1177,2800,0.481441,34,11.5827,0,0,130852694826
27.2797,36.6572,9.14709,71,78,68,1177,2800,0.481441,34,11.5827,0,0,130889354264
27.086,36.9194,9.14709,71,78,68,1177,2800,0.481441,34,11.5827,0,0,130926274571
25.7187,38.8822,9.14709,71,78,68,1177,2800,0.481441,34,11.5827,0,0,130965156376
27.2651,36.677,9.14709,71,78,68,1177,2800,0.481441,34,11.5827,0,0,131001832986
21.4348,46.6531,9.14709,71,78,68,1177,2800,0.481441,34,11.5827,0,0,131048490333
24.1772,41.3613,9.14709,71,78,68,1177,2800,0.481441,34,11.5827,0,0,131089850557
23.4001,42.7349,9.5,69,74,67,1086,2800,0.481441,24,11.5866,0,0,131132582683
24.4472,40.9044,9.5,69,74,67,1086,2800,0.481441,24,11.5866,0,0,131173486690
24.945,40.0882,9.5,69,74,67,1086,2800,0.481441,24,11.5866,0,0,131213574948
24.9544,40.0732,9.5,69,74,67,1086,2800,0.481441,24,11.5866,0,0,131253649010
26.4259,37.8416,9.5,69,74,67,1086,2800,0.481441,24,11.5866,0,0,131291490885
25.5406,39.1534,9.5,69,74,67,1086,2800,0.481441,24,11.5866,0,0,131330644580
26.5505,37.664,9.5,69,74,67,1086,2800,0.481441,24,11.5866,0,0,131368309233
27.2794,36.6578,9.5,69,74,67,1086,2800,0.481441,24,11.5866,0,0,131404966086
25.3592,39.4334,9.5,69,74,67,1086,2800,0.481441,24,11.5866,0,0,131444401269
25.2541,39.5975,9.5,69,74,67,1086,2800,0.481441,24,11.5866,0,0,131483997264
26.3976,37.8823,9.5,69,74,67,1086,2800,0.481441,24,11.5866,0,0,131521880747
26.2625,38.077,9.5,69,74,67,1086,2800,0.481441,24,11.5866,0,0,131559959216
26.8791,37.2037,9.5,69,74,67,1086,2800,0.481441,24,11.5866,0,0,131597163636
26.3325,37.9758,10.9726,69,73,66,1238,2800,0.481441,24,11.593,0,0,131635137609
27.2122,36.7482,10.9726,69,73,66,1238,2800,0.481441,24,11.593,0,0,131671887016
27.2079,36.754,10.9726,69,73,66,1238,2800,0.481441,24,11.593,0,0,131708640790
27.7158,36.0805,10.9726,69,73,66,1238,2800,0.481441,24,11.593,0,0,131744722365
26.2694,38.0671,10.9726,69,73,66,1238,2800,0.481441,24,11.593,0,0,131782788160
28.0308,35.675,10.9726,69,73,66,1238,2800,0.481441,24,11.593,0,0,131818465476
28.2087,35.45,10.9726,69,73,66,1238,2800,0.481441,24,11.593,0,0,131853915335
28.0133,35.6974,10.9726,69,73,66,1238,2800,0.481441,24,11.593,0,0,131889612188
27.6673,36.1438,10.9726,69,73,66,1238,2800,0.481441,24,11.593,0,0,131925757862
27.7633,36.0187,10.9726,69,73,66,1238,2800,0.481441,24,11.593,0,0,131961775186
27.212,36.7486,10.9726,69,73,66,1238,2800,0.481441,24,11.593,0,0,131998524052
27.8959,35.8475,10.9726,69,73,66,1238,2800,0.481441,24,11.593,0,0,132034371336
25.8646,38.6629,10.9726,69,73,66,1238,2800,0.481441,24,11.593,0,0,132073034241
27.6537,36.1616,10.9726,69,73,66,1238,2800,0.481441,24,11.593,0,0,132109201656
23.7256,42.1486,9.4711,69,72,68,1333,2800,0.478004,26,11.591,0,0,132151344948
28.0613,35.6362,9.4711,69,72,68,1333,2800,0.478004,26,11.591,0,0,132186982089
28.033,35.6722,9.4711,69,72,68,1333,2800,0.478004,26,11.591,0,0,132222655938
27.0853,36.9204,9.4711,69,72,68,1333,2800,0.478004,26,11.591,0,0,132259575414
26.4863,37.7554,9.4711,69,72,68,1333,2800,0.478004,26,11.591,0,0,132297330346
27.2184,36.7398,9.4711,69,72,68,1333,2800,0.478004,26,11.591,0,0,132334070816
28.295,35.3419,9.4711,69,72,68,1333,2800,0.478004,26,11.591,0,0,132369413585
27.7698,36.0103,9.4711,69,72,68,1333,2800,0.478004,26,11.591,0,0,132405423043
27.5632,36.2802,9.4711,69,72,68,1333,2800,0.478004,26,11.591,0,0,132441703150
27.0909,36.9128,9.4711,69,72,68,1333,2800,0.478004,26,11.591,0,0,132478617576
26.1564,38.2315,9.4711,69,72,68,1333,2800,0.478004,26,11.591,0,0,132516848491
22.9631,43.5482,9.4711,69,72,68,1333,2800,0.478004,26,11.591,0,0,132560396877
25.5239,39.1789,9.4711,69,72,68,1333,2800,0.478004,26,11.591,0,0,132599576181
27.2875,36.6468,9.4711,69,72,68,1333,2800,0.478004,26,11.591,0,0,132636226341
27.021,37.0083,9.22156,69,76,67,1223,2800,0.478004,23,11.5904,0,0,132673230726
26.3368,37.9697,9.22156,69,76,67,1223,2800,0.478004,23,11.5904,0,0,132711201262
25.1874,39.7024,9.22156,69,76,67,1223,2800,0.478004,23,11.5904,0,0,132750903557
27.7185,36.077,9.22156,69,76,67,1223,2800,0.478004,23,11.5904,0,0,132786981003
27.1884,36.7804,9.22156,69,76,67,1223,2800,0.478004,23,11.5904,0,0,132823764083
27.2845,36.6508,9.22156,69,76,67,1223,2800,0.478004,23,11.5904,0,0,132860413442
28.206,35.4534,9.22156,69,76,67,1223,2800,0.478004,23,11.5904,0,0,132895866076
26.699,37.4546,9.22156,69,76,67,1223,2800,0.478004,23,11.5904,0,0,132933321978
26.2572,38.0847,9.22156,69,76,67,1223,2800,0.478004,23,11.5904,0,0,132971405907
27.7023,36.098,9.22156,69,76,67,1223,2800,0.478004,23,11.5904,0,0,133007504052
24.5659,40.7069,9.22156,69,76,67,1223,2800,0.478004,23,11.5904,0,0,133048215098
25.8251,38.7219,9.22156,69,76,67,1223,2800,0.478004,23,11.5904,0,0,133086933247
27.0996,36.901,9.22156,69,76,67,1223,2800,0.478004,23,11.5904,0,0,133123834969
27.6753,36.1333,9.22156,69,76,67,1223,2800,0.478004,23,11.5904,0,0,133159974972
28.2875,35.3513,9.65018,69,73,68,1393,2800,0.478004,24,11.595,0,0,133195321148
26.5286,37.6951,9.65018,69,73,68,1393,2800,0.478004,24,11.595,0,0,133233015366
27.738,36.0516,9.65018,69,73,68,1393,2800,0.478004,24,11.595,0,0,133269067084
26.8687,37.218,9.65018,69,73,68,1393,2800,0.478004,24,11.595,0,0,133306284969
26.9694,37.079,9.65018,69,73,68,1393,2800,0.478004,24,11.595,0,0,133343364365
27.928,35.8064,9.65018,69,73,68,1393,2800,0.478004,24,11.595,0,0,133379172606
25.9843,38.4848,9.65018,69,73,68,1393,2800,0.478004,24,11.595,0,0,133417658810
25.9473,38.5396,9.65018,69,73,68,1393,2800,0.478004,24,11.595,0,0,133456196119
26.4467,37.812,9.65018,69,73,68,1393,2800,0.478004,24,11.595,0,0,133494008018
26.1663,38.2171,9.65018,69,73,68,1393,2800,0.478004,24,11.595,0,0,133532226299
26.6939,37.4617,9.65018,69,73,68,1393,2800,0.478004,24,11.595,0,0,133569690657
26.1882,38.1852,9.65018,69,73,68,1393,2800,0.478004,24,11.595,0,0,133607875315
26.7326,37.4075,9.65018,69,73,68,1393,2800,0.478004,24,11.595,0,0,133645281242
26.9675,37.0816,9.65018,69,73,68,1393,2800,0.478004,24,11.595,0,0,133682366529
26.888,37.1914,11.5942,69,73,67,1361,2800,0.478004,24,11.5991,0,0,133719554398
27.2842,36.6512,11.5942,69,73,67,1361,2800,0.478004,24,11.5991,0,0,133756206021
26.8856,37.1947,11.5942,69,73,67,1361,2800,0.478004,24,11.5991,0,0,133793401053
28.4564,35.1415,11.5942,69,73,67,1361,2800,0.478004,24,11.5991,0,0,133828542264
28.1224,35.5588,11.5942,69,73,67,1361,2800,0.478004,24,11.5991,0,0,133864103211
28.1678,35.5015,11.5942,69,73,67,1361,2800,0.478004,24,11.5991,0,0,133899603465
27.7406,36.0482,11.5942,69,73,67,1361,2800,0.478004,24,11.5991,0,0,133935651447
27.6512,36.1648,11.5942,69,73,67,1361,2800,0.478004,24,11.5991,0,0,133971816758
27.1005,36.8997,11.5942,69,73,67,1361,2800,0.478004,24,11.5991,0,0,134008717077
18.6785,53.5376,11.5942,69,73,67,1361,2800,0.478004,24,11.5991,0,0,134062254326
21.6594,46.1693,11.5942,69,73,67,1361,2800,0.478004,24,11.5991,0,0,134108424269
22.9545,43.5644,11.5942,69,73,67,1361,2800,0.478004,24,11.5991,0,0,134151989317
24.7937,40.3328,11.5942,69,73,67,1361,2800,0.478004,24,11.5991,0,0,134192326813
25.9321,38.5622,8.78713,69,76,67,1093,2800,0.478004,23,11.596,0,0,134230884320
26.276,38.0576,8.78713,69,76,67,1093,2800,0.478004,23,11.596,0,0,134268941679
25.4463,39.2984,8.78713,69,76,67,1093,2800,0.478004,23,11.596,0,0,134308240537
24.7768,40.3603,8.78713,69,76,67,1093,2800,0.478004,23,11.596,0,0,134348601666
26.4428,37.8175,8.78713,69,76,67,1093,2800,0.478004,23,11.596,0,0,134386418906
27.14,36.846,8.78713,69,76,67,1093,2800,0.478004,23,11.596,0,0,134423264853
27.1892,36.7793,8.78713,69,76,67,1093,2800,0.478004,23,11.596,0,0,134460046600
22.9439,43.5846,8.78713,69,76,67,1093,2800,0.478004,23,11.596,0,0,134503639130
24.2824,41.1821,8.78713,69,76,67,1093,2800,0.478004,23,11.596,0,0,134544812813
25.7603,38.8194,8.78713,69,76,67,1093,2800,0.478004,23,11.596,0,0,134583631621
27.366,36.5417,8.78713,69,76,67,1093,2800,0.478004,23,11.596,0,0,134620173498
25.904,38.604,8.78713,69,76,67,1093,2800,0.478004,23,11.596,0,0,134658778063
27.4925,36.3736,8.78713,69,76,67,1093,2800,0.478004,23,11.596,0,0,134695159460
26.7075,37.4426,9.48814,69,73,67,1309,2800,0.478004,24,11.5967,0,0,134732595975
25.8068,38.7495,9.48814,69,73,67,1309,2800,0.478004,24,11.5967,0,0,134771345132
25.4747,39.2546,9.48814,69,73,67,1309,2800,0.478004,24,11.5967,0,0,134810599135
26.2194,38.1398,9.48814,69,73,67,1309,2800,0.478004,24,11.5967,0,0,134848739290
26.6536,37.5183,9.48814,69,73,67,1309,2800,0.478004,24,11.5967,0,0,134886258810
27.2475,36.7007,9.48814,69,73,67,1309,2800,0.478004,24,11.5967,0,0,134922958584
27.5005,36.363,9.48814,69,73,67,1309,2800,0.478004,24,11.5967,0,0,134959323429
27.7622,36.0201,9.48814,69,73,67,1309,2800,0.478004,24,11.5967,0,0,134995342406
27.5894,36.2458,9.48814,69,73,67,1309,2800,0.478004,24,11.5967,0,0,135031590543
26.8757,37.2083,9.48814,69,73,67,1309,2800,0.478004,24,11.5967,0,0,135068802046
26.2366,38.1147,9.48814,69,73,67,1309,2800,0.478004,24,11.5967,0,0,135106912655
25.9988,38.4633,9.48814,69,73,67,1309,2800,0.478004,24,11.5967,0,0,135145376206
26.443,37.8172,9.48814,69,73,67,1309,2800,0.478004,24,11.5967,0,0,135183194307
26.9802,37.0642,9.48814,69,73,67,1309,2800,0.478004,24,11.5967,0,0,135220260537
27.1582,36.8213,9.67742,69,71,68,1425,2800,0.478004,23,11.5902,0,0,135257080787
28.409,35.2001,9.67742,69,71,68,1425,2800,0.478004,23,11.5902,0,0,135292279846
28.4003,35.2108,9.67742,69,71,68,1425,2800,0.478004,23,11.5902,0,0,135327491419
28.7414,34.7931,9.67742,69,71,68,1425,2800,0.478004,23,11.5902,0,0,135362283595
28.0461,35.6556,9.67742,69,71,68,1425,2800,0.478004,23,11.5902,0,0,135397941234
27.6934,36.1096,9.67742,69,71,68,1425,2800,0.478004,23,11.5902,0,0,135434049979
26.4348,37.8289,9.67742,69,71,68,1425,2800,0.478004,23,11.5902,0,0,135471879882
25.9093,38.5962,9.67742,69,71,68,1425,2800,0.478004,23,11.5902,0,0,135510475380
26.6847,37.4747,9.67742,69,71,68,1425,2800,0.478004,23,11.5902,0,0,135547950508
26.9109,37.1596,9.67742,69,71,68,1425,2800,0.478004,23,11.5902,0,0,135585112268
27.1402,36.8456,9.67742,69,71,68,1425,2800,0.478004,23,11.5902,0,0,135621958035
26.8212,37.2839,9.67742,69,71,68,1425,2800,0.478004,23,11.5902,0,0,135659242114
26.9387,37.1213,9.67742,69,71,68,1425,2800,0.478004,23,11.5902,0,0,135696362566
27.5711,36.2698,9.67742,69,71,68,1425,2800,0.478004,23,11.5902,0,0,135732635459
27.2708,36.6692,11.33,69,73,67,1373,2800,0.478004,24,11.5929,0,0,135769301259
23.2247,43.0576,11.33,69,73,67,1373,2800,0.478004,24,11.5929,0,0,135812360098
25.8499,38.6849,11.33,69,73,67,1373,2800,0.478004,24,11.5929,0,0,135851044483
27.6833,36.1229,11.33,69,73,67,1373,2800,0.478004,24,11.5929,0,0,135887168026
27.5376,36.314,11.33,69,73,67,1373,2800,0.478004,24,11.5929,0,0,135923481475
26.5418,37.6764,11.33,69,73,67,1373,2800,0.478004,24,11.5929,0,0,135961157830
25.4399,39.3083,11.33,69,73,67,1373,2800,0.478004,24,11.5929,0,0,136000467718
26.8839,37.197,11.33,69,73,67,1373,2800,0.478004,24,11.5929,0,0,136037663381
26.3807,37.9065,11.33,69,73,67,1373,2800,0.478004,24,11.5929,0,0,136075570439
27.6056,36.2245,11.33,69,73,67,1373,2800,0.478004,24,11.5929,0,0,136111796254
25.8116,38.7422,11.33,69,73,67,1373,2800,0.478004,24,11.5929,0,0,136150537776
26.9315,37.1313,11.33,69,73,67,1373,2800,0.478004,24,11.5929,0,0,136187671203
26.8555,37.2363,11.33,69,73,67,1373,2800,0.478004,24,11.5929,0,0,136224906090
28.2949,35.3421,11.33,69,73,67,1373,2800,0.478004,24,11.5929,0,0,136260254238
27.8439,35.9145,8.51319,69,76,67,1296,2800,0.478004,22,11.5927,0,0,136296162838
28.0684,35.6272,8.51319,69,76,67,1296,2800,0.478004,22,11.5927,0,0,136331790311
28.464,35.1322,8.51319,69,76,67,1296,2800,0.478004,22,11.5927,0,0,136366922244
25.2554,39.5954,8.51319,69,76,67,1296,2800,0.478004,22,11.5927,0,0,136406517938
28.4409,35.1606,8.51319,69,76,67,1296,2800,0.478004,22,11.5927,0,0,136441678916
27.8814,35.8662,8.51319,69,76,67,1296,2800,0.478004,22,11.5927,0,0,136477546088
25.2046,39.6753,8.51319,69,76,67,1296,2800,0.478004,22,11.5927,0,0,136517572440
27.2752,36.6634,8.51319,69,76,67,1296,2800,0.478004,22,11.5927,0,0,136553884727
27.5057,36.3561,8.51319,69,76,67,1296,2800,0.478004,22,11.5927,0,0,136590240214
24.5456,40.7404,8.51319,69,76,67,1296,2800,0.478004,22,11.5927,0,0,136630981677
25.8976,38.6137,8.51319,69,76,67,1296,2800,0.478004,22,11.5927,0,0,136669595370
26.2965,38.0278,8.51319,69,76,67,1296,2800,0.478004,22,11.5927,0,0,136707623104
26.5272,37.6972,8.51319,69,76,67,1296,2800,0.478004,22,11.5927,0,0,136745320288
26.158,38.2293,8.51319,69,76,67,1296,2800,0.478004,22,11.5927,0,0,136783558717
27.0424,36.979,8.6165,69,73,67,1262,2800,0.478004,26,11.5881,0,0,136820530059
27.3547,36.5567,8.6165,69,73,67,1262,2800,0.478004,26,11.5881,0,0,136857087065
27.6061,36.2239,8.6165,69,73,67,1262,2800,0.478004,26,11.5881,0,0,136893312860
27.6719,36.1378,8.6165,69,73,67,1262,2800,0.478004,26,11.5881,0,0,136929450008
26.5562,37.656,8.6165,69,73,67,1262,2800,0.478004,26,11.5881,0,0,136967105233
24.1433,41.4194,8.6165,69,73,67,1262,2800,0.478004,26,11.5881,0,0,137008524678
25.2065,39.6722,8.6165,69,73,67,1262,2800,0.478004,26,11.5881,0,0,137048197557
26.2196,38.1394,8.6165,69,73,67,1262,2800,0.478004,26,11.5881,0,0,137086336900
25.8851,38.6322,8.6165,69,73,67,1262,2800,0.478004,26,11.5881,0,0,137124969438
25.7499,38.8352,8.6165,69,73,67,1262,2800,0.478004,26,11.5881,0,0,137163804516
25.6568,38.9761,8.6165,69,73,67,1262,2800,0.478004,26,11.5881,0,0,137202781890
22.0224,45.4083,8.6165,69,73,67,1262,2800,0.478004,26,11.5881,0,0,137248189524
24.0243,41.6244,8.6165,69,73,67,1262,2800,0.478004,26,11.5881,0,0,137289816537
25.8046,38.7528,8.76095,69,72,67,1017,2800,0.478004,21,11.5908,0,0,137328567207
26.2211,38.1372,8.76095,69,72,67,1017,2800,0.478004,21,11.5908,0,0,137366704756
25.7965,38.765,8.76095,69,72,67,1017,2800,0.478004,21,11.5908,0,0,137405470234
26.6571,37.5134,8.76095,69,72,67,1017,2800,0.478004,21,11.5908,0,0,137442984244
25.3309,39.4775,8.76095,69,72,67,1017,2800,0.478004,21,11.5908,0,0,137482461316
22.7264,44.0017,8.76095,69,72,67,1017,2800,0.478004,21,11.5908,0,0,137526462953
24.9387,40.0984,8.76095,69,72,67,1017,2800,0.478004,21,11.5908,0,0,137566563804
24.0626,41.5582,8.76095,69,72,67,1017,2800,0.478004,21,11.5908,0,0,137608120306
25.3871,39.39,8.76095,69,72,67,1017,2800,0.478004,21,11.5908,0,0,137647510815
26.2224,38.1353,8.76095,69,72,67,1017,2800,0.478004,21,11.5908,0,0,137685646621
26.7219,37.4225,8.76095,69,72,67,1017,2800,0.478004,21,11.5908,0,0,137723068890
26.7716,37.353,8.76095,69,72,67,1017,2800,0.478004,21,11.5908,0,0,137760421788
25.9772,38.4953,8.76095,69,72,67,1017,2800,0.478004,21,11.5908,0,0,137798923441
27.0841,36.922,11.0559,69,73,67,1183,2800,0.478004,26,11.5785,0,0,137835839680
25.9807,38.49,11.0559,69,73,67,1183,2800,0.478004,26,11.5785,0,0,137874330342
26.5899,37.6083,11.0559,69,73,67,1183,2800,0.478004,26,11.5785,0,0,137911938008
25.8462,38.6905,11.0559,69,73,67,1183,2800,0.478004,26,11.5785,0,0,137950629697
25.7325,38.8613,11.0559,69,73,67,1183,2800,0.478004,26,11.5785,0,0,137989491615
26.2337,38.1189,11.0559,69,73,67,1183,2800,0.478004,26,11.5785,0,0,138027609398
26.2047,38.1611,11.0559,69,73,67,1183,2800,0.478004,26,11.5785,0,0,138065770622
26.459,37.7943,11.0559,69,73,67,1183,2800,0.478004,26,11.5785,0,0,138103565209
25.7174,38.8842,11.0559,69,73,67,1183,2800,0.478004,26,11.5785,0,0,138142451132
25.6222,39.0286,11.0559,69,73,67,1183,2800,0.478004,26,11.5785,0,0,138181479943
26.023,38.4276,11.0559,69,73,67,1183,2800,0.478004,26,11.5785,0,0,138219905753
27.2815,36.6549,11.0559,69,73,67,1183,2800,0.478004,26,11.5785,0,0,138256561083
27.9082,35.8318,11.0559,69,73,67,1183,2800,0.478004,26,11.5785,0,0,138292393711
23.3357,42.8528,11.0559,69,73,67,1183,2800,0.478004,26,11.5785,0,0,138335249709
25.5342,39.1632,8.52071,69,75,67,1169,2800,0.476051,22,11.5773,0,0,138374409626
24.9778,40.0356,8.52071,69,75,67,1169,2800,0.476051,22,11.5773,0,0,138414445996
26.2734,38.0614,8.52071,69,75,67,1169,2800,0.476051,22,11.5773,0,0,138452507063
25.8767,38.6447,8.52071,69,75,67,1169,2800,0.476051,22,11.5773,0,0,138491151543
24.3172,41.1232,8.52071,69,75,67,1169,2800,0.476051,22,11.5773,0,0,138532276445
26.9485,37.1078,8.52071,69,75,67,1169,2800,0.476051,22,11.5773,0,0,138569383172
26.0988,38.3159,8.52071,69,75,67,1169,2800,0.476051,22,11.5773,0,0,138607700248
25.152,39.7583,8.52071,69,75,67,1169,2800,0.476051,22,11.5773,0,0,138647458076
23.7084,42.1791,8.52071,69,75,67,1169,2800,0.476051,22,11.5773,0,0,138689637416
24.0082,41.6525,8.52071,69,75,67,1169,2800,0.476051,22,11.5773,0,0,138731290017
24.6205,40.6166,8.52071,69,75,67,1169,2800,0.476051,22,11.5773,0,0,138771906336
25.7371,38.8545,8.52071,69,75,67,1169,2800,0.476051,22,11.5773,0,0,138810761932
25.0523,39.9165,8.52071,69,75,67,1169,2800,0.476051,22,11.5773,0,0,138850682545
26.3669,37.9264,15.4982,69,71,68,1191,2800,0.478004,28,11.5762,0,0,138888604491
27.0956,36.9063,15.4982,69,71,68,1191,2800,0.478004,28,11.5762,0,0,138925513667
26.579,37.6237,15.4982,69,71,68,1191,2800,0.478004,28,11.5762,0,0,138963134818
27.4082,36.4854,15.4982,69,71,68,1191,2800,0.478004,28,11.5762,0,0,138999621642
28.5078,35.0781,15.4982,69,71,68,1191,2800,0.478004,28,11.5762,0,0,139034698853
20.0226,49.9436,15.4982,69,71,68,1191,2800,0.478004,28,11.5762,0,0,139084643455
25.8907,38.6239,15.4982,69,71,68,1191,2800,0.478004,28,11.5762,0,0,139123268629
28.93,34.5662,15.4982,69,71,68,1191,2800,0.478004,28,11.5762,0,0,139157833649
30.6988,32.5746,15.4982,69,71,68,1191,2800,0.478004,28,11.5762,0,0,139190409689
31.2252,32.0255,15.4982,69,71,68,1191,2800,0.478004,28,11.5762,0,0,139222435367
30.392,32.9034,15.4982,69,71,68,1191,2800,0.478004,28,11.5762,0,0,139255340324
33.0336,30.2722,15.4982,69,71,68,1191,2800,0.478004,28,11.5762,0,0,139285612063
31.2293,32.0212,15.4982,69,71,68,1191,2800,0.478004,28,11.5762,0,0,139317632972
32.3159,30.9445,15.4982,69,71,68,1191,2800,0.478004,28,11.5762,0,0,139348579146
30.3554,32.943,15.4982,69,71,68,1191,2800,0.478004,28,11.5762,0,0,139381524118
38.0988,26.2476,9.56938,69,74,68,1693,2800,0.481441,23,11.5818,0,0,139407769727
32.7982,30.4895,9.56938,69,74,68,1693,2800,0.481441,23,11.5818,0,0,139438258823
31.4247,31.8221,9.56938,69,74,68,1693,2800,0.481441,23,11.5818,0,0,139470081240
30.6229,32.6553,9.56938,69,74,68,1693,2800,0.481441,23,11.5818,0,0,139502737300
33.5945,29.7668,9.56938,69,74,68,1693,2800,0.481441,23,11.5818,0,0,139532504433
34.5106,28.9766,9.56938,69,74,68,1693,2800,0.481441,23,11.5818,0,0,139561481564
26.1502,38.2406,9.56938,69,74,68,1693,2800,0.481441,23,11.5818,0,0,139599720694
31.9212,31.3271,9.56938,69,74,68,1693,2800,0.481441,23,11.5818,0,0,139631049335
34.3164,29.1406,9.56938,69,74,68,1693,2800,0.481441,23,11.5818,0,0,139660191266
33.6323,29.7333,9.56938,69,74,68,1693,2800,0.481441,23,11.5818,0,0,139689923292
35.9168,27.8421,9.56938,69,74,68,1693,2800,0.481441,23,11.5818,0,0,139717765856
33.8211,29.5674,9.56938,69,74,68,1693,2800,0.481441,23,11.5818,0,0,139747333454
36.5581,27.3538,9.56938,69,74,68,1693,2800,0.481441,23,11.5818,0,0,139774689986
36.1966,27.6269,9.56938,69,74,68,1693,2800,0.481441,23,11.5818,0,0,139802316905
33.8212,29.5673,9.56938,69,74,68,1693,2800,0.481441,23,11.5818,0,0,139831884985
32.5488,30.7231,9.56938,69,74,68,1693,2800,0.481441,23,11.5818,0,0,139862608280
31.0389,32.2176,9.56938,69,74,68,1693,2800,0.481441,23,11.5818,0,0,139894832641
34.703,28.8159,12.2525,70,74,68,2002,2800,0.481441,28,11.5879,0,0,139923641276
34.8011,28.7347,12.2525,70,74,68,2002,2800,0.481441,28,11.5879,0,0,139952375141
34.3855,29.082,12.2525,70,74,68,2002,2800,0.481441,28,11.5879,0,0,139981476846
35.2128,28.3988,12.2525,70,74,68,2002,2800,0.481441,28,11.5879,0,0,140009858019
33.6302,29.7352,12.2525,70,74,68,2002,2800,0.481441,28,11.5879,0,0,140039595025
36.3856,27.4834,12.2525,70,74,68,2002,2800,0.481441,28,11.5879,0,0,140067076892
30.523,32.7621,12.2525,70,74,68,2002,2800,0.481441,28,11.5879,0,0,140099839973
35.3563,28.2835,12.2525,70,74,68,2002,2800,0.481441,28,11.5879,0,0,140128122251
34.1416,29.2898,12.2525,70,74,68,2002,2800,0.481441,28,11.5879,0,0,140157414143
32.7307,30.5524,12.2525,70,74,68,2002,2800,0.481441,28,11.5879,0,0,140187966237
37.5229,26.6504,12.2525,70,74,68,2002,2800,0.481441,28,11.5879,0,0,140214617847
38.7667,25.7953,12.2525,70,74,68,2002,2800,0.481441,28,11.5879,0,0,140240412811
35.515,28.1571,12.2525,70,74,68,2002,2800,0.481441,28,11.5879,0,0,140268570986
39.2681,25.4659,12.2525,70,74,68,2002,2800,0.481441,28,11.5879,0,0,140294036392
35.95,27.8164,12.2525,70,74,68,2002,2800,0.481441,28,11.5879,0,0,140321853878
37.3067,26.8048,12.2525,70,74,68,2002,2800,0.481441,28,11.5879,0,0,140348659627
40.6314,24.6115,12.2525,70,74,68,2002,2800,0.481441,28,11.5879,0,0,140373270270
37.7629,26.481,12.2525,70,74,68,2002,2800,0.481441,28,11.5879,0,0,140399757091
38.5945,25.9104,9.03388,70,78,70,2561,2800,0.481438,29,11.584,0,0,140425662712
37.8636,26.4106,9.03388,70,78,70,2561,2800,0.481438,29,11.584,0,0,140452075124
36.0969,27.7032,9.03388,70,78,70,2561,2800,0.481438,29,11.584,0,0,140479778266
38.3123,26.1012,9.03388,70,78,70,2561,2800,0.481438,29,11.584,0,0,140505881427
36.9927,27.0323,9.03388,70,78,70,2561,2800,0.481438,29,11.584,0,0,140532911657
37.2299,26.8601,9.03388,70,78,70,2561,2800,0.481438,29,11.584,0,0,140559772880
36.2849,27.5597,9.03388,70,78,70,2561,2800,0.481438,29,11.584,0,0,140587333044
36.9887,27.0353,9.03388,70,78,70,2561,2800,0.481438,29,11.584,0,0,140614369396
39.093,25.58,9.03388,70,78,70,2561,2800,0.481438,29,11.584,0,0,140639948955
39.3921,25.3858,9.03388,70,78,70,2561,2800,0.481438,29,11.584,0,0,140665336505
27.0976,36.9037,9.03388,70,78,70,2561,2800,0.481438,29,11.584,0,0,140702238608
36.6544,27.2818,9.03388,70,78,70,2561,2800,0.481438,29,11.584,0,0,140729522363
37.9213,26.3704,9.03388,70,78,70,2561,2800,0.481438,29,11.584,0,0,140755891053
38.7886,25.7808,9.03388,70,78,70,2561,2800,0.481438,29,11.584,0,0,140781673723
39.8319,25.1055,9.03388,70,78,70,2561,2800,0.481438,29,11.584,0,0,140806779945
34.9392,28.6212,9.03388,70,78,70,2561,2800,0.481438,29,11.584,0,0,140835400207
39.4152,25.3709,9.03388,70,78,70,2561,2800,0.481438,29,11.584,0,0,140860772067
36.8984,27.1014,9.03388,70,78,70,2561,2800,0.481438,29,11.584,0,0,140887874723
38.0081,26.3102,9.03388,70,78,70,2561,2800,0.481438,29,11.584,0,0,140914190864
39.5318,25.2961,9.19118,70,72,71,2533,2800,0.481438,36,11.5738,0,0,140939480820
36.7594,27.2039,9.19118,70,72,71,2533,2800,0.481438,36,11.5738,0,0,140966685027
36.4057,27.4683,9.19118,70,72,71,2533,2800,0.481438,36,11.5738,0,0,140994155412
39.493,25.3209,9.19118,70,72,71,2533,2800,0.481438,36,11.5738,0,0,141019474864
34.9422,28.6187,9.19118,70,72,71,2533,2800,0.481438,36,11.5738,0,0,141048095437
38.9188,25.6946,9.19118,70,72,71,2533,2800,0.481438,36,11.5738,0,0,141073788730
34.4842,28.9988,9.19118,70,72,71,2533,2800,0.481438,36,11.5738,0,0,141102789244
34.4918,28.9924,9.19118,70,72,71,2533,2800,0.481438,36,11.5738,0,0,141131782576
36.2042,27.6211,9.19118,70,72,71,2533,2800,0.481438,36,11.5738,0,0,141159402392
38.0654,26.2706,9.19118,70,72,71,2533,2800,0.481438,36,11.5738,0,0,141185674280
35.9702,27.8008,9.19118,70,72,71,2533,2800,0.481438,36,11.5738,0,0,141213476447
38.9514,25.673,9.19118,70,72,71,2533,2800,0.481438,36,11.5738,0,0,141239148951
35.1239,28.4706,9.19118,70,72,71,2533,2800,0.481438,36,11.5738,0,0,141267619412
36.4403,27.4421,9.19118,70,72,71,2533,2800,0.481438,36,11.5738,0,0,141295061905
36.9975,27.0289,9.19118,70,72,71,2533,2800,0.481438,36,11.5738,0,0,141322091955
35.3058,28.324,9.19118,70,72,71,2533,2800,0.481438,36,11.5738,0,0,141350415410
36.4623,27.4256,9.19118,70,72,71,2533,2800,0.481438,36,11.5738,0,0,141377842214
37.8678,26.4077,9.19118,70,72,71,2533,2800,0.481438,36,11.5738,0,0,141404250187
36.375,27.4914,9.19118,70,72,71,2533,2800,0.481438,36,11.5738,0,0,141431744277
36.205,27.6205,9.1352,71,71,71,2540,2800,0.481438,43,11.5747,0,0,141459363031
36.3661,27.4982,9.1352,71,71,71,2540,2800,0.481438,43,11.5747,0,0,141486860748
37.8954,26.3885,9.1352,71,71,71,2540,2800,0.481438,43,11.5747,0,0,141513249996
35.3937,28.2536,9.1352,71,71,71,2540,2800,0.481438,43,11.5747,0,0,141541503500
36.9567,27.0587,9.1352,71,71,71,2540,2800,0.481438,43,11.5747,0,0,141568562734
36.5779,27.3389,9.1352,71,71,71,2540,2800,0.481438,43,11.5747,0,0,141595901824
33.6644,29.705,9.1352,71,71,71,2540,2800,0.481438,43,11.5747,0,0,141625607220
40.2912,24.8193,9.1352,71,71,71,2540,2800,0.481438,43,11.5747,0,0,141650425392
34.8565,28.689,9.1352,71,71,71,2540,2800,0.481438,43,11.5747,0,0,141679115425
41.2031,24.27,9.1352,71,71,71,2540,2800,0.481438,43,11.5747,0,0,141703385910
35.6436,28.0555,9.1352,71,71,71,2540,2800,0.481438,43,11.5747,0,0,141731443025
37.3104,26.8022,9.1352,71,71,71,2540,2800,0.481438,43,11.5747,0,0,141758244547
37.323,26.7931,9.1352,71,71,71,2540,2800,0.481438,43,11.5747,0,0,141785038433
38.5725,25.9252,9.1352,71,71,71,2540,2800,0.481438,43,11.5747,0,0,141810963531
36.3502,27.5102,9.1352,71,71,71,2540,2800,0.481438,43,11.5747,0,0,141838473040
36.3928,27.478,9.1352,71,71,71,2540,2800,0.481438,43,11.5747,0,0,141865953474
35.7513,27.971,9.1352,71,71,71,2540,2800,0.481438,43,11.5747,0,0,141893924589
38.606,25.9027,9.1352,71,71,71,2540,2800,0.481438,43,11.5747,0,0,141919825661
35.0061,28.5665,9.1352,71,71,71,2540,2800,0.481438,43,11.5747,0,0,141948400177
37.8668,26.4083,10.8374,73,71,71,2528,2800,0.481438,37,11.5887,0,0,141974803181
36.5229,27.3801,10.8374,73,71,71,2528,2800,0.481438,37,11.5887,0,0,142002181865
34.836,28.7059,10.8374,73,71,71,2528,2800,0.481438,37,11.5887,0,0,142030889811
34.9351,28.6245,10.8374,73,71,71,2528,2800,0.481438,37,11.5887,0,0,142059514091
37.5209,26.6518,10.8374,73,71,71,2528,2800,0.481438,37,11.5887,0,0,142086165891
34.9189,28.6378,10.8374,73,71,71,2528,2800,0.481438,37,11.5887,0,0,142114804367
41.4412,24.1306,10.8374,73,71,71,2528,2800,0.481438,37,11.5887,0,0,142138935841
36.9514,27.0626,10.8374,73,71,71,2528,2800,0.481438,37,11.5887,0,0,142165998883
39.3648,25.4034,10.8374,73,71,71,2528,2800,0.481438,37,11.5887,0,0,142191403214
37.6356,26.5706,10.8374,73,71,71,2528,2800,0.481438,37,11.5887,0,0,142217974263
34.2131,29.2285,10.8374,73,71,71,2528,2800,0.481438,37,11.5887,0,0,142247202815
38.0921,26.2522,10.8374,73,71,71,2528,2800,0.481438,37,11.5887,0,0,142273455267
37.7872,26.464,10.8374,73,71,71,2528,2800,0.481438,37,11.5887,0,0,142299919265
35.8794,27.8711,10.8374,73,71,71,2528,2800,0.481438,37,11.5887,0,0,142327789340
36.1832,27.6371,10.8374,73,71,71,2528,2800,0.481438,37,11.5887,0,0,142355427520
37.1357,26.9282,10.8374,73,71,71,2528,2800,0.481438,37,11.5887,0,0,142382356170
39.9994,25.0004,10.8374,73,71,71,2528,2800,0.481438,37,11.5887,0,0,142407357154
37.9911,26.322,10.8374,73,71,71,2528,2800,0.481438,37,11.5887,0,0,142433680088
37.2039,26.8789,10.8374,73,71,71,2528,2800,0.481438,37,11.5887,0,0,142460563793
37.2375,26.8546,9.22509,74,76,72,2546,2800,0.478001,39,11.589,0,0,142487414947
36.0588,27.7325,9.22509,74,76,72,2546,2800,0.478001,39,11.589,0,0,142515146473
40.3323,24.794,9.22509,74,76,72,2546,2800,0.478001,39,11.589,0,0,142539940459
35.6379,28.06,9.22509,74,76,72,2546,2800,0.478001,39,11.589,0,0,142568001813
31.6735,31.5721,9.22509,74,76,72,2546,2800,0.478001,39,11.589,0,0,142599574341
39.0093,25.6349,9.22509,74,76,72,2546,2800,0.478001,39,11.589,0,0,142625208904
36.4103,27.4647,9.22509,74,76,72,2546,2800,0.478001,39,11.589,0,0,142652673308
36.362,27.5013,9.22509,74,76,72,2546,2800,0.478001,39,11.589,0,0,142680177347
29.8525,33.498,9.22509,74,76,72,2546,2800,0.478001,39,11.589,0,0,142713672961
36.3742,27.492,9.22509,74,76,72,2546,2800,0.478001,39,11.589,0,0,142741166390
33.6601,29.7088,9.22509,74,76,72,2546,2800,0.478001,39,11.589,0,0,142770876175
36.8999,27.1003,9.22509,74,76,72,2546,2800,0.478001,39,11.589,0,0,142797976186
35.965,27.8048,9.22509,74,76,72,2546,2800,0.478001,39,11.589,0,0,142825781700
36.6823,27.2611,9.22509,74,76,72,2546,2800,0.478001,39,11.589,0,0,142853043154
32.7559,30.5289,9.22509,74,76,72,2546,2800,0.478001,39,11.589,0,0,142883572185
34.3931,29.0756,9.22509,74,76,72,2546,2800,0.478001,39,11.589,0,0,142912648653
38.7418,25.8119,9.22509,74,76,72,2546,2800,0.478001,39,11.589,0,0,142938459436
36.3704,27.4949,9.22509,74,76,72,2546,2800,0.478001,39,11.589,0,0,142965961350
35.4017,28.2472,9.91326,73,71,70,2479,2800,0.478001,35,11.5886,0,0,142994203954
37.802,26.4536,9.91326,73,71,70,2479,2800,0.478001,35,11.5886,0,0,143020657473
37.0026,27.0252,9.91326,73,71,70,2479,2800,0.478001,35,11.5886,0,0,143047682804
39.6078,25.2476,9.91326,73,71,70,2479,2800,0.478001,35,11.5886,0,0,143072931913
34.1173,29.3106,9.91326,73,71,70,2479,2800,0.478001,35,11.5886,0,0,143102242610
35.0386,28.54,9.91326,73,71,70,2479,2800,0.478001,35,11.5886,0,0,143130782932
35.5803,28.1054,9.91326,73,71,70,2479,2800,0.478001,35,11.5886,0,0,143158888589
38.2207,26.1638,9.91326,73,71,70,2479,2800,0.478001,35,11.5886,0,0,143185052334
36.1414,27.6691,9.91326,73,71,70,2479,2800,0.478001,35,11.5886,0,0,143212722174
40.6244,24.6157,9.91326,73,71,70,2479,2800,0.478001,35,11.5886,0,0,143237336744
39.5468,25.2865,9.91326,73,71,70,2479,2800,0.478001,35,11.5886,0,0,143262624145
38.0598,26.2745,9.91326,73,71,70,2479,2800,0.478001,35,11.5886,0,0,143288899500
38.5743,25.924,9.91326,73,71,70,2479,2800,0.478001,35,11.5886,0,0,143314823595
35.5088,28.162,9.91326,73,71,70,2479,2800,0.478001,35,11.5886,0,0,143342986850
39.6935,25.193,9.91326,73,71,70,2479,2800,0.478001,35,11.5886,0,0,143368180035
38.9048,25.7037,9.91326,73,71,70,2479,2800,0.478001,35,11.5886,0,0,143393883858
35.2635,28.358,9.91326,73,71,70,2479,2800,0.478001,35,11.5886,0,0,143422243561
35.3827,28.2624,9.91326,73,71,70,2479,2800,0.478001,35,11.5886,0,0,143450504850
36.9378,27.0726,9.91326,73,71,70,2479,2800,0.478001,35,11.5886,0,0,143477582799
36.9175,27.0874,9.95086,72,73,70,2471,2800,0.478001,38,11.5876,0,0,143504665899
36.0482,27.7407,9.95086,72,73,70,2471,2800,0.478001,38,11.5876,0,0,143532406972
34.3641,29.1001,9.95086,72,73,70,2471,2800,0.478001,38,11.5876,0,0,143561507665
38.728,25.8211,9.95086,72,73,70,2471,2800,0.478001,38,11.5876,0,0,143587328757
34.7981,28.7372,9.95086,72,73,70,2471,2800,0.478001,38,11.5876,0,0,143616067431
42.8775,23.3222,9.95086,72,73,70,2471,2800,0.478001,38,11.5876,0,0,143639389447
36.2813,27.5624,9.95086,72,73,70,2471,2800,0.478001,38,11.5876,0,0,143666952246
33.3605,29.9756,9.95086,72,73,70,2471,2800,0.478001,38,11.5876,0,0,143696928571
38.8231,25.7579,9.95086,72,73,70,2471,2800,0.478001,38,11.5876,0,0,143722686255
37.1929,26.8868,9.95086,72,73,70,2471,2800,0.478001,38,11.5876,0,0,143749574168
35.9359,27.8273,9.95086,72,73,70,2471,2800,0.478001,38,11.5876,0,0,143777401202
41.301,24.2125,9.95086,72,73,70,2471,2800,0.478001,38,11.5876,0,0,143801614219
40.9198,24.438,9.95086,72,73,70,2471,2800,0.478001,38,11.5876,0,0,143826052007
36.5934,27.3274,9.95086,72,73,70,2471,2800,0.478001,38,11.5876,0,0,143853378583
40.684,24.5797,9.95086,72,73,70,2471,2800,0.478001,38,11.5876,0,0,143877960412
38.914,25.6977,9.95086,72,73,70,2471,2800,0.478001,38,11.5876,0,0,143903659806
39.0868,25.5841,9.95086,72,73,70,2471,2800,0.478001,38,11.5876,0,0,143929242131
37.6749,26.5429,9.95086,72,73,70,2471,2800,0.478001,38,11.5876,0,0,143955786370
38.2254,26.1606,9.95086,72,73,70,2471,2800,0.478001,38,11.5876,0,0,143981954192
35.7907,27.9403,10.9023,71,72,70,2515,2800,0.478001,24,11.5833,0,0,144009888818
34.3916,29.0768,10.9023,71,72,70,2515,2800,0.478001,24,11.5833,0,0,144038964875
38.1105,26.2395,10.9023,71,72,70,2515,2800,0.478001,24,11.5833,0,0,144065205264
36.7734,27.1936,10.9023,71,72,70,2515,2800,0.478001,24,11.5833,0,0,144092399041
37.2531,26.8434,10.9023,71,72,70,2515,2800,0.478001,24,11.5833,0,0,144119243062
34.4367,29.0388,10.9023,71,72,70,2515,2800,0.478001,24,11.5833,0,0,144148282239
40.886,24.4582,10.9023,71,72,70,2515,2800,0.478001,24,11.5833,0,0,144172741428
38.0245,26.2988,10.9023,71,72,70,2515,2800,0.478001,24,11.5833,0,0,144199046297
39.6137,25.2438,10.9023,71,72,70,2515,2800,0.478001,24,11.5833,0,0,144224284016
36.9062,27.0957,10.9023,71,72,70,2515,2800,0.478001,24,11.5833,0,0,144251380500
39.235,25.4875,10.9023,71,72,70,2515,2800,0.478001,24,11.5833,0,0,144276867296
34.1676,29.2675,10.9023,71,72,70,2515,2800,0.478001,24,11.5833,0,0,144306135463
32.4268,30.8387,10.9023,71,72,70,2515,2800,0.478001,24,11.5833,0,0,144336974105
34.4274,29.0466,10.9023,71,72,70,2515,2800,0.478001,24,11.5833,0,0,144366021498
36.8523,27.1353,10.9023,71,72,70,2515,2800,0.478001,24,11.5833,0,0,144393157105
38.8454,25.743,10.9023,71,72,70,2515,2800,0.478001,24,11.5833,0,0,144418900122
39.8298,25.1068,10.9023,71,72,70,2515,2800,0.478001,24,11.5833,0,0,144444008017
38.8737,25.7244,10.9023,71,72,70,2515,2800,0.478001,24,11.5833,0,0,144469732448
35.8215,27.9162,10.9023,71,72,70,2515,2800,0.478001,24,11.5833,0,0,144497656424
36.7499,27.2109,8.47666,71,78,70,2496,2800,0.476048,33,11.5831,0,0,144524859709
37.7214,26.5101,8.47666,71,78,70,2496,2800,0.476048,33,11.5831,0,0,144551373090
38.6581,25.8678,8.47666,71,78,70,2496,2800,0.476048,33,11.5831,0,0,144577240369
34.1319,29.2981,8.47666,71,78,70,2496,2800,0.476048,33,11.5831,0,0,144606537851
35.048,28.5323,8.47666,71,78,70,2496,2800,0.476048,33,11.5831,0,0,144635071049
36.0746,27.7204,8.47666,71,78,70,2496,2800,0.476048,33,11.5831,0,0,144662791664
36.0461,27.7422,8.47666,71,78,70,2496,2800,0.476048,33,11.5831,0,0,144690534330
35.2468,28.3714,8.47666,71,78,70,2496,2800,0.476048,33,11.5831,0,0,144718905825
36.746,27.2138,8.47666,71,78,70,2496,2800,0.476048,33,11.5831,0,0,144746120171
39.8603,25.0876,8.47666,71,78,70,2496,2800,0.476048,33,11.5831,0,0,144771208098
38.8931,25.7115,8.47666,71,78,70,2496,2800,0.476048,33,11.5831,0,0,144796919926
36.4031,27.4702,8.47666,71,78,70,2496,2800,0.476048,33,11.5831,0,0,144824390612
38.7106,25.8327,8.47666,71,78,70,2496,2800,0.476048,33,11.5831,0,0,144850225731
34.944,28.6172,8.47666,71,78,70,2496,2800,0.476048,33,11.5831,0,0,144878841084
38.4662,25.9968,8.47666,71,78,70,2496,2800,0.476048,33,11.5831,0,0,144904838166
34.2897,29.1632,8.47666,71,78,70,2496,2800,0.476048,33,11.5831,0,0,144934001497
33.5298,29.8242,8.47666,71,78,70,2496,2800,0.476048,33,11.5831,0,0,144963825215
36.0628,27.7294,8.47666,71,78,70,2496,2800,0.476048,33,11.5831,0,0,144991555588
39.3844,25.3908,8.47666,71,78,70,2496,2800,0.476048,33,11.5831,0,0,145016955371
21.8555,45.7551,8.55746,71,71,70,2537,2800,0.476048,35,11.5884,0,0,145062705046
34.8308,28.7103,8.55746,71,71,70,2537,2800,0.476048,35,11.5884,0,0,145091414004
34.5012,28.9845,8.55746,71,71,70,2537,2800,0.476048,35,11.5884,0,0,145120399721
37.6254,26.5778,8.55746,71,71,70,2537,2800,0.476048,35,11.5884,0,0,145146977683
38.6876,25.8481,8.55746,71,71,70,2537,2800,0.476048,35,11.5884,0,0,145172825726
34.0352,29.3814,8.55746,71,71,70,2537,2800,0.476048,35,11.5884,0,0,145202206364
35.6096,28.0823,8.55746,71,71,70,2537,2800,0.476048,35,11.5884,0,0,145230291372
37.7931,26.4598,8.55746,71,71,70,2537,2800,0.476048,35,11.5884,0,0,145256748117
33.6383,29.728,8.55746,71,71,70,2537,2800,0.476048,35,11.5884,0,0,145286477529
36.3815,27.4865,8.55746,71,71,70,2537,2800,0.476048,35,11.5884,0,0,145313966218
38.0801,26.2605,8.55746,71,71,70,2537,2800,0.476048,35,11.5884,0,0,145340226895
36.0418,27.7456,8.55746,71,71,70,2537,2800,0.476048,35,11.5884,0,0,145367972928
29.223,34.2196,8.55746,71,71,70,2537,2800,0.476048,35,11.5884,0,0,145402192390
30.1941,33.119,8.55746,71,71,70,2537,2800,0.476048,35,11.5884,0,0,145435311438
29.0952,34.3699,8.55746,71,71,70,2537,2800,0.476048,35,11.5884,0,0,145469683066
26.2526,38.0914,8.55746,71,71,70,2537,2800,0.476048,35,11.5884,0,0,145507775010
24.8483,40.2441,8.55746,71,71,70,2537,2800,0.476048,35,11.5884,0,0,145548021505
29.2339,34.2068,11.0048,70,73,68,1793,2800,0.476048,31,11.5859,0,0,145582228824
26.6977,37.4564,11.0048,70,73,68,1793,2800,0.476048,31,11.5859,0,0,145619681409
28.0475,35.6538,11.0048,70,73,68,1793,2800,0.476048,31,11.5859,0,0,145655337415
26.9687,37.08,11.0048,70,73,68,1793,2800,0.476048,31,11.5859,0,0,145692415699
28.8833,34.6221,11.0048,70,73,68,1793,2800,0.476048,31,11.5859,0,0,145727037555
27.2481,36.6999,11.0048,70,73,68,1793,2800,0.476048,31,11.5859,0,0,145763737469
27.1654,36.8115,11.0048,70,73,68,1793,2800,0.476048,31,11.5859,0,0,145800549723
26.4915,37.7479,11.0048,70,73,68,1793,2800,0.476048,31,11.5859,0,0,145838297132
24.8322,40.2703,11.0048,70,73,68,1793,2800,0.476048,31,11.5859,0,0,145878567932
24.0955,41.5015,11.0048,70,73,68,1793,2800,0.476048,31,11.5859,0,0,145920069911
23.386,42.7606,11.0048,70,73,68,1793,2800,0.476048,31,11.5859,0,0,145962830380
23.8362,41.9531,11.0048,70,73,68,1793,2800,0.476048,31,11.5859,0,0,146004783635
22.5179,44.4092,11.0048,70,73,68,1793,2800,0.476048,31,11.5859,0,0,146049198517
19.7043,50.7504,10,69,73,67,943,2800,0.478004,26,11.5852,0,0,146099943640
19.7604,50.6063,10,69,73,67,943,2800,0.478004,26,11.5852,0,0,146150552267
19.515,51.2427,10,69,73,67,943,2800,0.478004,26,11.5852,0,0,146201793360
19.2488,51.9514,10,69,73,67,943,2800,0.478004,26,11.5852,0,0,146253744765
20.2969,49.2685,10,69,73,67,943,2800,0.478004,26,11.5852,0,0,146303013178
19.2899,51.8407,10,69,73,67,943,2800,0.478004,26,11.5852,0,0,146354854747
20.5257,48.7194,10,69,73,67,943,2800,0.478004,26,11.5852,0,0,146403574482
19.3059,51.7977,10,69,73,67,943,2800,0.478004,26,11.5852,0,0,146455373591
21.1351,47.3147,10,69,73,67,943,2800,0.478004,26,11.5852,0,0,146502689473
13.1192,76.2242,10,69,73,67,943,2800,0.478004,26,11.5852,0,0,146578916623
23.7936,42.0282,7.77512,68,76,65,800,2800,0.478004,19,11.5861,0,0,146620940130
24.5964,40.6563,7.77512,68,76,65,800,2800,0.478004,19,11.5861,0,0,146661597545
27.6678,36.1431,7.77512,68,76,65,800,2800,0.478004,19,11.5861,0,0,146697739934
29.7904,33.5678,7.77512,68,76,65,800,2800,0.478004,19,11.5861,0,0,146731308806
31.4751,31.7712,7.77512,68,76,65,800,2800,0.478004,19,11.5861,0,0,146763080808
32.4007,30.8635,7.77512,68,76,65,800,2800,0.478004,19,11.5861,0,0,146793945359
32.788,30.499,7.77512,68,76,65,800,2800,0.478004,19,11.5861,0,0,146824442841
31.6324,31.6131,7.77512,68,76,65,800,2800,0.478004,19,11.5861,0,0,146856058069
34.052,29.3669,7.77512,68,76,65,800,2800,0.478004,19,11.5861,0,0,146885423358
37.357,26.7687,7.77512,68,76,65,800,2800,0.478004,19,11.5861,0,0,146912193230
38.7244,25.8235,7.77512,68,76,65,800,2800,0.478004,19,11.5861,0,0,146938017168
34.8586,28.6874,7.77512,68,76,65,800,2800,0.478004,19,11.5861,0,0,146966706239
33.7463,29.6329,7.77512,68,76,65,800,2800,0.478004,19,11.5861,0,0,146996338408
38.3809,26.0546,7.77512,68,76,65,800,2800,0.478004,19,11.5861,0,0,147022393530
32.3329,30.9283,7.77512,68,76,65,800,2800,0.478004,19,11.5861,0,0,147053323223
38.6875,25.8481,7.77512,68,76,65,800,2800,0.478004,19,11.5861,0,0,147079176245
38.9313,25.6862,7.83818,68,73,67,1675,2800,0.478004,23,11.5868,0,0,147104857395
19.891,50.274,7.83818,68,73,67,1675,2800,0.478004,23,11.5868,0,0,147155132326
27.7937,35.9794,7.83818,68,73,67,1675,2800,0.478004,23,11.5868,0,0,147191111338
28.9793,34.5074,7.83818,68,73,67,1675,2800,0.478004,23,11.5868,0,0,147225618139
28.0872,35.6033,7.83818,68,73,67,1675,2800,0.478004,23,11.5868,0,0,147261221005
28.6687,34.8813,7.83818,68,73,67,1675,2800,0.478004,23,11.5868,0,0,147296103731
28.7083,34.8332,7.83818,68,73,67,1675,2800,0.478004,23,11.5868,0,0,147330937696
29.3208,34.1055,7.83818,68,73,67,1675,2800,0.478004,23,11.5868,0,0,147365044467
27.7197,36.0754,7.83818,68,73,67,1675,2800,0.478004,23,11.5868,0,0,147401117825
29.6663,33.7083,7.83818,68,73,67,1675,2800,0.478004,23,11.5868,0,0,147434827522
30.6498,32.6266,7.83818,68,73,67,1675,2800,0.478004,23,11.5868,0,0,147467455018
35.9567,27.8112,7.83818,68,73,67,1675,2800,0.478004,23,11.5868,0,0,147495267125
35.7117,28.002,7.83818,68,73,67,1675,2800,0.478004,23,11.5868,0,0,147523269918
35.7087,28.0044,7.83818,68,73,67,1675,2800,0.478004,23,11.5868,0,0,147551274726
29.1506,34.3046,7.83818,68,73,67,1675,2800,0.478004,23,11.5868,0,0,147585585239
33.5959,29.7655,9.375,69,72,66,1584,2800,0.478004,22,11.5881,0,0,147615344096
36.46,27.4273,9.375,69,72,66,1584,2800,0.478004,22,11.5881,0,0,147642772333
41.0435,24.3644,9.375,69,72,66,1584,2800,0.478004,22,11.5881,0,0,147667136824
37.6485,26.5615,9.375,69,72,66,1584,2800,0.478004,22,11.5881,0,0,147693699427
36.801,27.1732,9.375,69,72,66,1584,2800,0.478004,22,11.5881,0,0,147720872835
41.7053,23.9777,9.375,69,72,66,1584,2800,0.478004,22,11.5881,0,0,147744850661
38.6855,25.8495,9.375,69,72,66,1584,2800,0.478004,22,11.5881,0,0,147770712701
40.8662,24.4701,9.375,69,72,66,1584,2800,0.478004,22,11.5881,0,0,147795170757
38.5339,25.9512,9.375,69,72,66,1584,2800,0.478004,22,11.5881,0,0,147821123036
42.2999,23.6407,9.375,69,72,66,1584,2800,0.478004,22,11.5881,0,0,147844764701
38.4996,25.9743,9.375,69,72,66,1584,2800,0.478004,22,11.5881,0,0,147870737919
38.9533,25.6718,9.375,69,72,66,1584,2800,0.478004,22,11.5881,0,0,147896412046
35.4622,28.199,9.375,69,72,66,1584,2800,0.478004,22,11.5881,0,0,147924611268
37.9717,26.3354,9.375,69,72,66,1584,2800,0.478004,22,11.5881,0,0,147950946054
36.137,27.6725,9.375,69,72,66,1584,2800,0.478004,22,11.5881,0,0,147978618518
42.1982,23.6977,9.375,69,72,66,1584,2800,0.478004,22,11.5881,0,0,148002316610
36.3442,27.5147,9.375,69,72,66,1584,2800,0.478004,22,11.5881,0,0,148029831699
37.2345,26.8568,9.375,69,72,66,1584,2800,0.478004,22,11.5881,0,0,148056688283
35.9153,27.8433,9.375,69,72,66,1584,2800,0.478004,22,11.5881,0,0,148084533191
35.3344,28.301,9.375,69,72,66,1584,2800,0.478004,22,11.5881,0,0,148112838903
36.1091,27.6938,8.65385,69,71,68,2182,2800,0.476051,26,11.5797,0,0,148140527849
36.113,27.6908,8.65385,69,71,68,2182,2800,0.476051,26,11.5797,0,0,148168220311
35.5764,28.1085,8.65385,69,71,68,2182,2800,0.476051,26,11.5797,0,0,148196328612
35.442,28.2151,8.65385,69,71,68,2182,2800,0.476051,26,11.5797,0,0,148224545508
34.1377,29.2931,8.65385,69,71,68,2182,2800,0.476051,26,11.5797,0,0,148253837369
34.1897,29.2486,8.65385,69,71,68,2182,2800,0.476051,26,11.5797,0,0,148283085278
31.9893,31.2605,8.65385,69,71,68,2182,2800,0.476051,26,11.5797,0,0,148314346252
31.8076,31.439,8.65385,69,71,68,2182,2800,0.476051,26,11.5797,0,0,148345786703
29.9206,33.4218,8.65385,69,71,68,2182,2800,0.476051,26,11.5797,0,0,148379206736
19.0264,52.5586,8.65385,69,71,68,2182,2800,0.476051,26,11.5797,0,0,148431767904
27.6059,36.2241,8.65385,69,71,68,2182,2800,0.476051,26,11.5797,0,0,148467990182
27.2529,36.6933,8.65385,69,71,68,2182,2800,0.476051,26,11.5797,0,0,148504684365
21.9243,45.6114,8.65385,69,71,68,2182,2800,0.476051,26,11.5797,0,0,148550296943
24.5889,40.6687,8.65385,69,71,68,2182,2800,0.476051,26,11.5797,0,0,148590965359
23.2392,43.0308,8.65385,69,71,68,2182,2800,0.476051,26,11.5797,0,0,148633998429
21.4898,46.5337,8.30281,70,75,66,979,2800,0.476051,28,11.579,0,0,148680530281
21.7007,46.0815,8.30281,70,75,66,979,2800,0.476051,28,11.579,0,0,148726611888
23.0052,43.4685,8.30281,70,75,66,979,2800,0.476051,28,11.579,0,0,148770079674
22.513,44.4188,8.30281,70,75,66,979,2800,0.476051,28,11.579,0,0,148814501088
24.5643,40.7095,8.30281,70,75,66,979,2800,0.476051,28,11.579,0,0,148855208326
16.4596,60.7549,8.30281,70,75,66,979,2800,0.476051,28,11.579,0,0,148915965014
20.6527,48.4199,8.30281,70,75,66,979,2800,0.476051,28,11.579,0,0,148964384506
20.0849,49.7887,8.30281,70,75,66,979,2800,0.476051,28,11.579,0,0,149014173105
15.1502,66.0059,8.30281,70,75,66,979,2800,0.476051,28,11.579,0,0,149080179928
19.9486,50.1287,8.30281,70,75,66,979,2800,0.476051,28,11.579,0,0,149130308374
19.2779,51.8728,8.30281,70,75,66,979,2800,0.476051,28,11.579,0,0,149182183356
21.3211,46.902,7.97688,68,72,66,800,2800,0.476051,23,11.5873,0,0,149229084781
18.2104,54.9136,7.97688,68,72,66,800,2800,0.476051,23,11.5873,0,0,149283997830
22.3973,44.6483,7.97688,68,72,66,800,2800,0.476051,23,11.5873,0,0,149328645889
23.9253,41.7968,7.97688,68,72,66,800,2800,0.476051,23,11.5873,0,0,149370443963
23.7679,42.0735,7.97688,68,72,66,800,2800,0.476051,23,11.5873,0,0,149412516162
24.0523,41.5761,7.97688,68,72,66,800,2800,0.476051,23,11.5873,0,0,149454092991
25.0982,39.8435,7.97688,68,72,66,800,2800,0.476051,23,11.5873,0,0,149493937111
24.9552,40.0717,7.97688,68,72,66,800,2800,0.476051,23,11.5873,0,0,149534010591
24.2939,41.1627,7.97688,68,72,66,800,2800,0.476051,23,11.5873,0,0,149575174557
23.4302,42.68,7.97688,68,72,66,800,2800,0.476051,23,11.5873,0,0,149617853333
25.8197,38.7301,7.97688,68,72,66,800,2800,0.476051,23,11.5873,0,0,149656584766
25.4543,39.2862,7.97688,68,72,66,800,2800,0.476051,23,11.5873,0,0,149695873865
25.1298,39.7933,17.8439,68,74,67,1179,2800,0.479485,23,11.6085,0,0,149735662521
25.1831,39.7091,17.8439,68,74,67,1179,2800,0.479485,23,11.6085,0,0,149775371909
24.7995,40.3233,17.8439,68,74,67,1179,2800,0.479485,23,11.6085,0,0,149815695738
26.0381,38.4053,17.8439,68,74,67,1179,2800,0.479485,23,11.6085,0,0,149854101161
26.3044,38.0165,17.8439,68,74,67,1179,2800,0.479485,23,11.6085,0,0,149892118234
20.2154,49.4673,17.8439,68,74,67,1179,2800,0.479485,23,11.6085,0,0,149941584930
24.6175,40.6215,17.8439,68,74,67,1179,2800,0.479485,23,11.6085,0,0,149982208772
24.0169,41.6374,17.8439,68,74,67,1179,2800,0.479485,23,11.6085,0,0,150023846696
26.2162,38.1443,17.8439,68,74,67,1179,2800,0.479485,23,11.6085,0,0,150061989395
26.7532,37.3787,17.8439,68,74,67,1179,2800,0.479485,23,11.6085,0,0,150099371268
26.9975,37.0405,17.8439,68,74,67,1179,2800,0.479485,23,11.6085,0,0,150136410879
28.1863,35.4782,17.8439,68,74,67,1179,2800,0.479485,23,11.6085,0,0,150171887378
26.7928,37.3235,17.8439,68,74,67,1179,2800,0.479485,23,11.6085,0,0,150209218746
27.7707,36.0092,8.99015,69,74,67,1286,2800,0.479481,22,11.6059,0,0,150245220561
30.7189,32.5532,8.99015,69,74,67,1286,2800,0.479481,22,11.6059,0,0,150277774620
29.8489,33.5021,8.99015,69,74,67,1286,2800,0.479481,22,11.6059,0,0,150311278560
29.5956,33.7888,8.99015,69,74,67,1286,2800,0.479481,22,11.6059,0,0,150345066032
12.0203,83.1929,8.99015,69,74,67,1286,2800,0.479481,22,11.6059,0,0,150428259015
23.5584,42.4478,8.99015,69,74,67,1286,2800,0.479481,22,11.6059,0,0,150470706437
23.1563,43.1848,8.99015,69,74,67,1286,2800,0.479481,22,11.6059,0,0,150513892694
28.0472,35.6541,8.99015,69,74,67,1286,2800,0.479481,22,11.6059,0,0,150549548640
28.4603,35.1366,8.99015,69,74,67,1286,2800,0.479481,22,11.6059,0,0,150584686435
29.6334,33.7457,8.99015,69,74,67,1286,2800,0.479481,22,11.6059,0,0,150618431056
29.6842,33.688,8.99015,69,74,67,1286,2800,0.479481,22,11.6059,0,0,150652119583
30.9998,32.2583,8.99015,69,74,67,1286,2800,0.479481,22,11.6059,0,0,150684378648
29.8497,33.5012,8.99015,69,74,67,1286,2800,0.479481,22,11.6059,0,0,150717888981
31.4005,31.8467,16.9365,69,77,67,1478,2800,0.479485,23,11.6118,0,0,150749726095
33.1778,30.1407,16.9365,69,77,67,1478,2800,0.479485,23,11.6118,0,0,150779867269
32.0852,31.167,16.9365,69,77,67,1478,2800,0.479485,23,11.6118,0,0,150811035850
33.1271,30.1868,16.9365,69,77,67,1478,2800,0.479485,23,11.6118,0,0,150841224193
20.1944,49.5188,16.9365,69,77,67,1478,2800,0.479485,23,11.6118,0,0,150890740571
29.052,34.421,16.9365,69,77,67,1478,2800,0.479485,23,11.6118,0,0,150925161301
29.4393,33.9682,16.9365,69,77,67,1478,2800,0.479485,23,11.6118,0,0,150959129812
30.1451,33.1729,16.9365,69,77,67,1478,2800,0.479485,23,11.6118,0,0,150992303483
31.4581,31.7884,16.9365,69,77,67,1478,2800,0.479485,23,11.6118,0,0,151024093950
29.8482,33.5029,16.9365,69,77,67,1478,2800,0.479485,23,11.6118,0,0,151057596317
29.4214,33.9889,16.9365,69,77,67,1478,2800,0.479485,23,11.6118,0,0,151091586910
30.2597,33.0473,16.9365,69,77,67,1478,2800,0.479485,23,11.6118,0,0,151124633313
31.3483,31.8996,16.9365,69,77,67,1478,2800,0.479485,23,11.6118,0,0,151156534157
31.8012,31.4453,16.9365,69,77,67,1478,2800,0.479485,23,11.6118,0,0,151187979116
30.6988,32.5746,16.9365,69,77,67,1478,2800,0.479485,23,11.6118,0,0,151220559744
32.5695,30.7035,8.77193,69,72,67,1533,2800,0.479485,23,11.6117,0,0,151251257713
32.5869,30.6871,8.77193,69,72,67,1533,2800,0.479485,23,11.6117,0,0,151281944249
32.765,30.5204,8.77193,69,72,67,1533,2800,0.479485,23,11.6117,0,0,151312465807
34.9274,28.6308,8.77193,69,72,67,1533,2800,0.479485,23,11.6117,0,0,151341096428
32.2317,31.0253,8.77193,69,72,67,1533,2800,0.479485,23,11.6117,0,0,151372121149
33.846,29.5456,8.77193,69,72,67,1533,2800,0.479485,23,11.6117,0,0,151401669582
30.3456,32.9537,8.77193,69,72,67,1533,2800,0.479485,23,11.6117,0,0,151434622248
29.8683,33.4803,8.77193,69,72,67,1533,2800,0.479485,23,11.6117,0,0,151468102474
28.9171,34.5816,8.77193,69,72,67,1533,2800,0.479485,23,11.6117,0,0,151502684276
29.9277,33.4138,8.77193,69,72,67,1533,2800,0.479485,23,11.6117,0,0,151536099750
31.9926,31.2572,8.77193,69,72,67,1533,2800,0.479485,23,11.6117,0,0,151567355374
32.1855,31.0699,8.77193,69,72,67,1533,2800,0.479485,23,11.6117,0,0,151598425911
33.1602,30.1567,8.77193,69,72,67,1533,2800,0.479485,23,11.6117,0,0,151628584107
34.9552,28.6081,8.77193,69,72,67,1533,2800,0.479485,23,11.6117,0,0,151657191655
32.3217,30.939,8.77193,69,72,67,1533,2800,0.479485,23,11.6117,0,0,151688130615
30.0073,33.3252,8.77193,69,72,67,1533,2800,0.479485,23,11.6117,0,0,151721463515
34.1942,29.2447,11.5044,69,73,67,1806,2800,0.479485,27,11.6241,0,0,151750702246
35.7098,28.0035,11.5044,69,73,67,1806,2800,0.479485,27,11.6241,0,0,151778706833
36.0007,27.7772,11.5044,69,73,67,1806,2800,0.479485,27,11.6241,0,0,151806483133
34.6404,28.868,11.5044,69,73,67,1806,2800,0.479485,27,11.6241,0,0,151835353554
34.1385,29.2924,11.5044,69,73,67,1806,2800,0.479485,27,11.6241,0,0,151864643091
30.2691,33.037,11.5044,69,73,67,1806,2800,0.479485,27,11.6241,0,0,151897681849
36.4524,27.433,11.5044,69,73,67,1806,2800,0.479485,27,11.6241,0,0,151925114814
36.48,27.4123,11.5044,69,73,67,1806,2800,0.479485,27,11.6241,0,0,151952528182
36.1996,27.6246,11.5044,69,73,67,1806,2800,0.479485,27,11.6241,0,0,151980152136
39.9378,25.039,11.5044,69,73,67,1806,2800,0.479485,27,11.6241,0,0,152005190621
37.259,26.8392,11.5044,69,73,67,1806,2800,0.479485,27,11.6241,0,0,152032031666
38.3722,26.0605,11.5044,69,73,67,1806,2800,0.479485,27,11.6241,0,0,152058090795
38.0025,26.3141,11.5044,69,73,67,1806,2800,0.479485,27,11.6241,0,0,152084406686
36.4202,27.4573,11.5044,69,73,67,1806,2800,0.479485,27,11.6241,0,0,152111864948
40.5338,24.6708,11.5044,69,73,67,1806,2800,0.479485,27,11.6241,0,0,152136536285
36.2858,27.559,11.5044,69,73,67,1806,2800,0.479485,27,11.6241,0,0,152164094415
37.2956,26.8128,11.5044,69,73,67,1806,2800,0.479485,27,11.6241,0,0,152190907758
36.5451,27.3635,11.5044,69,73,67,1806,2800,0.479485,27,11.6241,0,0,152218272335
35.6001,28.0898,11.5044,69,73,67,1806,2800,0.479485,27,11.6241,0,0,152246365459
39.6112,25.2454,8.68516,70,71,71,2567,2800,0.476044,29,11.6234,0,0,152271606103
38.5883,25.9146,8.68516,70,71,71,2567,2800,0.476044,29,11.6234,0,0,152297522123
38.1086,26.2408,8.68516,70,71,71,2567,2800,0.476044,29,11.6234,0,0,152323762242
38.5603,25.9334,8.68516,70,71,71,2567,2800,0.476044,29,11.6234,0,0,152349697027
39.0615,25.6006,8.68516,70,71,71,2567,2800,0.476044,29,11.6234,0,0,152375299490
38.7178,25.8279,8.68516,70,71,71,2567,2800,0.476044,29,11.6234,0,0,152401126373
36.4749,27.4161,8.68516,70,71,71,2567,2800,0.476044,29,11.6234,0,0,152428542798
38.0268,26.2972,8.68516,70,71,71,2567,2800,0.476044,29,11.6234,0,0,152454839652
36.9942,27.0313,8.68516,70,71,71,2567,2800,0.476044,29,11.6234,0,0,152481871035
37.8924,26.3905,8.68516,70,71,71,2567,2800,0.476044,29,11.6234,0,0,152508262687
36.0004,27.7775,8.68516,70,71,71,2567,2800,0.476044,29,11.6234,0,0,152536041321
35.8519,27.8925,8.68516,70,71,71,2567,2800,0.476044,29,11.6234,0,0,152563932986
38.7588,25.8006,8.68516,70,71,71,2567,2800,0.476044,29,11.6234,0,0,152589733691
30.3568,32.9415,8.68516,70,71,71,2567,2800,0.476044,29,11.6234,0,0,152622675156
37.0847,26.9653,8.68516,70,71,71,2567,2800,0.476044,29,11.6234,0,0,152649641907
38.7754,25.7896,8.68516,70,71,71,2567,2800,0.476044,29,11.6234,0,0,152675431430
37.3347,26.7847,8.68516,70,71,71,2567,2800,0.476044,29,11.6234,0,0,152702216651
37.345,26.7773,8.68516,70,71,71,2567,2800,0.476044,29,11.6234,0,0,152728993616
37.0529,26.9885,8.68516,70,71,71,2567,2800,0.476044,29,11.6234,0,0,152755987618
36.3326,27.5235,8.375,70,76,71,2513,2800,0.476044,34,11.6185,0,0,152783506465
41.1804,24.2834,8.375,70,76,71,2513,2800,0.476044,34,11.6185,0,0,152807790004
35.9709,27.8003,8.375,70,76,71,2513,2800,0.476044,34,11.6185,0,0,152835592372
37.1904,26.8886,8.375,70,76,71,2513,2800,0.476044,34,11.6185,0,0,152862479193
35.7113,28.0023,8.375,70,76,71,2513,2800,0.476044,34,11.6185,0,0,152890481737
32.9814,30.3201,8.375,70,76,71,2513,2800,0.476044,34,11.6185,0,0,152920803379
37.1966,26.8842,8.375,70,76,71,2513,2800,0.476044,34,11.6185,0,0,152947687575
40.8186,24.4987,8.375,70,76,71,2513,2800,0.476044,34,11.6185,0,0,152972186408
35.9679,27.8026,8.375,70,76,71,2513,2800,0.476044,34,11.6185,0,0,152999991271
37.1107,26.9464,8.375,70,76,71,2513,2800,0.476044,34,11.6185,0,0,153026936532
36.1296,27.6781,8.375,70,76,71,2513,2800,0.476044,34,11.6185,0,0,153054614015
37.3637,26.764,8.375,70,76,71,2513,2800,0.476044,34,11.6185,0,0,153081378908
39.4505,25.3482,8.375,70,76,71,2513,2800,0.476044,34,11.6185,0,0,153106726072
36.69,27.2554,8.375,70,76,71,2513,2800,0.476044,34,11.6185,0,0,153133983829
38.2543,26.1409,8.375,70,76,71,2513,2800,0.476044,34,11.6185,0,0,153160124230
37.0543,26.9874,8.375,70,76,71,2513,2800,0.476044,34,11.6185,0,0,153187111880
36.8731,27.1201,8.375,70,76,71,2513,2800,0.476044,34,11.6185,0,0,153214230536
39.3449,25.4162,8.375,70,76,71,2513,2800,0.476044,34,11.6185,0,0,153239646900
37.5863,26.6055,8.375,70,76,71,2513,2800,0.476044,34,11.6185,0,0,153266258625
37.3059,26.8054,8.20896,71,71,71,2552,2800,0.476044,41,11.6185,0,0,153293059775
38.3925,26.0467,8.20896,71,71,71,2552,2800,0.476044,41,11.6185,0,0,153319107733
36.753,27.2087,8.20896,71,71,71,2552,2800,0.476044,41,11.6185,0,0,153346315717
40.0914,24.943,8.20896,71,71,71,2552,2800,0.476044,41,11.6185,0,0,153371259314
36.9726,27.047,8.20896,71,71,71,2552,2800,0.476044,41,11.6185,0,0,153398307237
36.0143,27.7668,8.20896,71,71,71,2552,2800,0.476044,41,11.6185,0,0,153426076102
35.3688,28.2735,8.20896,71,71,71,2552,2800,0.476044,41,11.6185,0,0,153454348812
36.7744,27.1928,8.20896,71,71,71,2552,2800,0.476044,41,11.6185,0,0,153481541557
37.5391,26.6389,8.20896,71,71,71,2552,2800,0.476044,41,11.6185,0,0,153508180774
32.8465,30.4447,8.20896,71,71,71,2552,2800,0.476044,41,11.6185,0,0,153538623964
32.7167,30.5654,8.20896,71,71,71,2552,2800,0.476044,41,11.6185,0,0,153569192580
32.7885,30.4985,8.20896,71,71,71,2552,2800,0.476044,41,11.6185,0,0,153599688960
35.0316,28.5457,8.20896,71,71,71,2552,2800,0.476044,41,11.6185,0,0,153628235213
36.3908,27.4795,8.20896,71,71,71,2552,2800,0.476044,41,11.6185,0,0,153655716880
35.3602,28.2804,8.20896,71,71,71,2552,2800,0.476044,41,11.6185,0,0,153683995501
38.0718,26.2662,8.20896,71,71,71,2552,2800,0.476044,41,11.6185,0,0,153710262881
36.8316,27.1506,8.20896,71,71,71,2552,2800,0.476044,41,11.6185,0,0,153737413697
35.3719,28.271,8.20896,71,71,71,2552,2800,0.476044,41,11.6185,0,0,153765686467
38.8471,25.7419,8.20896,71,71,71,2552,2800,0.476044,41,11.6185,0,0,153791432960
36.5623,27.3506,11.1913,72,72,70,2542,2800,0.476044,41,11.6194,0,0,153818778341
34.8432,28.7,11.1913,72,72,70,2542,2800,0.476044,41,11.6194,0,0,153847478342
37.3206,26.7949,11.1913,72,72,70,2542,2800,0.476044,41,11.6194,0,0,153874272610
37.0997,26.9544,11.1913,72,72,70,2542,2800,0.476044,41,11.6194,0,0,153901229192
34.4335,29.0415,11.1913,72,72,70,2542,2800,0.476044,41,11.6194,0,0,153930271415
35.7734,27.9537,11.1913,72,72,70,2542,2800,0.476044,41,11.6194,0,0,153958223103
36.0829,27.714,11.1913,72,72,70,2542,2800,0.476044,41,11.6194,0,0,153985939740
35.9847,27.7896,11.1913,72,72,70,2542,2800,0.476044,41,11.6194,0,0,154013728853
38.3902,26.0483,11.1913,72,72,70,2542,2800,0.476044,41,11.6194,0,0,154039778384
34.39,29.0782,11.1913,72,72,70,2542,2800,0.476044,41,11.6194,0,0,154068856585
35.8969,27.8575,11.1913,72,72,70,2542,2800,0.476044,41,11.6194,0,0,154096713135
37.164,26.9078,11.1913,72,72,70,2542,2800,0.476044,41,11.6194,0,0,154123622077
36.6365,27.2951,11.1913,72,72,70,2542,2800,0.476044,41,11.6194,0,0,154150918657
37.5446,26.635,11.1913,72,72,70,2542,2800,0.476044,41,11.6194,0,0,154177553155
36.5525,27.3579,11.1913,72,72,70,2542,2800,0.476044,41,11.6194,0,0,154204911701
34.3589,29.1045,11.1913,72,72,70,2542,2800,0.476044,41,11.6194,0,0,154234017072
35.6521,28.0488,11.1913,72,72,70,2542,2800,0.476044,41,11.6194,0,0,154262065041
36.0816,27.7149,11.1913,72,72,70,2542,2800,0.476044,41,11.6194,0,0,154289780867
35.4072,28.2429,11.1913,72,72,70,2542,2800,0.476044,41,11.6194,0,0,154318030493
35.5456,28.1329,8.68516,72,72,71,2537,2800,0.476044,38,11.6205,0,0,154346157711
37.8455,26.4232,8.68516,72,72,71,2537,2800,0.476044,38,11.6205,0,0,154372580041
36.7972,27.176,8.68516,72,72,71,2537,2800,0.476044,38,11.6205,0,0,154399756315
34.4032,29.0671,8.68516,72,72,71,2537,2800,0.476044,38,11.6205,0,0,154428825258
35.9896,27.7858,8.68516,72,72,71,2537,2800,0.476044,38,11.6205,0,0,154456609462
34.9636,28.6012,8.68516,72,72,71,2537,2800,0.476044,38,11.6205,0,0,154485211139
34.3324,29.127,8.68516,72,72,71,2537,2800,0.476044,38,11.6205,0,0,154514337500
39.1077,25.5704,8.68516,72,72,71,2537,2800,0.476044,38,11.6205,0,0,154539909195
33.0572,30.2506,8.68516,72,72,71,2537,2800,0.476044,38,11.6205,0,0,154570161898
33.339,29.9949,8.68516,72,72,71,2537,2800,0.476044,38,11.6205,0,0,154600156688
33.2437,30.0809,8.68516,72,72,71,2537,2800,0.476044,38,11.6205,0,0,154630236036
35.8958,27.8584,8.68516,72,72,71,2537,2800,0.476044,38,11.6205,0,0,154658097074
35.4156,28.2361,8.68516,72,72,71,2537,2800,0.476044,38,11.6205,0,0,154686331853
34.3291,29.1298,8.68516,72,72,71,2537,2800,0.476044,38,11.6205,0,0,154715461630
36.367,27.4975,8.68516,72,72,71,2537,2800,0.476044,38,11.6205,0,0,154742959147
33.9273,29.4748,8.68516,72,72,71,2537,2800,0.476044,38,11.6205,0,0,154772434292
36.249,27.587,8.68516,72,72,71,2537,2800,0.476044,38,11.6205,0,0,154800022358
36.401,27.4718,8.68516,72,72,71,2537,2800,0.476044,38,11.6205,0,0,154827498424
34.9487,28.6134,9.31677,72,76,71,2541,2800,0.476044,35,11.6203,0,0,154856109148
34.3517,29.1107,9.31677,72,76,71,2541,2800,0.476044,35,11.6203,0,0,154885219148
33.9324,29.4704,9.31677,72,76,71,2541,2800,0.476044,35,11.6203,0,0,154914689925
34.2134,29.2283,9.31677,72,76,71,2541,2800,0.476044,35,11.6203,0,0,154943918087
36.1708,27.6466,9.31677,72,76,71,2541,2800,0.476044,35,11.6203,0,0,154971566617
35.8571,27.8885,9.31677,72,76,71,2541,2800,0.476044,35,11.6203,0,0,154999454224
35.247,28.3712,9.31677,72,76,71,2541,2800,0.476044,35,11.6203,0,0,155027826271
33.3895,29.9495,9.31677,72,76,71,2541,2800,0.476044,35,11.6203,0,0,155057773672
35.511,28.1603,9.31677,72,76,71,2541,2800,0.476044,35,11.6203,0,0,155085935884
34.0659,29.3549,9.31677,72,76,71,2541,2800,0.476044,35,11.6203,0,0,155115292497
37.6777,26.5409,9.31677,72,76,71,2541,2800,0.476044,35,11.6203,0,0,155141832708
33.6484,29.7191,9.31677,72,76,71,2541,2800,0.476044,35,11.6203,0,0,155171552873
35.3666,28.2753,9.31677,72,76,71,2541,2800,0.476044,35,11.6203,0,0,155199827066
34.952,28.6107,9.31677,72,76,71,2541,2800,0.476044,35,11.6203,0,0,155228437489
35.9208,27.839,9.31677,72,76,71,2541,2800,0.476044,35,11.6203,0,0,155256277969
35.2257,28.3883,9.31677,72,76,71,2541,2800,0.476044,35,11.6203,0,0,155284666917
35.3381,28.2981,9.31677,72,76,71,2541,2800,0.476044,35,11.6203,0,0,155312965195
36.3849,27.4839,9.31677,72,76,71,2541,2800,0.476044,35,11.6203,0,0,155340453384
35.7078,28.0051,9.70516,72,73,72,2513,2800,0.476044,41,11.6201,0,0,155368453793
35.7537,27.9692,9.70516,72,73,72,2513,2800,0.476044,41,11.6201,0,0,155396424377
34.7799,28.7523,9.70516,72,73,72,2513,2800,0.476044,41,11.6201,0,0,155425175734
33.3081,30.0228,9.70516,72,73,72,2513,2800,0.476044,41,11.6201,0,0,155455198396
34.5323,28.9584,9.70516,72,73,72,2513,2800,0.476044,41,11.6201,0,0,155484157443
35.806,27.9283,9.70516,72,73,72,2513,2800,0.476044,41,11.6201,0,0,155512085096
34.2195,29.2231,9.70516,72,73,72,2513,2800,0.476044,41,11.6201,0,0,155541309261
34.2276,29.2162,9.70516,72,73,72,2513,2800,0.476044,41,11.6201,0,0,155570541931
31.6901,31.5555,9.70516,72,73,72,2513,2800,0.476044,41,11.6201,0,0,155602080826
33.3748,29.9627,9.70516,72,73,72,2513,2800,0.476044,41,11.6201,0,0,155632044498
32.8506,30.4408,9.70516,72,73,72,2513,2800,0.476044,41,11.6201,0,0,155662485955
35.506,28.1642,9.70516,72,73,72,2513,2800,0.476044,41,11.6201,0,0,155690649871
35.4653,28.1966,9.70516,72,73,72,2513,2800,0.476044,41,11.6201,0,0,155718847380
33.788,29.5963,9.70516,72,73,72,2513,2800,0.476044,41,11.6201,0,0,155748443853
32.4217,30.8436,9.70516,72,73,72,2513,2800,0.476044,41,11.6201,0,0,155779286722
35.713,28.001,9.70516,72,73,72,2513,2800,0.476044,41,11.6201,0,0,155807288414
34.736,28.7885,9.70516,72,73,72,2513,2800,0.476044,41,11.6201,0,0,155836077713
33.6225,29.742,9.70516,72,73,72,2513,2800,0.476044,41,11.6201,0,0,155865824578
35.7781,27.95,11.5523,72,73,72,2530,2800,0.476044,38,11.6234,0,0,155893769754
34.49,28.9939,11.5523,72,73,72,2530,2800,0.476044,38,11.6234,0,0,155922765269
32.696,30.5848,11.5523,72,73,72,2530,2800,0.476044,38,11.6234,0,0,155953350526
33.4133,29.9282,11.5523,72,73,72,2530,2800,0.476044,38,11.6234,0,0,155983278641
22.5535,44.3391,11.5523,72,73,72,2530,2800,0.476044,38,11.6234,0,0,156027616267
28.4253,35.1799,11.5523,72,73,72,2530,2800,0.476044,38,11.6234,0,0,156062797934
31.1653,32.087,11.5523,72,73,72,2530,2800,0.476044,38,11.6234,0,0,156094884035
31.8984,31.3495,11.5523,72,73,72,2530,2800,0.476044,38,11.6234,0,0,156126235028
27.4755,36.3961,11.5523,72,73,72,2530,2800,0.476044,38,11.6234,0,0,156162630802
32.3993,30.8649,11.5523,72,73,72,2530,2800,0.476044,38,11.6234,0,0,156193495983
32.3101,30.9501,11.5523,72,73,72,2530,2800,0.476044,38,11.6234,0,0,156224445042
32.6725,30.6068,11.5523,72,73,72,2530,2800,0.476044,38,11.6234,0,0,156255053102
34.2629,29.1861,11.5523,72,73,72,2530,2800,0.476044,38,11.6234,0,0,156284239866
33.7325,29.645,11.5523,72,73,72,2530,2800,0.476044,38,11.6234,0,0,156313884680
35.1076,28.4838,11.5523,72,73,72,2530,2800,0.476044,38,11.6234,0,0,156342368576
34.2283,29.2156,11.5523,72,73,72,2530,2800,0.476044,38,11.6234,0,0,156371592810
33.7607,29.6202,9.7622,70,77,69,2250,2800,0.476044,32,11.6204,0,0,156401204251
33.5864,29.7739,9.7622,70,77,69,2250,2800,0.476044,32,11.6204,0,0,156430978978
35.7999,27.933,9.7622,70,77,69,2250,2800,0.476044,32,11.6204,0,0,156458911640
35.0591,28.5232,9.7622,70,77,69,2250,2800,0.476044,32,11.6204,0,0,156487436974
34.4303,29.0442,9.7622,70,77,69,2250,2800,0.476044,32,11.6204,0,0,156516481321
37.2853,26.8202,9.7622,70,77,69,2250,2800,0.476044,32,11.6204,0,0,156543303221
34.7911,28.7429,9.7622,70,77,69,2250,2800,0.476044,32,11.6204,0,0,156572045631
32.3172,30.9432,9.7622,70,77,69,2250,2800,0.476044,32,11.6204,0,0,156602989341
33.707,29.6675,9.7622,70,77,69,2250,2800,0.476044,32,11.6204,0,0,156632657638
34.9883,28.581,9.7622,70,77,69,2250,2800,0.476044,32,11.6204,0,0,156661237845
35.4951,28.1729,9.7622,70,77,69,2250,2800,0.476044,32,11.6204,0,0,156689412250
33.613,29.7504,9.7622,70,77,69,2250,2800,0.476044,32,11.6204,0,0,156719160237
34.7656,28.7641,9.7622,70,77,69,2250,2800,0.476044,32,11.6204,0,0,156747925461
36.2581,27.5801,9.7622,70,77,69,2250,2800,0.476044,32,11.6204,0,0,156775504871
36.2029,27.6221,9.7622,70,77,69,2250,2800,0.476044,32,11.6204,0,0,156803129355
34.7087,28.8113,9.7622,70,77,69,2250,2800,0.476044,32,11.6204,0,0,156831940094
35.5307,28.1446,9.7622,70,77,69,2250,2800,0.476044,32,11.6204,0,0,156860083933
35.3141,28.3173,9.7622,70,77,69,2250,2800,0.476044,32,11.6204,0,0,156888408109
35.3651,28.2765,9.05753,71,73,72,2500,2800,0.476044,35,11.6181,0,0,156916679477
36.9461,27.0665,9.05753,71,73,72,2500,2800,0.476044,35,11.6181,0,0,156943745815
35.08,28.5063,9.05753,71,73,72,2500,2800,0.476044,35,11.6181,0,0,156972253445
33.8178,29.5703,9.05753,71,73,72,2500,2800,0.476044,35,11.6181,0,0,157001822196
36.1188,27.6864,9.05753,71,73,72,2500,2800,0.476044,35,11.6181,0,0,157029510510
35.1485,28.4507,9.05753,71,73,72,2500,2800,0.476044,35,11.6181,0,0,157057961835
33.6472,29.7201,9.05753,71,73,72,2500,2800,0.476044,35,11.6181,0,0,157087680767
34.2201,29.2226,9.05753,71,73,72,2500,2800,0.476044,35,11.6181,0,0,157116904802
39.06,25.6016,9.05753,71,73,72,2500,2800,0.476044,35,11.6181,0,0,157142507314
33.5112,29.8408,9.05753,71,73,72,2500,2800,0.476044,35,11.6181,0,0,157172348586
35.4024,28.2467,9.05753,71,73,72,2500,2800,0.476044,35,11.6181,0,0,157200595608
34.8251,28.715,9.05753,71,73,72,2500,2800,0.476044,35,11.6181,0,0,157229309996
34.2714,29.1788,9.05753,71,73,72,2500,2800,0.476044,35,11.6181,0,0,157258488435
35.6786,28.028,9.05753,71,73,72,2500,2800,0.476044,35,11.6181,0,0,157286517899
34.4204,29.0525,9.05753,71,73,72,2500,2800,0.476044,35,11.6181,0,0,157315570602
37.5063,26.6622,9.05753,71,73,72,2500,2800,0.476044,35,11.6181,0,0,157342232862
35.4678,28.1946,9.05753,71,73,72,2500,2800,0.476044,35,11.6181,0,0,157370427605
34.6932,28.8241,9.05753,71,73,72,2500,2800,0.476044,35,11.6181,0,0,157399260015
35.0405,28.5384,9.1471,72,72,73,2514,2800,0.476044,39,11.6181,0,0,157427790829
33.9015,29.4972,9.1471,72,72,73,2514,2800,0.476044,39,11.6181,0,0,157457289108
34.1684,29.2668,9.1471,72,72,73,2514,2800,0.476044,39,11.6181,0,0,157486557154
33.6636,29.7057,9.1471,72,72,73,2514,2800,0.476044,39,11.6181,0,0,157516260087
35.4873,28.1791,9.1471,72,72,73,2514,2800,0.476044,39,11.6181,0,0,157544440133
34.7252,28.7975,9.1471,72,72,73,2514,2800,0.476044,39,11.6181,0,0,157573237327
30.9025,32.3598,9.1471,72,72,73,2514,2800,0.476044,39,11.6181,0,0,157605599566
33.3132,30.0181,9.1471,72,72,73,2514,2800,0.476044,39,11.6181,0,0,157635616567
36.1121,27.6915,9.1471,72,72,73,2514,2800,0.476044,39,11.6181,0,0,157663307757
34.8661,28.6811,9.1471,72,72,73,2514,2800,0.476044,39,11.6181,0,0,157691990937
34.6672,28.8457,9.1471,72,72,73,2514,2800,0.476044,39,11.6181,0,0,157720837403
35.0496,28.531,9.1471,72,72,73,2514,2800,0.476044,39,11.6181,0,0,157749367405
38.152,26.211,9.1471,72,72,73,2514,2800,0.476044,39,11.6181,0,0,157775578679
35.3185,28.3138,9.1471,72,72,73,2514,2800,0.476044,39,11.6181,0,0,157803893719
34.6501,28.86,9.1471,72,72,73,2514,2800,0.476044,39,11.6181,0,0,157832752959
36.0047,27.7741,9.1471,72,72,73,2514,2800,0.476044,39,11.6181,0,0,157860527665
34.1745,29.2616,9.1471,72,72,73,2514,2800,0.476044,39,11.6181,0,0,157889790342
34.5375,28.954,9.1471,72,72,73,2514,2800,0.476044,39,11.6181,0,0,157918745592
33.6789,29.6922,11.7073,73,73,73,2514,2800,0.476044,39,11.6116,0,0,157948437233
34.5946,28.9063,11.7073,73,73,73,2514,2800,0.476044,39,11.6116,0,0,157977343401
34.2988,29.1555,11.7073,73,73,73,2514,2800,0.476044,39,11.6116,0,0,158006498486
33.6654,29.7041,11.7073,73,73,73,2514,2800,0.476044,39,11.6116,0,0,158036202019
34.2063,29.2344,11.7073,73,73,73,2514,2800,0.476044,39,11.6116,0,0,158065439208
35.7488,27.973,11.7073,73,73,73,2514,2800,0.476044,39,11.6116,0,0,158093411625
31.7447,31.5013,11.7073,73,73,73,2514,2800,0.476044,39,11.6116,0,0,158124912910
33.4298,29.9134,11.7073,73,73,73,2514,2800,0.476044,39,11.6116,0,0,158154827399
33.6633,29.7059,11.7073,73,73,73,2514,2800,0.476044,39,11.6116,0,0,158184533136
34.684,28.8317,11.7073,73,73,73,2514,2800,0.476044,39,11.6116,0,0,158213366508
34.2902,29.1629,11.7073,73,73,73,2514,2800,0.476044,39,11.6116,0,0,158242529317
34.1845,29.253,11.7073,73,73,73,2514,2800,0.476044,39,11.6116,0,0,158271782646
33.9344,29.4686,11.7073,73,73,73,2514,2800,0.476044,39,11.6116,0,0,158301250948
30.7023,32.5708,11.7073,73,73,73,2514,2800,0.476044,39,11.6116,0,0,158333821899
33.9915,29.4191,11.7073,73,73,73,2514,2800,0.476044,39,11.6116,0,0,158363242592
31.1446,32.1083,11.7073,73,73,73,2514,2800,0.476044,39,11.6116,0,0,158395348971
32.3971,30.867,11.7073,73,73,73,2514,2800,0.476044,39,11.6116,0,0,158426220655
32.5862,30.6879,10.0372,73,77,71,2407,2800,0.477997,38,11.6125,0,0,158456905930
35.2366,28.3796,10.0372,73,77,71,2407,2800,0.477997,38,11.6125,0,0,158485286362
33.9898,29.4206,10.0372,73,77,71,2407,2800,0.477997,38,11.6125,0,0,158514705432
37.9713,26.3357,10.0372,73,77,71,2407,2800,0.477997,38,11.6125,0,0,158541044455
35.9753,27.7969,10.0372,73,77,71,2407,2800,0.477997,38,11.6125,0,0,158568840732
36.6123,27.3132,10.0372,73,77,71,2407,2800,0.477997,38,11.6125,0,0,158596153612
36.5559,27.3554,10.0372,73,77,71,2407,2800,0.477997,38,11.6125,0,0,158623510976
36.1787,27.6406,10.0372,73,77,71,2407,2800,0.477997,38,11.6125,0,0,158651150188
34.658,28.8533,10.0372,73,77,71,2407,2800,0.477997,38,11.6125,0,0,158680003517
40.1989,24.8763,10.0372,73,77,71,2407,2800,0.477997,38,11.6125,0,0,158704880809
35.6752,28.0307,10.0372,73,77,71,2407,2800,0.477997,38,11.6125,0,0,158732911536
39.9418,25.0364,10.0372,73,77,71,2407,2800,0.477997,38,11.6125,0,0,158757948177
36.7063,27.2433,10.0372,73,77,71,2407,2800,0.477997,38,11.6125,0,0,158785191387
36.3525,27.5084,10.0372,73,77,71,2407,2800,0.477997,38,11.6125,0,0,158812702288
39.2455,25.4806,10.0372,73,77,71,2407,2800,0.477997,38,11.6125,0,0,158838181990
36.8516,27.1359,10.0372,73,77,71,2407,2800,0.477997,38,11.6125,0,0,158865316636
38.6823,25.8516,10.0372,73,77,71,2407,2800,0.477997,38,11.6125,0,0,158891170581
38.9613,25.6665,10.0372,73,77,71,2407,2800,0.477997,38,11.6125,0,0,158916837314
39.3752,25.3967,10.0372,73,77,71,2407,2800,0.477997,38,11.6125,0,0,158942237858
38.044,26.2853,10.2439,72,74,73,2584,2800,0.477997,38,11.6046,0,0,158968520125
35.011,28.5625,10.2439,72,74,73,2584,2800,0.477997,38,11.6046,0,0,158997081677
37.799,26.4557,10.2439,72,74,73,2584,2800,0.477997,38,11.6046,0,0,159023537490
38.1462,26.215,10.2439,72,74,73,2584,2800,0.477997,38,11.6046,0,0,159049754274
39.244,25.4816,10.2439,72,74,73,2584,2800,0.477997,38,11.6046,0,0,159075235079
37.214,26.8716,10.2439,72,74,73,2584,2800,0.477997,38,11.6046,0,0,159102108364
35.6683,28.0361,10.2439,72,74,73,2584,2800,0.477997,38,11.6046,0,0,159130144451
37.0531,26.9883,10.2439,72,74,73,2584,2800,0.477997,38,11.6046,0,0,159157134215
37.3212,26.7944,10.2439,72,74,73,2584,2800,0.477997,38,11.6046,0,0,159183928252
35.5386,28.1384,10.2439,72,74,73,2584,2800,0.477997,38,11.6046,0,0,159212065618
36.3891,27.4807,10.2439,72,74,73,2584,2800,0.477997,38,11.6046,0,0,159239547045
36.0329,27.7524,10.2439,72,74,73,2584,2800,0.477997,38,11.6046,0,0,159267299218
33.4288,29.9143,10.2439,72,74,73,2584,2800,0.477997,38,11.6046,0,0,159297214669
35.5134,28.1584,10.2439,72,74,73,2584,2800,0.477997,38,11.6046,0,0,159325373676
35.3428,28.2943,10.2439,72,74,73,2584,2800,0.477997,38,11.6046,0,0,159353668578
34.4999,28.9856,10.2439,72,74,73,2584,2800,0.477997,38,11.6046,0,0,159382655127
37.6043,26.5927,10.2439,72,74,73,2584,2800,0.477997,38,11.6046,0,0,159409248828
36.3644,27.4995,10.2439,72,74,73,2584,2800,0.477997,38,11.6046,0,0,159436748488
33.8664,29.5278,10.2439,72,74,73,2584,2800,0.477997,38,11.6046,0,0,159466279098
33.5449,29.8108,11.2845,73,74,72,2558,2800,0.481438,35,11.61,0,0,159496088219
35.1442,28.4542,11.2845,73,74,72,2558,2800,0.481438,35,11.61,0,0,159524542159
33.6101,29.753,11.2845,73,74,72,2558,2800,0.481438,35,11.61,0,0,159554296267
34.1327,29.2974,11.2845,73,74,72,2558,2800,0.481438,35,11.61,0,0,159583592517
31.1452,32.1077,11.2845,73,74,72,2558,2800,0.481438,35,11.61,0,0,159615700900
26.4251,37.8428,11.2845,73,74,72,2558,2800,0.481438,35,11.61,0,0,159653542444
31.3328,31.9155,11.2845,73,74,72,2558,2800,0.481438,35,11.61,0,0,159685460761
33.58,29.7796,11.2845,73,74,72,2558,2800,0.481438,35,11.61,0,0,159715240467
37.9995,26.3161,11.2845,73,74,72,2558,2800,0.481438,35,11.61,0,0,159741556819
37.0648,26.9798,11.2845,73,74,72,2558,2800,0.481438,35,11.61,0,0,159768537526
35.0989,28.4909,11.2845,73,74,72,2558,2800,0.481438,35,11.61,0,0,159797027283
38.8001,25.7732,11.2845,73,74,72,2558,2800,0.481438,35,11.61,0,0,159822802309
35.7894,27.9412,11.2845,73,74,72,2558,2800,0.481438,35,11.61,0,0,159850744079
40.2564,24.8408,11.2845,73,74,72,2558,2800,0.481438,35,11.61,0,0,159875585624
36.8862,27.1104,11.2845,73,74,72,2558,2800,0.481438,35,11.61,0,0,159902694462
36.5465,27.3624,11.2845,73,74,72,2558,2800,0.481438,35,11.61,0,0,159930057205
36.9721,27.0474,11.2845,73,74,72,2558,2800,0.481438,35,11.61,0,0,159957106652
36.5015,27.3962,11.2845,73,74,72,2558,2800,0.481438,35,11.61,0,0,159984507196
34.6054,28.8972,19.6602,73,74,74,2437,2800,0.481438,38,11.6243,0,0,160013399829
38.1072,26.2418,19.6602,73,74,74,2437,2800,0.481438,38,11.6243,0,0,160039643073
35.6072,28.0842,19.6602,73,74,74,2437,2800,0.481438,38,11.6243,0,0,160067725917
37.9237,26.3687,19.6602,73,74,74,2437,2800,0.481438,38,11.6243,0,0,160094097312
35.9043,27.8519,19.6602,73,74,74,2437,2800,0.481438,38,11.6243,0,0,160121949172
36.5104,27.3895,19.6602,73,74,74,2437,2800,0.481438,38,11.6243,0,0,160149338616
39.7494,25.1576,19.6602,73,74,74,2437,2800,0.481438,38,11.6243,0,0,160174496785
34.1343,29.2961,19.6602,73,74,74,2437,2800,0.481438,38,11.6243,0,0,160203793125
36.8397,27.1446,19.6602,73,74,74,2437,2800,0.481438,38,11.6243,0,0,160230936968
37.174,26.9005,19.6602,73,74,74,2437,2800,0.481438,38,11.6243,0,0,160257839309
36.4569,27.4297,19.6602,73,74,74,2437,2800,0.481438,38,11.6243,0,0,160285270951
36.2942,27.5526,19.6602,73,74,74,2437,2800,0.481438,38,11.6243,0,0,160312820986
38.5749,25.9236,19.6602,73,74,74,2437,2800,0.481438,38,11.6243,0,0,160338745603
36.8445,27.1411,19.6602,73,74,74,2437,2800,0.481438,38,11.6243,0,0,160365886020
37.7564,26.4856,19.6602,73,74,74,2437,2800,0.481438,38,11.6243,0,0,160392372781
36.0145,27.7666,19.6602,73,74,74,2437,2800,0.481438,38,11.6243,0,0,160420140594
34.9393,28.6211,19.6602,73,74,74,2437,2800,0.481438,38,11.6243,0,0,160448759894
39.9919,25.0051,19.6602,73,74,74,2437,2800,0.481438,38,11.6243,0,0,160473766860
36.0462,27.7422,19.6602,73,74,74,2437,2800,0.481438,38,11.6243,0,0,160501516990
35.8301,27.9095,9.6577,73,80,74,2510,2800,0.481438,39,11.6263,0,0,160529419816
36.7222,27.2315,9.6577,73,80,74,2510,2800,0.481438,39,11.6263,0,0,160556651384
36.5877,27.3316,9.6577,73,80,74,2510,2800,0.481438,39,11.6263,0,0,160583982689
39.204,25.5076,9.6577,73,80,74,2510,2800,0.481438,39,11.6263,0,0,160609491656
35.1623,28.4395,9.6577,73,80,74,2510,2800,0.481438,39,11.6263,0,0,160637933403
37.883,26.3971,9.6577,73,80,74,2510,2800,0.481438,39,11.6263,0,0,160664329694
36.6879,27.2569,9.6577,73,80,74,2510,2800,0.481438,39,11.6263,0,0,160691585217
36.6453,27.2886,9.6577,73,80,74,2510,2800,0.481438,39,11.6263,0,0,160718877819
37.4159,26.7266,9.6577,73,80,74,2510,2800,0.481438,39,11.6263,0,0,160745602786
37.8596,26.4134,9.6577,73,80,74,2510,2800,0.481438,39,11.6263,0,0,160772016250
36.4199,27.4576,9.6577,73,80,74,2510,2800,0.481438,39,11.6263,0,0,160799473381
37.7067,26.5205,9.6577,73,80,74,2510,2800,0.481438,39,11.6263,0,0,160825996129
36.5181,27.3837,9.6577,73,80,74,2510,2800,0.481438,39,11.6263,0,0,160853379551
35.794,27.9377,9.6577,73,80,74,2510,2800,0.481438,39,11.6263,0,0,160881317053
39.0638,25.5991,9.6577,73,80,74,2510,2800,0.481438,39,11.6263,0,0,160906916129
38.0681,26.2687,9.6577,73,80,74,2510,2800,0.481438,39,11.6263,0,0,160933186294
36.6951,27.2516,9.6577,73,80,74,2510,2800,0.481438,39,11.6263,0,0,160960438640
37.1086,26.948,9.6577,73,80,74,2510,2800,0.481438,39,11.6263,0,0,160987387277
36.1085,27.6943,9.6577,73,80,74,2510,2800,0.481438,39,11.6263,0,0,161015086712
36.9203,27.0853,8.41584,74,73,72,2543,2800,0.481438,43,11.6194,0,0,161042165714
36.7055,27.2439,8.41584,74,73,72,2543,2800,0.481438,43,11.6194,0,0,161069410797
37.7115,26.5171,8.41584,74,73,72,2543,2800,0.481438,43,11.6194,0,0,161095929037
36.7012,27.2471,8.41584,74,73,72,2543,2800,0.481438,43,11.6194,0,0,161123176224
36.1266,27.6804,8.41584,74,73,72,2543,2800,0.481438,43,11.6194,0,0,161150857395
42.0256,23.795,8.41584,74,73,72,2543,2800,0.481438,43,11.6194,0,0,161174652247
35.6707,28.0342,8.41584,74,73,72,2543,2800,0.481438,43,11.6194,0,0,161202687021
37.7624,26.4813,8.41584,74,73,72,2543,2800,0.481438,43,11.6194,0,0,161229167220
36.6003,27.3222,8.41584,74,73,72,2543,2800,0.481438,43,11.6194,0,0,161256490610
38.0327,26.2932,8.41584,74,73,72,2543,2800,0.481438,43,11.6194,0,0,161282785050
39.6775,25.2032,8.41584,74,73,72,2543,2800,0.481438,43,11.6194,0,0,161307988474
32.3735,30.8895,8.41584,74,73,72,2543,2800,0.481438,43,11.6194,0,0,161338876469
38.2029,26.176,8.41584,74,73,72,2543,2800,0.481438,43,11.6194,0,0,161365054481
34.5842,28.9149,8.41584,74,73,72,2543,2800,0.481438,43,11.6194,0,0,161393971519
38.4164,26.0306,8.41584,74,73,72,2543,2800,0.481438,43,11.6194,0,0,161419999810
35.9577,27.8105,8.41584,74,73,72,2543,2800,0.481438,43,11.6194,0,0,161447813079
39.6734,25.2058,8.41584,74,73,72,2543,2800,0.481438,43,11.6194,0,0,161473016683
34.0005,29.4113,8.41584,74,73,72,2543,2800,0.481438,43,11.6194,0,0,161502428580
36.901,27.0996,8.41584,74,73,72,2543,2800,0.481438,43,11.6194,0,0,161529535253
35.5981,28.0914,9.75309,74,74,72,2562,2800,0.481438,34,11.6199,0,0,161557620602
37.0846,26.9654,9.75309,74,74,72,2562,2800,0.481438,34,11.6199,0,0,161584586832
32.0686,31.1831,9.75309,74,74,72,2562,2800,0.481438,34,11.6199,0,0,161615781301
40.661,24.5936,9.75309,74,74,72,2562,2800,0.481438,34,11.6199,0,0,161640363861
33.8057,29.5809,9.75309,74,74,72,2562,2800,0.481438,34,11.6199,0,0,161669945215
37.1464,26.9205,9.75309,74,74,72,2562,2800,0.481438,34,11.6199,0,0,161696866972
38.0276,26.2967,9.75309,74,74,72,2562,2800,0.481438,34,11.6199,0,0,161723164077
38.4793,25.988,9.75309,74,74,72,2562,2800,0.481438,34,11.6199,0,0,161749152103
38.6823,25.8516,9.75309,74,74,72,2562,2800,0.481438,34,11.6199,0,0,161775003392
22.6382,44.1731,9.75309,74,74,72,2562,2800,0.481438,34,11.6199,0,0,161819177733
36.0095,27.7704,9.75309,74,74,72,2562,2800,0.481438,34,11.6199,0,0,161846946608
39.2067,25.5058,9.75309,74,74,72,2562,2800,0.481438,34,11.6199,0,0,161872452860
37.4042,26.7349,9.75309,74,74,72,2562,2800,0.481438,34,11.6199,0,0,161899189840
36.1982,27.6257,9.75309,74,74,72,2562,2800,0.481438,34,11.6199,0,0,161926813463
37.0011,27.0262,9.75309,74,74,72,2562,2800,0.481438,34,11.6199,0,0,161953842190
35.9081,27.8489,9.75309,74,74,72,2562,2800,0.481438,34,11.6199,0,0,161981690535
39.279,25.4589,9.75309,74,74,72,2562,2800,0.481438,34,11.6199,0,0,162007149668
34.7803,28.7519,9.75309,74,74,72,2562,2800,0.481438,34,11.6199,0,0,162035909061
31.6909,31.5548,10.1377,74,74,74,2502,2800,0.481438,34,11.6179,0,0,162067459238
33.4974,29.853,10.1377,74,74,74,2502,2800,0.481438,34,11.6179,0,0,162097309366
36.1302,27.6777,10.1377,74,74,74,2502,2800,0.481438,34,11.6179,0,0,162124988653
35.8174,27.9194,10.1377,74,74,74,2502,2800,0.481438,34,11.6179,0,0,162152909724
35.3777,28.2664,10.1377,74,74,74,2502,2800,0.481438,34,11.6179,0,0,162181174860
38.091,26.253,10.1377,74,74,74,2502,2800,0.481438,34,11.6179,0,0,162207427932
36.2788,27.5643,10.1377,74,74,74,2502,2800,0.481438,34,11.6179,0,0,162234993877
37.4659,26.6909,10.1377,74,74,74,2502,2800,0.481438,34,11.6179,0,0,162261685021
34.7526,28.7748,10.1377,74,74,74,2502,2800,0.481438,34,11.6179,0,0,162290459853
36.3916,27.4788,10.1377,74,74,74,2502,2800,0.481438,34,11.6179,0,0,162317938574
35.122,28.4722,10.1377,74,74,74,2502,2800,0.481438,34,11.6179,0,0,162346410698
38.1317,26.2249,10.1377,74,74,74,2502,2800,0.481438,34,11.6179,0,0,162372637492
36.6337,27.2973,10.1377,74,74,74,2502,2800,0.481438,34,11.6179,0,0,162399934111
37.3048,26.8062,10.1377,74,74,74,2502,2800,0.481438,34,11.6179,0,0,162426740882
35.1672,28.4356,10.1377,74,74,74,2502,2800,0.481438,34,11.6179,0,0,162455177019
34.3322,29.1272,10.1377,74,74,74,2502,2800,0.481438,34,11.6179,0,0,162484302999
36.4397,27.4426,10.1377,74,74,74,2502,2800,0.481438,34,11.6179,0,0,162511748297
37.8033,26.4527,10.1377,74,74,74,2502,2800,0.481438,34,11.6179,0,0,162538206815
35.6531,28.048,9.1024,74,76,74,2507,2800,0.478001,40,11.6192,0,0,162566249334
37.0144,27.0165,9.1024,74,76,74,2507,2800,0.478001,40,11.6192,0,0,162593265658
34.3544,29.1084,9.1024,74,76,74,2507,2800,0.478001,40,11.6192,0,0,162622373795
36.1091,27.6939,9.1024,74,76,74,2507,2800,0.478001,40,11.6192,0,0,162650069242
38.361,26.0681,9.1024,74,76,74,2507,2800,0.478001,40,11.6192,0,0,162676137438
36.7546,27.2075,9.1024,74,76,74,2507,2800,0.478001,40,11.6192,0,0,162703346083
37.2192,26.8678,9.1024,74,76,74,2507,2800,0.478001,40,11.6192,0,0,162730214319
38.7659,25.7958,9.1024,74,76,74,2507,2800,0.478001,40,11.6192,0,0,162756009483
36.2887,27.5568,9.1024,74,76,74,2507,2800,0.478001,40,11.6192,0,0,162783566952
36.5137,27.3869,9.1024,74,76,74,2507,2800,0.478001,40,11.6192,0,0,162810954171
36.8486,27.1381,9.1024,74,76,74,2507,2800,0.478001,40,11.6192,0,0,162838093346
36.671,27.2695,9.1024,74,76,74,2507,2800,0.478001,40,11.6192,0,0,162865364127
37.714,26.5153,9.1024,74,76,74,2507,2800,0.478001,40,11.6192,0,0,162891879081
34.3168,29.1402,9.1024,74,76,74,2507,2800,0.478001,40,11.6192,0,0,162921019969
34.3625,29.1015,9.1024,74,76,74,2507,2800,0.478001,40,11.6192,0,0,162950122756
34.2458,29.2007,9.1024,74,76,74,2507,2800,0.478001,40,11.6192,0,0,162979322905
35.2171,28.3953,9.1024,74,76,74,2507,2800,0.478001,40,11.6192,0,0,163007716572
31.3618,31.8859,9.1024,74,76,74,2507,2800,0.478001,40,11.6192,0,0,163039608499
33.723,29.6534,8.62944,74,73,72,2531,2800,0.478001,41,11.6145,0,0,163069258462
34.8607,28.6856,8.62944,74,73,72,2531,2800,0.478001,41,11.6145,0,0,163097944237
34.6202,28.8849,8.62944,74,73,72,2531,2800,0.478001,41,11.6145,0,0,163126828834
35.6898,28.0192,8.62944,74,73,72,2531,2800,0.478001,41,11.6145,0,0,163154849211
35.2533,28.3661,8.62944,74,73,72,2531,2800,0.478001,41,11.6145,0,0,163183216008
36.3464,27.513,8.62944,74,73,72,2531,2800,0.478001,41,11.6145,0,0,163210728522
36.4388,27.4432,8.62944,74,73,72,2531,2800,0.478001,41,11.6145,0,0,163238172849
35.8193,27.9179,8.62944,74,73,72,2531,2800,0.478001,41,11.6145,0,0,163266090523
35.9265,27.8346,8.62944,74,73,72,2531,2800,0.478001,41,11.6145,0,0,163293925673
35.5754,28.1093,8.62944,74,73,72,2531,2800,0.478001,41,11.6145,0,0,163322036109
36.0897,27.7088,8.62944,74,73,72,2531,2800,0.478001,41,11.6145,0,0,163349745052
36.5262,27.3776,8.62944,74,73,72,2531,2800,0.478001,41,11.6145,0,0,163377123595
36.4319,27.4485,8.62944,74,73,72,2531,2800,0.478001,41,11.6145,0,0,163404570476
34.2032,29.237,8.62944,74,73,72,2531,2800,0.478001,41,11.6145,0,0,163433810100
34.1355,29.295,8.62944,74,73,72,2531,2800,0.478001,41,11.6145,0,0,163463105007
34.904,28.65,8.62944,74,73,72,2531,2800,0.478001,41,11.6145,0,0,163491754984
35.2791,28.3454,8.62944,74,73,72,2531,2800,0.478001,41,11.6145,0,0,163520100932
33.5345,29.8201,8.62944,74,73,72,2531,2800,0.478001,41,11.6145,0,0,163549929419
35.0938,28.4951,9.93789,74,73,73,2565,2800,0.478001,34,11.6124,0,0,163578417373
32.8824,30.4114,9.93789,74,73,73,2565,2800,0.478001,34,11.6124,0,0,163608827952
33.9225,29.479,9.93789,74,73,73,2565,2800,0.478001,34,11.6124,0,0,163638308347
36.4343,27.4466,9.93789,74,73,73,2565,2800,0.478001,34,11.6124,0,0,163665755830
36.6533,27.2827,9.93789,74,73,73,2565,2800,0.478001,34,11.6124,0,0,163693038423
36.0937,27.7057,9.93789,74,73,73,2565,2800,0.478001,34,11.6124,0,0,163720745482
35.7767,27.9511,9.93789,74,73,73,2565,2800,0.478001,34,11.6124,0,0,163748695187
32.7677,30.5178,9.93789,74,73,73,2565,2800,0.478001,34,11.6124,0,0,163779213528
37.9964,26.3183,9.93789,74,73,73,2565,2800,0.478001,34,11.6124,0,0,163805532935
29.2761,34.1575,9.93789,74,73,73,2565,2800,0.478001,34,11.6124,0,0,163839688437
28.269,35.3745,9.93789,74,73,73,2565,2800,0.478001,34,11.6124,0,0,163875066222
34.1029,29.323,9.93789,74,73,73,2565,2800,0.478001,34,11.6124,0,0,163904390644
35.3699,28.2726,9.93789,74,73,73,2565,2800,0.478001,34,11.6124,0,0,163932661691
35.6144,28.0786,9.93789,74,73,73,2565,2800,0.478001,34,11.6124,0,0,163960740377
35.8586,27.8873,9.93789,74,73,73,2565,2800,0.478001,34,11.6124,0,0,163988628576
36.3434,27.5153,9.93789,74,73,73,2565,2800,0.478001,34,11.6124,0,0,164016143886
33.6782,29.6928,9.93789,74,73,73,2565,2800,0.478001,34,11.6124,0,0,164045837331
39.3922,25.3857,9.93789,74,73,73,2565,2800,0.478001,34,11.6124,0,0,164071228737
34.6992,28.8191,9.93939,74,74,72,2554,2800,0.478001,38,11.6113,0,0,164100040859
34.9256,28.6323,9.93939,74,74,72,2554,2800,0.478001,38,11.6113,0,0,164128674656
36.4092,27.4656,9.93939,74,74,72,2554,2800,0.478001,38,11.6113,0,0,164156140974
36.7712,27.1952,9.93939,74,74,72,2554,2800,0.478001,38,11.6113,0,0,164183335392
36.3117,27.5393,9.93939,74,74,72,2554,2800,0.478001,38,11.6113,0,0,164210876961
38.4773,25.9894,9.93939,74,74,72,2554,2800,0.478001,38,11.6113,0,0,164236866179
37.1046,26.9508,9.93939,74,74,72,2554,2800,0.478001,38,11.6113,0,0,164263818152
37.708,26.5195,9.93939,74,74,72,2554,2800,0.478001,38,11.6113,0,0,164290337464
37.6609,26.5528,9.93939,74,74,72,2554,2800,0.478001,38,11.6113,0,0,164316890489
35.7852,27.9445,9.93939,74,74,72,2554,2800,0.478001,38,11.6113,0,0,164344835635
36.8699,27.1224,9.93939,74,74,72,2554,2800,0.478001,38,11.6113,0,0,164371958759
35.6843,28.0236,9.93939,74,74,72,2554,2800,0.478001,38,11.6113,0,0,164399980379
35.1513,28.4485,9.93939,74,74,72,2554,2800,0.478001,38,11.6113,0,0,164428431644
36.4817,27.411,9.93939,74,74,72,2554,2800,0.478001,38,11.6113,0,0,164455842147
34.4572,29.0215,9.93939,74,74,72,2554,2800,0.478001,38,11.6113,0,0,164484865094
33.7255,29.6512,9.93939,74,74,72,2554,2800,0.478001,38,11.6113,0,0,164514516299
38.8295,25.7536,9.93939,74,74,72,2554,2800,0.478001,38,11.6113,0,0,164540270085
26.8988,37.1764,9.93939,74,74,72,2554,2800,0.478001,38,11.6113,0,0,164577453947
30.9473,32.313,9.3633,74,77,71,2299,2800,0.481441,35,11.6181,0,0,164609758638
30.6088,32.6703,9.3633,74,77,71,2299,2800,0.481441,35,11.6181,0,0,164642431049
30.04,33.2889,9.3633,74,77,71,2299,2800,0.481441,35,11.6181,0,0,164675720036
26.3444,37.9587,9.3633,74,77,71,2299,2800,0.481441,35,11.6181,0,0,164713679332
29.9473,33.392,9.3633,74,77,71,2299,2800,0.481441,35,11.6181,0,0,164747071302
30.5237,32.7614,9.3633,74,77,71,2299,2800,0.481441,35,11.6181,0,0,164779833301
28.0704,35.6247,9.3633,74,77,71,2299,2800,0.481441,35,11.6181,0,0,164815458579
30.459,32.831,9.3633,74,77,71,2299,2800,0.481441,35,11.6181,0,0,164848290079
30.6182,32.6604,9.3633,74,77,71,2299,2800,0.481441,35,11.6181,0,0,164880950627
30.2585,33.0486,9.3633,74,77,71,2299,2800,0.481441,35,11.6181,0,0,164913999965
35.3398,28.2967,9.3633,74,77,71,2299,2800,0.481441,35,11.6181,0,0,164942296009
31.358,31.8898,9.3633,74,77,71,2299,2800,0.481441,35,11.6181,0,0,164974186063
31.7404,31.5056,9.3633,74,77,71,2299,2800,0.481441,35,11.6181,0,0,165005690503
31.659,31.5866,9.3633,74,77,71,2299,2800,0.481441,35,11.6181,0,0,165037279082
29.7612,33.6008,9.3633,74,77,71,2299,2800,0.481441,35,11.6181,0,0,165070881186
31.5111,31.7348,9.3633,74,77,71,2299,2800,0.481441,35,11.6181,0,0,165102618664
30.8177,32.4489,8.08203,73,74,68,1647,2800,0.481441,29,11.6092,0,0,165135065471
29.7635,33.5982,8.08203,73,74,68,1647,2800,0.481441,29,11.6092,0,0,165168663358
30.1289,33.1907,8.08203,73,74,68,1647,2800,0.481441,29,11.6092,0,0,165201855043
27.3462,36.5681,8.08203,73,74,68,1647,2800,0.481441,29,11.6092,0,0,165238420674
29.5051,33.8924,8.08203,73,74,68,1647,2800,0.481441,29,11.6092,0,0,165272315378
28.4599,35.1372,8.08203,73,74,68,1647,2800,0.481441,29,11.6092,0,0,165307451008
25.6983,38.9131,8.08203,73,74,68,1647,2800,0.481441,29,11.6092,0,0,165346363972
27.1575,36.8222,8.08203,73,74,68,1647,2800,0.481441,29,11.6092,0,0,165383189030
26.9443,37.1136,8.08203,73,74,68,1647,2800,0.481441,29,11.6092,0,0,165420302790
29.8693,33.4792,8.08203,73,74,68,1647,2800,0.481441,29,11.6092,0,0,165453782144
27.7844,35.9914,8.08203,73,74,68,1647,2800,0.481441,29,11.6092,0,0,165489773810
29.1084,34.3543,8.08203,73,74,68,1647,2800,0.481441,29,11.6092,0,0,165524128616
27.7308,36.0609,8.08203,73,74,68,1647,2800,0.481441,29,11.6092,0,0,165560188419
27.719,36.0763,8.08203,73,74,68,1647,2800,0.481441,29,11.6092,0,0,165596265194
27.221,36.7363,8.08203,73,74,68,1647,2800,0.481441,29,11.6092,0,0,165633009982
27.876,35.8732,12.5598,70,74,67,1370,2800,0.481441,25,11.6245,0,0,165668874178
29.179,34.2712,12.5598,70,74,67,1370,2800,0.481441,25,11.6245,0,0,165703147131
28.3832,35.2321,12.5598,70,74,67,1370,2800,0.481441,25,11.6245,0,0,165738380534
24.3614,41.0486,12.5598,70,74,67,1370,2800,0.481441,25,11.6245,0,0,165779429424
28.2039,35.4561,12.5598,70,74,67,1370,2800,0.481441,25,11.6245,0,0,165814883000
29.9916,33.3427,12.5598,70,74,67,1370,2800,0.481441,25,11.6245,0,0,165848228283
31.5044,31.7416,12.5598,70,74,67,1370,2800,0.481441,25,11.6245,0,0,165879969428
31.2424,32.0078,12.5598,70,74,67,1370,2800,0.481441,25,11.6245,0,0,165911978054
35.0502,28.5305,12.5598,70,74,67,1370,2800,0.481441,25,11.6245,0,0,165940509419
31.0323,32.2245,12.5598,70,74,67,1370,2800,0.481441,25,11.6245,0,0,165972732287
34.9012,28.6523,12.5598,70,74,67,1370,2800,0.481441,25,11.6245,0,0,166001386673
35.1122,28.4802,12.5598,70,74,67,1370,2800,0.481441,25,11.6245,0,0,166029867924
36.58,27.3373,12.5598,70,74,67,1370,2800,0.481441,25,11.6245,0,0,166057204799
35.1925,28.4151,12.5598,70,74,67,1370,2800,0.481441,25,11.6245,0,0,166085618543
35.6755,28.0305,12.5598,70,74,67,1370,2800,0.481441,25,11.6245,0,0,166113650632
38.1699,26.1987,12.5598,70,74,67,1370,2800,0.481441,25,11.6245,0,0,166139858450
36.776,27.1917,8.84184,70,74,69,1761,2800,0.481441,24,11.6163,0,0,166167042198
37.3256,26.7913,8.84184,70,74,69,1761,2800,0.481441,24,11.6163,0,0,166193835143
38.5616,25.9326,8.84184,70,74,69,1761,2800,0.481441,24,11.6163,0,0,166219767785
36.3938,27.4772,8.84184,70,74,69,1761,2800,0.481441,24,11.6163,0,0,166247245384
41.2517,24.2414,8.84184,70,74,69,1761,2800,0.481441,24,11.6163,0,0,166271486243
36.4129,27.4628,8.84184,70,74,69,1761,2800,0.481441,24,11.6163,0,0,166298949726
38.1964,26.1805,8.84184,70,74,69,1761,2800,0.481441,24,11.6163,0,0,166325130182
38.1884,26.186,8.84184,70,74,69,1761,2800,0.481441,24,11.6163,0,0,166351317582
38.7463,25.8089,8.84184,70,74,69,1761,2800,0.481441,24,11.6163,0,0,166377128114
37.4392,26.71,8.84184,70,74,69,1761,2800,0.481441,24,11.6163,0,0,166403838264
37.6075,26.5905,8.84184,70,74,69,1761,2800,0.481441,24,11.6163,0,0,166430428599
38.2194,26.1647,8.84184,70,74,69,1761,2800,0.481441,24,11.6163,0,0,166456594178
37.3486,26.7748,8.84184,70,74,69,1761,2800,0.481441,24,11.6163,0,0,166483368789
40.5604,24.6546,8.84184,70,74,69,1761,2800,0.481441,24,11.6163,0,0,166508023694
37.5071,26.6616,8.84184,70,74,69,1761,2800,0.481441,24,11.6163,0,0,166534686024
35.7723,27.9546,8.84184,70,74,69,1761,2800,0.481441,24,11.6163,0,0,166562642011
38.8388,25.7474,8.84184,70,74,69,1761,2800,0.481441,24,11.6163,0,0,166588388774
37.4902,26.6736,8.84184,70,74,69,1761,2800,0.481441,24,11.6163,0,0,166615063707
38.0303,26.2948,8.84184,70,74,69,1761,2800,0.481441,24,11.6163,0,0,166641365582
37.804,26.4522,7.67296,70,76,69,2189,2800,0.481441,27,11.6202,0,0,166667811296
37.2636,26.8358,7.67296,70,76,69,2189,2800,0.481441,27,11.6202,0,0,166694646510
35.8118,27.9237,7.67296,70,76,69,2189,2800,0.481441,27,11.6202,0,0,166722571849
38.138,26.2205,7.67296,70,76,69,2189,2800,0.481441,27,11.6202,0,0,166748792330
41.3841,24.1638,7.67296,70,76,69,2189,2800,0.481441,27,11.6202,0,0,166772956546
37.2529,26.8436,7.67296,70,76,69,2189,2800,0.481441,27,11.6202,0,0,166799800667
38.4866,25.9831,7.67296,70,76,69,2189,2800,0.481441,27,11.6202,0,0,166825783052
34.7335,28.7907,7.67296,70,76,69,2189,2800,0.481441,27,11.6202,0,0,166854575246
35.6333,28.0637,7.67296,70,76,69,2189,2800,0.481441,27,11.6202,0,0,166882638824
38.8897,25.7138,7.67296,70,76,69,2189,2800,0.481441,27,11.6202,0,0,166908352685
34.4735,29.0078,7.67296,70,76,69,2189,2800,0.481441,27,11.6202,0,0,166937361556
37.074,26.9731,7.67296,70,76,69,2189,2800,0.481441,27,11.6202,0,0,166964335941
39.0045,25.638,7.67296,70,76,69,2189,2800,0.481441,27,11.6202,0,0,166989973600
36.2259,27.6046,7.67296,70,76,69,2189,2800,0.481441,27,11.6202,0,0,167017578407
38.1713,26.1977,7.67296,70,76,69,2189,2800,0.481441,27,11.6202,0,0,167043776818
38.6392,25.8805,7.67296,70,76,69,2189,2800,0.481441,27,11.6202,0,0,167069657412
36.1273,27.6799,7.67296,70,76,69,2189,2800,0.481441,27,11.6202,0,0,167097338653
36.9921,27.0328,7.67296,70,76,69,2189,2800,0.481441,27,11.6202,0,0,167124371608
37.2261,26.8629,7.67296,70,76,69,2189,2800,0.481441,27,11.6202,0,0,167151240125
38.9239,25.6912,8.24108,71,73,70,2304,2800,0.481441,31,11.6185,0,0,167176926154
35.885,27.8668,8.24108,71,73,70,2304,2800,0.481441,31,11.6185,0,0,167204793494
34.789,28.7447,8.24108,71,73,70,2304,2800,0.481441,31,11.6185,0,0,167233539221
39.5678,25.2731,8.24108,71,73,70,2304,2800,0.481441,31,11.6185,0,0,167258811214
37.0004,27.0267,8.24108,71,73,70,2304,2800,0.481441,31,11.6185,0,0,167285839009
37.0942,26.9584,8.24108,71,73,70,2304,2800,0.481441,31,11.6185,0,0,167312797705
40.1898,24.8819,8.24108,71,73,70,2304,2800,0.481441,31,11.6185,0,0,167337680699
36.2842,27.5602,8.24108,71,73,70,2304,2800,0.481441,31,11.6185,0,0,167365241283
38.785,25.7832,8.24108,71,73,70,2304,2800,0.481441,31,11.6185,0,0,167391023633
35.5238,28.1501,8.24108,71,73,70,2304,2800,0.481441,31,11.6185,0,0,167419174725
34.3393,29.1211,8.24108,71,73,70,2304,2800,0.481441,31,11.6185,0,0,167448296538
40.5265,24.6752,8.24108,71,73,70,2304,2800,0.481441,31,11.6185,0,0,167472971361
34.55,28.9436,8.24108,71,73,70,2304,2800,0.481441,31,11.6185,0,0,167501916602
35.7827,27.9465,8.24108,71,73,70,2304,2800,0.481441,31,11.6185,0,0,167529862279
36.983,27.0395,8.24108,71,73,70,2304,2800,0.481441,31,11.6185,0,0,167556902968
37.3501,26.7737,8.24108,71,73,70,2304,2800,0.481441,31,11.6185,0,0,167583676677
37.8799,26.3992,8.24108,71,73,70,2304,2800,0.481441,31,11.6185,0,0,167610076215
35.7583,27.9655,8.24108,71,73,70,2304,2800,0.481441,31,11.6185,0,0,167638042270
38.0093,26.3093,8.24108,71,73,70,2304,2800,0.481441,31,11.6185,0,0,167664356577
36.8942,27.1045,10.5781,70,72,71,2528,2800,0.481441,31,11.614,0,0,167691457300
36.6374,27.2945,10.5781,70,72,71,2528,2800,0.481441,31,11.614,0,0,167718752597
30.8824,32.3809,10.5781,70,72,71,2528,2800,0.481441,31,11.614,0,0,167751132619
35.4453,28.2125,10.5781,70,72,71,2528,2800,0.481441,31,11.614,0,0,167779345507
29.0931,34.3724,10.5781,70,72,71,2528,2800,0.481441,31,11.614,0,0,167813719148
35.6981,28.0127,10.5781,70,72,71,2528,2800,0.481441,31,11.614,0,0,167841732492
33.734,29.6437,10.5781,70,72,71,2528,2800,0.481441,31,11.614,0,0,167871375692
36.1662,27.6501,10.5781,70,72,71,2528,2800,0.481441,31,11.614,0,0,167899027107
36.5471,27.3619,10.5781,70,72,71,2528,2800,0.481441,31,11.614,0,0,167926389310
34.2551,29.1928,10.5781,70,72,71,2528,2800,0.481441,31,11.614,0,0,167955579751
35.6106,28.0816,10.5781,70,72,71,2528,2800,0.481441,31,11.614,0,0,167983663557
33.4983,29.8523,10.5781,70,72,71,2528,2800,0.481441,31,11.614,0,0,168013517092
37.1184,26.9408,10.5781,70,72,71,2528,2800,0.481441,31,11.614,0,0,168040458235
34.8025,28.7336,10.5781,70,72,71,2528,2800,0.481441,31,11.614,0,0,168069191919
34.8612,28.6852,10.5781,70,72,71,2528,2800,0.481441,31,11.614,0,0,168097877383
38.0082,26.3101,10.5781,70,72,71,2528,2800,0.481441,31,11.614,0,0,168124186080
34.685,28.8309,10.5781,70,72,71,2528,2800,0.481441,31,11.614,0,0,168153019061
34.55,28.9436,10.5781,70,72,71,2528,2800,0.481441,31,11.614,0,0,168181969642
34.5573,28.9374,7.92683,70,72,70,2311,2800,0.481438,31,11.6171,0,0,168210900557
35.0181,28.5567,7.92683,70,72,70,2311,2800,0.481438,31,11.6171,0,0,168239458021
35.0711,28.5135,7.92683,70,72,70,2311,2800,0.481438,31,11.6171,0,0,168267972795
37.2212,26.8664,7.92683,70,72,70,2311,2800,0.481438,31,11.6171,0,0,168294837154
33.2488,30.0763,7.92683,70,72,70,2311,2800,0.481438,31,11.6171,0,0,168324915480
32.9256,30.3715,7.92683,70,72,70,2311,2800,0.481438,31,11.6171,0,0,168355287277
34.7806,28.7517,7.92683,70,72,70,2311,2800,0.481438,31,11.6171,0,0,168384039877
37.0297,27.0053,7.92683,70,72,70,2311,2800,0.481438,31,11.6171,0,0,168411045511
35.5343,28.1419,7.92683,70,72,70,2311,2800,0.481438,31,11.6171,0,0,168439185732
35.4546,28.2051,7.92683,70,72,70,2311,2800,0.481438,31,11.6171,0,0,168467392619
38.6789,25.8539,7.92683,70,72,70,2311,2800,0.481438,31,11.6171,0,0,168493246904
35.0019,28.5699,7.92683,70,72,70,2311,2800,0.481438,31,11.6171,0,0,168521816350
35.5476,28.1313,7.92683,70,72,70,2311,2800,0.481438,31,11.6171,0,0,168549948757
41.0149,24.3814,7.92683,70,72,70,2311,2800,0.481438,31,11.6171,0,0,168574328527
35.3218,28.3112,7.92683,70,72,70,2311,2800,0.481438,31,11.6171,0,0,168602642354
36.8814,27.1139,7.92683,70,72,70,2311,2800,0.481438,31,11.6171,0,0,168629756311
36.9311,27.0775,7.92683,70,72,70,2311,2800,0.481438,31,11.6171,0,0,168656834041
33.282,30.0462,7.92683,70,72,70,2311,2800,0.481438,31,11.6171,0,0,168686887059
32.4472,30.8193,8.03011,70,76,73,2547,2800,0.478001,37,11.6225,0,0,168717700494
34.9733,28.5933,8.03011,70,76,73,2547,2800,0.478001,37,11.6225,0,0,168746293585
37.3848,26.7489,8.03011,70,76,73,2547,2800,0.478001,37,11.6225,0,0,168773044762
37.0807,26.9682,8.03011,70,76,73,2547,2800,0.478001,37,11.6225,0,0,168800012585
38.4405,26.0142,8.03011,70,76,73,2547,2800,0.478001,37,11.6225,0,0,168826027190
37.2451,26.8491,8.03011,70,76,73,2547,2800,0.478001,37,11.6225,0,0,168852876952
36.4799,27.4123,8.03011,70,76,73,2547,2800,0.478001,37,11.6225,0,0,168880289819
38.0039,26.3131,8.03011,70,76,73,2547,2800,0.478001,37,11.6225,0,0,168906603766
30.7006,32.5727,8.03011,70,76,73,2547,2800,0.478001,37,11.6225,0,0,168939176881
36.3958,27.4757,8.03011,70,76,73,2547,2800,0.478001,37,11.6225,0,0,168966651745
35.4629,28.1985,8.03011,70,76,73,2547,2800,0.478001,37,11.6225,0,0,168994850917
37.2159,26.8702,8.03011,70,76,73,2547,2800,0.478001,37,11.6225,0,0,169021721738
35.196,28.4123,8.03011,70,76,73,2547,2800,0.478001,37,11.6225,0,0,169050133659
40.6966,24.5721,8.03011,70,76,73,2547,2800,0.478001,37,11.6225,0,0,169074706752
34.4708,29.01,8.03011,70,76,73,2547,2800,0.478001,37,11.6225,0,0,169103716674
34.4194,29.0534,8.03011,70,76,73,2547,2800,0.478001,37,11.6225,0,0,169132770830
36.0861,27.7115,8.03011,70,76,73,2547,2800,0.478001,37,11.6225,0,0,169160482648
37.1695,26.9038,8.03011,70,76,73,2547,2800,0.478001,37,11.6225,0,0,169187392432
33.6052,29.7573,7.35108,70,72,73,2523,2800,0.478001,32,11.6268,0,0,169217143294
31.2638,31.9858,7.35108,70,72,73,2523,2800,0.478001,32,11.6268,0,0,169249130270
31.2663,31.9834,7.35108,70,72,73,2523,2800,0.478001,32,11.6268,0,0,169281113508
34.6188,28.886,7.35108,70,72,73,2523,2800,0.478001,32,11.6268,0,0,169309999959
26.1604,38.2258,7.35108,70,72,73,2523,2800,0.478001,32,11.6268,0,0,169348227889
31.6286,31.6169,7.35108,70,72,73,2523,2800,0.478001,32,11.6268,0,0,169379845992
33.5925,29.7686,7.35108,70,72,73,2523,2800,0.478001,32,11.6268,0,0,169409613616
34.9777,28.5897,7.35108,70,72,73,2523,2800,0.478001,32,11.6268,0,0,169438203080
33.855,29.5377,7.35108,70,72,73,2523,2800,0.478001,32,11.6268,0,0,169467741714
31.9116,31.3365,7.35108,70,72,73,2523,2800,0.478001,32,11.6268,0,0,169499078270
36.1007,27.7003,7.35108,70,72,73,2523,2800,0.478001,32,11.6268,0,0,169526779288
32.7681,30.5174,7.35108,70,72,73,2523,2800,0.478001,32,11.6268,0,0,169557297810
32.2834,30.9757,7.35108,70,72,73,2523,2800,0.478001,32,11.6268,0,0,169588272507
32.2473,31.0103,7.35108,70,72,73,2523,2800,0.478001,32,11.6268,0,0,169619283282
34.9826,28.5857,7.35108,70,72,73,2523,2800,0.478001,32,11.6268,0,0,169647868608
39.9894,25.0066,7.35108,70,72,73,2523,2800,0.478001,32,11.6268,0,0,169672876826
37.9228,26.3694,7.35108,70,72,73,2523,2800,0.478001,32,11.6268,0,0,169699253190
33.7009,29.6728,21.4109,71,74,71,2572,2800,0.480476,35,11.6395,0,0,169728920105
29.5729,33.8147,21.4109,71,74,71,2572,2800,0.480476,35,11.6395,0,0,169762734677
36.1062,27.6961,21.4109,71,74,71,2572,2800,0.480476,35,11.6395,0,0,169790432009
38.6835,25.8508,21.4109,71,74,71,2572,2800,0.480476,35,11.6395,0,0,169816280773
35.8886,27.864,21.4109,71,74,71,2572,2800,0.480476,35,11.6395,0,0,169844145628
38.1799,26.1918,21.4109,71,74,71,2572,2800,0.480476,35,11.6395,0,0,169870338278
34.7151,28.8059,21.4109,71,74,71,2572,2800,0.480476,35,11.6395,0,0,169899144839
34.8606,28.6857,21.4109,71,74,71,2572,2800,0.480476,35,11.6395,0,0,169927830964
32.7526,30.5319,21.4109,71,74,71,2572,2800,0.480476,35,11.6395,0,0,169958362981
33.3999,29.9402,21.4109,71,74,71,2572,2800,0.480476,35,11.6395,0,0,169988304150
33.9398,29.4639,21.4109,71,74,71,2572,2800,0.480476,35,11.6395,0,0,170017768104
35.6259,28.0694,21.4109,71,74,71,2572,2800,0.480476,35,11.6395,0,0,170045838405
37.976,26.3324,21.4109,71,74,71,2572,2800,0.480476,35,11.6395,0,0,170072170215
35.6265,28.069,21.4109,71,74,71,2572,2800,0.480476,35,11.6395,0,0,170100239864
36.5178,27.3839,21.4109,71,74,71,2572,2800,0.480476,35,11.6395,0,0,170127624800
35.904,27.8521,21.4109,71,74,71,2572,2800,0.480476,35,11.6395,0,0,170155477412
39.1675,25.5314,21.4109,71,74,71,2572,2800,0.480476,35,11.6395,0,0,170181009412
41.0052,24.3872,21.4109,71,74,71,2572,2800,0.480476,35,11.6395,0,0,170205448814
37.6031,26.5935,8.80503,71,76,73,2557,2800,0.480476,35,11.6387,0,0,170231989396
39.4925,25.3213,8.80503,71,76,73,2557,2800,0.480476,35,11.6387,0,0,170257311763
38.2063,26.1737,8.80503,71,76,73,2557,2800,0.480476,35,11.6387,0,0,170283486379
40.9562,24.4163,8.80503,71,76,73,2557,2800,0.480476,35,11.6387,0,0,170307901825
37.3977,26.7396,8.80503,71,76,73,2557,2800,0.480476,35,11.6387,0,0,170334641510
39.4632,25.3401,8.80503,71,76,73,2557,2800,0.480476,35,11.6387,0,0,170359983715
33.7784,29.6047,8.80503,71,76,73,2557,2800,0.480476,35,11.6387,0,0,170389587521
38.687,25.8485,8.80503,71,76,73,2557,2800,0.480476,35,11.6387,0,0,170415438099
40.8254,24.4945,8.80503,71,76,73,2557,2800,0.480476,35,11.6387,0,0,170439932323
38.0491,26.2818,8.80503,71,76,73,2557,2800,0.480476,35,11.6387,0,0,170466213669
39.1198,25.5625,8.80503,71,76,73,2557,2800,0.480476,35,11.6387,0,0,170491777369
37.838,26.4285,8.80503,71,76,73,2557,2800,0.480476,35,11.6387,0,0,170518205931
39.6877,25.1967,8.80503,71,76,73,2557,2800,0.480476,35,11.6387,0,0,170543402632
38.5015,25.973,8.80503,71,76,73,2557,2800,0.480476,35,11.6387,0,0,170569376501
38.7564,25.8022,8.80503,71,76,73,2557,2800,0.480476,35,11.6387,0,0,170595178748
38.166,26.2013,8.80503,71,76,73,2557,2800,0.480476,35,11.6387,0,0,170621379693
33.2714,30.0559,8.80503,71,76,73,2557,2800,0.480476,35,11.6387,0,0,170651437732
39.3425,25.4178,8.80503,71,76,73,2557,2800,0.480476,35,11.6387,0,0,170676852783
37.5007,26.6661,8.80503,71,76,73,2557,2800,0.480476,35,11.6387,0,0,170703522507
36.5065,27.3924,8.80503,71,76,73,2557,2800,0.480476,35,11.6387,0,0,170730921959
39.647,25.2226,7.11701,72,78,72,2548,2800,0.480476,28,11.6403,0,0,170756137446
36.9043,27.0971,7.11701,72,78,72,2548,2800,0.480476,28,11.6403,0,0,170783234271
31.4547,31.7917,7.11701,72,78,72,2548,2800,0.480476,28,11.6403,0,0,170815027263
32.5272,30.7435,7.11701,72,78,72,2548,2800,0.480476,28,11.6403,0,0,170845771047
34.8583,28.6876,7.11701,72,78,72,2548,2800,0.480476,28,11.6403,0,0,170874459376
37.6315,26.5735,7.11701,72,78,72,2548,2800,0.480476,28,11.6403,0,0,170901033451
33.5981,29.7636,7.11701,72,78,72,2548,2800,0.480476,28,11.6403,0,0,170930796636
39.5286,25.2982,7.11701,72,78,72,2548,2800,0.480476,28,11.6403,0,0,170956096111
36.2383,27.5951,7.11701,72,78,72,2548,2800,0.480476,28,11.6403,0,0,170983691330
42.7779,23.3766,7.11701,72,78,72,2548,2800,0.480476,28,11.6403,0,0,171007068650
36.5508,27.3592,7.11701,72,78,72,2548,2800,0.480476,28,11.6403,0,0,171034427957
37.4311,26.7157,7.11701,72,78,72,2548,2800,0.480476,28,11.6403,0,0,171061144018
36.4029,27.4703,7.11701,72,78,72,2548,2800,0.480476,28,11.6403,0,0,171088615095
32.2756,30.9832,7.11701,72,78,72,2548,2800,0.480476,28,11.6403,0,0,171119598518
31.713,31.5328,7.11701,72,78,72,2548,2800,0.480476,28,11.6403,0,0,171151131492
37.5259,26.6482,7.11701,72,78,72,2548,2800,0.480476,28,11.6403,0,0,171177779746
38.6301,25.8866,7.11701,72,78,72,2548,2800,0.480476,28,11.6403,0,0,171203668586
34.9993,28.572,7.11701,72,78,72,2548,2800,0.480476,28,11.6403,0,0,171232246528
37.4983,26.6679,6.96203,72,74,71,2300,2800,0.480476,40,11.6359,0,0,171258907997
33.08,30.2297,6.96203,72,74,71,2300,2800,0.480476,40,11.6359,0,0,171289137176
33.3577,29.978,6.96203,72,74,71,2300,2800,0.480476,40,11.6359,0,0,171319116987
35.5842,28.1023,6.96203,72,74,71,2300,2800,0.480476,40,11.6359,0,0,171347219258
39.317,25.4343,6.96203,72,74,71,2300,2800,0.480476,40,11.6359,0,0,171372653725
36.7604,27.2032,6.96203,72,74,71,2300,2800,0.480476,40,11.6359,0,0,171399857481
36.6281,27.3015,6.96203,72,74,71,2300,2800,0.480476,40,11.6359,0,0,171427159170
32.9103,30.3856,6.96203,72,74,71,2300,2800,0.480476,40,11.6359,0,0,171457545073
37.2006,26.8813,6.96203,72,74,71,2300,2800,0.480476,40,11.6359,0,0,171484427977
34.2875,29.1652,6.96203,72,74,71,2300,2800,0.480476,40,11.6359,0,0,171513591898
37.7902,26.4619,6.96203,72,74,71,2300,2800,0.480476,40,11.6359,0,0,171540054684
35.3081,28.3221,6.96203,72,74,71,2300,2800,0.480476,40,11.6359,0,0,171568377648
34.3119,29.1444,6.96203,72,74,71,2300,2800,0.480476,40,11.6359,0,0,171597521492
35.515,28.1571,6.96203,72,74,71,2300,2800,0.480476,40,11.6359,0,0,171625680279
34.8208,28.7185,6.96203,72,74,71,2300,2800,0.480476,40,11.6359,0,0,171654397152
36.2195,27.6094,6.96203,72,74,71,2300,2800,0.480476,40,11.6359,0,0,171682009063
40.3676,24.7723,6.96203,72,74,71,2300,2800,0.480476,40,11.6359,0,0,171706779315
35.7617,27.9629,6.96203,72,74,71,2300,2800,0.480476,40,11.6359,0,0,171734747824
33.614,29.7495,10.3275,71,72,73,2534,2800,0.480476,30,11.6324,0,0,171764492986
36.9006,27.0998,10.3275,71,72,73,2534,2800,0.480476,30,11.6324,0,0,171791593107
37.7158,26.5141,10.3275,71,72,73,2534,2800,0.480476,30,11.6324,0,0,171818108982
39.2843,25.4555,10.3275,71,72,73,2534,2800,0.480476,30,11.6324,0,0,171843562065
37.2348,26.8566,10.3275,71,72,73,2534,2800,0.480476,30,11.6324,0,0,171870421955
32.8551,30.4367,10.3275,71,72,73,2534,2800,0.480476,30,11.6324,0,0,171900857291
30.1089,33.2128,10.3275,71,72,73,2534,2800,0.480476,30,11.6324,0,0,171934070797
30.2942,33.0097,10.3275,71,72,73,2534,2800,0.480476,30,11.6324,0,0,171967081412
35.6293,28.0668,10.3275,71,72,73,2534,2800,0.480476,30,11.6324,0,0,171995148687
34.731,28.7927,10.3275,71,72,73,2534,2800,0.480476,30,11.6324,0,0,172023941462
36.1877,27.6337,10.3275,71,72,73,2534,2800,0.480476,30,11.6324,0,0,172051575675
35.9621,27.807,10.3275,71,72,73,2534,2800,0.480476,30,11.6324,0,0,172079383834
38.1667,26.2009,10.3275,71,72,73,2534,2800,0.480476,30,11.6324,0,0,172105584298
29.8019,33.5549,10.3275,71,72,73,2534,2800,0.480476,30,11.6324,0,0,172139140907
31.3514,31.8965,10.3275,71,72,73,2534,2800,0.480476,30,11.6324,0,0,172171036441
33.1908,30.1289,10.3275,71,72,73,2534,2800,0.480476,30,11.6324,0,0,172201166674
33.3856,29.953,10.3275,71,72,73,2534,2800,0.480476,30,11.6324,0,0,172231120367
37.0414,26.9968,10.3275,71,72,73,2534,2800,0.480476,30,11.6324,0,0,172258123145
33.7423,29.6364,7.25514,71,73,69,2021,2800,0.480476,36,11.6317,0,0,172287753481
32.7486,30.5357,7.25514,71,73,69,2021,2800,0.480476,36,11.6317,0,0,172318290638
36.7198,27.2333,7.25514,71,73,69,2021,2800,0.480476,36,11.6317,0,0,172345523238
40.8034,24.5077,7.25514,71,73,69,2021,2800,0.480476,36,11.6317,0,0,172370031919
36.7124,27.2388,7.25514,71,73,69,2021,2800,0.480476,36,11.6317,0,0,172397270800
38.7601,25.7997,7.25514,71,73,69,2021,2800,0.480476,36,11.6317,0,0,172423071074
36.5894,27.3303,7.25514,71,73,69,2021,2800,0.480476,36,11.6317,0,0,172450400986
41.6959,23.9832,7.25514,71,73,69,2021,2800,0.480476,36,11.6317,0,0,172474384813
37.2356,26.856,7.25514,71,73,69,2021,2800,0.480476,36,11.6317,0,0,172501241999
37.5113,26.6586,7.25514,71,73,69,2021,2800,0.480476,36,11.6317,0,0,172527901333
37.1895,26.8893,7.25514,71,73,69,2021,2800,0.480476,36,11.6317,0,0,172554790589
36.6514,27.2841,7.25514,71,73,69,2021,2800,0.480476,36,11.6317,0,0,172582074354
37.4607,26.6947,7.25514,71,73,69,2021,2800,0.480476,36,11.6317,0,0,172608769115
37.0637,26.9806,7.25514,71,73,69,2021,2800,0.480476,36,11.6317,0,0,172635750103
38.0254,26.2982,7.25514,71,73,69,2021,2800,0.480476,36,11.6317,0,0,172662050214
37.4559,26.6981,7.25514,71,73,69,2021,2800,0.480476,36,11.6317,0,0,172688746808
35.703,28.0089,7.25514,71,73,69,2021,2800,0.480476,36,11.6317,0,0,172716756155
40.4188,24.741,7.25514,71,73,69,2021,2800,0.480476,36,11.6317,0,0,172741497983
37.8689,26.4069,7.25514,71,73,69,2021,2800,0.480476,36,11.6317,0,0,172767912549
37.4785,26.682,7.09838,70,77,72,2493,2800,0.477036,25,11.6323,0,0,172794588074
37.2549,26.8421,7.09838,70,77,72,2493,2800,0.477036,25,11.6323,0,0,172821429810
37.1046,26.9508,7.09838,70,77,72,2493,2800,0.477036,25,11.6323,0,0,172848381733
38.4198,26.0283,7.09838,70,77,72,2493,2800,0.477036,25,11.6323,0,0,172874410385
38.2762,26.1259,7.09838,70,77,72,2493,2800,0.477036,25,11.6323,0,0,172900537361
40.595,24.6336,7.09838,70,77,72,2493,2800,0.477036,25,11.6323,0,0,172925171718
36.2324,27.5996,7.09838,70,77,72,2493,2800,0.477036,25,11.6323,0,0,172952770635
37.1628,26.9086,7.09838,70,77,72,2493,2800,0.477036,25,11.6323,0,0,172979679067
40.8027,24.5082,7.09838,70,77,72,2493,2800,0.477036,25,11.6323,0,0,173004188640
37.7826,26.4672,7.09838,70,77,72,2493,2800,0.477036,25,11.6323,0,0,173030656425
37.3666,26.7619,7.09838,70,77,72,2493,2800,0.477036,25,11.6323,0,0,173057418653
38.317,26.0981,7.09838,70,77,72,2493,2800,0.477036,25,11.6323,0,0,173083515983
40.5215,24.6783,7.09838,70,77,72,2493,2800,0.477036,25,11.6323,0,0,173108195094
36.1369,27.6726,7.09838,70,77,72,2493,2800,0.477036,25,11.6323,0,0,173135868310
39.145,25.546,7.09838,70,77,72,2493,2800,0.477036,25,11.6323,0,0,173161414928
36.993,27.0322,7.09838,70,77,72,2493,2800,0.477036,25,11.6323,0,0,173188445979
38.3513,26.0747,7.09838,70,77,72,2493,2800,0.477036,25,11.6323,0,0,173214522561
40.2289,24.8578,7.09838,70,77,72,2493,2800,0.477036,25,11.6323,0,0,173239380818
34.9927,28.5774,7.09838,70,77,72,2493,2800,0.477036,25,11.6323,0,0,173267960744
39.0513,25.6073,7.21519,70,74,72,2518,2800,0.477036,34,11.6311,0,0,173293565982
37.4258,26.7195,7.21519,70,74,72,2518,2800,0.477036,34,11.6311,0,0,173320285920
37.8318,26.4328,7.21519,70,74,72,2518,2800,0.477036,34,11.6311,0,0,173346720794
41.7291,23.9641,7.21519,70,74,72,2518,2800,0.477036,34,11.6311,0,0,173370683612
38.3969,26.0438,7.21519,70,74,72,2518,2800,0.477036,34,11.6311,0,0,173396727883
37.812,26.4466,7.21519,70,74,72,2518,2800,0.477036,34,11.6311,0,0,173423175009
36.6817,27.2616,7.21519,70,74,72,2518,2800,0.477036,34,11.6311,0,0,173450436824
39.8782,25.0764,7.21519,70,74,72,2518,2800,0.477036,34,11.6311,0,0,173475513370
35.3646,28.2769,7.21519,70,74,72,2518,2800,0.477036,34,11.6311,0,0,173503790618
36.0892,27.7092,7.21519,70,74,72,2518,2800,0.477036,34,11.6311,0,0,173531500333
38.9245,25.6908,7.21519,70,74,72,2518,2800,0.477036,34,11.6311,0,0,173557190500
36.5357,27.3705,7.21519,70,74,72,2518,2800,0.477036,34,11.6311,0,0,173584561860
37.9082,26.3795,7.21519,70,74,72,2518,2800,0.477036,34,11.6311,0,0,173610940368
37.2985,26.8107,7.21519,70,74,72,2518,2800,0.477036,34,11.6311,0,0,173637753761
33.7816,29.6019,7.21519,70,74,72,2518,2800,0.477036,34,11.6311,0,0,173667357617
39.8475,25.0957,7.21519,70,74,72,2518,2800,0.477036,34,11.6311,0,0,173692452578
38.8702,25.7267,7.21519,70,74,72,2518,2800,0.477036,34,11.6311,0,0,173718179564
35.114,28.4786,7.21519,70,74,72,2518,2800,0.477036,34,11.6311,0,0,173746657569
29.8982,33.4468,7.21519,70,74,72,2518,2800,0.477036,34,11.6311,0,0,173780111877
37.6634,26.551,9.88875,71,73,71,2394,2800,0.477036,34,11.6317,0,0,173806655674
38.5324,25.9522,9.88875,71,73,71,2394,2800,0.477036,34,11.6317,0,0,173832609115
37.8993,26.3857,9.88875,71,73,71,2394,2800,0.477036,34,11.6317,0,0,173858994075
37.1721,26.9019,9.88875,71,73,71,2394,2800,0.477036,34,11.6317,0,0,173885897187
38.1726,26.1968,9.88875,71,73,71,2394,2800,0.477036,34,11.6317,0,0,173912095387
39.9234,25.048,9.88875,71,73,71,2394,2800,0.477036,34,11.6317,0,0,173937144371
34.3599,29.1037,9.88875,71,73,71,2394,2800,0.477036,34,11.6317,0,0,173966247529
36.8931,27.1053,9.88875,71,73,71,2394,2800,0.477036,34,11.6317,0,0,173993353801
38.8039,25.7706,9.88875,71,73,71,2394,2800,0.477036,34,11.6317,0,0,174019123227
38.2247,26.1611,9.88875,71,73,71,2394,2800,0.477036,34,11.6317,0,0,174045285229
38.0021,26.3143,9.88875,71,73,71,2394,2800,0.477036,34,11.6317,0,0,174071600558
36.3359,27.521,9.88875,71,73,71,2394,2800,0.477036,34,11.6317,0,0,174099121960
36.9608,27.0557,9.88875,71,73,71,2394,2800,0.477036,34,11.6317,0,0,174126178329
36.7538,27.2081,9.88875,71,73,71,2394,2800,0.477036,34,11.6317,0,0,174153386042
36.5886,27.331,9.88875,71,73,71,2394,2800,0.477036,34,11.6317,0,0,174180717396
40.1889,24.8825,9.88875,71,73,71,2394,2800,0.477036,34,11.6317,0,0,174205600861
37.3364,26.7835,9.88875,71,73,71,2394,2800,0.477036,34,11.6317,0,0,174232384408
39.2609,25.4706,9.88875,71,73,71,2394,2800,0.477036,34,11.6317,0,0,174257855154
35.6548,28.0467,9.88875,71,73,71,2394,2800,0.477036,34,11.6317,0,0,174285907430
35.7419,27.9784,7.36579,71,73,72,2513,2800,0.477036,28,11.6277,0,0,174313882031
41.4572,24.1212,7.36579,71,73,72,2513,2800,0.477036,28,11.6277,0,0,174338002705
37.3783,26.7535,7.36579,71,73,72,2513,2800,0.477036,28,11.6277,0,0,174364756427
39.9469,25.0332,7.36579,71,73,72,2513,2800,0.477036,28,11.6277,0,0,174389791405
37.3124,26.8008,7.36579,71,73,72,2513,2800,0.477036,28,11.6277,0,0,174416591283
42.0268,23.7944,7.36579,71,73,72,2513,2800,0.477036,28,11.6277,0,0,174440387158
36.8869,27.1099,7.36579,71,73,72,2513,2800,0.477036,28,11.6277,0,0,174467497298
40.3867,24.7606,7.36579,71,73,72,2513,2800,0.477036,28,11.6277,0,0,174492257340
37.833,26.4319,7.36579,71,73,72,2513,2800,0.477036,28,11.6277,0,0,174518690361
37.0628,26.9812,7.36579,71,73,72,2513,2800,0.477036,28,11.6277,0,0,174545672641
41.218,24.2612,7.36579,71,73,72,2513,2800,0.477036,28,11.6277,0,0,174569933207
38.5487,25.9412,7.36579,71,73,72,2513,2800,0.477036,28,11.6277,0,0,174595875226
36.2315,27.6003,7.36579,71,73,72,2513,2800,0.477036,28,11.6277,0,0,174623475225
39.7793,25.1387,7.36579,71,73,72,2513,2800,0.477036,28,11.6277,0,0,174648615370
31.5181,31.7278,7.36579,71,73,72,2513,2800,0.477036,28,11.6277,0,0,174680343140
40.8093,24.5042,7.36579,71,73,72,2513,2800,0.477036,28,11.6277,0,0,174704848244
37.2675,26.833,7.36579,71,73,72,2513,2800,0.477036,28,11.6277,0,0,174731680844
39.5394,25.2913,7.36579,71,73,72,2513,2800,0.477036,28,11.6277,0,0,174756972333
37.5473,26.6331,7.36579,71,73,72,2513,2800,0.477036,28,11.6277,0,0,174783606531
41.8786,23.8785,7.36579,71,73,72,2513,2800,0.477036,28,11.6277,0,0,174807489138
37.3589,26.7674,7.38499,71,77,73,2565,2800,0.476055,34,11.6212,0,0,174834252848
37.1193,26.9402,7.38499,71,77,73,2565,2800,0.476055,34,11.6212,0,0,174861193871
39.8604,25.0876,7.38499,71,77,73,2565,2800,0.476055,34,11.6212,0,0,174886281358
38.5389,25.9478,7.38499,71,77,73,2565,2800,0.476055,34,11.6212,0,0,174912229809
34.1548,29.2785,7.38499,71,77,73,2565,2800,0.476055,34,11.6212,0,0,174941508235
38.4289,26.022,7.38499,71,77,73,2565,2800,0.476055,34,11.6212,0,0,174967530535
38.5098,25.9674,7.38499,71,77,73,2565,2800,0.476055,34,11.6212,0,0,174993499545
39.1092,25.5694,7.38499,71,77,73,2565,2800,0.476055,34,11.6212,0,0,175019068585
33.1417,30.1734,7.38499,71,77,73,2565,2800,0.476055,34,11.6212,0,0,175049243272
39.3899,25.3872,7.38499,71,77,73,2565,2800,0.476055,34,11.6212,0,0,175074629749
37.7186,26.5121,7.38499,71,77,73,2565,2800,0.476055,34,11.6212,0,0,175101142739
35.7621,27.9626,7.38499,71,77,73,2565,2800,0.476055,34,11.6212,0,0,175129106560
39.5048,25.3134,7.38499,71,77,73,2565,2800,0.476055,34,11.6212,0,0,175154418308
37.8074,26.4499,7.38499,71,77,73,2565,2800,0.476055,34,11.6212,0,0,175180871225
42.4299,23.5683,7.38499,71,77,73,2565,2800,0.476055,34,11.6212,0,0,175204438291
34.6948,28.8228,7.38499,71,77,73,2565,2800,0.476055,34,11.6212,0,0,175233261694
38.404,26.039,7.38499,71,77,73,2565,2800,0.476055,34,11.6212,0,0,175259302027
34.8017,28.7342,7.38499,71,77,73,2565,2800,0.476055,34,11.6212,0,0,175288036283
33.8566,29.5363,7.38499,71,77,73,2565,2800,0.476055,34,11.6212,0,0,175317577402
35.7239,27.9925,8.00493,71,73,71,2411,2800,0.476055,39,11.6204,0,0,175345565799
35.3108,28.3199,8.00493,71,73,71,2411,2800,0.476055,39,11.6204,0,0,175373886789
38.3262,26.0918,8.00493,71,73,71,2411,2800,0.476055,39,11.6204,0,0,175399979792
39.0914,25.5811,8.00493,71,73,71,2411,2800,0.476055,39,11.6204,0,0,175425560564
34.7579,28.7705,8.00493,71,73,71,2411,2800,0.476055,39,11.6204,0,0,175454333131
36.6678,27.2719,8.00493,71,73,71,2411,2800,0.476055,39,11.6204,0,0,175481603542
39.8494,25.0945,8.00493,71,73,71,2411,2800,0.476055,39,11.6204,0,0,175506698202
36.8276,27.1535,8.00493,71,73,71,2411,2800,0.476055,39,11.6204,0,0,175533852114
37.2693,26.8318,8.00493,71,73,71,2411,2800,0.476055,39,11.6204,0,0,175560683952
35.9028,27.853,8.00493,71,73,71,2411,2800,0.476055,39,11.6204,0,0,175588537526
32.5048,30.7647,8.00493,71,73,71,2411,2800,0.476055,39,11.6204,0,0,175619302450
36.319,27.5338,8.00493,71,73,71,2411,2800,0.476055,39,11.6204,0,0,175646835974
38.7446,25.81,8.00493,71,73,71,2411,2800,0.476055,39,11.6204,0,0,175672647007
37.4945,26.6705,8.00493,71,73,71,2411,2800,0.476055,39,11.6204,0,0,175699317212
39.3108,25.4383,8.00493,71,73,71,2411,2800,0.476055,39,11.6204,0,0,175724754365
31.3416,31.9065,8.00493,71,73,71,2411,2800,0.476055,39,11.6204,0,0,175756663765
29.0809,34.3869,8.00493,71,73,71,2411,2800,0.476055,39,11.6204,0,0,175791050030
34.7086,28.8113,8.00493,71,73,71,2411,2800,0.476055,39,11.6204,0,0,175819866660
37.2725,26.8294,10.2886,71,72,71,2242,2800,0.476055,28,11.6164,0,0,175846691274
40.1168,24.9272,10.2886,71,72,71,2242,2800,0.476055,28,11.6164,0,0,175871638378
37.1421,26.9236,10.2886,71,72,71,2242,2800,0.476055,28,11.6164,0,0,175898543053
35.5428,28.1351,10.2886,71,72,71,2242,2800,0.476055,28,11.6164,0,0,175926677824
37.5091,26.6602,10.2886,71,72,71,2242,2800,0.476055,28,11.6164,0,0,175953338511
35.79,27.9408,10.2886,71,72,71,2242,2800,0.476055,28,11.6164,0,0,175981279740
37.6858,26.5352,10.2886,71,72,71,2242,2800,0.476055,28,11.6164,0,0,176007816214
34.3499,29.1122,10.2886,71,72,71,2242,2800,0.476055,28,11.6164,0,0,176036927587
36.5305,27.3744,10.2886,71,72,71,2242,2800,0.476055,28,11.6164,0,0,176064303014
36.7577,27.2052,10.2886,71,72,71,2242,2800,0.476055,28,11.6164,0,0,176091508863
35.5758,28.109,10.2886,71,72,71,2242,2800,0.476055,28,11.6164,0,0,176119617967
32.4475,30.819,10.2886,71,72,71,2242,2800,0.476055,28,11.6164,0,0,176150436481
35.9288,27.8328,10.2886,71,72,71,2242,2800,0.476055,28,11.6164,0,0,176178271160
33.7661,29.6155,10.2886,71,72,71,2242,2800,0.476055,28,11.6164,0,0,176207886528
33.5178,29.8349,10.2886,71,72,71,2242,2800,0.476055,28,11.6164,0,0,176237723130
36.6021,27.3209,10.2886,71,72,71,2242,2800,0.476055,28,11.6164,0,0,176265042222
36.8636,27.127,10.2886,71,72,71,2242,2800,0.476055,28,11.6164,0,0,176292170476
34.9949,28.5756,10.2886,71,72,71,2242,2800,0.476055,28,11.6164,0,0,176320753248
38.649,25.8739,7.82828,70,74,71,2198,2800,0.476055,35,11.6162,0,0,176346620006
35.717,27.9978,7.82828,70,74,71,2198,2800,0.476055,35,11.6162,0,0,176374618011
36.9092,27.0935,7.82828,70,74,71,2198,2800,0.476055,35,11.6162,0,0,176401713143
39.1351,25.5525,7.82828,70,74,71,2198,2800,0.476055,35,11.6162,0,0,176427263498
38.3087,26.1037,7.82828,70,74,71,2198,2800,0.476055,35,11.6162,0,0,176453368372
38.5072,25.9692,7.82828,70,74,71,2198,2800,0.476055,35,11.6162,0,0,176479337442
35.217,28.3954,7.82828,70,74,71,2198,2800,0.476055,35,11.6162,0,0,176507735638
38.728,25.8211,7.82828,70,74,71,2198,2800,0.476055,35,11.6162,0,0,176533555378
38.4982,25.9752,7.82828,70,74,71,2198,2800,0.476055,35,11.6162,0,0,176559531231
36.2881,27.5572,7.82828,70,74,71,2198,2800,0.476055,35,11.6162,0,0,176587089280
35.6149,28.0781,7.82828,70,74,71,2198,2800,0.476055,35,11.6162,0,0,176615166754
38.7163,25.8289,7.82828,70,74,71,2198,2800,0.476055,35,11.6162,0,0,176640997435
39.8831,25.0733,7.82828,70,74,71,2198,2800,0.476055,35,11.6162,0,0,176666068972
38.2572,26.1389,7.82828,70,74,71,2198,2800,0.476055,35,11.6162,0,0,176692208131
37.0944,26.9583,7.82828,70,74,71,2198,2800,0.476055,35,11.6162,0,0,176719167719
38.1936,26.1824,7.82828,70,74,71,2198,2800,0.476055,35,11.6162,0,0,176745351121
30.5025,32.7842,7.82828,70,74,71,2198,2800,0.476055,35,11.6162,0,0,176778136183
39.0679,25.5965,7.82828,70,74,71,2198,2800,0.476055,35,11.6162,0,0,176803730821
40.5737,24.6465,7.82828,70,74,71,2198,2800,0.476055,35,11.6162,0,0,176828383722
37.0368,27.0002,7.13392,70,78,71,2491,2800,0.476055,38,11.6157,0,0,176855379227
38.6885,25.8475,7.13392,70,78,71,2491,2800,0.476055,38,11.6157,0,0,176881225377
41.5406,24.0729,7.13392,70,78,71,2491,2800,0.476055,38,11.6157,0,0,176905299884
39.0506,25.6078,7.13392,70,78,71,2491,2800,0.476055,38,11.6157,0,0,176930908909
38.7212,25.8256,7.13392,70,78,71,2491,2800,0.476055,38,11.6157,0,0,176956733578
37.6861,26.535,7.13392,70,78,71,2491,2800,0.476055,38,11.6157,0,0,176983271325
40.7617,24.5328,7.13392,70,78,71,2491,2800,0.476055,38,11.6157,0,0,177007802198
39.046,25.6108,7.13392,70,78,71,2491,2800,0.476055,38,11.6157,0,0,177033412275
38.1155,26.236,7.13392,70,78,71,2491,2800,0.476055,38,11.6157,0,0,177059649948
38.055,26.2777,7.13392,70,78,71,2491,2800,0.476055,38,11.6157,0,0,177085928439
38.2611,26.1362,7.13392,70,78,71,2491,2800,0.476055,38,11.6157,0,0,177112063450
41.5881,24.0453,7.13392,70,78,71,2491,2800,0.476055,38,11.6157,0,0,177136110596
39.5081,25.3112,7.13392,70,78,71,2491,2800,0.476055,38,11.6157,0,0,177161420770
38.8203,25.7597,7.13392,70,78,71,2491,2800,0.476055,38,11.6157,0,0,177187182672
36.9116,27.0918,7.13392,70,78,71,2491,2800,0.476055,38,11.6157,0,0,177214275008
40.6251,24.6154,7.13392,70,78,71,2491,2800,0.476055,38,11.6157,0,0,177238890690
37.0643,26.9801,7.13392,70,78,71,2491,2800,0.476055,38,11.6157,0,0,177265872059
40.412,24.7451,7.13392,70,78,71,2491,2800,0.476055,38,11.6157,0,0,177290616863
38.6973,25.8416,7.13392,70,78,71,2491,2800,0.476055,38,11.6157,0,0,177316457853
40.6662,24.5905,7.13392,70,78,71,2491,2800,0.476055,38,11.6157,0,0,177341054329
33.3407,29.9933,6.66667,70,73,73,2555,2800,0.476055,39,11.6154,0,0,177371042256
38.1493,26.2128,6.66667,70,73,73,2555,2800,0.476055,39,11.6154,0,0,177397255313
40.152,24.9054,6.66667,70,73,73,2555,2800,0.476055,39,11.6154,0,0,177422160899
38.5711,25.9261,6.66667,70,73,73,2555,2800,0.476055,39,11.6154,0,0,177448088692
40.6869,24.5779,6.66667,70,73,73,2555,2800,0.476055,39,11.6154,0,0,177472668246
38.0699,26.2675,6.66667,70,73,73,2555,2800,0.476055,39,11.6154,0,0,177498935505
37.3699,26.7595,6.66667,70,73,73,2555,2800,0.476055,39,11.6154,0,0,177525693445
37.4525,26.7005,6.66667,70,73,73,2555,2800,0.476055,39,11.6154,0,0,177552394688
37.1658,26.9065,6.66667,70,73,73,2555,2800,0.476055,39,11.6154,0,0,177579303039
40.8321,24.4905,6.66667,70,73,73,2555,2800,0.476055,39,11.6154,0,0,177603793927
35.9588,27.8096,6.66667,70,73,73,2555,2800,0.476055,39,11.6154,0,0,177631603980
39.7468,25.1593,6.66667,70,73,73,2555,2800,0.476055,39,11.6154,0,0,177656763171
39.8108,25.1188,6.66667,70,73,73,2555,2800,0.476055,39,11.6154,0,0,177681882297
39.4437,25.3526,6.66667,70,73,73,2555,2800,0.476055,39,11.6154,0,0,177707236224
38.1241,26.2302,6.66667,70,73,73,2555,2800,0.476055,39,11.6154,0,0,177733466143
33.734,29.6437,6.66667,70,73,73,2555,2800,0.476055,39,11.6154,0,0,177763110074
38.432,26.02,6.66667,70,73,73,2555,2800,0.476055,39,11.6154,0,0,177789130761
39.5314,25.2963,6.66667,70,73,73,2555,2800,0.476055,39,11.6154,0,0,177814428663
40.0472,24.9706,6.66667,70,73,73,2555,2800,0.476055,39,11.6154,0,0,177839398309
39.598,25.2538,6.66667,70,73,73,2555,2800,0.476055,39,11.6154,0,0,177864657568
37.728,26.5055,10.303,71,74,72,2557,2800,0.476055,25,11.617,0,0,177891158645
40.4756,24.7062,10.303,71,74,72,2557,2800,0.476055,25,11.617,0,0,177915864717
41.2528,24.2408,10.303,71,74,72,2557,2800,0.476055,25,11.617,0,0,177940106688
37.6318,26.5733,10.303,71,74,72,2557,2800,0.476055,25,11.617,0,0,177966678138
39.2648,25.4681,10.303,71,74,72,2557,2800,0.476055,25,11.617,0,0,177992148032
36.0619,27.7301,10.303,71,74,72,2557,2800,0.476055,25,11.617,0,0,178019878946
39.3324,25.4243,10.303,71,74,72,2557,2800,0.476055,25,11.617,0,0,178045301471
39.9875,25.0078,10.303,71,74,72,2557,2800,0.476055,25,11.617,0,0,178070311072
36.6231,27.3052,10.303,71,74,72,2557,2800,0.476055,25,11.617,0,0,178097618021
39.8295,25.107,10.303,71,74,72,2557,2800,0.476055,25,11.617,0,0,178122724563
36.5288,27.3757,10.303,71,74,72,2557,2800,0.476055,25,11.617,0,0,178150100271
42.2037,23.6946,10.303,71,74,72,2557,2800,0.476055,25,11.617,0,0,178173795026
38.1134,26.2375,10.303,71,74,72,2557,2800,0.476055,25,11.617,0,0,178200032139
38.5587,25.9345,10.303,71,74,72,2557,2800,0.476055,25,11.617,0,0,178225967566
38.6351,25.8832,10.303,71,74,72,2557,2800,0.476055,25,11.617,0,0,178251850444
37.2398,26.853,10.303,71,74,72,2557,2800,0.476055,25,11.617,0,0,178278704795
41.7249,23.9665,10.303,71,74,72,2557,2800,0.476055,25,11.617,0,0,178302671780
38.4487,26.0087,10.303,71,74,72,2557,2800,0.476055,25,11.617,0,0,178328679042
34.8174,28.7212,10.303,71,74,72,2557,2800,0.476055,25,11.617,0,0,178357400644
39.3624,25.405,10.303,71,74,72,2557,2800,0.476055,25,11.617,0,0,178382811998
41.6926,23.9851,6.95971,71,76,73,2469,2800,0.476055,49,11.6158,0,0,178406792369
36.5409,27.3666,6.95971,71,76,73,2469,2800,0.476055,49,11.6158,0,0,178434160021
39.0604,25.6014,6.95971,71,76,73,2469,2800,0.476055,49,11.6158,0,0,178459761763
36.9345,27.0749,6.95971,71,76,73,2469,2800,0.476055,49,11.6158,0,0,178486836466
37.3086,26.8035,6.95971,71,76,73,2469,2800,0.476055,49,11.6158,0,0,178513639690
42.1335,23.7341,6.95971,71,76,73,2469,2800,0.476055,49,11.6158,0,0,178537375302
38.9095,25.7006,6.95971,71,76,73,2469,2800,0.476055,49,11.6158,0,0,178563076580
39.7147,25.1796,6.95971,71,76,73,2469,2800,0.476055,49,11.6158,0,0,178588256931
37.0626,26.9814,6.95971,71,76,73,2469,2800,0.476055,49,11.6158,0,0,178615239341
41.1406,24.3069,6.95971,71,76,73,2469,2800,0.476055,49,11.6158,0,0,178639546054
31.2677,31.9819,6.95971,71,76,73,2469,2800,0.476055,49,11.6158,0,0,178671528711
34.9469,28.6148,6.95971,71,76,73,2469,2800,0.476055,49,11.6158,0,0,178700143022
38.0632,26.2721,6.95971,71,76,73,2469,2800,0.476055,49,11.6158,0,0,178726417545
40.6851,24.579,6.95971,71,76,73,2469,2800,0.476055,49,11.6158,0,0,178750994294
37.6208,26.581,6.95971,71,76,73,2469,2800,0.476055,49,11.6158,0,0,178777577245
41.1937,24.2755,6.95971,71,76,73,2469,2800,0.476055,49,11.6158,0,0,178801852268
38.9839,25.6516,6.95971,71,76,73,2469,2800,0.476055,49,11.6158,0,0,178827504504
38.9866,25.6499,6.95971,71,76,73,2469,2800,0.476055,49,11.6158,0,0,178853155738
37.259,26.8391,6.95971,71,76,73,2469,2800,0.476055,49,11.6158,0,0,178879994550
40.8425,24.4843,6.95971,71,76,73,2469,2800,0.476055,49,11.6158,0,0,178904485377
38.8469,25.7421,8.00971,71,77,74,2549,2800,0.476055,24,11.6149,0,0,178930221190
37.8701,26.4061,8.00971,71,77,74,2549,2800,0.476055,24,11.6149,0,0,178956627680
35.6974,28.0133,8.00971,71,77,74,2549,2800,0.476055,24,11.6149,0,0,178984640794
40.289,24.8207,8.00971,71,77,74,2549,2800,0.476055,24,11.6149,0,0,179009463504
40.1502,24.9065,8.00971,71,77,74,2549,2800,0.476055,24,11.6149,0,0,179034368178
36.3614,27.5017,8.00971,71,77,74,2549,2800,0.476055,24,11.6149,0,0,179061870934
38.8501,25.7399,8.00971,71,77,74,2549,2800,0.476055,24,11.6149,0,0,179087612638
37.5653,26.6203,8.00971,71,77,74,2549,2800,0.476055,24,11.6149,0,0,179114232789
44.0476,22.7027,8.00971,71,77,74,2549,2800,0.476055,24,11.6149,0,0,179136934652
37.3858,26.7481,8.00971,71,77,74,2549,2800,0.476055,24,11.6149,0,0,179163683935
39.6842,25.1989,8.00971,71,77,74,2549,2800,0.476055,24,11.6149,0,0,179188883172
36.4488,27.4358,8.00971,71,77,74,2549,2800,0.476055,24,11.6149,0,0,179216318151
40.2601,24.8385,8.00971,71,77,74,2549,2800,0.476055,24,11.6149,0,0,179241158975
35.6304,28.066,8.00971,71,77,74,2549,2800,0.476055,24,11.6149,0,0,179269223895
35.7752,27.9524,8.00971,71,77,74,2549,2800,0.476055,24,11.6149,0,0,179297175964
35.8494,27.8944,8.00971,71,77,74,2549,2800,0.476055,24,11.6149,0,0,179325071828
36.2724,27.5691,8.00971,71,77,74,2549,2800,0.476055,24,11.6149,0,0,179352640928
32.4705,30.7972,8.00971,71,77,74,2549,2800,0.476055,24,11.6149,0,0,179383438042
32.2716,30.987,8.00971,71,77,74,2549,2800,0.476055,24,11.6149,0,0,179414429541
37.8235,26.4386,8.58209,71,73,74,2454,2800,0.479492,29,11.6179,0,0,179440865587
34.5057,28.9808,8.58209,71,73,74,2454,2800,0.479492,29,11.6179,0,0,179469846475
30.9305,32.3305,8.58209,71,73,74,2454,2800,0.479492,29,11.6179,0,0,179502177405
32.6348,30.6421,8.58209,71,73,74,2454,2800,0.479492,29,11.6179,0,0,179532819138
32.7805,30.506,8.58209,71,73,74,2454,2800,0.479492,29,11.6179,0,0,179563325297
35.2432,28.3742,8.58209,71,73,74,2454,2800,0.479492,29,11.6179,0,0,179591700649
31.851,31.3962,8.58209,71,73,74,2454,2800,0.479492,29,11.6179,0,0,179623096957
34.7046,28.8147,8.58209,71,73,74,2454,2800,0.479492,29,11.6179,0,0,179651912756
32.9067,30.389,8.58209,71,73,74,2454,2800,0.479492,29,11.6179,0,0,179682301714
28.2481,35.4006,8.58209,71,73,74,2454,2800,0.479492,29,11.6179,0,0,179717701811
27.5652,36.2776,8.58209,71,73,74,2454,2800,0.479492,29,11.6179,0,0,179753979923
27.5339,36.3189,8.58209,71,73,74,2454,2800,0.479492,29,11.6179,0,0,179790297200
25.7051,38.9027,8.58209,71,73,74,2454,2800,0.479492,29,11.6179,0,0,179829201477
26.389,37.8945,8.58209,71,73,74,2454,2800,0.479492,29,11.6179,0,0,179867096963
21.4556,46.6078,8.58209,71,73,74,2454,2800,0.479492,29,11.6179,0,0,179913704246
24.0517,41.5771,8.58209,71,73,74,2454,2800,0.479492,29,11.6179,0,0,179955289091
23.9373,41.7758,18.1287,71,75,72,1418,2800,0.479488,36,11.6169,0,0,179997059062
23.8923,41.8544,18.1287,71,75,72,1418,2800,0.479488,36,11.6169,0,0,180038913823
25.6926,38.9218,18.1287,71,75,72,1418,2800,0.479488,36,11.6169,0,0,180077836465
22.6509,44.1483,18.1287,71,75,72,1418,2800,0.479488,36,11.6169,0,0,180121982482
24.4504,40.8991,18.1287,71,75,72,1418,2800,0.479488,36,11.6169,0,0,180162882823
29.0585,34.4133,18.1287,71,75,72,1418,2800,0.479488,36,11.6169,0,0,180197295979
27.8371,35.9232,18.1287,71,75,72,1418,2800,0.479488,36,11.6169,0,0,180233219727
26.6413,37.5356,18.1287,71,75,72,1418,2800,0.479488,36,11.6169,0,0,180270756630
26.5213,37.7056,18.1287,71,75,72,1418,2800,0.479488,36,11.6169,0,0,180308462350
24.5872,40.6715,18.1287,71,75,72,1418,2800,0.479488,36,11.6169,0,0,180349133020
27.1552,36.8254,18.1287,71,75,72,1418,2800,0.479488,36,11.6169,0,0,180385958309
29.4189,33.9918,18.1287,71,75,72,1418,2800,0.479488,36,11.6169,0,0,180419950395
28.3498,35.2736,18.1287,71,75,72,1418,2800,0.479488,36,11.6169,0,0,180455224314
30.6471,32.6295,18.1287,71,75,72,1418,2800,0.479488,36,11.6169,0,0,180487858744
30.0327,33.297,7.60999,70,75,68,1031,2800,0.479488,32,11.6204,0,0,180521151107
30.7981,32.4695,7.60999,70,75,68,1031,2800,0.479488,32,11.6204,0,0,180553621720
31.4717,31.7746,7.60999,70,75,68,1031,2800,0.479488,32,11.6204,0,0,180585396988
33.0581,30.2497,7.60999,70,75,68,1031,2800,0.479488,32,11.6204,0,0,180615645824
34.5919,28.9085,7.60999,70,75,68,1031,2800,0.479488,32,11.6204,0,0,180644554868
30.4404,32.8511,7.60999,70,75,68,1031,2800,0.479488,32,11.6204,0,0,180677406865
32.74,30.5437,7.60999,70,75,68,1031,2800,0.479488,32,11.6204,0,0,180707950514
32.4435,30.8228,7.60999,70,75,68,1031,2800,0.479488,32,11.6204,0,0,180738774449
33.9246,29.4771,7.60999,70,75,68,1031,2800,0.479488,32,11.6204,0,0,180768251417
34.9462,28.6154,7.60999,70,75,68,1031,2800,0.479488,32,11.6204,0,0,180796867942
34.015,29.3988,7.60999,70,75,68,1031,2800,0.479488,32,11.6204,0,0,180826267876
34.7036,28.8155,7.60999,70,75,68,1031,2800,0.479488,32,11.6204,0,0,180855082633
22.6805,44.0907,7.60999,70,75,68,1031,2800,0.479488,32,11.6204,0,0,180899173978
32.4503,30.8164,7.60999,70,75,68,1031,2800,0.479488,32,11.6204,0,0,180929990568
32.3363,30.925,7.60999,70,75,68,1031,2800,0.479488,32,11.6204,0,0,180960915823
32.1962,31.0595,7.60999,70,75,68,1031,2800,0.479488,32,11.6204,0,0,180991980519
34.0657,29.355,7.28643,68,78,68,1236,2800,0.479488,21,11.6197,0,0,181021330739
33.1375,30.1773,7.28643,68,78,68,1236,2800,0.479488,21,11.6197,0,0,181051508131
33.1389,30.176,7.28643,68,78,68,1236,2800,0.479488,21,11.6197,0,0,181081684952
36.8075,27.1684,7.28643,68,78,68,1236,2800,0.479488,21,11.6197,0,0,181108852680
32.5416,30.7299,7.28643,68,78,68,1236,2800,0.479488,21,11.6197,0,0,181139584051
31.3586,31.8892,7.28643,68,78,68,1236,2800,0.479488,21,11.6197,0,0,181171473584
31.9692,31.2801,7.28643,68,78,68,1236,2800,0.479488,21,11.6197,0,0,181202752972
33.2788,30.0492,7.28643,68,78,68,1236,2800,0.479488,21,11.6197,0,0,181232802935
34.1463,29.2857,7.28643,68,78,68,1236,2800,0.479488,21,11.6197,0,0,181262088695
34.1392,29.2918,7.28643,68,78,68,1236,2800,0.479488,21,11.6197,0,0,181291381058
34.8673,28.6802,7.28643,68,78,68,1236,2800,0.479488,21,11.6197,0,0,181320061773
34.9782,28.5893,7.28643,68,78,68,1236,2800,0.479488,21,11.6197,0,0,181348651628
36.5029,27.3951,7.28643,68,78,68,1236,2800,0.479488,21,11.6197,0,0,181376045740
36.5818,27.336,7.28643,68,78,68,1236,2800,0.479488,21,11.6197,0,0,181403383717
28.3275,35.3014,7.28643,68,78,68,1236,2800,0.479488,21,11.6197,0,0,181438685700
27.4743,36.3977,7.28643,68,78,68,1236,2800,0.479488,21,11.6197,0,0,181475082795
28.7191,34.8201,7.28643,68,78,68,1236,2800,0.479488,21,11.6197,0,0,181509907002
32.3358,30.9255,8.04878,69,72,66,1172,2800,0.479488,23,11.6198,0,0,181540829000
34.6458,28.8635,8.04878,69,72,66,1172,2800,0.479488,23,11.6198,0,0,181569692839
30.9196,32.3419,8.04878,69,72,66,1172,2800,0.479488,23,11.6198,0,0,181602034559
33.9947,29.4163,8.04878,69,72,66,1172,2800,0.479488,23,11.6198,0,0,181631453519
35.2452,28.3726,8.04878,69,72,66,1172,2800,0.479488,23,11.6198,0,0,181659826277
35.1307,28.4651,8.04878,69,72,66,1172,2800,0.479488,23,11.6198,0,0,181688291829
33.2671,30.0597,8.04878,69,72,66,1172,2800,0.479488,23,11.6198,0,0,181718350548
32.9646,30.3356,8.04878,69,72,66,1172,2800,0.479488,23,11.6198,0,0,181748687519
35.2539,28.3656,8.04878,69,72,66,1172,2800,0.479488,23,11.6198,0,0,181777052402
29.4215,33.9888,8.04878,69,72,66,1172,2800,0.479488,23,11.6198,0,0,181811041392
35.2805,28.3443,8.04878,69,72,66,1172,2800,0.479488,23,11.6198,0,0,181839386528
33.0255,30.2796,8.04878,69,72,66,1172,2800,0.479488,23,11.6198,0,0,181869665140
32.135,31.1187,8.04878,69,72,66,1172,2800,0.479488,23,11.6198,0,0,181900784979
34.3062,29.1493,8.04878,69,72,66,1172,2800,0.479488,23,11.6198,0,0,181929935606
32.4099,30.8548,8.04878,69,72,66,1172,2800,0.479488,23,11.6198,0,0,181960792221
31.8288,31.4181,8.04878,69,72,66,1172,2800,0.479488,23,11.6198,0,0,181992208907
33.5804,29.7793,8.04878,69,72,66,1172,2800,0.479488,23,11.6198,0,0,182021995597
33.1372,30.1776,9.12454,69,72,69,1420,2800,0.479488,22,11.6193,0,0,182052167609
32.9757,30.3253,9.12454,69,72,69,1420,2800,0.479488,22,11.6193,0,0,182082491656
37.4142,26.7278,9.12454,69,72,69,1420,2800,0.479488,22,11.6193,0,0,182109220681
33.292,30.0372,9.12454,69,72,69,1420,2800,0.479488,22,11.6193,0,0,182139256748
34.7242,28.7983,9.12454,69,72,69,1420,2800,0.479488,22,11.6193,0,0,182168056025
35.75,27.972,9.12454,69,72,69,1420,2800,0.479488,22,11.6193,0,0,182196028522
36.067,27.7262,9.12454,69,72,69,1420,2800,0.479488,22,11.6193,0,0,182223756431
34.1922,29.2465,9.12454,69,72,69,1420,2800,0.479488,22,11.6193,0,0,182253002065
33.309,30.022,9.12454,69,72,69,1420,2800,0.479488,22,11.6193,0,0,182283023996
38.0724,26.2657,9.12454,69,72,69,1420,2800,0.479488,22,11.6193,0,0,182309290143
30.4123,32.8815,9.12454,69,72,69,1420,2800,0.479488,22,11.6193,0,0,182342173560
36.4957,27.4005,9.12454,69,72,69,1420,2800,0.479488,22,11.6193,0,0,182369572451
35.993,27.7832,9.12454,69,72,69,1420,2800,0.479488,22,11.6193,0,0,182397356455
34.1306,29.2992,9.12454,69,72,69,1420,2800,0.479488,22,11.6193,0,0,182426657704
36.3279,27.5271,9.12454,69,72,69,1420,2800,0.479488,22,11.6193,0,0,182454182872
35.296,28.3318,9.12454,69,72,69,1420,2800,0.479488,22,11.6193,0,0,182482517148
38.117,26.235,9.12454,69,72,69,1420,2800,0.479488,22,11.6193,0,0,182508752136
36.2219,27.6076,9.12454,69,72,69,1420,2800,0.479488,22,11.6193,0,0,182536361663
35.618,28.0757,7.82396,69,73,68,1859,2800,0.479488,25,11.6196,0,0,182564436141
36.975,27.0453,7.82396,69,73,68,1859,2800,0.479488,25,11.6196,0,0,182591480698
36.3207,27.5325,7.82396,69,73,68,1859,2800,0.479488,25,11.6196,0,0,182619015073
37.1878,26.8906,7.82396,69,73,68,1859,2800,0.479488,25,11.6196,0,0,182645906183
36.4638,27.4244,7.82396,69,73,68,1859,2800,0.479488,25,11.6196,0,0,182673330732
32.0655,31.1862,7.82396,69,73,68,1859,2800,0.479488,25,11.6196,0,0,182704517908
35.4706,28.1924,7.82396,69,73,68,1859,2800,0.479488,25,11.6196,0,0,182732709025
36.8393,27.145,7.82396,69,73,68,1859,2800,0.479488,25,11.6196,0,0,182759853660
37.5801,26.6098,7.82396,69,73,68,1859,2800,0.479488,25,11.6196,0,0,182786464623
36.118,27.687,7.82396,69,73,68,1859,2800,0.479488,25,11.6196,0,0,182814152186
38.363,26.0668,7.82396,69,73,68,1859,2800,0.479488,25,11.6196,0,0,182840219611
34.5,28.9855,7.82396,69,73,68,1859,2800,0.479488,25,11.6196,0,0,182869205308
37.4972,26.6686,7.82396,69,73,68,1859,2800,0.479488,25,11.6196,0,0,182895874180
38.1039,26.244,7.82396,69,73,68,1859,2800,0.479488,25,11.6196,0,0,182922121031
37.3676,26.7612,7.82396,69,73,68,1859,2800,0.479488,25,11.6196,0,0,182948880874
41.8998,23.8665,7.82396,69,73,68,1859,2800,0.479488,25,11.6196,0,0,182972748203
36.7379,27.2198,7.82396,69,73,68,1859,2800,0.479488,25,11.6196,0,0,182999968449
39.4401,25.3549,7.82396,69,73,68,1859,2800,0.479488,25,11.6196,0,0,183025322957
36.8957,27.1034,7.82396,69,73,68,1859,2800,0.479488,25,11.6196,0,0,183052434339
38.8583,25.7345,8.03898,70,73,69,2106,2800,0.476051,23,11.6113,0,0,183078163860
39.4465,25.3508,8.03898,70,73,69,2106,2800,0.476051,23,11.6113,0,0,183103513428
37.2588,26.8393,8.03898,70,73,69,2106,2800,0.476051,23,11.6113,0,0,183130352069
40.6244,24.6158,8.03898,70,73,69,2106,2800,0.476051,23,11.6113,0,0,183154969134
38.8239,25.7573,8.03898,70,73,69,2106,2800,0.476051,23,11.6113,0,0,183180726948
43.2777,23.1066,8.03898,70,73,69,2106,2800,0.476051,23,11.6113,0,0,183203832007
38.1943,26.1819,8.03898,70,73,69,2106,2800,0.476051,23,11.6113,0,0,183230016210
37.3758,26.7553,8.03898,70,73,69,2106,2800,0.476051,23,11.6113,0,0,183256771415
39.4897,25.323,8.03898,70,73,69,2106,2800,0.476051,23,11.6113,0,0,183282095375
40.201,24.875,8.03898,70,73,69,2106,2800,0.476051,23,11.6113,0,0,183306969522
39.3295,25.4262,8.03898,70,73,69,2106,2800,0.476051,23,11.6113,0,0,183332396776
35.4632,28.1983,8.03898,70,73,69,2106,2800,0.476051,23,11.6113,0,0,183360594786
41.4027,24.153,8.03898,70,73,69,2106,2800,0.476051,23,11.6113,0,0,183384749283
38.0802,26.2604,8.03898,70,73,69,2106,2800,0.476051,23,11.6113,0,0,183411009920
39.1915,25.5158,8.03898,70,73,69,2106,2800,0.476051,23,11.6113,0,0,183436525169
37.2803,26.8238,8.03898,70,73,69,2106,2800,0.476051,23,11.6113,0,0,183463350204
40.7474,24.5415,8.03898,70,73,69,2106,2800,0.476051,23,11.6113,0,0,183487890865
34.884,28.6664,8.03898,70,73,69,2106,2800,0.476051,23,11.6113,0,0,183516559338
40.8652,24.4707,8.03898,70,73,69,2106,2800,0.476051,23,11.6113,0,0,183541031150
38.4559,26.0038,8.03898,70,73,69,2106,2800,0.476051,23,11.6113,0,0,183567037159
38.5644,25.9306,9.03541,70,72,67,1886,2800,0.476051,27,11.6262,0,0,183592966234
37.6033,26.5934,9.03541,70,72,67,1886,2800,0.476051,27,11.6262,0,0,183619559415
40.0042,24.9973,9.03541,70,72,67,1886,2800,0.476051,27,11.6262,0,0,183644557684
38.617,25.8953,9.03541,70,72,67,1886,2800,0.476051,27,11.6262,0,0,183670453196
37.4076,26.7325,9.03541,70,72,67,1886,2800,0.476051,27,11.6262,0,0,183697183915
39.251,25.4771,9.03541,70,72,67,1886,2800,0.476051,27,11.6262,0,0,183722662846
40.5834,24.6406,9.03541,70,72,67,1886,2800,0.476051,27,11.6262,0,0,183747304456
37.469,26.6887,9.03541,70,72,67,1886,2800,0.476051,27,11.6262,0,0,183773993517
41.1262,24.3154,9.03541,70,72,67,1886,2800,0.476051,27,11.6262,0,0,183798308685
34.8242,28.7157,9.03541,70,72,67,1886,2800,0.476051,27,11.6262,0,0,183827023594
40.0423,24.9736,9.03541,70,72,67,1886,2800,0.476051,27,11.6262,0,0,183851999863
37.882,26.3977,9.03541,70,72,67,1886,2800,0.476051,27,11.6262,0,0,183878397677
42.1948,23.6996,9.03541,70,72,67,1886,2800,0.476051,27,11.6262,0,0,183902097331
38.1929,26.1829,9.03541,70,72,67,1886,2800,0.476051,27,11.6262,0,0,183928280933
40.664,24.5918,9.03541,70,72,67,1886,2800,0.476051,27,11.6262,0,0,183952872119
37.7292,26.5047,9.03541,70,72,67,1886,2800,0.476051,27,11.6262,0,0,183979377966
43.0213,23.2443,9.03541,70,72,67,1886,2800,0.476051,27,11.6262,0,0,184002621525
35.6189,28.075,9.03541,70,72,67,1886,2800,0.476051,27,11.6262,0,0,184030698728
39.3553,25.4095,9.03541,70,72,67,1886,2800,0.476051,27,11.6262,0,0,184056107107
37.8612,26.4122,9.03541,70,72,67,1886,2800,0.476051,27,11.6262,0,0,184082526351
40.2951,24.8169,7.72059,69,71,68,1746,2800,0.476051,33,11.6266,0,0,184107336508
35.8005,27.9326,7.72059,69,71,68,1746,2800,0.476051,33,11.6266,0,0,184135269501
35.5704,28.1132,7.72059,69,71,68,1746,2800,0.476051,33,11.6266,0,0,184163385347
36.0657,27.7272,7.72059,69,71,68,1746,2800,0.476051,33,11.6266,0,0,184191111943
37.0302,27.005,7.72059,69,71,68,1746,2800,0.476051,33,11.6266,0,0,184218116745
42.0427,23.7853,7.72059,69,71,68,1746,2800,0.476051,33,11.6266,0,0,184241902231
39.5395,25.2912,7.72059,69,71,68,1746,2800,0.476051,33,11.6266,0,0,184267194662
40.3953,24.7553,7.72059,69,71,68,1746,2800,0.476051,33,11.6266,0,0,184291951028
37.8955,26.3884,7.72059,69,71,68,1746,2800,0.476051,33,11.6266,0,0,184318338723
37.489,26.6745,7.72059,69,71,68,1746,2800,0.476051,33,11.6266,0,0,184345013065
38.7673,25.7949,7.72059,69,71,68,1746,2800,0.476051,33,11.6266,0,0,184370808810
36.941,27.0702,7.72059,69,71,68,1746,2800,0.476051,33,11.6266,0,0,184397880188
33.8863,29.5105,7.72059,69,71,68,1746,2800,0.476051,33,11.6266,0,0,184427390649
37.9275,26.3661,7.72059,69,71,68,1746,2800,0.476051,33,11.6266,0,0,184453755822
36.637,27.2948,7.72059,69,71,68,1746,2800,0.476051,33,11.6266,0,0,184481053784
36.6642,27.2746,7.72059,69,71,68,1746,2800,0.476051,33,11.6266,0,0,184508327551
36.6344,27.2967,7.72059,69,71,68,1746,2800,0.476051,33,11.6266,0,0,184535624852
36.9513,27.0626,7.72059,69,71,68,1746,2800,0.476051,33,11.6266,0,0,184562687833
37.7197,26.5114,7.72059,69,71,68,1746,2800,0.476051,33,11.6266,0,0,184589201134
38.3315,26.0882,8.59278,70,76,70,2375,2800,0.477036,19,11.6271,0,0,184615288396
39.6121,25.2448,8.59278,70,76,70,2375,2800,0.477036,19,11.6271,0,0,184640533768
39.5903,25.2587,8.59278,70,76,70,2375,2800,0.477036,19,11.6271,0,0,184665792316
36.3472,27.5125,8.59278,70,76,70,2375,2800,0.477036,19,11.6271,0,0,184693306123
35.625,28.0702,8.59278,70,76,70,2375,2800,0.477036,19,11.6271,0,0,184721375772
39.2645,25.4683,8.59278,70,76,70,2375,2800,0.477036,19,11.6271,0,0,184746844935
44.7198,22.3614,8.59278,70,76,70,2375,2800,0.477036,19,11.6271,0,0,184769206981
38.3857,26.0514,8.59278,70,76,70,2375,2800,0.477036,19,11.6271,0,0,184795257363
39.808,25.1206,8.59278,70,76,70,2375,2800,0.477036,19,11.6271,0,0,184820379325
36.3813,27.4866,8.59278,70,76,70,2375,2800,0.477036,19,11.6271,0,0,184847865931
41.6149,24.0299,8.59278,70,76,70,2375,2800,0.477036,19,11.6271,0,0,184871897026
37.9415,26.3564,8.59278,70,76,70,2375,2800,0.477036,19,11.6271,0,0,184898253513
39.9514,25.0304,8.59278,70,76,70,2375,2800,0.477036,19,11.6271,0,0,184923284354
36.5453,27.3633,8.59278,70,76,70,2375,2800,0.477036,19,11.6271,0,0,184950647187
40.1034,24.9355,8.59278,70,76,70,2375,2800,0.477036,19,11.6271,0,0,184975582679
36.8495,27.1374,8.59278,70,76,70,2375,2800,0.477036,19,11.6271,0,0,185002721222
38.0444,26.2851,8.59278,70,76,70,2375,2800,0.477036,19,11.6271,0,0,185029007327
37.2205,26.8669,8.59278,70,76,70,2375,2800,0.477036,19,11.6271,0,0,185055873980
38.5994,25.9071,8.59278,70,76,70,2375,2800,0.477036,19,11.6271,0,0,185081781455
37.6559,26.5563,8.59278,70,76,70,2375,2800,0.477036,19,11.6271,0,0,185108345681
37.7995,26.4554,8.43521,70,71,72,2518,2800,0.477032,46,11.6285,0,0,185134794581
37.9082,26.3795,8.43521,70,71,72,2518,2800,0.477032,46,11.6285,0,0,185161175794
38.7022,25.8383,8.43521,70,71,72,2518,2800,0.477032,46,11.6285,0,0,185187013257
35.3836,28.2617,8.43521,70,71,72,2518,2800,0.477032,46,11.6285,0,0,185215275518
37.862,26.4117,8.43521,70,71,72,2518,2800,0.477032,46,11.6285,0,0,185241688340
39.941,25.0369,8.43521,70,71,72,2518,2800,0.477032,46,11.6285,0,0,185266724971
34.29,29.163,8.43521,70,71,72,2518,2800,0.477032,46,11.6285,0,0,185295889053
34.6655,28.8471,8.43521,70,71,72,2518,2800,0.477032,46,11.6285,0,0,185324734497
33.1708,30.147,8.43521,70,71,72,2518,2800,0.477032,46,11.6285,0,0,185354883306
35.0225,28.5531,8.43521,70,71,72,2518,2800,0.477032,46,11.6285,0,0,185383436642
37.1689,26.9042,8.43521,70,71,72,2518,2800,0.477032,46,11.6285,0,0,185410341938
37.4291,26.7172,8.43521,70,71,72,2518,2800,0.477032,46,11.6285,0,0,185437057418
32.8967,30.3982,8.43521,70,71,72,2518,2800,0.477032,46,11.6285,0,0,185467456275
36.5858,27.333,8.43521,70,71,72,2518,2800,0.477032,46,11.6285,0,0,185494790345
37.0267,27.0075,8.43521,70,71,72,2518,2800,0.477032,46,11.6285,0,0,185521798223
36.0528,27.7371,8.43521,70,71,72,2518,2800,0.477032,46,11.6285,0,0,185549535829
39.7735,25.1424,8.43521,70,71,72,2518,2800,0.477032,46,11.6285,0,0,185574678520
36.8001,27.1738,8.43521,70,71,72,2518,2800,0.477032,46,11.6285,0,0,185601853111
35.756,27.9674,8.43521,70,71,72,2518,2800,0.477032,46,11.6285,0,0,185629825017
40.5379,24.6683,11.084,71,74,71,2522,2800,0.477032,37,11.6291,0,0,185654487777
37.5679,26.6185,11.084,71,74,71,2522,2800,0.477032,37,11.6291,0,0,185681108158
42.7323,23.4015,11.084,71,74,71,2522,2800,0.477032,37,11.6291,0,0,185704508662
35.6914,28.018,11.084,71,74,71,2522,2800,0.477032,37,11.6291,0,0,185732527856
41.3349,24.1927,11.084,71,74,71,2522,2800,0.477032,37,11.6291,0,0,185756720715
37.2094,26.8749,11.084,71,74,71,2522,2800,0.477032,37,11.6291,0,0,185783596215
41.9382,23.8446,11.084,71,74,71,2522,2800,0.477032,37,11.6291,0,0,185807441913
37.4787,26.6818,11.084,71,74,71,2522,2800,0.477032,37,11.6291,0,0,185834123991
39.2641,25.4685,11.084,71,74,71,2522,2800,0.477032,37,11.6291,0,0,185859592903
38.1938,26.1822,11.084,71,74,71,2522,2800,0.477032,37,11.6291,0,0,185885775653
41.6088,24.0334,11.084,71,74,71,2522,2800,0.477032,37,11.6291,0,0,185909807741
37.4477,26.7039,11.084,71,74,71,2522,2800,0.477032,37,11.6291,0,0,185936513102
37.1753,26.8996,11.084,71,74,71,2522,2800,0.477032,37,11.6291,0,0,185963413809
39.4444,25.3522,11.084,71,74,71,2522,2800,0.477032,37,11.6291,0,0,185988765301
38.0543,26.2782,11.084,71,74,71,2522,2800,0.477032,37,11.6291,0,0,186015043651
41.6331,24.0194,11.084,71,74,71,2522,2800,0.477032,37,11.6291,0,0,186039063856
38.8175,25.7616,11.084,71,74,71,2522,2800,0.477032,37,11.6291,0,0,186064825127
39.9071,25.0582,11.084,71,74,71,2522,2800,0.477032,37,11.6291,0,0,186089884621
33.7273,29.6496,11.084,71,74,71,2522,2800,0.477032,37,11.6291,0,0,186119534925
35.8142,27.9219,11.084,71,74,71,2522,2800,0.477032,37,11.6291,0,0,186147462237
40.1255,24.9218,6.97674,71,76,71,2380,2800,0.477032,38,11.6282,0,0,186172377411
36.3567,27.5053,6.97674,71,76,71,2380,2800,0.477032,38,11.6282,0,0,186199884194
35.3751,28.2685,6.97674,71,76,71,2380,2800,0.477032,38,11.6282,0,0,186228153398
40.115,24.9283,6.97674,71,76,71,2380,2800,0.477032,38,11.6282,0,0,186253082307
41.4837,24.1058,6.97674,71,76,71,2380,2800,0.477032,38,11.6282,0,0,186277189045
40.1507,24.9062,6.97674,71,76,71,2380,2800,0.477032,38,11.6282,0,0,186302094420
36.851,27.1363,6.97674,71,76,71,2380,2800,0.477032,38,11.6282,0,0,186329231641
41.2447,24.2456,6.97674,71,76,71,2380,2800,0.477032,38,11.6282,0,0,186353475957
35.7145,27.9998,6.97674,71,76,71,2380,2800,0.477032,38,11.6282,0,0,186381477979
42.5593,23.4966,6.97674,71,76,71,2380,2800,0.477032,38,11.6282,0,0,186404975043
37.9834,26.3273,6.97674,71,76,71,2380,2800,0.477032,38,11.6282,0,0,186431300983
38.6169,25.8954,6.97674,71,76,71,2380,2800,0.477032,38,11.6282,0,0,186457198388
37.0851,26.965,6.97674,71,76,71,2380,2800,0.477032,38,11.6282,0,0,186484163727
36.4352,27.4459,6.97674,71,76,71,2380,2800,0.477032,38,11.6282,0,0,186511608484
40.5372,24.6687,6.97674,71,76,71,2380,2800,0.477032,38,11.6282,0,0,186536279370
40.4894,24.6978,6.97674,71,76,71,2380,2800,0.477032,38,11.6282,0,0,186560976445
41.0869,24.3387,6.97674,71,76,71,2380,2800,0.477032,38,11.6282,0,0,186585313765
36.4309,27.4492,6.97674,71,76,71,2380,2800,0.477032,38,11.6282,0,0,186612766026
43.6595,22.9045,6.97674,71,76,71,2380,2800,0.477032,38,11.6282,0,0,186635669467
37.1857,26.8921,6.97674,71,76,71,2380,2800,0.477032,38,11.6282,0,0,186662567159
39.6119,25.245,6.65845,70,75,69,2151,2800,0.477032,34,11.6289,0,0,186687808103
36.6349,27.2964,6.65845,70,75,69,2151,2800,0.477032,34,11.6289,0,0,186715104733
40.7575,24.5354,6.65845,70,75,69,2151,2800,0.477032,34,11.6289,0,0,186739639894
39.0172,25.6297,6.65845,70,75,69,2151,2800,0.477032,34,11.6289,0,0,186765270459
40.4756,24.7063,6.65845,70,75,69,2151,2800,0.477032,34,11.6289,0,0,186789978174
37.4364,26.712,6.65845,70,75,69,2151,2800,0.477032,34,11.6289,0,0,186816688965
40.4839,24.7012,6.65845,70,75,69,2151,2800,0.477032,34,11.6289,0,0,186841391490
38.2567,26.1392,6.65845,70,75,69,2151,2800,0.477032,34,11.6289,0,0,186867530609
38.1558,26.2083,6.65845,70,75,69,2151,2800,0.477032,34,11.6289,0,0,186893738026
39.349,25.4136,6.65845,70,75,69,2151,2800,0.477032,34,11.6289,0,0,186919151905
34.0826,29.3405,6.65845,70,75,69,2151,2800,0.477032,34,11.6289,0,0,186948494952
42.6473,23.4482,6.65845,70,75,69,2151,2800,0.477032,34,11.6289,0,0,186971942634
32.8645,30.428,6.65845,70,75,69,2151,2800,0.477032,34,11.6289,0,0,187002371868
39.9795,25.0128,6.65845,70,75,69,2151,2800,0.477032,34,11.6289,0,0,187027385045
37.4868,26.6761,6.65845,70,75,69,2151,2800,0.477032,34,11.6289,0,0,187054061412
39.147,25.5447,6.65845,70,75,69,2151,2800,0.477032,34,11.6289,0,0,187079608150
43.2592,23.1165,6.65845,70,75,69,2151,2800,0.477032,34,11.6289,0,0,187102723548
35.6724,28.0329,6.65845,70,75,69,2151,2800,0.477032,34,11.6289,0,0,187130756399
40.5458,24.6635,6.65845,70,75,69,2151,2800,0.477032,34,11.6289,0,0,187155420732
38.0737,26.2648,6.65845,70,75,69,2151,2800,0.477032,34,11.6289,0,0,187181692951
41.0212,24.3777,6.36475,69,70,68,1854,2800,0.477032,31,11.6115,0,0,187206063713
35.8703,27.8782,6.36475,69,70,68,1854,2800,0.477032,31,11.6115,0,0,187233942445
39.0012,25.6402,6.36475,69,70,68,1854,2800,0.477032,31,11.6115,0,0,187259582598
39.0839,25.586,6.36475,69,70,68,1854,2800,0.477032,31,11.6115,0,0,187285168349
36.4857,27.408,6.36475,69,70,68,1854,2800,0.477032,31,11.6115,0,0,187312578341
43.6808,22.8933,6.36475,69,70,68,1854,2800,0.477032,31,11.6115,0,0,187335472535
36.6851,27.259,6.36475,69,70,68,1854,2800,0.477032,31,11.6115,0,0,187362732636
40.1265,24.9212,6.36475,69,70,68,1854,2800,0.477032,31,11.6115,0,0,187387653541
35.2601,28.3607,6.36475,69,70,68,1854,2800,0.477032,31,11.6115,0,0,187416014186
41.7877,23.9305,6.36475,69,70,68,1854,2800,0.477032,31,11.6115,0,0,187439943951
36.6297,27.3003,6.36475,69,70,68,1854,2800,0.477032,31,11.6115,0,0,187467245490
36.4894,27.4052,6.36475,69,70,68,1854,2800,0.477032,31,11.6115,0,0,187494652868
39.7215,25.1753,6.36475,69,70,68,1854,2800,0.477032,31,11.6115,0,0,187519827257
35.9712,27.8,6.36475,69,70,68,1854,2800,0.477032,31,11.6115,0,0,187547628012
36.3533,27.5078,6.36475,69,70,68,1854,2800,0.477032,31,11.6115,0,0,187575135598
35.3627,28.2784,6.36475,69,70,68,1854,2800,0.477032,31,11.6115,0,0,187603413257
37.4454,26.7056,6.36475,69,70,68,1854,2800,0.477032,31,11.6115,0,0,187630120742
38.8074,25.7683,6.36475,69,70,68,1854,2800,0.477032,31,11.6115,0,0,187655888605
39.765,25.1477,6.36475,69,70,68,1854,2800,0.477032,31,11.6115,0,0,187681036936
40.4164,24.7425,6.36475,69,70,68,1854,2800,0.477032,31,11.6115,0,0,187705782571
39.537,25.2928,9.21212,69,72,68,1874,2800,0.477032,25,11.6238,0,0,187731072939
38.937,25.6825,9.21212,69,72,68,1874,2800,0.477032,25,11.6238,0,0,187756755411
35.3327,28.3024,9.21212,69,72,68,1874,2800,0.477032,25,11.6238,0,0,187785059851
44.9664,22.2388,9.21212,69,72,68,1874,2800,0.477032,25,11.6238,0,0,187807298185
37.8368,26.4293,9.21212,69,72,68,1874,2800,0.477032,25,11.6238,0,0,187833726716
41.009,24.3849,9.21212,69,72,68,1874,2800,0.477032,25,11.6238,0,0,187858113038
37.2071,26.8766,9.21212,69,72,68,1874,2800,0.477032,25,11.6238,0,0,187884989330
37.298,26.8111,9.21212,69,72,68,1874,2800,0.477032,25,11.6238,0,0,187911799697
39.9897,25.0064,9.21212,69,72,68,1874,2800,0.477032,25,11.6238,0,0,187936808477
39.8717,25.0804,9.21212,69,72,68,1874,2800,0.477032,25,11.6238,0,0,187961902345
40.0238,24.9851,9.21212,69,72,68,1874,2800,0.477032,25,11.6238,0,0,187986873995
36.2936,27.5531,9.21212,69,72,68,1874,2800,0.477032,25,11.6238,0,0,188014427687
29.799,33.5582,9.21212,69,72,68,1874,2800,0.477032,25,11.6238,0,0,188047986780
43.2945,23.0976,9.21212,69,72,68,1874,2800,0.477032,25,11.6238,0,0,188071083524
38.5695,25.9272,9.21212,69,72,68,1874,2800,0.477032,25,11.6238,0,0,188097011136
39.3521,25.4116,9.21212,69,72,68,1874,2800,0.477032,25,11.6238,0,0,188122424033
38.8005,25.7729,9.21212,69,72,68,1874,2800,0.477032,25,11.6238,0,0,188148196906
41.1557,24.298,9.21212,69,72,68,1874,2800,0.477032,25,11.6238,0,0,188172495072
38.3895,26.0488,9.21212,69,72,68,1874,2800,0.477032,25,11.6238,0,0,188198545916
39.0558,25.6044,9.21212,69,72,68,1874,2800,0.477032,25,11.6238,0,0,188224153728
37.7963,26.4576,6.83761,69,73,68,1728,2800,0.477032,21,11.6233,0,0,188250607417
41.4376,24.1327,6.83761,69,73,68,1728,2800,0.477032,21,11.6233,0,0,188274740654
38.0586,26.2753,6.83761,69,73,68,1728,2800,0.477032,21,11.6233,0,0,188301015297
35.4629,28.1985,6.83761,69,73,68,1728,2800,0.477032,21,11.6233,0,0,188329214730
41.0319,24.3713,6.83761,69,73,68,1728,2800,0.477032,21,11.6233,0,0,188353586845
39.1991,25.5108,6.83761,69,73,68,1728,2800,0.477032,21,11.6233,0,0,188379099339
40.1057,24.9341,6.83761,69,73,68,1728,2800,0.477032,21,11.6233,0,0,188404032737
36.7186,27.2341,6.83761,69,73,68,1728,2800,0.477032,21,11.6233,0,0,188431267330
40.8833,24.4599,6.83761,69,73,68,1728,2800,0.477032,21,11.6233,0,0,188455725968
36.9373,27.0729,6.83761,69,73,68,1728,2800,0.477032,21,11.6233,0,0,188482801162
34.2195,29.2231,6.83761,69,73,68,1728,2800,0.477032,21,11.6233,0,0,188512024325
43.7793,22.8419,6.83761,69,73,68,1728,2800,0.477032,21,11.6233,0,0,188534865750
40.255,24.8416,6.83761,69,73,68,1728,2800,0.477032,21,11.6233,0,0,188559708618
38.6197,25.8935,6.83761,69,73,68,1728,2800,0.477032,21,11.6233,0,0,188585603709
37.6679,26.5478,6.83761,69,73,68,1728,2800,0.477032,21,11.6233,0,0,188612151454
42.518,23.5195,6.83761,69,73,68,1728,2800,0.477032,21,11.6233,0,0,188635671191
37.1616,26.9095,6.83761,69,73,68,1728,2800,0.477032,21,11.6233,0,0,188662580775
38.4594,26.0014,6.83761,69,73,68,1728,2800,0.477032,21,11.6233,0,0,188688583658
37.8794,26.3996,6.83761,69,73,68,1728,2800,0.477032,21,11.6233,0,0,188714982294
42.0876,23.7599,6.83761,69,73,68,1728,2800,0.477032,21,11.6233,0,0,188738747191
37.6771,26.5414,6.50307,69,70,67,1736,2800,0.477032,27,11.6248,0,0,188765286270
39.3225,25.4307,6.50307,69,70,67,1736,2800,0.477032,27,11.6248,0,0,188790715638
39.2053,25.5067,6.50307,69,70,67,1736,2800,0.477032,27,11.6248,0,0,188816223703
39.064,25.599,6.50307,69,70,67,1736,2800,0.477032,27,11.6248,0,0,188841821797
38.6604,25.8663,6.50307,69,70,67,1736,2800,0.477032,27,11.6248,0,0,188867689077
38.0716,26.2663,6.50307,69,70,67,1736,2800,0.477032,27,11.6248,0,0,188893956166
36.1238,27.6826,6.50307,69,70,67,1736,2800,0.477032,27,11.6248,0,0,188921638178
36.3845,27.4843,6.50307,69,70,67,1736,2800,0.477032,27,11.6248,0,0,188949123652
38.3003,26.1095,6.50307,69,70,67,1736,2800,0.477032,27,11.6248,0,0,188975232233
31.4441,31.8025,6.50307,69,70,67,1736,2800,0.477032,27,11.6248,0,0,189007036066
34.6966,28.8213,6.50307,69,70,67,1736,2800,0.477032,27,11.6248,0,0,189035857635
30.9751,32.284,6.50307,69,70,67,1736,2800,0.477032,27,11.6248,0,0,189068141667
31.4075,31.8395,6.50307,69,70,67,1736,2800,0.477032,27,11.6248,0,0,189099980405
29.3079,34.1205,6.50307,69,70,67,1736,2800,0.477032,27,11.6248,0,0,189134103076
29.9071,33.4369,6.50307,69,70,67,1736,2800,0.477032,27,11.6248,0,0,189167539089
30.8509,32.414,6.50307,69,70,67,1736,2800,0.477032,27,11.6248,0,0,189199952133
29.5327,33.8607,6.50307,69,70,67,1736,2800,0.477032,27,11.6248,0,0,189233813333
29.9619,33.3757,6.50307,69,70,67,1736,2800,0.477032,27,11.6248,0,0,189267194614
29.772,33.5886,6.82635,69,72,67,1102,2800,0.477032,18,11.6257,0,0,189300778794
29.4333,33.9751,6.82635,69,72,67,1102,2800,0.477032,18,11.6257,0,0,189334754640
27.9952,35.7205,6.82635,69,72,67,1102,2800,0.477032,18,11.6257,0,0,189370473934
26.4794,37.7652,6.82635,69,72,67,1102,2800,0.477032,18,11.6257,0,0,189408239506
22.0468,45.3581,6.82635,69,72,67,1102,2800,0.477032,18,11.6257,0,0,189453597647
24.9694,40.049,6.82635,69,72,67,1102,2800,0.477032,18,11.6257,0,0,189493647082
24.9945,40.0088,6.82635,69,72,67,1102,2800,0.477032,18,11.6257,0,0,189533657755
25.8029,38.7553,6.82635,69,72,67,1102,2800,0.477032,18,11.6257,0,0,189572411851
26.3438,37.9595,6.82635,69,72,67,1102,2800,0.477032,18,11.6257,0,0,189610373020
26.0722,38.355,6.82635,69,72,67,1102,2800,0.477032,18,11.6257,0,0,189648727787
28.6475,34.9071,6.82635,69,72,67,1102,2800,0.477032,18,11.6257,0,0,189683634337
29.5497,33.8413,6.82635,69,72,67,1102,2800,0.477032,18,11.6257,0,0,189717478205
30.6141,32.6647,6.82635,69,72,67,1102,2800,0.477032,18,11.6257,0,0,189750140477
29.8499,33.5009,6.82635,69,72,67,1102,2800,0.477032,18,11.6257,0,0,189783649086
31.4015,31.8456,9.22509,68,70,68,1185,2800,0.476048,21,11.6276,0,0,189815488735
32.3444,30.9172,9.22509,68,70,68,1185,2800,0.476048,21,11.6276,0,0,189846405544
31.7312,31.5147,9.22509,68,70,68,1185,2800,0.476048,21,11.6276,0,0,189877920053
30.7913,32.4767,9.22509,68,70,68,1185,2800,0.476048,21,11.6276,0,0,189910397709
29.6713,33.7027,9.22509,68,70,68,1185,2800,0.476048,21,11.6276,0,0,189944101454
30.299,33.0044,9.22509,68,70,68,1185,2800,0.476048,21,11.6276,0,0,189977104795
30.3907,32.9048,9.22509,68,70,68,1185,2800,0.476048,21,11.6276,0,0,190010010263
30.2911,33.013,9.22509,68,70,68,1185,2800,0.476048,21,11.6276,0,0,190043024555
30.0542,33.2732,9.22509,68,70,68,1185,2800,0.476048,21,11.6276,0,0,190076297573
29.4493,33.9566,9.22509,68,70,68,1185,2800,0.476048,21,11.6276,0,0,190110254492
31.3958,31.8514,9.22509,68,70,68,1185,2800,0.476048,21,11.6276,0,0,190142105002
31.8383,31.4087,9.22509,68,70,68,1185,2800,0.476048,21,11.6276,0,0,190173515356
32.361,30.9014,9.22509,68,70,68,1185,2800,0.476048,21,11.6276,0,0,190204416295
32.8892,30.4051,9.22509,68,70,68,1185,2800,0.476048,21,11.6276,0,0,190234821534
30.7763,32.4926,9.22509,68,70,68,1185,2800,0.476048,21,11.6276,0,0,190267316102
31.9077,31.3404,9.22509,68,70,68,1185,2800,0.476048,21,11.6276,0,0,190298660502
30.5324,32.7521,7.87208,68,77,69,1236,2800,0.476048,22,11.6282,0,0,190331408856
33.2169,30.1052,7.87208,68,77,69,1236,2800,0.476048,22,11.6282,0,0,190361514162
32.5122,30.7577,7.87208,68,77,69,1236,2800,0.476048,22,11.6282,0,0,190392272714
34.072,29.3496,7.87208,68,77,69,1236,2800,0.476048,22,11.6282,0,0,190421621462
31.8345,31.4125,7.87208,68,77,69,1236,2800,0.476048,22,11.6282,0,0,190453034932
31.1787,32.0732,7.87208,68,77,69,1236,2800,0.476048,22,11.6282,0,0,190485108300
30.5294,32.7553,7.87208,68,77,69,1236,2800,0.476048,22,11.6282,0,0,190517863596
33.0695,30.2393,7.87208,68,77,69,1236,2800,0.476048,22,11.6282,0,0,190548104477
32.8568,30.4351,7.87208,68,77,69,1236,2800,0.476048,22,11.6282,0,0,190578540795
31.4851,31.7611,7.87208,68,77,69,1236,2800,0.476048,22,11.6282,0,0,190610299111
32.144,31.1101,7.87208,68,77,69,1236,2800,0.476048,22,11.6282,0,0,190641409503
32.8414,30.4494,7.87208,68,77,69,1236,2800,0.476048,22,11.6282,0,0,190671859286
26.0391,38.4037,7.87208,68,77,69,1236,2800,0.476048,22,11.6282,0,0,190710262714
27.001,37.0357,7.87208,68,77,69,1236,2800,0.476048,22,11.6282,0,0,190747301243
30.4335,32.8585,7.87208,68,77,69,1236,2800,0.476048,22,11.6282,0,0,190780158911
32.3203,30.9403,7.87208,68,77,69,1236,2800,0.476048,22,11.6282,0,0,190811106668
31.7188,31.527,17.7479,69,73,71,1750,2800,0.479492,28,11.6344,0,0,190842627389
33.0891,30.2215,17.7479,69,73,71,1750,2800,0.479492,28,11.6344,0,0,190872847972
31.5225,31.7234,17.7479,69,73,71,1750,2800,0.479492,28,11.6344,0,0,190904570221
31.9007,31.3473,17.7479,69,73,71,1750,2800,0.479492,28,11.6344,0,0,190935917757
30.9906,32.2679,17.7479,69,73,71,1750,2800,0.479492,28,11.6344,0,0,190968186441
31.7673,31.4789,17.7479,69,73,71,1750,2800,0.479492,28,11.6344,0,0,190999667057
31.4704,31.7759,17.7479,69,73,71,1750,2800,0.479492,28,11.6344,0,0,191031441304
31.2923,31.9567,17.7479,69,73,71,1750,2800,0.479492,28,11.6344,0,0,191063399074
31.1249,32.1286,17.7479,69,73,71,1750,2800,0.479492,28,11.6344,0,0,191095527786
31.0919,32.1627,17.7479,69,73,71,1750,2800,0.479492,28,11.6344,0,0,191127691974
32.2315,31.0256,17.7479,69,73,71,1750,2800,0.479492,28,11.6344,0,0,191158717426
31.7596,31.4865,17.7479,69,73,71,1750,2800,0.479492,28,11.6344,0,0,191190203081
33.0573,30.2505,17.7479,69,73,71,1750,2800,0.479492,28,11.6344,0,0,191220455965
31.7333,31.5126,17.7479,69,73,71,1750,2800,0.479492,28,11.6344,0,0,191251967288
31.8347,31.4123,17.7479,69,73,71,1750,2800,0.479492,28,11.6344,0,0,191283378855
33.6679,29.7019,17.7479,69,73,71,1750,2800,0.479492,28,11.6344,0,0,191313086075
32.9346,30.3632,9.64912,70,74,68,1321,2800,0.479492,32,11.6343,0,0,191343446130
32.889,30.4053,9.64912,70,74,68,1321,2800,0.479492,32,11.6343,0,0,191373851619
27.7198,36.0754,9.64912,70,74,68,1321,2800,0.479492,32,11.6343,0,0,191409926912
31.6076,31.6379,9.64912,70,74,68,1321,2800,0.479492,32,11.6343,0,0,191441564231
29.8644,33.4847,9.64912,70,74,68,1321,2800,0.479492,32,11.6343,0,0,191475049517
30.0498,33.2781,9.64912,70,74,68,1321,2800,0.479492,32,11.6343,0,0,191508327674
29.9035,33.4409,9.64912,70,74,68,1321,2800,0.479492,32,11.6343,0,0,191541770479
30.5547,32.7282,9.64912,70,74,68,1321,2800,0.479492,32,11.6343,0,0,191574497483
29.2189,34.2245,9.64912,70,74,68,1321,2800,0.479492,32,11.6343,0,0,191608723357
29.8765,33.4711,9.64912,70,74,68,1321,2800,0.479492,32,11.6343,0,0,191642193243
29.6532,33.7232,9.64912,70,74,68,1321,2800,0.479492,32,11.6343,0,0,191675916805
28.884,34.6213,9.64912,70,74,68,1321,2800,0.479492,32,11.6343,0,0,191710538061
29.8074,33.5487,9.64912,70,74,68,1321,2800,0.479492,32,11.6343,0,0,191744086895
30.3345,32.9658,9.64912,70,74,68,1321,2800,0.479492,32,11.6343,0,0,191777055241
29.7644,33.5972,9.64912,70,74,68,1321,2800,0.479492,32,11.6343,0,0,191810651384
31.6788,31.5668,9.64912,70,74,68,1321,2800,0.479492,32,11.6343,0,0,191842220757
31.1357,32.1175,9.64286,69,76,67,1090,2800,0.479492,21,11.6315,0,0,191874336564
32.0183,31.2321,9.64286,69,76,67,1090,2800,0.479492,21,11.6315,0,0,191905567822
32.2294,31.0276,9.64286,69,76,67,1090,2800,0.479492,21,11.6315,0,0,191936596230
30.8967,32.3659,9.64286,69,76,67,1090,2800,0.479492,21,11.6315,0,0,191968963679
31.8196,31.4271,9.64286,69,76,67,1090,2800,0.479492,21,11.6315,0,0,192000391015
33.3293,30.0036,9.64286,69,76,67,1090,2800,0.479492,21,11.6315,0,0,192030394391
32.0767,31.1752,9.64286,69,76,67,1090,2800,0.479492,21,11.6315,0,0,192061571117
31.9083,31.3398,9.64286,69,76,67,1090,2800,0.479492,21,11.6315,0,0,192092910798
31.7445,31.5015,9.64286,69,76,67,1090,2800,0.479492,21,11.6315,0,0,192124411893
32.5971,30.6776,9.64286,69,76,67,1090,2800,0.479492,21,11.6315,0,0,192155089312
32.1363,31.1174,9.64286,69,76,67,1090,2800,0.479492,21,11.6315,0,0,192186207579
32.3765,30.8866,9.64286,69,76,67,1090,2800,0.479492,21,11.6315,0,0,192217094622
34.5572,28.9375,9.64286,69,76,67,1090,2800,0.479492,21,11.6315,0,0,192246031397
33.6003,29.7616,9.64286,69,76,67,1090,2800,0.479492,21,11.6315,0,0,192275794292
32.753,30.5316,9.64286,69,76,67,1090,2800,0.479492,21,11.6315,0,0,192306325247
32.323,30.9377,9.64286,69,76,67,1090,2800,0.479492,21,11.6315,0,0,192337263876
33.2629,30.0635,9.64286,69,76,67,1090,2800,0.479492,21,11.6315,0,0,192367331232
33.977,29.4317,7.33173,69,76,68,1327,2800,0.479492,22,11.6328,0,0,192396760441
33.0563,30.2514,7.33173,69,76,68,1327,2800,0.479492,22,11.6328,0,0,192427013114
32.9762,30.3249,7.33173,69,76,68,1327,2800,0.479492,22,11.6328,0,0,192457337542
33.5634,29.7944,7.33173,69,76,68,1327,2800,0.479492,22,11.6328,0,0,192487132366
32.2627,30.9955,7.33173,69,76,68,1327,2800,0.479492,22,11.6328,0,0,192518127872
35.1792,28.4259,7.33173,69,76,68,1327,2800,0.479492,22,11.6328,0,0,192546552988
31.3758,31.8717,7.33173,69,76,68,1327,2800,0.479492,22,11.6328,0,0,192578426160
33.8959,29.5021,7.33173,69,76,68,1327,2800,0.479492,22,11.6328,0,0,192607928276
32.0598,31.1917,7.33173,69,76,68,1327,2800,0.479492,22,11.6328,0,0,192639121253
33.2671,30.0597,7.33173,69,76,68,1327,2800,0.479492,22,11.6328,0,0,192669181455
32.4007,30.8635,7.33173,69,76,68,1327,2800,0.479492,22,11.6328,0,0,192700044793
31.038,32.2185,7.33173,69,76,68,1327,2800,0.479492,22,11.6328,0,0,192732262972
32.2266,31.0303,7.33173,69,76,68,1327,2800,0.479492,22,11.6328,0,0,192763294957
32.6483,30.6295,7.33173,69,76,68,1327,2800,0.479492,22,11.6328,0,0,192793923535
32.5785,30.6951,7.33173,69,76,68,1327,2800,0.479492,22,11.6328,0,0,192824620521
32.7294,30.5536,7.33173,69,76,68,1327,2800,0.479492,22,11.6328,0,0,192855173087
30.6145,32.6643,7.33173,69,76,68,1327,2800,0.479492,22,11.6328,0,0,192887841330
32.5351,30.736,7.42092,69,71,67,1201,2800,0.479492,24,11.6256,0,0,192918573683
33.2095,30.1118,7.42092,69,71,67,1201,2800,0.479492,24,11.6256,0,0,192948686223
34.3832,29.084,7.42092,69,71,67,1201,2800,0.479492,24,11.6256,0,0,192977772399
33.4937,29.8564,7.42092,69,71,67,1201,2800,0.479492,24,11.6256,0,0,193007627837
32.9858,30.3161,7.42092,69,71,67,1201,2800,0.479492,24,11.6256,0,0,193037944610
32.7846,30.5021,7.42092,69,71,67,1201,2800,0.479492,24,11.6256,0,0,193068447723
33.2836,30.0448,7.42092,69,71,67,1201,2800,0.479492,24,11.6256,0,0,193098490502
32.3965,30.8675,7.42092,69,71,67,1201,2800,0.479492,24,11.6256,0,0,193129360433
33.1994,30.1211,7.42092,69,71,67,1201,2800,0.479492,24,11.6256,0,0,193159480107
32.8423,30.4486,7.42092,69,71,67,1201,2800,0.479492,24,11.6256,0,0,193189930561
32.8539,30.4378,7.42092,69,71,67,1201,2800,0.479492,24,11.6256,0,0,193220368962
32.4634,30.8039,7.42092,69,71,67,1201,2800,0.479492,24,11.6256,0,0,193251171196
35.2245,28.3893,7.42092,69,71,67,1201,2800,0.479492,24,11.6256,0,0,193279563130
33.2885,30.0404,7.42092,69,71,67,1201,2800,0.479492,24,11.6256,0,0,193309601661
32.1526,31.1017,7.42092,69,71,67,1201,2800,0.479492,24,11.6256,0,0,193340704960
33.5229,29.8303,7.42092,69,71,67,1201,2800,0.479492,24,11.6256,0,0,193370534489
33.4792,29.8693,7.42092,69,71,67,1201,2800,0.479492,24,11.6256,0,0,193400408432
32.692,30.5885,7.28395,69,71,67,1347,2800,0.479492,23,11.6253,0,0,193430994340
31.5475,31.6982,7.28395,69,71,67,1347,2800,0.479492,23,11.6253,0,0,193462693436
31.0487,32.2075,7.28395,69,71,67,1347,2800,0.479492,23,11.6253,0,0,193494899893
32.306,30.954,7.28395,69,71,67,1347,2800,0.479492,23,11.6253,0,0,193525854372
33.6312,29.7343,7.28395,69,71,67,1347,2800,0.479492,23,11.6253,0,0,193555588814
38.604,25.904,7.28395,69,71,67,1347,2800,0.479492,23,11.6253,0,0,193581494084
42.3109,23.6346,7.28395,69,71,67,1347,2800,0.479492,23,11.6253,0,0,193605127835
36.9577,27.058,7.28395,69,71,67,1347,2800,0.479492,23,11.6253,0,0,193632185346
41.8276,23.9077,7.28395,69,71,67,1347,2800,0.479492,23,11.6253,0,0,193656092690
39.5087,25.3109,7.28395,69,71,67,1347,2800,0.479492,23,11.6253,0,0,193681403886
43.3713,23.0567,7.28395,69,71,67,1347,2800,0.479492,23,11.6253,0,0,193704462959
37.6919,26.5309,7.28395,69,71,67,1347,2800,0.479492,23,11.6253,0,0,193730991759
39.1337,25.5534,7.28395,69,71,67,1347,2800,0.479492,23,11.6253,0,0,193756545750
38.8213,25.7591,7.28395,69,71,67,1347,2800,0.479492,23,11.6253,0,0,193782306249
40.4038,24.7502,7.28395,69,71,67,1347,2800,0.479492,23,11.6253,0,0,193807056313
39.1792,25.5238,7.28395,69,71,67,1347,2800,0.479492,23,11.6253,0,0,193832580178
38.5834,25.9179,7.28395,69,71,67,1347,2800,0.479492,23,11.6253,0,0,193858499786
39.1126,25.5672,7.28395,69,71,67,1347,2800,0.479492,23,11.6253,0,0,193884066772
37.6762,26.5419,7.28395,69,71,67,1347,2800,0.479492,23,11.6253,0,0,193910610149
39.0214,25.6269,8.35411,69,72,67,1627,2800,0.476055,24,11.6227,0,0,193936235665
37.9658,26.3395,8.35411,69,72,67,1627,2800,0.476055,24,11.6227,0,0,193962574338
39.1645,25.5333,8.35411,69,72,67,1627,2800,0.476055,24,11.6227,0,0,193988107661
35.7077,28.0052,8.35411,69,72,67,1627,2800,0.476055,24,11.6227,0,0,194016113120
43.9871,22.7339,8.35411,69,72,67,1627,2800,0.476055,24,11.6227,0,0,194038850489
39.5769,25.2672,8.35411,69,72,67,1627,2800,0.476055,24,11.6227,0,0,194064114637
38.0976,26.2484,8.35411,69,72,67,1627,2800,0.476055,24,11.6227,0,0,194090363452
38.2791,26.1239,8.35411,69,72,67,1627,2800,0.476055,24,11.6227,0,0,194116488415
37.7254,26.5074,8.35411,69,72,67,1627,2800,0.476055,24,11.6227,0,0,194142995894
41.6514,24.0088,8.35411,69,72,67,1627,2800,0.476055,24,11.6227,0,0,194167005790
35.5106,28.1606,8.35411,69,72,67,1627,2800,0.476055,24,11.6227,0,0,194195167061
41.1499,24.3014,8.35411,69,72,67,1627,2800,0.476055,24,11.6227,0,0,194219466641
36.9131,27.0906,8.35411,69,72,67,1627,2800,0.476055,24,11.6227,0,0,194246559057
43.0876,23.2085,8.35411,69,72,67,1627,2800,0.476055,24,11.6227,0,0,194269766739
36.2758,27.5666,8.35411,69,72,67,1627,2800,0.476055,24,11.6227,0,0,194297333916
39.2473,25.4794,8.35411,69,72,67,1627,2800,0.476055,24,11.6227,0,0,194322812667
39.1547,25.5397,8.35411,69,72,67,1627,2800,0.476055,24,11.6227,0,0,194348354315
40.044,24.9725,8.35411,69,72,67,1627,2800,0.476055,24,11.6227,0,0,194373325103
32.5864,30.6876,8.35411,69,72,67,1627,2800,0.476055,24,11.6227,0,0,194404013644
41.9777,23.8221,8.35411,69,72,67,1627,2800,0.476055,24,11.6227,0,0,194427838743
41.985,23.818,5.27607,70,75,67,1510,2800,0.476055,20,11.626,0,0,194451653373
37.6306,26.5742,5.27607,70,75,67,1510,2800,0.476055,20,11.626,0,0,194478229852
41.7377,23.9592,5.27607,70,75,67,1510,2800,0.476055,20,11.626,0,0,194502189213
31.1734,32.0786,5.27607,70,75,67,1510,2800,0.476055,20,11.626,0,0,194534267229
42.1465,23.7268,5.27607,70,75,67,1510,2800,0.476055,20,11.626,0,0,194557993914
38.7786,25.7874,5.27607,70,75,67,1510,2800,0.476055,20,11.626,0,0,194583781324
37.1554,26.914,5.27607,70,75,67,1510,2800,0.476055,20,11.626,0,0,194610697079
41.1581,24.2966,5.27607,70,75,67,1510,2800,0.476055,20,11.626,0,0,194634993272
42.1221,23.7405,5.27607,70,75,67,1510,2800,0.476055,20,11.626,0,0,194658732651
39.9871,25.008,5.27607,70,75,67,1510,2800,0.476055,20,11.626,0,0,194683741089
35.3428,28.2943,5.27607,70,75,67,1510,2800,0.476055,20,11.626,0,0,194712037544
43.933,22.7619,5.27607,70,75,67,1510,2800,0.476055,20,11.626,0,0,194734800822
38.8337,25.7509,5.27607,70,75,67,1510,2800,0.476055,20,11.626,0,0,194760549088
39.6137,25.2438,5.27607,70,75,67,1510,2800,0.476055,20,11.626,0,0,194785793018
34.6376,28.8703,5.27607,70,75,67,1510,2800,0.476055,20,11.626,0,0,194814666004
42.5741,23.4885,5.27607,70,75,67,1510,2800,0.476055,20,11.626,0,0,194838153871
37.9823,26.3281,5.27607,70,75,67,1510,2800,0.476055,20,11.626,0,0,194864480602
40.4636,24.7136,5.27607,70,75,67,1510,2800,0.476055,20,11.626,0,0,194889194618
38.786,25.7825,5.27607,70,75,67,1510,2800,0.476055,20,11.626,0,0,194914979403
37.8771,26.4012,5.27607,70,75,67,1510,2800,0.476055,20,11.626,0,0,194941380924
36.5187,27.3833,5.54187,69,66,66,1553,2800,0.476055,26,11.6246,0,0,194968764867
35.7546,27.9685,5.54187,69,66,66,1553,2800,0.476055,26,11.6246,0,0,194996733467
39.3435,25.4171,5.54187,69,66,66,1553,2800,0.476055,26,11.6246,0,0,195022151294
34.1436,29.288,5.54187,69,66,66,1553,2800,0.476055,26,11.6246,0,0,195051438256
44.1549,22.6476,5.54187,69,66,66,1553,2800,0.476055,26,11.6246,0,0,195074085035
38.931,25.6865,5.54187,69,66,66,1553,2800,0.476055,26,11.6246,0,0,195099772097
36.2746,27.5675,5.54187,69,66,66,1553,2800,0.476055,26,11.6246,0,0,195127339214
36.3328,27.5233,5.54187,69,66,66,1553,2800,0.476055,26,11.6246,0,0,195154864422
39.2455,25.4807,5.54187,69,66,66,1553,2800,0.476055,26,11.6246,0,0,195180343413
42.0712,23.7692,5.54187,69,66,66,1553,2800,0.476055,26,11.6246,0,0,195204114531
36.8042,27.1708,5.54187,69,66,66,1553,2800,0.476055,26,11.6246,0,0,195231284022
40.046,24.9713,5.54187,69,66,66,1553,2800,0.476055,26,11.6246,0,0,195256255311
38.0735,26.265,5.54187,69,66,66,1553,2800,0.476055,26,11.6246,0,0,195282520998
40.3179,24.8029,5.54187,69,66,66,1553,2800,0.476055,26,11.6246,0,0,195307324051
39.38,25.3936,5.54187,69,66,66,1553,2800,0.476055,26,11.6246,0,0,195332717411
39.063,25.5997,5.54187,69,66,66,1553,2800,0.476055,26,11.6246,0,0,195358317720
37.2227,26.8653,5.54187,69,66,66,1553,2800,0.476055,26,11.6246,0,0,195385185105
38.5134,25.965,5.54187,69,66,66,1553,2800,0.476055,26,11.6246,0,0,195411148043
41.6378,24.0167,5.54187,69,66,66,1553,2800,0.476055,26,11.6246,0,0,195435166044
35.8381,27.9033,5.54187,69,66,66,1553,2800,0.476055,26,11.6246,0,0,195463078098
37.0462,26.9933,6.09756,69,69,66,1628,2800,0.476055,19,11.6253,0,0,195490064205
38.6034,25.9045,6.09756,69,69,66,1628,2800,0.476055,19,11.6253,0,0,195515968734
42.0143,23.8014,6.09756,69,69,66,1628,2800,0.476055,19,11.6253,0,0,195539768436
39.0104,25.6342,6.09756,69,69,66,1628,2800,0.476055,19,11.6253,0,0,195565403380
36.6058,27.3181,6.09756,69,69,66,1628,2800,0.476055,19,11.6253,0,0,195592723043
38.3851,26.0518,6.09756,69,69,66,1628,2800,0.476055,19,11.6253,0,0,195618775870
39.1414,25.5484,6.09756,69,69,66,1628,2800,0.476055,19,11.6253,0,0,195644323870
43.2632,23.1144,6.09756,69,69,66,1628,2800,0.476055,19,11.6253,0,0,195667436624
39.02,25.6279,6.09756,69,69,66,1628,2800,0.476055,19,11.6253,0,0,195693064584
37.4959,26.6696,6.09756,69,69,66,1628,2800,0.476055,19,11.6253,0,0,195719735440
40.4642,24.7132,6.09756,69,69,66,1628,2800,0.476055,19,11.6253,0,0,195744448355
40.849,24.4804,6.09756,69,69,66,1628,2800,0.476055,19,11.6253,0,0,195768930246
37.3054,26.8058,6.09756,69,69,66,1628,2800,0.476055,19,11.6253,0,0,195795736566
36.9611,27.0555,6.09756,69,69,66,1628,2800,0.476055,19,11.6253,0,0,195822792665
36.3313,27.5244,6.09756,69,69,66,1628,2800,0.476055,19,11.6253,0,0,195850316991
36.7125,27.2387,6.09756,69,69,66,1628,2800,0.476055,19,11.6253,0,0,195877556203
38.2877,26.1181,6.09756,69,69,66,1628,2800,0.476055,19,11.6253,0,0,195903674974
37.4944,26.6706,6.09756,69,69,66,1628,2800,0.476055,19,11.6253,0,0,195930343937
37.1955,26.8849,6.09756,69,69,66,1628,2800,0.476055,19,11.6253,0,0,195957228614
36.9227,27.0836,6.09756,69,69,66,1628,2800,0.476055,19,11.6253,0,0,195984320750
37.7812,26.4682,6.94275,69,66,70,2430,2800,0.476055,24,11.6345,0,0,196010781823
39.5405,25.2905,6.94275,69,66,70,2430,2800,0.476055,24,11.6345,0,0,196036073582
37.2951,26.8132,6.94275,69,66,70,2430,2800,0.476055,24,11.6345,0,0,196062886024
37.626,26.5774,6.94275,69,66,70,2430,2800,0.476055,24,11.6345,0,0,196089462844
37.1578,26.9123,6.94275,69,66,70,2430,2800,0.476055,24,11.6345,0,0,196116375704
36.7718,27.1947,6.94275,69,66,70,2430,2800,0.476055,24,11.6345,0,0,196143571855
38.5543,25.9375,6.94275,69,66,70,2430,2800,0.476055,24,11.6345,0,0,196169509817
36.5903,27.3297,6.94275,69,66,70,2430,2800,0.476055,24,11.6345,0,0,196196839138
37.069,26.9767,6.94275,69,66,70,2430,2800,0.476055,24,11.6345,0,0,196223815827
36.8473,27.139,6.94275,69,66,70,2430,2800,0.476055,24,11.6345,0,0,196250955202
36.9265,27.0808,6.94275,69,66,70,2430,2800,0.476055,24,11.6345,0,0,196278035326
38.9373,25.6823,6.94275,69,66,70,2430,2800,0.476055,24,11.6345,0,0,196303717979
35.3867,28.2592,6.94275,69,66,70,2430,2800,0.476055,24,11.6345,0,0,196331979398
37.2725,26.8294,6.94275,69,66,70,2430,2800,0.476055,24,11.6345,0,0,196358809643
36.0843,27.7129,6.94275,69,66,70,2430,2800,0.476055,24,11.6345,0,0,196386521932
38.2131,26.169,6.94275,69,66,70,2430,2800,0.476055,24,11.6345,0,0,196412692179
37.8549,26.4167,6.94275,69,66,70,2430,2800,0.476055,24,11.6345,0,0,196439106845
35.4714,28.1917,6.94275,69,66,70,2430,2800,0.476055,24,11.6345,0,0,196467300557
34.7699,28.7605,6.94275,69,66,70,2430,2800,0.476055,24,11.6345,0,0,196496064979
36.1874,27.6339,4.83271,70,76,74,2563,2800,0.476055,31,11.6335,0,0,196523694603
35.6785,28.0281,4.83271,70,76,74,2563,2800,0.476055,31,11.6335,0,0,196551723095
37.5081,26.6609,4.83271,70,76,74,2563,2800,0.476055,31,11.6335,0,0,196578383141
37.1614,26.9096,4.83271,70,76,74,2563,2800,0.476055,31,11.6335,0,0,196605293757
35.8146,27.9215,4.83271,70,76,74,2563,2800,0.476055,31,11.6335,0,0,196633216210
36.9257,27.0814,4.83271,70,76,74,2563,2800,0.476055,31,11.6335,0,0,196660295853
35.6939,28.016,4.83271,70,76,74,2563,2800,0.476055,31,11.6335,0,0,196688314567
35.3815,28.2634,4.83271,70,76,74,2563,2800,0.476055,31,11.6335,0,0,196716577869
35.8566,27.8888,4.83271,70,76,74,2563,2800,0.476055,31,11.6335,0,0,196744466820
41.9531,23.8361,4.83271,70,76,74,2563,2800,0.476055,31,11.6335,0,0,196768301978
45.388,22.0323,4.83271,70,76,74,2563,2800,0.476055,31,11.6335,0,0,196790336119
38.1031,26.2446,4.83271,70,76,74,2563,2800,0.476055,31,11.6335,0,0,196816580806
42.5093,23.5243,4.83271,70,76,74,2563,2800,0.476055,31,11.6335,0,0,196840105322
35.9997,27.778,4.83271,70,76,74,2563,2800,0.476055,31,11.6335,0,0,196867881931
42.1043,23.7505,4.83271,70,76,74,2563,2800,0.476055,31,11.6335,0,0,196891634605
38.3098,26.103,4.83271,70,76,74,2563,2800,0.476055,31,11.6335,0,0,196917738217
36.8626,27.1278,4.83271,70,76,74,2563,2800,0.476055,31,11.6335,0,0,196944866381
38.3183,26.0972,4.83271,70,76,74,2563,2800,0.476055,31,11.6335,0,0,196970963782
35.2729,28.3504,4.83271,70,76,74,2563,2800,0.476055,31,11.6335,0,0,196999318866
36.8634,27.1272,4.91803,73,67,74,2581,2800,0.476055,29,11.6244,0,0,197026441830
33.3556,29.9799,4.91803,73,67,74,2581,2800,0.476055,29,11.6244,0,0,197056420079
36.3142,27.5375,4.91803,73,67,74,2581,2800,0.476055,29,11.6244,0,0,197083958001
36.7941,27.1782,4.91803,73,67,74,2581,2800,0.476055,29,11.6244,0,0,197111137110
38.197,26.1801,4.91803,73,67,74,2581,2800,0.476055,29,11.6244,0,0,197137318819
36.0669,27.7263,4.91803,73,67,74,2581,2800,0.476055,29,11.6244,0,0,197165043792
37.4488,26.7031,4.91803,73,67,74,2581,2800,0.476055,29,11.6244,0,0,197191747630
36.4004,27.4723,4.91803,73,67,74,2581,2800,0.476055,29,11.6244,0,0,197219221462
31.9737,31.2758,4.91803,73,67,74,2581,2800,0.476055,29,11.6244,0,0,197250497614
38.5847,25.917,4.91803,73,67,74,2581,2800,0.476055,29,11.6244,0,0,197276414968
39.4903,25.3227,4.91803,73,67,74,2581,2800,0.476055,29,11.6244,0,0,197301737315
38.4162,26.0307,4.91803,73,67,74,2581,2800,0.476055,29,11.6244,0,0,197327769613
40.2622,24.8372,4.91803,73,67,74,2581,2800,0.476055,29,11.6244,0,0,197352606671
39.6479,25.222,4.91803,73,67,74,2581,2800,0.476055,29,11.6244,0,0,197377829080
40.4644,24.7131,4.91803,73,67,74,2581,2800,0.476055,29,11.6244,0,0,197402541795
39.4583,25.3432,4.91803,73,67,74,2581,2800,0.476055,29,11.6244,0,0,197427885943
37.7179,26.5126,4.91803,73,67,74,2581,2800,0.476055,29,11.6244,0,0,197454398802
38.9236,25.6913,4.91803,73,67,74,2581,2800,0.476055,29,11.6244,0,0,197480091204
39.2273,25.4924,4.91803,73,67,74,2581,2800,0.476055,29,11.6244,0,0,197505588509
40.0918,24.9428,6.75,74,67,70,2465,2800,0.476055,48,11.6261,0,0,197530526816
37.454,26.6994,6.75,74,67,70,2465,2800,0.476055,48,11.6261,0,0,197557226767
40.4568,24.7177,6.75,74,67,70,2465,2800,0.476055,48,11.6261,0,0,197581945001
38.643,25.8779,6.75,74,67,70,2465,2800,0.476055,48,11.6261,0,0,197607823091
38.108,26.2412,6.75,74,67,70,2465,2800,0.476055,48,11.6261,0,0,197634063650
40.7337,24.5497,6.75,74,67,70,2465,2800,0.476055,48,11.6261,0,0,197658614841
38.6235,25.891,6.75,74,67,70,2465,2800,0.476055,48,11.6261,0,0,197684504642
40.6814,24.5813,6.75,74,67,70,2465,2800,0.476055,48,11.6261,0,0,197709086431
39.2613,25.4704,6.75,74,67,70,2465,2800,0.476055,48,11.6261,0,0,197734557607
38.4301,26.0213,6.75,74,67,70,2465,2800,0.476055,48,11.6261,0,0,197760579717
37.5508,26.6306,6.75,74,67,70,2465,2800,0.476055,48,11.6261,0,0,197787211630
37.909,26.3789,6.75,74,67,70,2465,2800,0.476055,48,11.6261,0,0,197813590328
41.5324,24.0776,6.75,74,67,70,2465,2800,0.476055,48,11.6261,0,0,197837667490
37.9189,26.3721,6.75,74,67,70,2465,2800,0.476055,48,11.6261,0,0,197864042221
38.4661,25.9969,6.75,74,67,70,2465,2800,0.476055,48,11.6261,0,0,197890038773
39.1652,25.5329,6.75,74,67,70,2465,2800,0.476055,48,11.6261,0,0,197915571394
41.0603,24.3544,6.75,74,67,70,2465,2800,0.476055,48,11.6261,0,0,197939926117
39.1976,25.5118,6.75,74,67,70,2465,2800,0.476055,48,11.6261,0,0,197965436918
36.2157,27.6123,6.75,74,67,70,2465,2800,0.476055,48,11.6261,0,0,197993050792
39.4269,25.3634,6.75,74,67,70,2465,2800,0.476055,48,11.6261,0,0,198018415719
35.215,28.397,7.53086,73,68,67,1858,2800,0.476055,31,11.623,0,0,198046812332
38.2568,26.1391,7.53086,73,68,67,1858,2800,0.476055,31,11.623,0,0,198072949227
39.0849,25.5853,7.53086,73,68,67,1858,2800,0.476055,31,11.623,0,0,198098537262
37.1862,26.8917,7.53086,73,68,67,1858,2800,0.476055,31,11.623,0,0,198125429113
38.3167,26.0983,7.53086,73,68,67,1858,2800,0.476055,31,11.623,0,0,198151525902
39.7163,25.1786,7.53086,73,68,67,1858,2800,0.476055,31,11.623,0,0,198176705241
37.9001,26.3852,7.53086,73,68,67,1858,2800,0.476055,31,11.623,0,0,198203091063
36.5924,27.328,7.53086,73,68,67,1858,2800,0.476055,31,11.623,0,0,198230419222
37.3258,26.7911,7.53086,73,68,67,1858,2800,0.476055,31,11.623,0,0,198257211455
38.2076,26.1728,7.53086,73,68,67,1858,2800,0.476055,31,11.623,0,0,198283383857
38.4991,25.9747,7.53086,73,68,67,1858,2800,0.476055,31,11.623,0,0,198309360080
33.5204,29.8325,7.53086,73,68,67,1858,2800,0.476055,31,11.623,0,0,198339192986
37.8304,26.4338,7.53086,73,68,67,1858,2800,0.476055,31,11.623,0,0,198365625295
39.1364,25.5517,7.53086,73,68,67,1858,2800,0.476055,31,11.623,0,0,198391176471
40.5902,24.6365,7.53086,73,68,67,1858,2800,0.476055,31,11.623,0,0,198415814475
41.5558,24.064,7.53086,73,68,67,1858,2800,0.476055,31,11.623,0,0,198439878583
40.1967,24.8777,7.53086,73,68,67,1858,2800,0.476055,31,11.623,0,0,198464756877
40.7475,24.5414,7.53086,73,68,67,1858,2800,0.476055,31,11.623,0,0,198489299042
36.683,27.2606,7.53086,73,68,67,1858,2800,0.476055,31,11.623,0,0,198516560285
42.9282,23.2947,7.53086,73,68,67,1858,2800,0.476055,31,11.623,0,0,198539861702
37.3191,26.7959,7.1256,71,77,67,1777,2800,0.476055,16,11.6223,0,0,198566650920
39.3052,25.442,7.1256,71,77,67,1777,2800,0.476055,16,11.6223,0,0,198592094194
37.9323,26.3628,7.1256,71,77,67,1777,2800,0.476055,16,11.6223,0,0,198618457494
39.9244,25.0473,7.1256,71,77,67,1777,2800,0.476055,16,11.6223,0,0,198643505897
37.982,26.3282,7.1256,71,77,67,1777,2800,0.476055,16,11.6223,0,0,198669834482
38.6133,25.8978,7.1256,71,77,67,1777,2800,0.476055,16,11.6223,0,0,198695732028
38.5983,25.9079,7.1256,71,77,67,1777,2800,0.476055,16,11.6223,0,0,198721640845
39.4073,25.376,7.1256,71,77,67,1777,2800,0.476055,16,11.6223,0,0,198747016332
38.1863,26.1874,7.1256,71,77,67,1777,2800,0.476055,16,11.6223,0,0,198773203921
39.6804,25.2013,7.1256,71,77,67,1777,2800,0.476055,16,11.6223,0,0,198798406775
38.695,25.8431,7.1256,71,77,67,1777,2800,0.476055,16,11.6223,0,0,198824249878
38.861,25.7327,7.1256,71,77,67,1777,2800,0.476055,16,11.6223,0,0,198849982154
39.4942,25.3202,7.1256,71,77,67,1777,2800,0.476055,16,11.6223,0,0,198875302708
39.4732,25.3337,7.1256,71,77,67,1777,2800,0.476055,16,11.6223,0,0,198900637840
32.8889,30.4054,7.1256,71,77,67,1777,2800,0.476055,16,11.6223,0,0,198931040975
41.6676,23.9995,7.1256,71,77,67,1777,2800,0.476055,16,11.6223,0,0,198955041674
40.6709,24.5876,7.1256,71,77,67,1777,2800,0.476055,16,11.6223,0,0,198979629654
41.0663,24.3508,7.1256,71,77,67,1777,2800,0.476055,16,11.6223,0,0,199003980790
37.3813,26.7514,7.1256,71,77,67,1777,2800,0.476055,16,11.6223,0,0,199030733359
35.8043,27.9296,7.1256,71,77,67,1777,2800,0.476055,16,11.6223,0,0,199058667675
40.7397,24.5461,6.40871,70,68,66,1532,2800,0.476055,20,11.619,0,0,199083210239
40.0199,24.9876,6.40871,70,68,66,1532,2800,0.476055,20,11.619,0,0,199108198891
38.9916,25.6465,6.40871,70,68,66,1532,2800,0.476055,20,11.619,0,0,199133845446
39.4321,25.3601,6.40871,70,68,66,1532,2800,0.476055,20,11.619,0,0,199159205274
39.8483,25.0952,6.40871,70,68,66,1532,2800,0.476055,20,11.619,0,0,199184299994
36.7018,27.2466,6.40871,70,68,66,1532,2800,0.476055,20,11.619,0,0,199211547902
40.6697,24.5883,6.40871,70,68,66,1532,2800,0.476055,20,11.619,0,0,199236135071
31.3834,31.864,6.40871,70,68,66,1532,2800,0.476055,20,11.619,0,0,199267998405
36.7298,27.2258,6.40871,70,68,66,1532,2800,0.476055,20,11.619,0,0,199295226356
39.6357,25.2298,6.40871,70,68,66,1532,2800,0.476055,20,11.619,0,0,199320454686
39.753,25.1553,6.40871,70,68,66,1532,2800,0.476055,20,11.619,0,0,199345612916
41.5988,24.0392,6.40871,70,68,66,1532,2800,0.476055,20,11.619,0,0,199369651416
41.3091,24.2077,6.40871,70,68,66,1532,2800,0.476055,20,11.619,0,0,199393857449
38.7712,25.7923,6.40871,70,68,66,1532,2800,0.476055,20,11.619,0,0,199419652163
38.1426,26.2174,6.40871,70,68,66,1532,2800,0.476055,20,11.619,0,0,199445870149
39.8755,25.0781,6.40871,70,68,66,1532,2800,0.476055,20,11.619,0,0,199470947778
35.1169,28.4763,6.40871,70,68,66,1532,2800,0.476055,20,11.619,0,0,199499426494
39.6818,25.2004,6.40871,70,68,66,1532,2800,0.476055,20,11.619,0,0,199524627283
36.9264,27.0809,6.40871,70,68,66,1532,2800,0.476055,20,11.619,0,0,199551709331
38.3278,26.0907,6.40871,70,68,66,1532,2800,0.476055,20,11.619,0,0,199577803305
41.6317,24.0202,8.15085,70,73,65,1533,2800,0.476055,17,11.6183,0,0,199601819683
32.1129,31.1401,8.15085,70,73,65,1533,2800,0.476055,17,11.6183,0,0,199632959961
34.2931,29.1603,8.15085,70,73,65,1533,2800,0.476055,17,11.6183,0,0,199662117821
36.6454,27.2885,8.15085,70,73,65,1533,2800,0.476055,17,11.6183,0,0,199689407758
39.4527,25.3468,8.15085,70,73,65,1533,2800,0.476055,17,11.6183,0,0,199714754701
42.4843,23.5381,8.15085,70,73,65,1533,2800,0.476055,17,11.6183,0,0,199738294676
39.2035,25.5079,8.15085,70,73,65,1533,2800,0.476055,17,11.6183,0,0,199763802471
40.0719,24.9551,8.15085,70,73,65,1533,2800,0.476055,17,11.6183,0,0,199788758151
39.6054,25.2491,8.15085,70,73,65,1533,2800,0.476055,17,11.6183,0,0,199814008082
40.2604,24.8383,8.15085,70,73,65,1533,2800,0.476055,17,11.6183,0,0,199838846472
38.4689,25.995,8.15085,70,73,65,1533,2800,0.476055,17,11.6183,0,0,199864841641
39.1371,25.5512,8.15085,70,73,65,1533,2800,0.476055,17,11.6183,0,0,199890393018
35.4301,28.2246,8.15085,70,73,65,1533,2800,0.476055,17,11.6183,0,0,199918615995
38.8316,25.7522,8.15085,70,73,65,1533,2800,0.476055,17,11.6183,0,0,199944369961
40.5162,24.6815,8.15085,70,73,65,1533,2800,0.476055,17,11.6183,0,0,199969051377
38.3494,26.0761,8.15085,70,73,65,1533,2800,0.476055,17,11.6183,0,0,199995128559
39.1042,25.5727,8.15085,70,73,65,1533,2800,0.476055,17,11.6183,0,0,200020702428
38.2218,26.1631,8.15085,70,73,65,1533,2800,0.476055,17,11.6183,0,0,200046865693
41.1559,24.2979,8.15085,70,73,65,1533,2800,0.476055,17,11.6183,0,0,200071165282
38.8711,25.7261,8.15085,70,73,65,1533,2800,0.476055,17,11.6183,0,0,200096894392
35.9511,27.8156,7.68293,69,66,67,1709,2800,0.476055,21,11.6197,0,0,200124705396
36.1475,27.6644,7.68293,69,66,67,1709,2800,0.476055,21,11.6197,0,0,200152371168
43.35,23.068,7.68293,69,66,67,1709,2800,0.476055,21,11.6197,0,0,200175439248
37.2993,26.8102,7.68293,69,66,67,1709,2800,0.476055,21,11.6197,0,0,200202250407
36.7775,27.1905,7.68293,69,66,67,1709,2800,0.476055,21,11.6197,0,0,200229439525
37.4326,26.7147,7.68293,69,66,67,1709,2800,0.476055,21,11.6197,0,0,200256158562
39.336,25.422,7.68293,69,66,67,1709,2800,0.476055,21,11.6197,0,0,200281579103
36.9358,27.074,7.68293,69,66,67,1709,2800,0.476055,21,11.6197,0,0,200308653225
36.3406,27.5175,7.68293,69,66,67,1709,2800,0.476055,21,11.6197,0,0,200336172312
36.3764,27.4903,7.68293,69,66,67,1709,2800,0.476055,21,11.6197,0,0,200363663246
39.9445,25.0348,7.68293,69,66,67,1709,2800,0.476055,21,11.6197,0,0,200388697503
36.5863,27.3327,7.68293,69,66,67,1709,2800,0.476055,21,11.6197,0,0,200416028487
31.892,31.3558,7.68293,69,66,67,1709,2800,0.476055,21,11.6197,0,0,200447387505
42.5509,23.5013,7.68293,69,66,67,1709,2800,0.476055,21,11.6197,0,0,200470887605
37.8061,26.4507,7.68293,69,66,67,1709,2800,0.476055,21,11.6197,0,0,200497338469
36.5086,27.3908,7.68293,69,66,67,1709,2800,0.476055,21,11.6197,0,0,200524729846
38.0969,26.2488,7.68293,69,66,67,1709,2800,0.476055,21,11.6197,0,0,200550981015
42.5612,23.4956,7.68293,69,66,67,1709,2800,0.476055,21,11.6197,0,0,200574476797
38.9763,25.6566,7.68293,69,66,67,1709,2800,0.476055,21,11.6197,0,0,200600139843
39.3859,25.3898,9.22882,70,75,69,2310,2800,0.481445,30,11.6184,0,0,200625522694
38.1862,26.1874,9.22882,70,75,69,2310,2800,0.481445,30,11.6184,0,0,200651710334
35.1019,28.4885,9.22882,70,75,69,2310,2800,0.481445,30,11.6184,0,0,200680198919
42.9225,23.2978,9.22882,70,75,69,2310,2800,0.481445,30,11.6184,0,0,200703497531
38.0968,26.2489,9.22882,70,75,69,2310,2800,0.481445,30,11.6184,0,0,200729747718
38.5822,25.9187,9.22882,70,75,69,2310,2800,0.481445,30,11.6184,0,0,200755665953
39.9875,25.0078,9.22882,70,75,69,2310,2800,0.481445,30,11.6184,0,0,200780675163
41.8545,23.8923,9.22882,70,75,69,2310,2800,0.481445,30,11.6184,0,0,200804567629
37.3925,26.7433,9.22882,70,75,69,2310,2800,0.481445,30,11.6184,0,0,200831311271
38.0235,26.2995,9.22882,70,75,69,2310,2800,0.481445,30,11.6184,0,0,200857610240
37.7117,26.517,9.22882,70,75,69,2310,2800,0.481445,30,11.6184,0,0,200884128170
40.5386,24.6679,9.22882,70,75,69,2310,2800,0.481445,30,11.6184,0,0,200908796560
37.9934,26.3203,9.22882,70,75,69,2310,2800,0.481445,30,11.6184,0,0,200935116829
40.5419,24.6658,9.22882,70,75,69,2310,2800,0.481445,30,11.6184,0,0,200959783657
39.0128,25.6326,9.22882,70,75,69,2310,2800,0.481445,30,11.6184,0,0,200985416537
37.4802,26.6808,9.22882,70,75,69,2310,2800,0.481445,30,11.6184,0,0,201012097201
38.735,25.8165,9.22882,70,75,69,2310,2800,0.481445,30,11.6184,0,0,201037913635
38.9448,25.6774,9.22882,70,75,69,2310,2800,0.481445,30,11.6184,0,0,201063592351
38.7111,25.8324,9.22882,70,75,69,2310,2800,0.481445,30,11.6184,0,0,201089424734
36.4644,27.424,9.22882,70,75,69,2310,2800,0.481445,30,11.6184,0,0,201116855626
29.4181,33.9926,8.85609,70,69,71,2544,2800,0.481445,34,11.6196,0,0,201150841600
42.5828,23.4836,8.85609,70,69,71,2544,2800,0.481445,34,11.6196,0,0,201174325870
38.8222,25.7585,8.85609,70,69,71,2544,2800,0.481445,34,11.6196,0,0,201200084927
35.1862,28.4202,8.85609,70,69,71,2544,2800,0.481445,34,11.6196,0,0,201228505784
42.7516,23.391,8.85609,70,69,71,2544,2800,0.481445,34,11.6196,0,0,201251896289
40.1665,24.8964,8.85609,70,69,71,2544,2800,0.481445,34,11.6196,0,0,201276793299
40.3098,24.8079,8.85609,70,69,71,2544,2800,0.481445,34,11.6196,0,0,201301602213
38.3939,26.0458,8.85609,70,69,71,2544,2800,0.481445,34,11.6196,0,0,201327648498
39.8983,25.0637,8.85609,70,69,71,2544,2800,0.481445,34,11.6196,0,0,201352712100
35.5103,28.1608,8.85609,70,69,71,2544,2800,0.481445,34,11.6196,0,0,201380874022
42.3036,23.6387,8.85609,70,69,71,2544,2800,0.481445,34,11.6196,0,0,201404512832
37.5552,26.6275,8.85609,70,69,71,2544,2800,0.481445,34,11.6196,0,0,201431141349
37.3794,26.7527,8.85609,70,69,71,2544,2800,0.481445,34,11.6196,0,0,201457892977
37.846,26.4229,8.85609,70,69,71,2544,2800,0.481445,34,11.6196,0,0,201484317781
40.2792,24.8267,8.85609,70,69,71,2544,2800,0.481445,34,11.6196,0,0,201509141964
36.8292,27.1524,8.85609,70,69,71,2544,2800,0.481445,34,11.6196,0,0,201536296407
37.2083,26.8757,8.85609,70,69,71,2544,2800,0.481445,34,11.6196,0,0,201563171927
40.5418,24.6659,8.85609,70,69,71,2544,2800,0.481445,34,11.6196,0,0,201587839096
35.6129,28.0797,8.85609,70,69,71,2544,2800,0.481445,34,11.6196,0,0,201615917882
43.3248,23.0815,8.85609,70,69,71,2544,2800,0.481445,34,11.6196,0,0,201639007092
35.5729,28.1112,9.0799,71,72,69,2497,2800,0.481445,32,11.6193,0,0,201667111607
36.23,27.6015,9.0799,71,72,69,2497,2800,0.481445,32,11.6193,0,0,201694714250
35.1038,28.487,9.0799,71,72,69,2497,2800,0.481445,32,11.6193,0,0,201723200641
41.4183,24.1439,9.0799,71,72,69,2497,2800,0.481445,32,11.6193,0,0,201747344338
41.4209,24.1424,9.0799,71,72,69,2497,2800,0.481445,32,11.6193,0,0,201771487363
38.4253,26.0245,9.0799,71,72,69,2497,2800,0.481445,32,11.6193,0,0,201797512228
38.4824,25.9859,9.0799,71,72,69,2497,2800,0.481445,32,11.6193,0,0,201823499512
38.533,25.9518,9.0799,71,72,69,2497,2800,0.481445,32,11.6193,0,0,201849451200
40.6506,24.5999,9.0799,71,72,69,2497,2800,0.481445,32,11.6193,0,0,201874050762
40.2265,24.8592,9.0799,71,72,69,2497,2800,0.481445,32,11.6193,0,0,201898910341
38.1937,26.1823,9.0799,71,72,69,2497,2800,0.481445,32,11.6193,0,0,201925093192
36.9852,27.0378,9.0799,71,72,69,2497,2800,0.481445,32,11.6193,0,0,201952131437
35.8568,27.8887,9.0799,71,72,69,2497,2800,0.481445,32,11.6193,0,0,201980021420
36.3212,27.5321,9.0799,71,72,69,2497,2800,0.481445,32,11.6193,0,0,202007553421
41.9926,23.8137,9.0799,71,72,69,2497,2800,0.481445,32,11.6193,0,0,202031367740
39.1318,25.5547,9.0799,71,72,69,2497,2800,0.481445,32,11.6193,0,0,202056921150
38.87,25.7268,9.0799,71,72,69,2497,2800,0.481445,32,11.6193,0,0,202082649559
41.3794,24.1666,9.0799,71,72,69,2497,2800,0.481445,32,11.6193,0,0,202106816389
37.3588,26.7674,9.0799,71,72,69,2497,2800,0.481445,32,11.6193,0,0,202133584488
39.4113,25.3734,9.0799,71,72,69,2497,2800,0.481445,32,11.6193,0,0,202158962770
37.464,26.6923,6.46341,71,74,69,2470,2800,0.481445,35,11.6176,0,0,202185651089
36.3624,27.5009,6.46341,71,74,69,2470,2800,0.481445,35,11.6176,0,0,202213152142
42.928,23.2948,6.46341,71,74,69,2470,2800,0.481445,35,11.6176,0,0,202236447708
41.3573,24.1796,6.46341,71,74,69,2470,2800,0.481445,35,11.6176,0,0,202260626351
37.6576,26.5551,6.46341,71,74,69,2470,2800,0.481445,35,11.6176,0,0,202287182612
37.6189,26.5824,6.46341,71,74,69,2470,2800,0.481445,35,11.6176,0,0,202313765634
42.3617,23.6062,6.46341,71,74,69,2470,2800,0.481445,35,11.6176,0,0,202337372203
37.9205,26.371,6.46341,71,74,69,2470,2800,0.481445,35,11.6176,0,0,202363744399
37.6718,26.545,6.46341,71,74,69,2470,2800,0.481445,35,11.6176,0,0,202390289149
38.9527,25.6722,6.46341,71,74,69,2470,2800,0.481445,35,11.6176,0,0,202415962414
40.1076,24.9329,6.46341,71,74,69,2470,2800,0.481445,35,11.6176,0,0,202440894139
37.9929,26.3207,6.46341,71,74,69,2470,2800,0.481445,35,11.6176,0,0,202467214868
38.5719,25.9256,6.46341,71,74,69,2470,2800,0.481445,35,11.6176,0,0,202493141619
37.6227,26.5797,6.46341,71,74,69,2470,2800,0.481445,35,11.6176,0,0,202519722126
37.265,26.8348,6.46341,71,74,69,2470,2800,0.481445,35,11.6176,0,0,202546557731
41.0098,24.3844,6.46341,71,74,69,2470,2800,0.481445,35,11.6176,0,0,202570943301
38.1568,26.2077,6.46341,71,74,69,2470,2800,0.481445,35,11.6176,0,0,202597149136
39.0707,25.5946,6.46341,71,74,69,2470,2800,0.481445,35,11.6176,0,0,202622745406
38.43,26.0213,6.46341,71,74,69,2470,2800,0.481445,35,11.6176,0,0,202648766945
40.1045,24.9348,6.46341,71,74,69,2470,2800,0.481445,35,11.6176,0,0,202673708428
37.1651,26.9069,6.15764,70,75,70,2484,2800,0.481445,27,11.6176,0,0,202700609446
37.0031,27.0248,6.15764,70,75,70,2484,2800,0.481445,27,11.6176,0,0,202727634997
37.6083,26.5899,6.15764,70,75,70,2484,2800,0.481445,27,11.6176,0,0,202754225342
38.5641,25.9308,6.15764,70,75,70,2484,2800,0.481445,27,11.6176,0,0,202780156391
40.9334,24.4299,6.15764,70,75,70,2484,2800,0.481445,27,11.6176,0,0,202804587667
39.2963,25.4477,6.15764,70,75,70,2484,2800,0.481445,27,11.6176,0,0,202830034378
40.7846,24.5191,6.15764,70,75,70,2484,2800,0.481445,27,11.6176,0,0,202854554951
36.8948,27.1041,6.15764,70,75,70,2484,2800,0.481445,27,11.6176,0,0,202881659611
40.7189,24.5586,6.15764,70,75,70,2484,2800,0.481445,27,11.6176,0,0,202906218396
38.6954,25.8429,6.15764,70,75,70,2484,2800,0.481445,27,11.6176,0,0,202932060458
39.4474,25.3502,6.15764,70,75,70,2484,2800,0.481445,27,11.6176,0,0,202957411479
37.6089,26.5894,6.15764,70,75,70,2484,2800,0.481445,27,11.6176,0,0,202984001283
40.9311,24.4313,6.15764,70,75,70,2484,2800,0.481445,27,11.6176,0,0,203008430917
37.2224,26.8656,6.15764,70,75,70,2484,2800,0.481445,27,11.6176,0,0,203035298592
37.0554,26.9866,6.15764,70,75,70,2484,2800,0.481445,27,11.6176,0,0,203062283587
39.5206,25.3033,6.15764,70,75,70,2484,2800,0.481445,27,11.6176,0,0,203087589243
37.5217,26.6513,6.15764,70,75,70,2484,2800,0.481445,27,11.6176,0,0,203114240643
41.5827,24.0485,6.15764,70,75,70,2484,2800,0.481445,27,11.6176,0,0,203138289321
30.9873,32.2713,6.15764,70,75,70,2484,2800,0.481445,27,11.6176,0,0,203170561091
38.9164,25.6961,6.15764,70,75,70,2484,2800,0.481445,27,11.6176,0,0,203196260535
37.8612,26.4122,6.77966,70,69,69,2328,2800,0.481445,42,11.6188,0,0,203222670963
37.7465,26.4925,6.77966,70,69,69,2328,2800,0.481445,42,11.6188,0,0,203249163926
41.9737,23.8245,6.77966,70,69,69,2328,2800,0.481445,42,11.6188,0,0,203272987592
39.208,25.505,6.77966,70,69,69,2328,2800,0.481445,42,11.6188,0,0,203298491721
38.1977,26.1796,6.77966,70,69,69,2328,2800,0.481445,42,11.6188,0,0,203324672908
40.3392,24.7898,6.77966,70,69,69,2328,2800,0.481445,42,11.6188,0,0,203349462406
40.3898,24.7587,6.77966,70,69,69,2328,2800,0.481445,42,11.6188,0,0,203374222630
38.7808,25.7859,6.77966,70,69,69,2328,2800,0.481445,42,11.6188,0,0,203400007494
32.2462,31.0114,6.77966,70,69,69,2328,2800,0.481445,42,11.6188,0,0,203431020363
36.1219,27.684,6.77966,70,69,69,2328,2800,0.481445,42,11.6188,0,0,203458704840
37.6404,26.5672,6.77966,70,69,69,2328,2800,0.481445,42,11.6188,0,0,203485272563
33.5753,29.7838,6.77966,70,69,69,2328,2800,0.481445,42,11.6188,0,0,203515056186
41.8803,23.8776,6.77966,70,69,69,2328,2800,0.481445,42,11.6188,0,0,203538933774
36.6441,27.2895,6.77966,70,69,69,2328,2800,0.481445,42,11.6188,0,0,203566224943
37.49,26.6738,6.77966,70,69,69,2328,2800,0.481445,42,11.6188,0,0,203592898565
37.5554,26.6274,6.77966,70,69,69,2328,2800,0.481445,42,11.6188,0,0,203619527031
42.5726,23.4893,6.77966,70,69,69,2328,2800,0.481445,42,11.6188,0,0,203643016772
35.4478,28.2105,6.77966,70,69,69,2328,2800,0.481445,42,11.6188,0,0,203671226614
38.3774,26.057,6.77966,70,69,69,2328,2800,0.481445,42,11.6188,0,0,203697290943
39.9015,25.0617,9.33165,70,72,68,2226,2800,0.481445,25,11.6332,0,0,203722346259
38.4881,25.982,9.33165,70,72,68,2226,2800,0.481445,25,11.6332,0,0,203748329496
39.1811,25.5225,9.33165,70,72,68,2226,2800,0.481445,25,11.6332,0,0,203773849494
38.8838,25.7176,9.33165,70,72,68,2226,2800,0.481445,25,11.6332,0,0,203799569637
39.4709,25.3351,9.33165,70,72,68,2226,2800,0.481445,25,11.6332,0,0,203824905219
38.4955,25.9771,9.33165,70,72,68,2226,2800,0.481445,25,11.6332,0,0,203850882064
39.5083,25.3112,9.33165,70,72,68,2226,2800,0.481445,25,11.6332,0,0,203876194172
39.0214,25.627,9.33165,70,72,68,2226,2800,0.481445,25,11.6332,0,0,203901822142
37.7038,26.5225,9.33165,70,72,68,2226,2800,0.481445,25,11.6332,0,0,203928343618
37.9551,26.3469,9.33165,70,72,68,2226,2800,0.481445,25,11.6332,0,0,203954690146
39.0674,25.5968,9.33165,70,72,68,2226,2800,0.481445,25,11.6332,0,0,203980286728
39.2768,25.4603,9.33165,70,72,68,2226,2800,0.481445,25,11.6332,0,0,204005748497
38.8526,25.7383,9.33165,70,72,68,2226,2800,0.481445,25,11.6332,0,0,204031488096
39.7003,25.1887,9.33165,70,72,68,2226,2800,0.481445,25,11.6332,0,0,204056677274
39.7033,25.1868,9.33165,70,72,68,2226,2800,0.481445,25,11.6332,0,0,204081864498
37.4436,26.7068,9.33165,70,72,68,2226,2800,0.481445,25,11.6332,0,0,204108571171
36.6113,27.314,9.33165,70,72,68,2226,2800,0.481445,25,11.6332,0,0,204135885113
40.0439,24.9726,9.33165,70,72,68,2226,2800,0.481445,25,11.6332,0,0,204160857644
39.1833,25.5211,9.33165,70,72,68,2226,2800,0.481445,25,11.6332,0,0,204186379255
38.3492,26.0762,9.33165,70,72,68,2226,2800,0.481445,25,11.6332,0,0,204212459604
41.5438,24.071,6.04192,69,71,69,2300,2800,0.481445,34,11.6298,0,0,204236528380
37.4562,26.6978,6.04192,69,71,69,2300,2800,0.481445,34,11.6298,0,0,204263226247
39.014,25.6318,6.04192,69,71,69,2300,2800,0.481445,34,11.6298,0,0,204288858185
37.9515,26.3494,6.04192,69,71,69,2300,2800,0.481445,34,11.6298,0,0,204315208089
41.4244,24.1404,6.04192,69,71,69,2300,2800,0.481445,34,11.6298,0,0,204339349071
37.34,26.781,6.04192,69,71,69,2300,2800,0.481445,34,11.6298,0,0,204366130174
39.3133,25.4367,6.04192,69,71,69,2300,2800,0.481445,34,11.6298,0,0,204391573258
39.8192,25.1135,6.04192,69,71,69,2300,2800,0.481445,34,11.6298,0,0,204416681023
37.6072,26.5906,6.04192,69,71,69,2300,2800,0.481445,34,11.6298,0,0,204443271778
38.3881,26.0497,6.04192,69,71,69,2300,2800,0.481445,34,11.6298,0,0,204469320518
38.2665,26.1325,6.04192,69,71,69,2300,2800,0.481445,34,11.6298,0,0,204495453896
40.2756,24.8289,6.04192,69,71,69,2300,2800,0.481445,34,11.6298,0,0,204520283940
37.8479,26.4215,6.04192,69,71,69,2300,2800,0.481445,34,11.6298,0,0,204546706421
39.5021,25.3151,6.04192,69,71,69,2300,2800,0.481445,34,11.6298,0,0,204572021915
39.8045,25.1228,6.04192,69,71,69,2300,2800,0.481445,34,11.6298,0,0,204597145509
37.8868,26.3944,6.04192,69,71,69,2300,2800,0.481445,34,11.6298,0,0,204623540578
38.4538,26.0053,6.04192,69,71,69,2300,2800,0.481445,34,11.6298,0,0,204649546217
38.9188,25.6945,6.04192,69,71,69,2300,2800,0.481445,34,11.6298,0,0,204675241444
39.5007,25.316,6.04192,69,71,69,2300,2800,0.481445,34,11.6298,0,0,204700556668
37.8327,26.4322,6.04192,69,71,69,2300,2800,0.481445,34,11.6298,0,0,204726996500
39.4874,25.3246,6.15764,69,75,68,2125,2800,0.481445,38,11.6282,0,0,204752314790
37.6346,26.5713,6.15764,69,75,68,2125,2800,0.481445,38,11.6282,0,0,204778887151
43.0452,23.2314,6.15764,69,75,68,2125,2800,0.481445,38,11.6282,0,0,204802117726
36.954,27.0606,6.15764,69,75,68,2125,2800,0.481445,38,11.6282,0,0,204829179135
39.5072,25.3118,6.15764,69,75,68,2125,2800,0.481445,38,11.6282,0,0,204854492635
37.4932,26.6715,6.15764,69,75,68,2125,2800,0.481445,38,11.6282,0,0,204881163732
40.0586,24.9635,6.15764,69,75,68,2125,2800,0.481445,38,11.6282,0,0,204906127336
37.7679,26.4775,6.15764,69,75,68,2125,2800,0.481445,38,11.6282,0,0,204932604680
38.591,25.9128,6.15764,69,75,68,2125,2800,0.481445,38,11.6282,0,0,204958518706
38.4726,25.9925,6.15764,69,75,68,2125,2800,0.481445,38,11.6282,0,0,204984511972
40.2075,24.871,6.15764,69,75,68,2125,2800,0.481445,38,11.6282,0,0,205009382392
40.1078,24.9328,6.15764,69,75,68,2125,2800,0.481445,38,11.6282,0,0,205034316070
35.2471,28.3712,6.15764,69,75,68,2125,2800,0.481445,38,11.6282,0,0,205062687435
39.0319,25.6201,6.15764,69,75,68,2125,2800,0.481445,38,11.6282,0,0,205088308513
35.9038,27.8522,6.15764,69,75,68,2125,2800,0.481445,38,11.6282,0,0,205116160504
45.1782,22.1345,6.15764,69,75,68,2125,2800,0.481445,38,11.6282,0,0,205138296556
30.5883,32.6922,6.15764,69,75,68,2125,2800,0.481445,38,11.6282,0,0,205170987541
31.2587,31.991,6.15764,69,75,68,2125,2800,0.481445,38,11.6282,0,0,205202981510
35.5698,28.1137,6.15764,69,75,68,2125,2800,0.481445,38,11.6282,0,0,205231096895
41.1777,24.285,12.5471,69,71,70,1696,2800,0.481445,19,11.6272,0,0,205255378841
39.5371,25.2927,12.5471,69,71,70,1696,2800,0.481445,19,11.6272,0,0,205280672124
39.8621,25.0865,12.5471,69,71,70,1696,2800,0.481445,19,11.6272,0,0,205305758729
41.3981,24.1557,12.5471,69,71,70,1696,2800,0.481445,19,11.6272,0,0,205329915811
37.2161,26.8701,12.5471,69,71,70,1696,2800,0.481445,19,11.6272,0,0,205356785180
38.8005,25.7729,12.5471,69,71,70,1696,2800,0.481445,19,11.6272,0,0,205382558493
41.3432,24.1878,12.5471,69,71,70,1696,2800,0.481445,19,11.6272,0,0,205406747745
37.1827,26.8942,12.5471,69,71,70,1696,2800,0.481445,19,11.6272,0,0,205433641259
37.1394,26.9256,12.5471,69,71,70,1696,2800,0.481445,19,11.6272,0,0,205460568846
37.5343,26.6423,12.5471,69,71,70,1696,2800,0.481445,19,11.6272,0,0,205487211049
38.2194,26.1647,12.5471,69,71,70,1696,2800,0.481445,19,11.6272,0,0,205513374583
41.3219,24.2002,12.5471,69,71,70,1696,2800,0.481445,19,11.6272,0,0,205537575337
37.4098,26.7309,12.5471,69,71,70,1696,2800,0.481445,19,11.6272,0,0,205564306046
35.4539,28.2057,12.5471,69,71,70,1696,2800,0.481445,19,11.6272,0,0,205592513083
37.9511,26.3497,12.5471,69,71,70,1696,2800,0.481445,19,11.6272,0,0,205618862576
37.4954,26.6699,12.5471,69,71,70,1696,2800,0.481445,19,11.6272,0,0,205645532571
45.5556,21.9512,12.5471,69,71,70,1696,2800,0.481445,19,11.6272,0,0,205667485239
39.3477,25.4145,12.5471,69,71,70,1696,2800,0.481445,19,11.6272,0,0,205692900130
40.8704,24.4676,12.5471,69,71,70,1696,2800,0.481445,19,11.6272,0,0,205717366642
37.7055,26.5213,12.5471,69,71,70,1696,2800,0.481445,19,11.6272,0,0,205743895722
38.7029,25.8379,9.00123,69,70,67,1929,2800,0.481445,31,11.623,0,0,205769726393
39.25,25.4777,9.00123,69,70,67,1929,2800,0.481445,31,11.623,0,0,205795205444
39.753,25.1554,9.00123,69,70,67,1929,2800,0.481445,31,11.623,0,0,205820360988
36.7495,27.2113,9.00123,69,70,67,1929,2800,0.481445,31,11.623,0,0,205847572448
42.6417,23.4512,9.00123,69,70,67,1929,2800,0.481445,31,11.623,0,0,205871025279
37.0083,27.021,9.00123,69,70,67,1929,2800,0.481445,31,11.623,0,0,205898045831
35.9646,27.8051,9.00123,69,70,67,1929,2800,0.481445,31,11.623,0,0,205925851766
37.9163,26.3739,9.00123,69,70,67,1929,2800,0.481445,31,11.623,0,0,205952226557
34.8357,28.7062,9.00123,69,70,67,1929,2800,0.481445,31,11.623,0,0,205980932099
45.345,22.0532,9.00123,69,70,67,1929,2800,0.481445,31,11.623,0,0,206002984724
39.3897,25.3873,9.00123,69,70,67,1929,2800,0.481445,31,11.623,0,0,206028372314
40.2132,24.8674,9.00123,69,70,67,1929,2800,0.481445,31,11.623,0,0,206053240830
37.8564,26.4156,9.00123,69,70,67,1929,2800,0.481445,31,11.623,0,0,206079658071
40.8289,24.4925,9.00123,69,70,67,1929,2800,0.481445,31,11.623,0,0,206104150071
36.43,27.4499,9.00123,69,70,67,1929,2800,0.481445,31,11.623,0,0,206131600268
40.0805,24.9498,9.00123,69,70,67,1929,2800,0.481445,31,11.623,0,0,206156550929
37.4919,26.6725,9.00123,69,70,67,1929,2800,0.481445,31,11.623,0,0,206183222356
42.0945,23.7561,9.00123,69,70,67,1929,2800,0.481445,31,11.623,0,0,206206979949
37.6301,26.5745,9.00123,69,70,67,1929,2800,0.481445,31,11.623,0,0,206233555266
39.8116,25.1183,9.00123,69,70,67,1929,2800,0.481445,31,11.623,0,0,206258678490
38.1365,26.2216,6.25,69,71,67,1843,2800,0.478008,28,11.6225,0,0,206284894913
34.8283,28.7123,6.25,69,71,67,1843,2800,0.478008,28,11.6225,0,0,206313607829
44.8708,22.2862,6.25,69,71,67,1843,2800,0.478008,28,11.6225,0,0,206335893963
36.6491,27.2858,6.25,69,71,67,1843,2800,0.478008,28,11.6225,0,0,206363181255
38.8199,25.76,6.25,69,71,67,1843,2800,0.478008,28,11.6225,0,0,206388940421
38.7566,25.8021,6.25,69,71,67,1843,2800,0.478008,28,11.6225,0,0,206414742137
41.8078,23.919,6.25,69,71,67,1843,2800,0.478008,28,11.6225,0,0,206438660872
36.2944,27.5525,6.25,69,71,67,1843,2800,0.478008,28,11.6225,0,0,206466213953
39.9108,25.0559,6.25,69,71,67,1843,2800,0.478008,28,11.6225,0,0,206491270953
35.9536,27.8136,6.25,69,71,67,1843,2800,0.478008,28,11.6225,0,0,206519085544
37.2082,26.8758,6.25,69,71,67,1843,2800,0.478008,28,11.6225,0,0,206545961114
43.1747,23.1617,6.25,69,71,67,1843,2800,0.478008,28,11.6225,0,0,206569123400
38.6159,25.8961,6.25,69,71,67,1843,2800,0.478008,28,11.6225,0,0,206595018391
39.7203,25.1761,6.25,69,71,67,1843,2800,0.478008,28,11.6225,0,0,206620197159
36.6983,27.2492,6.25,69,71,67,1843,2800,0.478008,28,11.6225,0,0,206647445007
44.02,22.717,6.25,69,71,67,1843,2800,0.478008,28,11.6225,0,0,206670163011
36.5137,27.387,6.25,69,71,67,1843,2800,0.478008,28,11.6225,0,0,206697550851
38.2676,26.1317,6.25,69,71,67,1843,2800,0.478008,28,11.6225,0,0,206723683709
40.0479,24.9701,6.25,69,71,67,1843,2800,0.478008,28,11.6225,0,0,206748653645
39.9471,25.0331,6.25,69,71,67,1843,2800,0.478008,28,11.6225,0,0,206773693112
37.0938,26.9587,6.94275,69,73,67,1800,2800,0.478008,23,11.6142,0,0,206800646398
38.6702,25.8597,6.94275,69,73,67,1800,2800,0.478008,23,11.6142,0,0,206826506273
38.4372,26.0165,6.94275,69,73,67,1800,2800,0.478008,23,11.6142,0,0,206852523654
35.3686,28.2736,6.94275,69,73,67,1800,2800,0.478008,23,11.6142,0,0,206880796704
45.0068,22.2188,6.94275,69,73,67,1800,2800,0.478008,23,11.6142,0,0,206903016603
37.7852,26.4654,6.94275,69,73,67,1800,2800,0.478008,23,11.6142,0,0,206929481784
39.0041,25.6383,6.94275,69,73,67,1800,2800,0.478008,23,11.6142,0,0,206955120665
37.2713,26.8303,6.94275,69,73,67,1800,2800,0.478008,23,11.6142,0,0,206981952042
41.8432,23.8987,6.94275,69,73,67,1800,2800,0.478008,23,11.6142,0,0,207005850549
37.3687,26.7604,6.94275,69,73,67,1800,2800,0.478008,23,11.6142,0,0,207032612185
35.3365,28.2993,6.94275,69,73,67,1800,2800,0.478008,23,11.6142,0,0,207060909652
38.2586,26.1379,6.94275,69,73,67,1800,2800,0.478008,23,11.6142,0,0,207087047879
33.9855,29.4243,6.94275,69,73,67,1800,2800,0.478008,23,11.6142,0,0,207116472890
42.4078,23.5806,6.94275,69,73,67,1800,2800,0.478008,23,11.6142,0,0,207140055816
34.76,28.7687,6.94275,69,73,67,1800,2800,0.478008,23,11.6142,0,0,207168823835
39.7745,25.1418,6.94275,69,73,67,1800,2800,0.478008,23,11.6142,0,0,207193965423
39.5604,25.2778,6.94275,69,73,67,1800,2800,0.478008,23,11.6142,0,0,207219244599
36.7182,27.2345,6.94275,69,73,67,1800,2800,0.478008,23,11.6142,0,0,207246478080
40.1231,24.9233,6.94275,69,73,67,1800,2800,0.478008,23,11.6142,0,0,207271402511
40.8317,24.4908,6.94275,69,73,67,1800,2800,0.478008,23,11.6142,0,0,207295896966
36.6518,27.2838,6.98795,69,71,67,1870,2800,0.478008,30,11.6144,0,0,207323177936
40.3962,24.7548,6.98795,69,71,67,1870,2800,0.478008,30,11.6144,0,0,207347932088
36.279,27.5642,6.98795,69,71,67,1870,2800,0.478008,30,11.6144,0,0,207375497672
42.403,23.5832,6.98795,69,71,67,1870,2800,0.478008,30,11.6144,0,0,207399080708
33.4531,29.8926,6.98795,69,71,67,1870,2800,0.478008,30,11.6144,0,0,207428974167
38.7692,25.7937,6.98795,69,71,67,1870,2800,0.478008,30,11.6144,0,0,207454767848
38.0529,26.2792,6.98795,69,71,67,1870,2800,0.478008,30,11.6144,0,0,207481046709
36.2763,27.5662,6.98795,69,71,67,1870,2800,0.478008,30,11.6144,0,0,207508614097
38.5059,25.97,6.98795,69,71,67,1870,2800,0.478008,30,11.6144,0,0,207534584489
38.5793,25.9207,6.98795,69,71,67,1870,2800,0.478008,30,11.6144,0,0,207560506441
37.3814,26.7513,6.98795,69,71,67,1870,2800,0.478008,30,11.6144,0,0,207587255333
35.0852,28.502,6.98795,69,71,67,1870,2800,0.478008,30,11.6144,0,0,207615758816
40.4805,24.7033,6.98795,69,71,67,1870,2800,0.478008,30,11.6144,0,0,207640463074
40.7998,24.5099,6.98795,69,71,67,1870,2800,0.478008,30,11.6144,0,0,207664972648
40.9512,24.4193,6.98795,69,71,67,1870,2800,0.478008,30,11.6144,0,0,207689393604
38.0802,26.2604,6.98795,69,71,67,1870,2800,0.478008,30,11.6144,0,0,207715653029
41.1261,24.3154,6.98795,69,71,67,1870,2800,0.478008,30,11.6144,0,0,207739968929
34.2088,29.2322,6.98795,69,71,67,1870,2800,0.478008,30,11.6144,0,0,207769202270
41.7056,23.9776,6.98795,69,71,67,1870,2800,0.478008,30,11.6144,0,0,207793179706
40.2685,24.8333,6.98795,69,71,67,1870,2800,0.478008,30,11.6144,0,0,207818019929
39.6811,25.2009,9.75904,69,71,68,2008,2800,0.478008,26,11.6183,0,0,207843214597
39.7877,25.1334,9.75904,69,71,68,2008,2800,0.478008,26,11.6183,0,0,207868347969
39.4638,25.3397,9.75904,69,71,68,2008,2800,0.478008,26,11.6183,0,0,207893688411
37.8994,26.3857,9.75904,69,71,68,2008,2800,0.478008,26,11.6183,0,0,207920075254
36.1627,27.6528,9.75904,69,71,68,2008,2800,0.478008,26,11.6183,0,0,207947728543
40.4722,24.7083,9.75904,69,71,68,2008,2800,0.478008,26,11.6183,0,0,207972437359
38.9261,25.6897,9.75904,69,71,68,2008,2800,0.478008,26,11.6183,0,0,207998127126
40.5106,24.6849,9.75904,69,71,68,2008,2800,0.478008,26,11.6183,0,0,208022812659
37.6911,26.5315,9.75904,69,71,68,2008,2800,0.478008,26,11.6183,0,0,208049342420
39.2851,25.4549,9.75904,69,71,68,2008,2800,0.478008,26,11.6183,0,0,208074797627
37.2013,26.8808,9.75904,69,71,68,2008,2800,0.478008,26,11.6183,0,0,208101680350
36.6586,27.2787,9.75904,69,71,68,2008,2800,0.478008,26,11.6183,0,0,208128959317
40.7096,24.5642,9.75904,69,71,68,2008,2800,0.478008,26,11.6183,0,0,208153523021
38.1723,26.197,9.75904,69,71,68,2008,2800,0.478008,26,11.6183,0,0,208179721331
42.3817,23.5951,9.75904,69,71,68,2008,2800,0.478008,26,11.6183,0,0,208203316690
28.9481,34.5446,9.75904,69,71,68,2008,2800,0.478008,26,11.6183,0,0,208237861963
36.6064,27.3176,9.75904,69,71,68,2008,2800,0.478008,26,11.6183,0,0,208265179512
42.4917,23.534,9.75904,69,71,68,2008,2800,0.478008,26,11.6183,0,0,208288713906
37.6925,26.5305,9.75904,69,71,68,2008,2800,0.478008,26,11.6183,0,0,208315245571
43.738,22.8634,9.75904,69,71,68,2008,2800,0.478008,26,11.6183,0,0,208338114237
37.8219,26.4397,6.66667,69,74,67,1864,2800,0.478008,20,11.6186,0,0,208364548830
39.3357,25.4222,6.66667,69,74,67,1864,2800,0.478008,20,11.6186,0,0,208389970363
39.707,25.1845,6.66667,69,74,67,1864,2800,0.478008,20,11.6186,0,0,208415156545
40.3125,24.8062,6.66667,69,74,67,1864,2800,0.478008,20,11.6186,0,0,208439961963
36.7309,27.2251,6.66667,69,74,67,1864,2800,0.478008,20,11.6186,0,0,208467189503
35.0703,28.5142,6.66667,69,74,67,1864,2800,0.478008,20,11.6186,0,0,208495702804
38.7067,25.8353,6.66667,69,74,67,1864,2800,0.478008,20,11.6186,0,0,208521539787
39.9416,25.0366,6.66667,69,74,67,1864,2800,0.478008,20,11.6186,0,0,208546576799
45.3306,22.0602,6.66667,69,74,67,1864,2800,0.478008,20,11.6186,0,0,208568636488
32.9865,30.3154,6.66667,69,74,67,1864,2800,0.478008,20,11.6186,0,0,208598952079
40.7679,24.5291,6.66667,69,74,67,1864,2800,0.478008,20,11.6186,0,0,208623481509
36.1598,27.655,6.66667,69,74,67,1864,2800,0.478008,20,11.6186,0,0,208651136862
43.9754,22.74,6.66667,69,74,67,1864,2800,0.478008,20,11.6186,0,0,208673877177
38.4703,25.9941,6.66667,69,74,67,1864,2800,0.478008,20,11.6186,0,0,208699871925
42.185,23.7051,6.66667,69,74,67,1864,2800,0.478008,20,11.6186,0,0,208723577851
35.3056,28.3241,6.66667,69,74,67,1864,2800,0.478008,20,11.6186,0,0,208751901496
42.5514,23.501,6.66667,69,74,67,1864,2800,0.478008,20,11.6186,0,0,208775403280
41.0229,24.3766,6.66667,69,74,67,1864,2800,0.478008,20,11.6186,0,0,208799781807
34.787,28.7464,6.66667,69,74,67,1864,2800,0.478008,20,11.6186,0,0,208828526352
41.8126,23.9163,6.66667,69,74,67,1864,2800,0.478008,20,11.6186,0,0,208852451900
36.0441,27.7438,6.40394,69,69,67,1972,2800,0.478008,27,11.6151,0,0,208880188484
41.6401,24.0153,6.40394,69,69,67,1972,2800,0.478008,27,11.6151,0,0,208904203931
36.9283,27.0795,6.40394,69,69,67,1972,2800,0.478008,27,11.6151,0,0,208931284315
41.2583,24.2375,6.40394,69,69,67,1972,2800,0.478008,27,11.6151,0,0,208955521858
37.6813,26.5383,6.40394,69,69,67,1972,2800,0.478008,27,11.6151,0,0,208982060676
40.9557,24.4166,6.40394,69,69,67,1972,2800,0.478008,27,11.6151,0,0,209006476634
39.124,25.5598,6.40394,69,69,67,1972,2800,0.478008,27,11.6151,0,0,209032037639
28.9288,34.5676,6.40394,69,69,67,1972,2800,0.478008,27,11.6151,0,0,209066605795
39.7854,25.1348,6.40394,69,69,67,1972,2800,0.478008,27,11.6151,0,0,209091739839
41.1815,24.2827,6.40394,69,69,67,1972,2800,0.478008,27,11.6151,0,0,209116023428
44.467,22.4886,6.40394,69,69,67,1972,2800,0.478008,27,11.6151,0,0,209138512572
33.3836,29.9549,6.40394,69,69,67,1972,2800,0.478008,27,11.6151,0,0,209168467768
41.4736,24.1117,6.40394,69,69,67,1972,2800,0.478008,27,11.6151,0,0,209192580887
39.8356,25.1031,6.40394,69,69,67,1972,2800,0.478008,27,11.6151,0,0,209217684344
39.9487,25.0321,6.40394,69,69,67,1972,2800,0.478008,27,11.6151,0,0,209242716016
41.0157,24.3809,6.40394,69,69,67,1972,2800,0.478008,27,11.6151,0,0,209267097659
39.2412,25.4834,6.40394,69,69,67,1972,2800,0.478008,27,11.6151,0,0,209292582511
36.4699,27.4199,6.40394,69,69,67,1972,2800,0.478008,27,11.6151,0,0,209319999807
35.2539,28.3656,6.40394,69,69,67,1972,2800,0.478008,27,11.6151,0,0,209348368006
45.1567,22.1451,6.40394,69,69,67,1972,2800,0.478008,27,11.6151,0,0,209370517053
37.8724,26.4045,5.99755,69,72,67,1760,2800,0.478008,18,11.6146,0,0,209396917973
36.6595,27.2781,5.99755,69,72,67,1760,2800,0.478008,18,11.6146,0,0,209424196198
36.435,27.4461,5.99755,69,72,67,1760,2800,0.478008,18,11.6146,0,0,209451641236
34.1315,29.2985,5.99755,69,72,67,1760,2800,0.478008,18,11.6146,0,0,209480939960
42.8028,23.3629,5.99755,69,72,67,1760,2800,0.478008,18,11.6146,0,0,209504306029
35.3012,28.3276,5.99755,69,72,67,1760,2800,0.478008,18,11.6146,0,0,209532632780
39.6796,25.2019,5.99755,69,72,67,1760,2800,0.478008,18,11.6146,0,0,209557835072
39.876,25.0777,5.99755,69,72,67,1760,2800,0.478008,18,11.6146,0,0,209582913312
40.1642,24.8978,5.99755,69,72,67,1760,2800,0.478008,18,11.6146,0,0,209607811193
30.0506,33.2772,5.99755,69,72,67,1760,2800,0.478008,18,11.6146,0,0,209641089750
36.4831,27.4099,5.99755,69,72,67,1760,2800,0.478008,18,11.6146,0,0,209668500314
37.3461,26.7766,5.99755,69,72,67,1760,2800,0.478008,18,11.6146,0,0,209695275706
41.6138,24.0305,5.99755,69,72,67,1760,2800,0.478008,18,11.6146,0,0,209719307703
42.4541,23.5549,5.99755,69,72,67,1760,2800,0.478008,18,11.6146,0,0,209742861524
35.0754,28.51,5.99755,69,72,67,1760,2800,0.478008,18,11.6146,0,0,209771372731
41.8924,23.8707,5.99755,69,72,67,1760,2800,0.478008,18,11.6146,0,0,209795244278
40.6186,24.6193,5.99755,69,72,67,1760,2800,0.478008,18,11.6146,0,0,209819862174
36.3528,27.5082,5.99755,69,72,67,1760,2800,0.478008,18,11.6146,0,0,209847371483
42.7085,23.4145,5.99755,69,72,67,1760,2800,0.478008,18,11.6146,0,0,209870792274
38.0041,26.313,10.2792,69,68,67,2070,2800,0.478008,26,11.6165,0,0,209897100520
39.1567,25.5384,10.2792,69,68,67,2070,2800,0.478008,26,11.6165,0,0,209922639484
37.3933,26.7428,10.2792,69,68,67,2070,2800,0.478008,26,11.6165,0,0,209949382685
41.8443,23.8981,10.2792,69,68,67,2070,2800,0.478008,26,11.6165,0,0,209973281022
38.4474,26.0096,10.2792,69,68,67,2070,2800,0.478008,26,11.6165,0,0,209999289877
36.3022,27.5465,10.2792,69,68,67,2070,2800,0.478008,26,11.6165,0,0,210026836105
37.4207,26.7232,10.2792,69,68,67,2070,2800,0.478008,26,11.6165,0,0,210053560982
43.7726,22.8453,10.2792,69,68,67,2070,2800,0.478008,26,11.6165,0,0,210076406555
38.0972,26.2487,10.2792,69,68,67,2070,2800,0.478008,26,11.6165,0,0,210102656281
37.237,26.855,10.2792,69,68,67,2070,2800,0.478008,26,11.6165,0,0,210129510721
39.0171,25.6298,10.2792,69,68,67,2070,2800,0.478008,26,11.6165,0,0,210155140756
39.698,25.1902,10.2792,69,68,67,2070,2800,0.478008,26,11.6165,0,0,210180331386
41.2645,24.2339,10.2792,69,68,67,2070,2800,0.478008,26,11.6165,0,0,210204566184
36.3398,27.5181,10.2792,69,68,67,2070,2800,0.478008,26,11.6165,0,0,210232084890
38.2063,26.1737,10.2792,69,68,67,2070,2800,0.478008,26,11.6165,0,0,210258258023
39.8285,25.1076,10.2792,69,68,67,2070,2800,0.478008,26,11.6165,0,0,210283366348
36.5049,27.3936,10.2792,69,68,67,2070,2800,0.478008,26,11.6165,0,0,210310761393
37.6067,26.591,10.2792,69,68,67,2070,2800,0.478008,26,11.6165,0,0,210337353050
35.4188,28.2336,10.2792,69,68,67,2070,2800,0.478008,26,11.6165,0,0,210365585565
38.391,26.0477,10.2792,69,68,67,2070,2800,0.478008,26,11.6165,0,0,210391637981
25.4901,39.2309,7.18636,69,74,69,1916,2800,0.479492,34,11.6213,0,0,210430864443
34.9299,28.6288,7.18636,69,74,69,1916,2800,0.479492,34,11.6213,0,0,210459495215
39.0753,25.5916,7.18636,69,74,69,1916,2800,0.479492,34,11.6213,0,0,210485085144
33.6711,29.6991,7.18636,69,74,69,1916,2800,0.479492,34,11.6213,0,0,210514785361
42.3651,23.6043,7.18636,69,74,69,1916,2800,0.479492,34,11.6213,0,0,210538391420
40.0804,24.9499,7.18636,69,74,69,1916,2800,0.479492,34,11.6213,0,0,210563341158
38.0863,26.2561,7.18636,69,74,69,1916,2800,0.479492,34,11.6213,0,0,210589597166
36.6306,27.2996,7.18636,69,74,69,1916,2800,0.479492,34,11.6213,0,0,210616897102
40.33,24.7955,7.18636,69,74,69,1916,2800,0.479492,34,11.6213,0,0,210641693723
42.6174,23.4646,7.18636,69,74,69,1916,2800,0.479492,34,11.6213,0,0,210665159209
36.4009,27.4719,7.18636,69,74,69,1916,2800,0.479492,34,11.6213,0,0,210692631197
38.6872,25.8484,7.18636,69,74,69,1916,2800,0.479492,34,11.6213,0,0,210718478138
39.1801,25.5231,7.18636,69,74,69,1916,2800,0.479492,34,11.6213,0,0,210744002093
40.5571,24.6566,7.18636,69,74,69,1916,2800,0.479492,34,11.6213,0,0,210768659153
37.6609,26.5527,7.18636,69,74,69,1916,2800,0.479492,34,11.6213,0,0,210795212509
37.8517,26.4189,7.18636,69,74,69,1916,2800,0.479492,34,11.6213,0,0,210821632194
37.5439,26.6355,7.18636,69,74,69,1916,2800,0.479492,34,11.6213,0,0,210848267333
40.7158,24.5605,7.18636,69,74,69,1916,2800,0.479492,34,11.6213,0,0,210872829896
38.569,25.9276,7.18636,69,74,69,1916,2800,0.479492,34,11.6213,0,0,210898762217
39.7757,25.141,9.26158,69,69,70,2537,2800,0.479492,25,11.6226,0,0,210923898896
37.4832,26.6787,9.26158,69,69,70,2537,2800,0.479492,25,11.6226,0,0,210950577136
39.6927,25.1935,9.26158,69,69,70,2537,2800,0.479492,25,11.6226,0,0,210975770170
32.2256,31.0313,9.26158,69,69,70,2537,2800,0.479492,25,11.6226,0,0,211006800893
34.52,28.9687,9.26158,69,69,70,2537,2800,0.479492,25,11.6226,0,0,211035771542
39.5092,25.3106,9.26158,69,69,70,2537,2800,0.479492,25,11.6226,0,0,211061082948
40.1445,24.91,9.26158,69,69,70,2537,2800,0.479492,25,11.6226,0,0,211085992672
34.3527,29.1098,9.26158,69,69,70,2537,2800,0.479492,25,11.6226,0,0,211115103534
39.5182,25.3048,9.26158,69,69,70,2537,2800,0.479492,25,11.6226,0,0,211140408709
34.65,28.86,9.26158,69,69,70,2537,2800,0.479492,25,11.6226,0,0,211169268560
37.5153,26.6558,9.26158,69,69,70,2537,2800,0.479492,25,11.6226,0,0,211195924909
43.8988,22.7797,9.26158,69,69,70,2537,2800,0.479492,25,11.6226,0,0,211218706021
33.9148,29.4856,9.26158,69,69,70,2537,2800,0.479492,25,11.6226,0,0,211248191385
32.3857,30.8778,9.26158,69,69,70,2537,2800,0.479492,25,11.6226,0,0,211279069912
43.435,23.0229,9.26158,69,69,70,2537,2800,0.479492,25,11.6226,0,0,211302091184
36.5244,27.379,9.26158,69,69,70,2537,2800,0.479492,25,11.6226,0,0,211329472422
40.8857,24.4584,9.26158,69,69,70,2537,2800,0.479492,25,11.6226,0,0,211353930879
38.5641,25.9308,9.26158,69,69,70,2537,2800,0.479492,25,11.6226,0,0,211379865755
36.6446,27.2891,9.26158,69,69,70,2537,2800,0.479492,25,11.6226,0,0,211407156063
38.8976,25.7085,8.34371,70,75,68,2004,2800,0.479492,32,11.6218,0,0,211432859785
37.9707,26.3361,8.34371,70,75,68,2004,2800,0.479492,32,11.6218,0,0,211459196615
40.4479,24.7232,8.34371,70,75,68,2004,2800,0.479492,32,11.6218,0,0,211483919799
31.532,31.7138,8.34371,70,75,68,2004,2800,0.479492,32,11.6218,0,0,211515635145
34.41,29.0613,8.34371,70,75,68,2004,2800,0.479492,32,11.6218,0,0,211544695111
37.4409,26.7087,8.34371,70,75,68,2004,2800,0.479492,32,11.6218,0,0,211571404660
35.8908,27.8623,8.34371,70,75,68,2004,2800,0.479492,32,11.6218,0,0,211599267081
37.3882,26.7464,8.34371,70,75,68,2004,2800,0.479492,32,11.6218,0,0,211626014941
36.9444,27.0677,8.34371,70,75,68,2004,2800,0.479492,32,11.6218,0,0,211653082982
34.5041,28.9821,8.34371,70,75,68,2004,2800,0.479492,32,11.6218,0,0,211682065824
39.463,25.3402,8.34371,70,75,68,2004,2800,0.479492,32,11.6218,0,0,211707405223
36.5103,27.3895,8.34371,70,75,68,2004,2800,0.479492,32,11.6218,0,0,211734796160
37.827,26.4362,8.34371,70,75,68,2004,2800,0.479492,32,11.6218,0,0,211761231745
35.5098,28.1612,8.34371,70,75,68,2004,2800,0.479492,32,11.6218,0,0,211789393637
32.9521,30.347,8.34371,70,75,68,2004,2800,0.479492,32,11.6218,0,0,211819740296
33.2096,30.1118,8.34371,70,75,68,2004,2800,0.479492,32,11.6218,0,0,211849853187
35.2573,28.363,8.34371,70,75,68,2004,2800,0.479492,32,11.6218,0,0,211878214373
34.592,28.9084,8.34371,70,75,68,2004,2800,0.479492,32,11.6218,0,0,211907124860
38.4404,26.0143,8.34371,70,75,68,2004,2800,0.479492,32,11.6218,0,0,211933144484
35.7281,27.9892,9.63855,69,73,67,1329,2800,0.479492,23,11.6228,0,0,211961128974
37.7569,26.4852,9.63855,69,73,67,1329,2800,0.479492,23,11.6228,0,0,211987615975
35.6316,28.065,9.63855,69,73,67,1329,2800,0.479492,23,11.6228,0,0,212015680575
39.9709,25.0182,9.63855,69,73,67,1329,2800,0.479492,23,11.6228,0,0,212040699964
32.1073,31.1456,9.63855,69,73,67,1329,2800,0.479492,23,11.6228,0,0,212071842767
33.3483,29.9866,9.63855,69,73,67,1329,2800,0.479492,23,11.6228,0,0,212101831224
34.6157,28.8886,9.63855,69,73,67,1329,2800,0.479492,23,11.6228,0,0,212130720801
36.4288,27.4508,9.63855,69,73,67,1329,2800,0.479492,23,11.6228,0,0,212158171851
38.1606,26.205,9.63855,69,73,67,1329,2800,0.479492,23,11.6228,0,0,212184377615
35.3715,28.2714,9.63855,69,73,67,1329,2800,0.479492,23,11.6228,0,0,212212649413
42.5177,23.5196,9.63855,69,73,67,1329,2800,0.479492,23,11.6228,0,0,212236169611
35.9836,27.7904,9.63855,69,73,67,1329,2800,0.479492,23,11.6228,0,0,212263960086
40.6255,24.6151,9.63855,69,73,67,1329,2800,0.479492,23,11.6228,0,0,212288575618
36.1669,27.6496,9.63855,69,73,67,1329,2800,0.479492,23,11.6228,0,0,212316226111
39.9202,25.05,9.63855,69,73,67,1329,2800,0.479492,23,11.6228,0,0,212341276358
38.0026,26.314,9.63855,69,73,67,1329,2800,0.479492,23,11.6228,0,0,212367591437
36.0455,27.7427,9.63855,69,73,67,1329,2800,0.479492,23,11.6228,0,0,212395332851
34.6665,28.8463,9.63855,69,73,67,1329,2800,0.479492,23,11.6228,0,0,212424179307
35.1123,28.48,9.63855,69,73,67,1329,2800,0.479492,23,11.6228,0,0,212452664546
34.4563,29.0222,6.94275,68,73,67,1421,2800,0.479492,20,11.6217,0,0,212481682253
34.6002,28.9016,6.94275,68,73,67,1421,2800,0.479492,20,11.6217,0,0,212510585546
30.6903,32.5836,6.94275,68,73,67,1421,2800,0.479492,20,11.6217,0,0,212543166806
31.8141,31.4326,6.94275,68,73,67,1421,2800,0.479492,20,11.6217,0,0,212574600584
29.8201,33.5345,6.94275,68,73,67,1421,2800,0.479492,20,11.6217,0,0,212608135482
28.2455,35.4039,6.94275,68,73,67,1421,2800,0.479492,20,11.6217,0,0,212643540017
29.2623,34.1737,6.94275,68,73,67,1421,2800,0.479492,20,11.6217,0,0,212677722369
31.0064,32.2515,6.94275,68,73,67,1421,2800,0.479492,20,11.6217,0,0,212709976135
32.7339,30.5494,6.94275,68,73,67,1421,2800,0.479492,20,11.6217,0,0,212740524553
32.1109,31.142,6.94275,68,73,67,1421,2800,0.479492,20,11.6217,0,0,212771667335
33.8865,29.5103,6.94275,68,73,67,1421,2800,0.479492,20,11.6217,0,0,212801177285
35.3217,28.3112,6.94275,68,73,67,1421,2800,0.479492,20,11.6217,0,0,212829489329
31.7238,31.5221,6.94275,68,73,67,1421,2800,0.479492,20,11.6217,0,0,212861010491
31.663,31.5826,6.94275,68,73,67,1421,2800,0.479492,20,11.6217,0,0,212892593549
31.1313,32.122,6.94275,68,73,67,1421,2800,0.479492,20,11.6217,0,0,212924715077
33.7667,29.615,6.94275,68,73,67,1421,2800,0.479492,20,11.6217,0,0,212954336567
34.0919,29.3325,7.09759,68,69,67,1180,2800,0.479492,22,11.6197,0,0,212983664876
36.6445,27.2892,7.09759,68,69,67,1180,2800,0.479492,22,11.6197,0,0,213010952489
37.2145,26.8712,7.09759,68,69,67,1180,2800,0.479492,22,11.6197,0,0,213037825915
34.9432,28.6179,7.09759,68,69,67,1180,2800,0.479492,22,11.6197,0,0,213066444003
38.2392,26.1512,7.09759,68,69,67,1180,2800,0.479492,22,11.6197,0,0,213092596607
35.8592,27.8868,7.09759,68,69,67,1180,2800,0.479492,22,11.6197,0,0,213120483163
37.0472,26.9926,7.09759,68,69,67,1180,2800,0.479492,22,11.6197,0,0,213147475662
40.9834,24.4001,7.09759,68,69,67,1180,2800,0.479492,22,11.6197,0,0,213171877694
38.2331,26.1553,7.09759,68,69,67,1180,2800,0.479492,22,11.6197,0,0,213198032733
39.9455,25.0341,7.09759,68,69,67,1180,2800,0.479492,22,11.6197,0,0,213223067440
38.3529,26.0737,7.09759,68,69,67,1180,2800,0.479492,22,11.6197,0,0,213249140015
40.6822,24.5808,7.09759,68,69,67,1180,2800,0.479492,22,11.6197,0,0,213273723857
38.6332,25.8845,7.09759,68,69,67,1180,2800,0.479492,22,11.6197,0,0,213299607106
37.103,26.952,7.09759,68,69,67,1180,2800,0.479492,22,11.6197,0,0,213326559039
30.4856,32.8024,7.09759,68,69,67,1180,2800,0.479492,22,11.6197,0,0,213359361704
30.3893,32.9063,7.09759,68,69,67,1180,2800,0.479492,22,11.6197,0,0,213392269857
33.1955,30.1246,7.09759,68,69,67,1180,2800,0.479492,22,11.6197,0,0,213422394971
36.4868,27.4072,7.09759,68,69,67,1180,2800,0.479492,22,11.6197,0,0,213449802188
36.7172,27.2352,7.09759,68,69,67,1180,2800,0.479492,22,11.6197,0,0,213477045428
35.1653,28.4371,7.6179,69,70,67,1361,2800,0.479492,21,11.6185,0,0,213505475403
34.1729,29.263,7.6179,69,70,67,1361,2800,0.479492,21,11.6185,0,0,213534738891
33.4537,29.8921,7.6179,69,70,67,1361,2800,0.479492,21,11.6185,0,0,213564629455
31.6483,31.5973,7.6179,69,70,67,1361,2800,0.479492,21,11.6185,0,0,213596228824
32.2537,31.0042,7.6179,69,70,67,1361,2800,0.479492,21,11.6185,0,0,213627233317
33.1413,30.1739,7.6179,69,70,67,1361,2800,0.479492,21,11.6185,0,0,213657407393
30.0255,33.305,7.6179,69,70,67,1361,2800,0.479492,21,11.6185,0,0,213690712099
32.7532,30.5313,7.6179,69,70,67,1361,2800,0.479492,21,11.6185,0,0,213721244377
31.5604,31.6853,7.6179,69,70,67,1361,2800,0.479492,21,11.6185,0,0,213752929636
33.6984,29.675,7.6179,69,70,67,1361,2800,0.479492,21,11.6185,0,0,213782605808
32.2854,30.9738,7.6179,69,70,67,1361,2800,0.479492,21,11.6185,0,0,213813578121
36.5821,27.3358,7.6179,69,70,67,1361,2800,0.479492,21,11.6185,0,0,213840915858
32.2586,30.9995,7.6179,69,70,67,1361,2800,0.479492,21,11.6185,0,0,213871915552
33.5426,29.8129,7.6179,69,70,67,1361,2800,0.479492,21,11.6185,0,0,213901730043
32.8089,30.4795,7.6179,69,70,67,1361,2800,0.479492,21,11.6185,0,0,213932208680
30.1835,33.1307,7.6179,69,70,67,1361,2800,0.479492,21,11.6185,0,0,213965340182
29.3725,34.0455,7.6179,69,70,67,1361,2800,0.479492,21,11.6185,0,0,213999388964
31.8428,31.4042,9.113,69,70,67,1080,2800,0.476055,23,11.619,0,0,214030789350
31.5646,31.6811,9.113,69,70,67,1080,2800,0.476055,23,11.619,0,0,214062472616
31.0489,32.2072,9.113,69,70,67,1080,2800,0.476055,23,11.619,0,0,214094679614
31.0707,32.1847,9.113,69,70,67,1080,2800,0.476055,23,11.619,0,0,214126865813
28.8105,34.7095,9.113,69,70,67,1080,2800,0.476055,23,11.619,0,0,214161575514
31.8153,31.4314,9.113,69,70,67,1080,2800,0.476055,23,11.619,0,0,214193004964
32.2312,31.0258,9.113,69,70,67,1080,2800,0.476055,23,11.619,0,0,214224033022
32.7721,30.5137,9.113,69,70,67,1080,2800,0.476055,23,11.619,0,0,214254546604
32.3569,30.9054,9.113,69,70,67,1080,2800,0.476055,23,11.619,0,0,214285452252
31.5413,31.7044,9.113,69,70,67,1080,2800,0.476055,23,11.619,0,0,214317156527
31.3633,31.8844,9.113,69,70,67,1080,2800,0.476055,23,11.619,0,0,214349040409
32.9891,30.313,9.113,69,70,67,1080,2800,0.476055,23,11.619,0,0,214379353546
37.1292,26.933,9.113,69,70,67,1080,2800,0.476055,23,11.619,0,0,214406286954
33.4381,29.906,9.113,69,70,67,1080,2800,0.476055,23,11.619,0,0,214436194741
34.5146,28.9732,9.113,69,70,67,1080,2800,0.476055,23,11.619,0,0,214465168736
34.5246,28.9648,9.113,69,70,67,1080,2800,0.476055,23,11.619,0,0,214494132642
36.5729,27.3426,9.113,69,70,67,1080,2800,0.476055,23,11.619,0,0,214521477683
34.6021,28.8999,7.8125,69,75,67,1305,2800,0.476055,21,11.6189,0,0,214550376357
33.5551,29.8018,7.8125,69,75,67,1305,2800,0.476055,21,11.6189,0,0,214580178445
38.0335,26.2926,7.8125,69,75,67,1305,2800,0.476055,21,11.6189,0,0,214606470450
36.1356,27.6736,7.8125,69,75,67,1305,2800,0.476055,21,11.6189,0,0,214634145520
36.101,27.7001,7.8125,69,75,67,1305,2800,0.476055,21,11.6189,0,0,214661846097
35.5864,28.1006,7.8125,69,75,67,1305,2800,0.476055,21,11.6189,0,0,214689947396
32.4335,30.8323,7.8125,69,75,67,1305,2800,0.476055,21,11.6189,0,0,214720778373
33.5433,29.8122,7.8125,69,75,67,1305,2800,0.476055,21,11.6189,0,0,214750592223
35.6162,28.0771,7.8125,69,75,67,1305,2800,0.476055,21,11.6189,0,0,214778668195
36.0344,27.7513,7.8125,69,75,67,1305,2800,0.476055,21,11.6189,0,0,214806419978
32.4682,30.7994,7.8125,69,75,67,1305,2800,0.476055,21,11.6189,0,0,214837219857
33.588,29.7726,7.8125,69,75,67,1305,2800,0.476055,21,11.6189,0,0,214866993622
33.2029,30.1178,7.8125,69,75,67,1305,2800,0.476055,21,11.6189,0,0,214897111192
33.7668,29.6149,7.8125,69,75,67,1305,2800,0.476055,21,11.6189,0,0,214926725338
33.5576,29.7995,7.8125,69,75,67,1305,2800,0.476055,21,11.6189,0,0,214956524871
33.3499,29.9851,7.8125,69,75,67,1305,2800,0.476055,21,11.6189,0,0,214986510804
32.2863,30.9729,7.8125,69,75,67,1305,2800,0.476055,21,11.6189,0,0,215017483928
31.7157,31.5301,7.8125,69,75,67,1305,2800,0.476055,21,11.6189,0,0,215049032922
27.5556,36.2903,8.44233,69,70,67,1356,2800,0.476055,21,11.6171,0,0,215085304062
29.1358,34.322,8.44233,69,70,67,1356,2800,0.476055,21,11.6171,0,0,215119628381
30.8246,32.4416,8.44233,69,70,67,1356,2800,0.476055,21,11.6171,0,0,215152068446
26.0375,38.4062,8.44233,69,70,67,1356,2800,0.476055,21,11.6171,0,0,215190474880
27.5586,36.2863,8.44233,69,70,67,1356,2800,0.476055,21,11.6171,0,0,215226761729
27.5353,36.317,8.44233,69,70,67,1356,2800,0.476055,21,11.6171,0,0,215263078494
27.1347,36.8532,8.44233,69,70,67,1356,2800,0.476055,21,11.6171,0,0,215299932297
26.4714,37.7766,8.44233,69,70,67,1356,2800,0.476055,21,11.6171,0,0,215337709551
25.7676,38.8085,8.44233,69,70,67,1356,2800,0.476055,21,11.6171,0,0,215376518419
24.9087,40.1466,8.44233,69,70,67,1356,2800,0.476055,21,11.6171,0,0,215416665117
25.5285,39.172,8.44233,69,70,67,1356,2800,0.476055,21,11.6171,0,0,215455838529
24.3305,41.1007,8.44233,69,70,67,1356,2800,0.476055,21,11.6171,0,0,215496937593
25.7948,38.7675,8.44233,69,70,67,1356,2800,0.476055,21,11.6171,0,0,215535706506
24.2757,41.1934,8.44233,69,70,67,1356,2800,0.476055,21,11.6171,0,0,215576901580
23.7834,42.0461,8.49282,69,70,63,842,2800,0.476055,22,11.6242,0,0,215618945185
25.268,39.5757,8.49282,69,70,63,842,2800,0.476055,22,11.6242,0,0,215658521362
26.3135,38.0033,8.49282,69,70,63,842,2800,0.476055,22,11.6242,0,0,215696525712
26.2025,38.1642,8.49282,69,70,63,842,2800,0.476055,22,11.6242,0,0,215734690112
26.259,38.0822,8.49282,69,70,63,842,2800,0.476055,22,11.6242,0,0,215772771978
26.8577,37.2333,8.49282,69,70,63,842,2800,0.476055,22,11.6242,0,0,215810005773
26.3982,37.8813,8.49282,69,70,63,842,2800,0.476055,22,11.6242,0,0,215847886661
28.4997,35.0881,8.49282,69,70,63,842,2800,0.476055,22,11.6242,0,0,215882974852
29.5031,33.8947,8.49282,69,70,63,842,2800,0.476055,22,11.6242,0,0,215916869926
25.6034,39.0573,8.49282,69,70,63,842,2800,0.476055,22,11.6242,0,0,215955928002
28.7242,34.8139,8.49282,69,70,63,842,2800,0.476055,22,11.6242,0,0,215990741879
30.1004,33.2222,8.49282,69,70,63,842,2800,0.476055,22,11.6242,0,0,216023965474
32.2374,31.0198,8.49282,69,70,63,842,2800,0.476055,22,11.6242,0,0,216054984263
31.0467,32.2095,8.49282,69,70,63,842,2800,0.476055,22,11.6242,0,0,216087199888
33.517,29.8356,7.5495,69,71,66,1251,2800,0.476055,19,11.6192,0,0,216117029758
37.1336,26.9298,7.5495,69,71,66,1251,2800,0.476055,19,11.6192,0,0,216143962034
33.663,29.7062,7.5495,69,71,66,1251,2800,0.476055,19,11.6192,0,0,216173666620
34.5803,28.9182,7.5495,69,71,66,1251,2800,0.476055,19,11.6192,0,0,216202586854
34.838,28.7043,7.5495,69,71,66,1251,2800,0.476055,19,11.6192,0,0,216231290212
34.1263,29.3029,7.5495,69,71,66,1251,2800,0.476055,19,11.6192,0,0,216260594346
30.4834,32.8047,7.5495,69,71,66,1251,2800,0.476055,19,11.6192,0,0,216293400267
30.174,33.1412,7.5495,69,71,66,1251,2800,0.476055,19,11.6192,0,0,216326541247
35.2145,28.3974,7.5495,69,71,66,1251,2800,0.476055,19,11.6192,0,0,216354937258
34.0457,29.3723,7.5495,69,71,66,1251,2800,0.476055,19,11.6192,0,0,216384311705
37.1093,26.9475,7.5495,69,71,66,1251,2800,0.476055,19,11.6192,0,0,216411259209
35.4164,28.2355,7.5495,69,71,66,1251,2800,0.476055,19,11.6192,0,0,216439493808
34.7224,28.7999,7.5495,69,71,66,1251,2800,0.476055,19,11.6192,0,0,216468296001
36.058,27.7331,7.5495,69,71,66,1251,2800,0.476055,19,11.6192,0,0,216496028488
34.4755,29.0061,7.5495,69,71,66,1251,2800,0.476055,19,11.6192,0,0,216525034684
32.0499,31.2013,7.5495,69,71,66,1251,2800,0.476055,19,11.6192,0,0,216556237228
34.3505,29.1116,7.5495,69,71,66,1251,2800,0.476055,19,11.6192,0,0,216585348521
35.5067,28.1637,7.5495,69,71,66,1251,2800,0.476055,19,11.6192,0,0,216613518408
35.499,28.1698,7.44298,69,74,67,1511,2800,0.476055,23,11.6195,0,0,216641682875
36.2446,27.5903,7.44298,69,74,67,1511,2800,0.476055,23,11.6195,0,0,216669274268
35.2549,28.3649,7.44298,69,74,67,1511,2800,0.476055,23,11.6195,0,0,216697639572
33.8482,29.5436,7.44298,69,74,67,1511,2800,0.476055,23,11.6195,0,0,216727184247
34.5252,28.9643,7.44298,69,74,67,1511,2800,0.476055,23,11.6195,0,0,216756148233
34.4449,29.0319,7.44298,69,74,67,1511,2800,0.476055,23,11.6195,0,0,216785178725
39.1878,25.5181,7.44298,69,74,67,1511,2800,0.476055,23,11.6195,0,0,216810700065
33.8367,29.5538,7.44298,69,74,67,1511,2800,0.476055,23,11.6195,0,0,216840253557
32.3022,30.9576,7.44298,69,74,67,1511,2800,0.476055,23,11.6195,0,0,216871208998
31.5749,31.6708,7.44298,69,74,67,1511,2800,0.476055,23,11.6195,0,0,216902880242
27.4658,36.4089,7.44298,69,74,67,1511,2800,0.476055,23,11.6195,0,0,216939290352
29.6794,33.6934,7.44298,69,74,67,1511,2800,0.476055,23,11.6195,0,0,216972985791
28.6456,34.9094,7.44298,69,74,67,1511,2800,0.476055,23,11.6195,0,0,217007894856
29.0606,34.4108,7.44298,69,74,67,1511,2800,0.476055,23,11.6195,0,0,217042304084
27.7796,35.9976,7.44298,69,74,67,1511,2800,0.476055,23,11.6195,0,0,217078301611
30.4518,32.8387,7.44298,69,74,67,1511,2800,0.476055,23,11.6195,0,0,217111142818
27.2956,36.6359,7.44298,69,74,67,1511,2800,0.476055,23,11.6195,0,0,217147781137
27.8201,35.9452,7.13436,70,70,66,1109,2800,0.476055,25,11.6223,0,0,217183723099
27.8581,35.8962,7.13436,70,70,66,1109,2800,0.476055,25,11.6223,0,0,217219618554
25.1773,39.7183,7.13436,70,70,66,1109,2800,0.476055,25,11.6223,0,0,217259336718
25.8639,38.6639,7.13436,70,70,66,1109,2800,0.476055,25,11.6223,0,0,217298000915
25.7353,38.8571,7.13436,70,70,66,1109,2800,0.476055,25,11.6223,0,0,217336858656
25.335,39.471,7.13436,70,70,66,1109,2800,0.476055,25,11.6223,0,0,217376329716
25.6482,38.9891,7.13436,70,70,66,1109,2800,0.476055,25,11.6223,0,0,217415319484
27.1563,36.8239,7.13436,70,70,66,1109,2800,0.476055,25,11.6223,0,0,217452143941
29.461,33.9431,7.13436,70,70,66,1109,2800,0.476055,25,11.6223,0,0,217486086855
26.3685,37.924,7.13436,70,70,66,1109,2800,0.476055,25,11.6223,0,0,217524010574
25.9185,38.5825,7.13436,70,70,66,1109,2800,0.476055,25,11.6223,0,0,217562593138
25.2564,39.5939,7.13436,70,70,66,1109,2800,0.476055,25,11.6223,0,0,217602187500
24.0157,41.6394,7.13436,70,70,66,1109,2800,0.476055,25,11.6223,0,0,217643827037
22.5221,44.4009,7.13436,70,70,66,1109,2800,0.476055,25,11.6223,0,0,217688231108
24.1067,41.4823,8.88889,69,71,65,800,2800,0.476055,20,11.6344,0,0,217729710224
25.964,38.5149,8.88889,69,71,65,800,2800,0.476055,20,11.6344,0,0,217768226554
27.1018,36.8979,8.88889,69,71,65,800,2800,0.476055,20,11.6344,0,0,217805124119
28.6489,34.9053,8.88889,69,71,65,800,2800,0.476055,20,11.6344,0,0,217840031190
28.3622,35.2582,8.88889,69,71,65,800,2800,0.476055,20,11.6344,0,0,217875288148
30.2681,33.0381,8.88889,69,71,65,800,2800,0.476055,20,11.6344,0,0,217908327307
29.8714,33.4769,8.88889,69,71,65,800,2800,0.476055,20,11.6344,0,0,217941803044
29.1873,34.2615,8.88889,69,71,65,800,2800,0.476055,20,11.6344,0,0,217976066369
30.0655,33.2607,8.88889,69,71,65,800,2800,0.476055,20,11.6344,0,0,218009328445
30.8669,32.3972,8.88889,69,71,65,800,2800,0.476055,20,11.6344,0,0,218041723676
28.6249,34.9346,8.88889,69,71,65,800,2800,0.476055,20,11.6344,0,0,218076659482
31.3699,31.8777,8.88889,69,71,65,800,2800,0.476055,20,11.6344,0,0,218108537884
29.3723,34.0456,8.88889,69,71,65,800,2800,0.476055,20,11.6344,0,0,218142584482
31.9165,31.3318,8.88889,69,71,65,800,2800,0.476055,20,11.6344,0,0,218173917130
31.9161,31.3322,8.88889,69,71,65,800,2800,0.476055,20,11.6344,0,0,218205255028
31.8587,31.3886,6.24235,68,71,66,1377,2800,0.476055,21,11.6349,0,0,218236636939
31.1761,32.0758,6.24235,68,71,66,1377,2800,0.476055,21,11.6349,0,0,218268713312
33.8735,29.5216,6.24235,68,71,66,1377,2800,0.476055,21,11.6349,0,0,218298236267
33.0932,30.2177,6.24235,68,71,66,1377,2800,0.476055,21,11.6349,0,0,218328454746
34.1059,29.3204,6.24235,68,71,66,1377,2800,0.476055,21,11.6349,0,0,218357775692
29.0567,34.4155,6.24235,68,71,66,1377,2800,0.476055,21,11.6349,0,0,218392190521
31.3965,31.8507,6.24235,68,71,66,1377,2800,0.476055,21,11.6349,0,0,218424042152
32.5593,30.7132,6.24235,68,71,66,1377,2800,0.476055,21,11.6349,0,0,218454755840
31.7025,31.5433,6.24235,68,71,66,1377,2800,0.476055,21,11.6349,0,0,218486299163
32.3209,30.9397,6.24235,68,71,66,1377,2800,0.476055,21,11.6349,0,0,218517239166
31.9036,31.3444,6.24235,68,71,66,1377,2800,0.476055,21,11.6349,0,0,218548584878
26.6673,37.4991,6.24235,68,71,66,1377,2800,0.476055,21,11.6349,0,0,218586084261
30.2066,33.1054,6.24235,68,71,66,1377,2800,0.476055,21,11.6349,0,0,218619190255
32.1705,31.0844,6.24235,68,71,66,1377,2800,0.476055,21,11.6349,0,0,218650274678
33.108,30.2042,6.24235,68,71,66,1377,2800,0.476055,21,11.6349,0,0,218680479211
34.7273,28.7958,6.24235,68,71,66,1377,2800,0.476055,21,11.6349,0,0,218709280152
30.7108,32.5619,7.76942,69,75,67,1727,2800,0.476055,20,11.6318,0,0,218741838429
31.235,32.0153,7.76942,69,75,67,1727,2800,0.476055,20,11.6318,0,0,218773853227
33.4571,29.8891,7.76942,69,75,67,1727,2800,0.476055,20,11.6318,0,0,218803742959
32.667,30.6119,7.76942,69,75,67,1727,2800,0.476055,20,11.6318,0,0,218834354996
35.0773,28.5085,7.76942,69,75,67,1727,2800,0.476055,20,11.6318,0,0,218862863218
33.1744,30.1437,7.76942,69,75,67,1727,2800,0.476055,20,11.6318,0,0,218893008720
32.9685,30.3319,7.76942,69,75,67,1727,2800,0.476055,20,11.6318,0,0,218923340281
32.9466,30.3521,7.76942,69,75,67,1727,2800,0.476055,20,11.6318,0,0,218953692912
33.3461,29.9885,7.76942,69,75,67,1727,2800,0.476055,20,11.6318,0,0,218983682622
35.5255,28.1488,7.76942,69,75,67,1727,2800,0.476055,20,11.6318,0,0,219011830929
32.9788,30.3225,7.76942,69,75,67,1727,2800,0.476055,20,11.6318,0,0,219042153974
34.6961,28.8217,7.76942,69,75,67,1727,2800,0.476055,20,11.6318,0,0,219070975493
32.5674,30.7056,7.76942,69,75,67,1727,2800,0.476055,20,11.6318,0,0,219101681757
35.1721,28.4316,7.76942,69,75,67,1727,2800,0.476055,20,11.6318,0,0,219130113555
33.4771,29.8712,7.76942,69,75,67,1727,2800,0.476055,20,11.6318,0,0,219159985865
32.9516,30.3475,7.76942,69,75,67,1727,2800,0.476055,20,11.6318,0,0,219190333576
31.881,31.3667,7.76942,69,75,67,1727,2800,0.476055,20,11.6318,0,0,219221705659
30.5063,32.7801,7.42574,70,70,68,2089,2800,0.476055,24,11.6347,0,0,219254481444
32.5129,30.757,7.42574,70,70,68,2089,2800,0.476055,24,11.6347,0,0,219285236439
37.0086,27.0208,7.42574,70,70,68,2089,2800,0.476055,24,11.6347,0,0,219312258123
33.3196,30.0124,7.42574,70,70,68,2089,2800,0.476055,24,11.6347,0,0,219342271567
34.825,28.715,7.42574,70,70,68,2089,2800,0.476055,24,11.6347,0,0,219370987949
33.5776,29.7817,7.42574,70,70,68,2089,2800,0.476055,24,11.6347,0,0,219400768898
33.8401,29.5507,7.42574,70,70,68,2089,2800,0.476055,24,11.6347,0,0,219430320436
32.2616,30.9966,7.42574,70,70,68,2089,2800,0.476055,24,11.6347,0,0,219461319008
32.5652,30.7077,7.42574,70,70,68,2089,2800,0.476055,24,11.6347,0,0,219492026605
32.8383,30.4523,7.42574,70,70,68,2089,2800,0.476055,24,11.6347,0,0,219522479032
31.8174,31.4293,7.42574,70,70,68,2089,2800,0.476055,24,11.6347,0,0,219553905687
31.638,31.6076,7.42574,70,70,68,2089,2800,0.476055,24,11.6347,0,0,219585515565
32.0621,31.1895,7.42574,70,70,68,2089,2800,0.476055,24,11.6347,0,0,219616705476
34.5194,28.9692,7.42574,70,70,68,2089,2800,0.476055,24,11.6347,0,0,219645674863
30.2887,33.0156,7.42574,70,70,68,2089,2800,0.476055,24,11.6347,0,0,219678691529
33.1233,30.1902,7.42574,70,70,68,2089,2800,0.476055,24,11.6347,0,0,219708881775
32.304,30.956,7.42574,70,70,68,2089,2800,0.476055,24,11.6347,0,0,219739845712
33.8171,29.5709,10.6748,70,70,68,1856,2800,0.476059,28,11.6325,0,0,219769409564
30.4834,32.8047,10.6748,70,70,68,1856,2800,0.476059,28,11.6325,0,0,219802218210
33.0512,30.2561,10.6748,70,70,68,1856,2800,0.476059,28,11.6325,0,0,219832470342
36.4752,27.4159,10.6748,70,70,68,1856,2800,0.476059,28,11.6325,0,0,219859886376
33.1075,30.2047,10.6748,70,70,68,1856,2800,0.476059,28,11.6325,0,0,219890091720
33.2811,30.047,10.6748,70,70,68,1856,2800,0.476059,28,11.6325,0,0,219920139359
28.112,35.572,10.6748,70,70,68,1856,2800,0.476059,28,11.6325,0,0,219955712169
34.0618,29.3584,10.6748,70,70,68,1856,2800,0.476059,28,11.6325,0,0,219985069453
31.9538,31.2952,10.6748,70,70,68,1856,2800,0.476059,28,11.6325,0,0,220016365372
36.5412,27.3664,10.6748,70,70,68,1856,2800,0.476059,28,11.6325,0,0,220043731973
32.3462,30.9156,10.6748,70,70,68,1856,2800,0.476059,28,11.6325,0,0,220074648802
34.5759,28.9219,10.6748,70,70,68,1856,2800,0.476059,28,11.6325,0,0,220103570459
33.9565,29.4495,10.6748,70,70,68,1856,2800,0.476059,28,11.6325,0,0,220133019485
29.7999,33.5572,10.6748,70,70,68,1856,2800,0.476059,28,11.6325,0,0,220166575964
34.2543,29.1934,10.6748,70,70,68,1856,2800,0.476059,28,11.6325,0,0,220195770352
27.1005,36.8997,10.6748,70,70,68,1856,2800,0.476059,28,11.6325,0,0,220232671654
30.2831,33.0217,10.6748,70,70,68,1856,2800,0.476059,28,11.6325,0,0,220265705072
28.0145,35.6959,8.56454,69,70,69,1465,2800,0.476055,27,11.6335,0,0,220301389792
27.4458,36.4355,8.56454,69,70,69,1465,2800,0.476055,27,11.6335,0,0,220337825971
29.2162,34.2275,8.56454,69,70,69,1465,2800,0.476055,27,11.6335,0,0,220372052386
31.1747,32.0773,8.56454,69,70,69,1465,2800,0.476055,27,11.6335,0,0,220404131815
34.5481,28.9451,8.56454,69,70,69,1465,2800,0.476055,27,11.6335,0,0,220433076245
32.334,30.9272,8.56454,69,70,69,1465,2800,0.476055,27,11.6335,0,0,220464004695
34.4336,29.0414,8.56454,69,70,69,1465,2800,0.476055,27,11.6335,0,0,220493046558
30.1682,33.1475,8.56454,69,70,69,1465,2800,0.476055,27,11.6335,0,0,220526192066
33.1052,30.2068,8.56454,69,70,69,1465,2800,0.476055,27,11.6335,0,0,220556401848
32.5312,30.7398,8.56454,69,70,69,1465,2800,0.476055,27,11.6335,0,0,220587141655
31.8706,31.3769,8.56454,69,70,69,1465,2800,0.476055,27,11.6335,0,0,220618518156
35.9313,27.8309,8.56454,69,70,69,1465,2800,0.476055,27,11.6335,0,0,220646349959
32.6762,30.6033,8.56454,69,70,69,1465,2800,0.476055,27,11.6335,0,0,220676953260
31.7414,31.5046,8.56454,69,70,69,1465,2800,0.476055,27,11.6335,0,0,220708458943
30.7463,32.5242,8.56454,69,70,69,1465,2800,0.476055,27,11.6335,0,0,220740984458
31.0031,32.2548,8.56454,69,70,69,1465,2800,0.476055,27,11.6335,0,0,220773244005
32.0502,31.2011,17.0854,69,75,69,2334,2800,0.481434,29,11.6312,0,0,220804439656
31.0146,32.2429,17.0854,69,75,69,2334,2800,0.481434,29,11.6312,0,0,220836681129
31.4038,31.8433,17.0854,69,75,69,2334,2800,0.481434,29,11.6312,0,0,220868527331
32.0327,31.2181,17.0854,69,75,69,2334,2800,0.481434,29,11.6312,0,0,220899745695
32.8743,30.4189,17.0854,69,75,69,2334,2800,0.481434,29,11.6312,0,0,220930164499
31.64,31.6055,17.0854,69,75,69,2334,2800,0.481434,29,11.6312,0,0,220961772444
27.9905,35.7264,17.0854,69,75,69,2334,2800,0.481434,29,11.6312,0,0,220997497921
29.1554,34.2989,17.0854,69,75,69,2334,2800,0.481434,29,11.6312,0,0,221031795860
34.6115,28.8922,17.0854,69,75,69,2334,2800,0.481434,29,11.6312,0,0,221060688973
31.2059,32.0452,17.0854,69,75,69,2334,2800,0.481434,29,11.6312,0,0,221092735180
31.6333,31.6123,17.0854,69,75,69,2334,2800,0.481434,29,11.6312,0,0,221124347493
33.9744,29.4339,17.0854,69,75,69,2334,2800,0.481434,29,11.6312,0,0,221153782002
32.4964,30.7726,17.0854,69,75,69,2334,2800,0.481434,29,11.6312,0,0,221184554339
37.45,26.7022,17.0854,69,75,69,2334,2800,0.481434,29,11.6312,0,0,221211258328
33.4607,29.8858,17.0854,69,75,69,2334,2800,0.481434,29,11.6312,0,0,221241141748
33.2769,30.0509,17.0854,69,75,69,2334,2800,0.481434,29,11.6312,0,0,221271194477
33.2622,30.0641,17.0854,69,75,69,2334,2800,0.481434,29,11.6312,0,0,221301264036
32.0029,31.2471,9.98797,70,74,69,2365,2800,0.481415,33,11.5871,0,0,221332505714
32.2061,31.05,9.98797,70,74,69,2365,2800,0.481415,33,11.5871,0,0,221363556324
31.9698,31.2795,9.98797,70,74,69,2365,2800,0.481415,33,11.5871,0,0,221394835832
31.4635,31.7828,9.98797,70,74,69,2365,2800,0.481415,33,11.5871,0,0,221426619817
29.586,33.7998,9.98797,70,74,69,2365,2800,0.481415,33,11.5871,0,0,221460419993
32.1956,31.0602,9.98797,70,74,69,2365,2800,0.481415,33,11.5871,0,0,221491480792
31.2378,32.0125,9.98797,70,74,69,2365,2800,0.481415,33,11.5871,0,0,221523492203
28.0265,35.6805,9.98797,70,74,69,2365,2800,0.481415,33,11.5871,0,0,221559174208
29.9886,33.346,9.98797,70,74,69,2365,2800,0.481415,33,11.5871,0,0,221592520873
30.0794,33.2454,9.98797,70,74,69,2365,2800,0.481415,33,11.5871,0,0,221625766930
30.7613,32.5083,9.98797,70,74,69,2365,2800,0.481415,33,11.5871,0,0,221658275774
32.2499,31.0079,9.98797,70,74,69,2365,2800,0.481415,33,11.5871,0,0,221689283112
34.2261,29.2175,9.98797,70,74,69,2365,2800,0.481415,33,11.5871,0,0,221718502097
34.9727,28.5937,9.98797,70,74,69,2365,2800,0.481415,33,11.5871,0,0,221747095929
36.6803,27.2626,9.98797,70,74,69,2365,2800,0.481415,33,11.5871,0,0,221774359106
32.5324,30.7386,9.98797,70,74,69,2365,2800,0.481415,33,11.5871,0,0,221805101448
33.9553,29.4504,9.57179,70,72,67,1850,2800,0.481415,36,11.6033,0,0,221834548170
32.8941,30.4006,9.57179,70,72,67,1850,2800,0.481415,36,11.6033,0,0,221864950083
35.3125,28.3185,9.57179,70,72,67,1850,2800,0.481415,36,11.6033,0,0,221893267066
32.5519,30.7202,9.57179,70,72,67,1850,2800,0.481415,36,11.6033,0,0,221923989370
32.2715,30.9871,9.57179,70,72,67,1850,2800,0.481415,36,11.6033,0,0,221954976600
29.5473,33.844,9.57179,70,72,67,1850,2800,0.481415,36,11.6033,0,0,221988820107
33.1523,30.1638,9.57179,70,72,67,1850,2800,0.481415,36,11.6033,0,0,222018983844
31.1147,32.1392,9.57179,70,72,67,1850,2800,0.481415,36,11.6033,0,0,222051124317
31.9482,31.3007,9.57179,70,72,67,1850,2800,0.481415,36,11.6033,0,0,222082424945
34.1442,29.2875,9.57179,70,72,67,1850,2800,0.481415,36,11.6033,0,0,222111714052
31.4701,31.7762,9.57179,70,72,67,1850,2800,0.481415,36,11.6033,0,0,222143490532
35.9589,27.8095,9.57179,70,72,67,1850,2800,0.481415,36,11.6033,0,0,222171297729
34.6108,28.8927,9.57179,70,72,67,1850,2800,0.481415,36,11.6033,0,0,222200192977
34.4304,29.0441,9.57179,70,72,67,1850,2800,0.481415,36,11.6033,0,0,222229235100
36.6798,27.2629,9.57179,70,72,67,1850,2800,0.481415,36,11.6033,0,0,222256500060
35.2549,28.3649,9.57179,70,72,67,1850,2800,0.481415,36,11.6033,0,0,222284865404
37.0519,26.9892,9.57179,70,72,67,1850,2800,0.481415,36,11.6033,0,0,222311866530
29.1444,34.3119,7.72105,69,73,67,2010,2800,0.481415,26,11.6034,0,0,222346165300
30.0633,33.2631,7.72105,69,73,67,2010,2800,0.481415,26,11.6034,0,0,222379430904
31.9626,31.2866,7.72105,69,73,67,2010,2800,0.481415,26,11.6034,0,0,222410718468
31.5647,31.681,7.72105,69,73,67,2010,2800,0.481415,26,11.6034,0,0,222442399149
29.1469,34.309,7.72105,69,73,67,2010,2800,0.481415,26,11.6034,0,0,222476709101
25.1355,39.7844,7.72105,69,73,67,2010,2800,0.481415,26,11.6034,0,0,222516493278
27.8028,35.9676,7.72105,69,73,67,2010,2800,0.481415,26,11.6034,0,0,222552461780
30.0982,33.2246,7.72105,69,73,67,2010,2800,0.481415,26,11.6034,0,0,222585685926
29.3843,34.0318,7.72105,69,73,67,2010,2800,0.481415,26,11.6034,0,0,222619719139
28.4456,35.1548,7.72105,69,73,67,2010,2800,0.481415,26,11.6034,0,0,222654872733
28.8659,34.643,7.72105,69,73,67,2010,2800,0.481415,26,11.6034,0,0,222689516641
27.9326,35.8004,7.72105,69,73,67,2010,2800,0.481415,26,11.6034,0,0,222725315926
29.16,34.2936,7.72105,69,73,67,2010,2800,0.481415,26,11.6034,0,0,222759612993
28.9961,34.4874,7.72105,69,73,67,2010,2800,0.481415,26,11.6034,0,0,222794100919
30.4806,32.8078,7.72105,69,73,67,2010,2800,0.481415,26,11.6034,0,0,222826911058
32.07,31.1818,8.17073,69,77,67,1335,2800,0.481415,27,11.6044,0,0,222858090569
32.4423,30.824,8.17073,69,77,67,1335,2800,0.481415,27,11.6044,0,0,222888914804
30.0158,33.3158,8.17073,69,77,67,1335,2800,0.481415,27,11.6044,0,0,222922230932
30.8771,32.3865,8.17073,69,77,67,1335,2800,0.481415,27,11.6044,0,0,222954618118
33.9393,29.4644,8.17073,69,77,67,1335,2800,0.481415,27,11.6044,0,0,222984083325
32.7605,30.5246,8.17073,69,77,67,1335,2800,0.481415,27,11.6044,0,0,223014607397
36.1984,27.6255,8.17073,69,77,67,1335,2800,0.481415,27,11.6044,0,0,223042233374
33.8758,29.5196,8.17073,69,77,67,1335,2800,0.481415,27,11.6044,0,0,223071753624
31.509,31.737,8.17073,69,77,67,1335,2800,0.481415,27,11.6044,0,0,223103490971
31.174,32.078,8.17073,69,77,67,1335,2800,0.481415,27,11.6044,0,0,223135570130
33.7442,29.6347,8.17073,69,77,67,1335,2800,0.481415,27,11.6044,0,0,223165204694
32.2283,31.0287,8.17073,69,77,67,1335,2800,0.481415,27,11.6044,0,0,223196233582
30.8019,32.4656,8.17073,69,77,67,1335,2800,0.481415,27,11.6044,0,0,223228700087
26.9503,37.1053,8.17073,69,77,67,1335,2800,0.481415,27,11.6044,0,0,223265805351
30.9461,32.3142,8.17073,69,77,67,1335,2800,0.481415,27,11.6044,0,0,223298119159
32.4571,30.8099,8.17073,69,77,67,1335,2800,0.481415,27,11.6044,0,0,223328938064
30.7108,32.5618,7.99001,68,70,67,1422,2800,0.481415,24,11.6049,0,0,223361493506
30.0192,33.312,7.99001,68,70,67,1422,2800,0.481415,24,11.6049,0,0,223394805667
29.8268,33.5268,7.99001,68,70,67,1422,2800,0.481415,24,11.6049,0,0,223428332380
28.5066,35.0797,7.99001,68,70,67,1422,2800,0.481415,24,11.6049,0,0,223463412997
27.192,36.7755,7.99001,68,70,67,1422,2800,0.481415,24,11.6049,0,0,223500187851
30.2307,33.0789,7.99001,68,70,67,1422,2800,0.481415,24,11.6049,0,0,223533267115
28.7408,34.7938,7.99001,68,70,67,1422,2800,0.481415,24,11.6049,0,0,223568063469
29.2553,34.1818,7.99001,68,70,67,1422,2800,0.481415,24,11.6049,0,0,223602244549
28.7098,34.8313,7.99001,68,70,67,1422,2800,0.481415,24,11.6049,0,0,223637074927
31.3771,31.8704,7.99001,68,70,67,1422,2800,0.481415,24,11.6049,0,0,223668946516
29.763,33.5988,7.99001,68,70,67,1422,2800,0.481415,24,11.6049,0,0,223702545224
31.4046,31.8425,7.99001,68,70,67,1422,2800,0.481415,24,11.6049,0,0,223734387308
31.4343,31.8124,7.99001,68,70,67,1422,2800,0.481415,24,11.6049,0,0,223766200277
31.1808,32.071,7.99001,68,70,67,1422,2800,0.481415,24,11.6049,0,0,223798272352
32.9681,30.3324,7.99001,68,70,67,1422,2800,0.481415,24,11.6049,0,0,223828604193
33.2014,30.1192,7.99001,68,70,67,1422,2800,0.481415,24,11.6049,0,0,223858729438
33.881,29.5151,9.65435,69,71,66,1232,2800,0.477978,25,11.6028,0,0,223888239528
32.8437,30.4473,9.65435,69,71,66,1232,2800,0.477978,25,11.6028,0,0,223918688359
34.0597,29.3602,9.65435,69,71,66,1232,2800,0.477978,25,11.6028,0,0,223948046505
34.7713,28.7594,9.65435,69,71,66,1232,2800,0.477978,25,11.6028,0,0,223976807060
33.9395,29.4642,9.65435,69,71,66,1232,2800,0.477978,25,11.6028,0,0,224006271234
35.8198,27.9175,9.65435,69,71,66,1232,2800,0.477978,25,11.6028,0,0,224034190692
35.4279,28.2263,9.65435,69,71,66,1232,2800,0.477978,25,11.6028,0,0,224062417967
33.5094,29.8424,9.65435,69,71,66,1232,2800,0.477978,25,11.6028,0,0,224092259499
33.7976,29.5879,9.65435,69,71,66,1232,2800,0.477978,25,11.6028,0,0,224121847255
32.1173,31.1358,9.65435,69,71,66,1232,2800,0.477978,25,11.6028,0,0,224152983435
33.6281,29.737,9.65435,69,71,66,1232,2800,0.477978,25,11.6028,0,0,224182721974
38.6475,25.8749,9.65435,69,71,66,1232,2800,0.477978,25,11.6028,0,0,224208597769
34.1212,29.3073,9.65435,69,71,66,1232,2800,0.477978,25,11.6028,0,0,224237904328
35.8532,27.8915,9.65435,69,71,66,1232,2800,0.477978,25,11.6028,0,0,224265796906
36.6494,27.2855,9.65435,69,71,66,1232,2800,0.477978,25,11.6028,0,0,224293083246
35.5312,28.1443,9.65435,69,71,66,1232,2800,0.477978,25,11.6028,0,0,224321227405
34.8671,28.6803,9.65435,69,71,66,1232,2800,0.477978,25,11.6028,0,0,224349907830
38.3934,26.0462,9.65435,69,71,66,1232,2800,0.477978,25,11.6028,0,0,224375962460
34.5603,28.9349,6.96821,68,71,67,2109,2800,0.477978,21,11.6023,0,0,224404888966
35.4387,28.2177,6.96821,68,71,67,2109,2800,0.477978,21,11.6023,0,0,224433106513
33.1626,30.1544,6.96821,68,71,67,2109,2800,0.477978,21,11.6023,0,0,224463262445
36.0128,27.7679,6.96821,68,71,67,2109,2800,0.477978,21,11.6023,0,0,224491030679
32.6884,30.5919,6.96821,68,71,67,2109,2800,0.477978,21,11.6023,0,0,224521623319
35.2324,28.383,6.96821,68,71,67,2109,2800,0.477978,21,11.6023,0,0,224550005765
38.9269,25.6892,6.96821,68,71,67,2109,2800,0.477978,21,11.6023,0,0,224575696804
35.0272,28.5492,6.96821,68,71,67,2109,2800,0.477978,21,11.6023,0,0,224604245281
34.8289,28.7118,6.96821,68,71,67,2109,2800,0.477978,21,11.6023,0,0,224632956383
37.5032,26.6644,6.96821,68,71,67,2109,2800,0.477978,21,11.6023,0,0,224659621449
34.4035,29.0668,6.96821,68,71,67,2109,2800,0.477978,21,11.6023,0,0,224688688368
34.5284,28.9617,6.96821,68,71,67,2109,2800,0.477978,21,11.6023,0,0,224717652545
37.9934,26.3203,6.96821,68,71,67,2109,2800,0.477978,21,11.6023,0,0,224743972904
35.0742,28.511,6.96821,68,71,67,2109,2800,0.477978,21,11.6023,0,0,224772483670
36.8748,27.1188,6.96821,68,71,67,2109,2800,0.477978,21,11.6023,0,0,224799603819
36.1163,27.6884,6.96821,68,71,67,2109,2800,0.477978,21,11.6023,0,0,224827293316
35.3372,28.2988,6.96821,68,71,67,2109,2800,0.477978,21,11.6023,0,0,224855591614
36.7218,27.2318,6.96821,68,71,67,2109,2800,0.477978,21,11.6023,0,0,224882828702
39.2682,25.4659,7.40276,69,74,69,2369,2800,0.477978,27,11.5924,0,0,224908290450
35.2887,28.3377,7.40276,69,74,69,2369,2800,0.477978,27,11.5924,0,0,224936628222
35.7049,28.0074,7.40276,69,74,69,2369,2800,0.477978,27,11.5924,0,0,224964636336
36.0307,27.7541,7.40276,69,74,69,2369,2800,0.477978,27,11.5924,0,0,224992390905
36.1345,27.6744,7.40276,69,74,69,2369,2800,0.477978,27,11.5924,0,0,225020064311
38.5562,25.9362,7.40276,69,74,69,2369,2800,0.477978,27,11.5924,0,0,225046001962
36.6618,27.2764,7.40276,69,74,69,2369,2800,0.477978,27,11.5924,0,0,225073277983
35.83,27.9096,7.40276,69,74,69,2369,2800,0.477978,27,11.5924,0,0,225101188744
35.2831,28.3422,7.40276,69,74,69,2369,2800,0.477978,27,11.5924,0,0,225129531406
36.515,27.386,7.40276,69,74,69,2369,2800,0.477978,27,11.5924,0,0,225156917874
35.7078,28.0051,7.40276,69,74,69,2369,2800,0.477978,27,11.5924,0,0,225184923884
30.8822,32.3811,7.40276,69,74,69,2369,2800,0.477978,27,11.5924,0,0,225217304948
41.3572,24.1796,7.40276,69,74,69,2369,2800,0.477978,27,11.5924,0,0,225241483932
33.2475,30.0775,7.40276,69,74,69,2369,2800,0.477978,27,11.5924,0,0,225271562127
37.1745,26.9002,7.40276,69,74,69,2369,2800,0.477978,27,11.5924,0,0,225298463897
35.5952,28.0937,7.40276,69,74,69,2369,2800,0.477978,27,11.5924,0,0,225326556850
33.0536,30.2539,7.40276,69,74,69,2369,2800,0.477978,27,11.5924,0,0,225356811426
32.0411,31.2099,7.40276,69,74,69,2369,2800,0.477978,27,11.5924,0,0,225388026785
30.0621,33.2644,7.02635,70,69,68,2160,2800,0.477978,34,11.5923,0,0,225421285656
28.9918,34.4926,7.02635,70,69,68,2160,2800,0.477978,34,11.5923,0,0,225455779212
30.4929,32.7945,7.02635,70,69,68,2160,2800,0.477978,34,11.5923,0,0,225488574443
32.8085,30.4799,7.02635,70,69,68,2160,2800,0.477978,34,11.5923,0,0,225519053611
35.246,28.372,7.02635,70,69,68,2160,2800,0.477978,34,11.5923,0,0,225547429374
36.1011,27.7,7.02635,70,69,68,2160,2800,0.477978,34,11.5923,0,0,225575127877
32.3744,30.8886,7.02635,70,69,68,2160,2800,0.477978,34,11.5923,0,0,225606017665
33.3541,29.9814,7.02635,70,69,68,2160,2800,0.477978,34,11.5923,0,0,225635999771
32.9024,30.393,7.02635,70,69,68,2160,2800,0.477978,34,11.5923,0,0,225666391034
35.9348,27.8281,7.02635,70,69,68,2160,2800,0.477978,34,11.5923,0,0,225694220563
35.1079,28.4837,7.02635,70,69,68,2160,2800,0.477978,34,11.5923,0,0,225722704810
36.0753,27.7198,7.02635,70,69,68,2160,2800,0.477978,34,11.5923,0,0,225750425705
37.452,26.7009,7.02635,70,69,68,2160,2800,0.477978,34,11.5923,0,0,225777127099
36.4321,27.4484,7.02635,70,69,68,2160,2800,0.477978,34,11.5923,0,0,225804574711
33.1223,30.1911,7.02635,70,69,68,2160,2800,0.477978,34,11.5923,0,0,225834767282
35.3273,28.3067,7.02635,70,69,68,2160,2800,0.477978,34,11.5923,0,0,225863073595
36.2924,27.554,7.02635,70,69,68,2160,2800,0.477978,34,11.5923,0,0,225890634100
35.9603,27.8085,10.0883,70,70,67,1832,2800,0.477978,31,11.6049,0,0,225918437089
34.2661,29.1833,10.0883,70,70,67,1832,2800,0.477978,31,11.6049,0,0,225947621759
32.713,30.5689,10.0883,70,70,67,1832,2800,0.477978,31,11.6049,0,0,225978190605
30.9049,32.3573,10.0883,70,70,67,1832,2800,0.477978,31,11.6049,0,0,226010548707
33.3592,29.9767,10.0883,70,70,67,1832,2800,0.477978,31,11.6049,0,0,226040525502
32.8229,30.4665,10.0883,70,70,67,1832,2800,0.477978,31,11.6049,0,0,226070991706
28.7344,34.8015,10.0883,70,70,67,1832,2800,0.477978,31,11.6049,0,0,226105793871
34.1542,29.279,10.0883,70,70,67,1832,2800,0.477978,31,11.6049,0,0,226135072978
34.405,29.0655,10.0883,70,70,67,1832,2800,0.477978,31,11.6049,0,0,226164139066
36.0597,27.7318,10.0883,70,70,67,1832,2800,0.477978,31,11.6049,0,0,226191871213
34.8715,28.6767,10.0883,70,70,67,1832,2800,0.477978,31,11.6049,0,0,226220548852
34.1707,29.2649,10.0883,70,70,67,1832,2800,0.477978,31,11.6049,0,0,226249813933
34.014,29.3997,10.0883,70,70,67,1832,2800,0.477978,31,11.6049,0,0,226279215069
36.5645,27.3489,10.0883,70,70,67,1832,2800,0.477978,31,11.6049,0,0,226306563566
32.6858,30.5943,10.0883,70,70,67,1832,2800,0.477978,31,11.6049,0,0,226337158732
32.4582,30.8089,10.0883,70,70,67,1832,2800,0.477978,31,11.6049,0,0,226367966977
34.6285,28.8779,10.0883,70,70,67,1832,2800,0.477978,31,11.6049,0,0,226396850262
33.711,29.6639,7.00876,69,70,69,2202,2800,0.477978,26,11.6054,0,0,226426510684
35.483,28.1825,7.00876,69,70,69,2202,2800,0.477978,26,11.6054,0,0,226454692905
33.8866,29.5102,7.00876,69,70,69,2202,2800,0.477978,26,11.6054,0,0,226484203096
35.0982,28.4915,7.00876,69,70,69,2202,2800,0.477978,26,11.6054,0,0,226512695327
35.4794,28.1853,7.00876,69,70,69,2202,2800,0.477978,26,11.6054,0,0,226540883519
31.0303,32.2266,7.00876,69,70,69,2202,2800,0.477978,26,11.6054,0,0,226573108180
36.2241,27.6059,7.00876,69,70,69,2202,2800,0.477978,26,11.6054,0,0,226600714421
34.5709,28.9261,7.00876,69,70,69,2202,2800,0.477978,26,11.6054,0,0,226629641267
36.6676,27.2721,7.00876,69,70,69,2202,2800,0.477978,26,11.6054,0,0,226656914533
32.6411,30.6362,7.00876,69,70,69,2202,2800,0.477978,26,11.6054,0,0,226687550515
33.5858,29.7745,7.00876,69,70,69,2202,2800,0.477978,26,11.6054,0,0,226717324661
35.6279,28.0679,7.00876,69,70,69,2202,2800,0.477978,26,11.6054,0,0,226745394020
32.347,30.9148,7.00876,69,70,69,2202,2800,0.477978,26,11.6054,0,0,226776308344
36.4719,27.4183,7.00876,69,70,69,2202,2800,0.477978,26,11.6054,0,0,226803726692
35.8612,27.8853,7.00876,69,70,69,2202,2800,0.477978,26,11.6054,0,0,226831613067
36.35,27.5103,7.00876,69,70,69,2202,2800,0.477978,26,11.6054,0,0,226859123738
34.3042,29.1509,7.00876,69,70,69,2202,2800,0.477978,26,11.6054,0,0,226888275958
29.262,34.174,7.00876,69,70,69,2202,2800,0.477978,26,11.6054,0,0,226922452650
32.0841,31.168,7.36715,69,76,67,1875,2800,0.477978,29,11.6108,0,0,226953617794
32.7304,30.5526,7.36715,69,76,67,1875,2800,0.477978,29,11.6108,0,0,226984171902
29.0097,34.4712,7.36715,69,76,67,1875,2800,0.477978,29,11.6108,0,0,227018643117
31.8577,31.3896,7.36715,69,76,67,1875,2800,0.477978,29,11.6108,0,0,227050032912
31.6665,31.5792,7.36715,69,76,67,1875,2800,0.477978,29,11.6108,0,0,227081612333
30.3305,32.9701,7.36715,69,76,67,1875,2800,0.477978,29,11.6108,0,0,227114581200
30.4225,32.8704,7.36715,69,76,67,1875,2800,0.477978,29,11.6108,0,0,227147452374
30.6029,32.6767,7.36715,69,76,67,1875,2800,0.477978,29,11.6108,0,0,227180130516
32.5853,30.6887,7.36715,69,76,67,1875,2800,0.477978,29,11.6108,0,0,227210818996
31.6538,31.5918,7.36715,69,76,67,1875,2800,0.477978,29,11.6108,0,0,227242411231
32.38,30.8833,7.36715,69,76,67,1875,2800,0.477978,29,11.6108,0,0,227273295318
33.4152,29.9265,7.36715,69,76,67,1875,2800,0.477978,29,11.6108,0,0,227303221630
33.4143,29.9273,7.36715,69,76,67,1875,2800,0.477978,29,11.6108,0,0,227333150025
31.2982,31.9507,7.36715,69,76,67,1875,2800,0.477978,29,11.6108,0,0,227365100131
34.952,28.6107,7.36715,69,76,67,1875,2800,0.477978,29,11.6108,0,0,227393714041
35.459,28.2016,7.36715,69,76,67,1875,2800,0.477978,29,11.6108,0,0,227421914576
34.7336,28.7905,7.36715,69,76,67,1875,2800,0.477978,29,11.6108,0,0,227450713082
39.6431,25.2251,7.89474,69,70,67,1608,2800,0.477978,27,11.611,0,0,227475930472
33.589,29.7716,7.89474,69,70,67,1608,2800,0.477978,27,11.611,0,0,227505702514
24.8862,40.1829,7.89474,69,70,67,1608,2800,0.477978,27,11.611,0,0,227545885610
31.8059,31.4407,7.89474,69,70,67,1608,2800,0.477978,27,11.611,0,0,227577326882
31.7864,31.4599,7.89474,69,70,67,1608,2800,0.477978,27,11.611,0,0,227608788112
31.2389,32.0114,7.89474,69,70,67,1608,2800,0.477978,27,11.611,0,0,227640799543
33.0735,30.2357,7.89474,69,70,67,1608,2800,0.477978,27,11.611,0,0,227671033902
33.4225,29.92,7.89474,69,70,67,1608,2800,0.477978,27,11.611,0,0,227700954522
33.8364,29.554,7.89474,69,70,67,1608,2800,0.477978,27,11.611,0,0,227730510238
32.4367,30.8292,7.89474,69,70,67,1608,2800,0.477978,27,11.611,0,0,227761340024
28.1204,35.5613,7.89474,69,70,67,1608,2800,0.477978,27,11.611,0,0,227796899298
26.9016,37.1725,7.89474,69,70,67,1608,2800,0.477978,27,11.611,0,0,227834073882
27.5029,36.3598,7.89474,69,70,67,1608,2800,0.477978,27,11.611,0,0,227870433949
28.1685,35.5007,7.89474,69,70,67,1608,2800,0.477978,27,11.611,0,0,227905935145
27.2838,36.6518,7.89474,69,70,67,1608,2800,0.477978,27,11.611,0,0,227942585926
25.1874,39.7025,7.89474,69,70,67,1608,2800,0.477978,27,11.611,0,0,227982291737
26.3901,37.893,9.53516,68,71,66,1018,2800,0.477978,24,11.619,0,0,228020181903
27.9467,35.7825,9.53516,68,71,66,1018,2800,0.477978,24,11.619,0,0,228055965007
27.3254,36.596,9.53516,68,71,66,1018,2800,0.477978,24,11.619,0,0,228092559994
25.8846,38.6329,9.53516,68,71,66,1018,2800,0.477978,24,11.619,0,0,228131193243
26.812,37.2967,9.53516,68,71,66,1018,2800,0.477978,24,11.619,0,0,228168489986
29.12,34.3407,9.53516,68,71,66,1018,2800,0.477978,24,11.619,0,0,228202830796
28.4991,35.0888,9.53516,68,71,66,1018,2800,0.477978,24,11.619,0,0,228237920690
28.7081,34.8334,9.53516,68,71,66,1018,2800,0.477978,24,11.619,0,0,228272753393
29.1558,34.2985,9.53516,68,71,66,1018,2800,0.477978,24,11.619,0,0,228307053025
30.055,33.2724,9.53516,68,71,66,1018,2800,0.477978,24,11.619,0,0,228340327164
30.4506,32.84,9.53516,68,71,66,1018,2800,0.477978,24,11.619,0,0,228373165967
27.8081,35.9607,9.53516,68,71,66,1018,2800,0.477978,24,11.619,0,0,228409128739
29.1065,34.3566,9.53516,68,71,66,1018,2800,0.477978,24,11.619,0,0,228443486280
29.7671,33.5941,9.53516,68,71,66,1018,2800,0.477978,24,11.619,0,0,228477078606
29.375,34.0426,9.53516,68,71,66,1018,2800,0.477978,24,11.619,0,0,228511128610
30.0836,33.2407,5.9952,68,76,66,1165,2800,0.477978,21,11.6193,0,0,228544365079
32.031,31.2197,5.9952,68,76,66,1165,2800,0.477978,21,11.6193,0,0,228575591478
31.3116,31.9371,5.9952,68,76,66,1165,2800,0.477978,21,11.6193,0,0,228607528480
30.5147,32.7711,5.9952,68,76,66,1165,2800,0.477978,21,11.6193,0,0,228640298544
32.5447,30.727,5.9952,68,76,66,1165,2800,0.477978,21,11.6193,0,0,228671027200
30.474,32.8148,5.9952,68,76,66,1165,2800,0.477978,21,11.6193,0,0,228703841336
33.1479,30.1679,5.9952,68,76,66,1165,2800,0.477978,21,11.6193,0,0,228734009681
32.0506,31.2007,5.9952,68,76,66,1165,2800,0.477978,21,11.6193,0,0,228765210312
33.1661,30.1513,5.9952,68,76,66,1165,2800,0.477978,21,11.6193,0,0,228795361796
33.9309,29.4716,5.9952,68,76,66,1165,2800,0.477978,21,11.6193,0,0,228824834236
31.6312,31.6144,5.9952,68,76,66,1165,2800,0.477978,21,11.6193,0,0,228856448462
29.0686,34.4014,5.9952,68,76,66,1165,2800,0.477978,21,11.6193,0,0,228890851098
32.3567,30.9055,5.9952,68,76,66,1165,2800,0.477978,21,11.6193,0,0,228921756595
32.389,30.8747,5.9952,68,76,66,1165,2800,0.477978,21,11.6193,0,0,228952633238
31.9054,31.3426,5.9952,68,76,66,1165,2800,0.477978,21,11.6193,0,0,228983975535
34.0004,29.4114,5.9952,68,76,66,1165,2800,0.477978,21,11.6193,0,0,229013391028
35.0343,28.5434,7.67296,69,70,67,1337,2800,0.477978,22,11.6322,0,0,229041930669
32.7742,30.5118,7.67296,69,70,67,1337,2800,0.477978,22,11.6322,0,0,229072442748
30.9627,32.2969,7.67296,69,70,67,1337,2800,0.477978,22,11.6322,0,0,229104740126
30.8681,32.3959,7.67296,69,70,67,1337,2800,0.477978,22,11.6322,0,0,229137135557
34.7354,28.7891,7.67296,69,70,67,1337,2800,0.477978,22,11.6322,0,0,229165926339
33.5228,29.8304,7.67296,69,70,67,1337,2800,0.477978,22,11.6322,0,0,229195757161
32.1835,31.0718,7.67296,69,70,67,1337,2800,0.477978,22,11.6322,0,0,229226829031
33.0519,30.2555,7.67296,69,70,67,1337,2800,0.477978,22,11.6322,0,0,229257083968
33.9483,29.4566,7.67296,69,70,67,1337,2800,0.477978,22,11.6322,0,0,229286540739
33.5514,29.805,7.67296,69,70,67,1337,2800,0.477978,22,11.6322,0,0,229316345993
27.9284,35.8059,7.67296,69,70,67,1337,2800,0.477978,22,11.6322,0,0,229352153332
31.4652,31.7811,7.67296,69,70,67,1337,2800,0.477978,22,11.6322,0,0,229383935845
34.1484,29.2839,7.67296,69,70,67,1337,2800,0.477978,22,11.6322,0,0,229413218970
33.8711,29.5237,7.67296,69,70,67,1337,2800,0.477978,22,11.6322,0,0,229442742355
31.3092,31.9395,7.67296,69,70,67,1337,2800,0.477978,22,11.6322,0,0,229474683334
31.376,31.8715,7.67296,69,70,67,1337,2800,0.477978,22,11.6322,0,0,229506555514
32.8728,30.4203,7.67296,69,70,67,1337,2800,0.477978,22,11.6322,0,0,229536982635
31.2298,32.0207,8.46433,69,71,65,1527,2800,0.477978,24,11.6319,0,0,229568995719
33.4316,29.9118,8.46433,69,71,65,1527,2800,0.477978,24,11.6319,0,0,229598909858
32.4554,30.8115,8.46433,69,71,65,1527,2800,0.477978,24,11.6319,0,0,229629721158
32.6599,30.6186,8.46433,69,71,65,1527,2800,0.477978,24,11.6319,0,0,229660339467
30.1486,33.169,8.46433,69,71,65,1527,2800,0.477978,24,11.6319,0,0,229693508379
33.5909,29.7699,8.46433,69,71,65,1527,2800,0.477978,24,11.6319,0,0,229723280110
34.2462,29.2003,8.46433,69,71,65,1527,2800,0.477978,24,11.6319,0,0,229752480781
33.6069,29.7558,8.46433,69,71,65,1527,2800,0.477978,24,11.6319,0,0,229782237023
35.5486,28.1305,8.46433,69,71,65,1527,2800,0.477978,24,11.6319,0,0,229810368268
33.2611,30.0652,8.46433,69,71,65,1527,2800,0.477978,24,11.6319,0,0,229840433710
32.7348,30.5485,8.46433,69,71,65,1527,2800,0.477978,24,11.6319,0,0,229870982699
34.2736,29.177,8.46433,69,71,65,1527,2800,0.477978,24,11.6319,0,0,229900159805
34.2004,29.2394,8.46433,69,71,65,1527,2800,0.477978,24,11.6319,0,0,229929399739
34.6568,28.8543,8.46433,69,71,65,1527,2800,0.477978,24,11.6319,0,0,229958253488
33.8036,29.5826,8.46433,69,71,65,1527,2800,0.477978,24,11.6319,0,0,229987837468
31.096,32.1584,8.46433,69,71,65,1527,2800,0.477978,24,11.6319,0,0,230019996115
34.1812,29.2559,8.46433,69,71,65,1527,2800,0.477978,24,11.6319,0,0,230049255535
34.1545,29.2787,9.16976,69,71,67,1709,2800,0.477982,26,11.6294,0,0,230078530826
33.098,30.2133,9.16976,69,71,67,1709,2800,0.477982,26,11.6294,0,0,230108744856
31.8449,31.4022,9.16976,69,71,67,1709,2800,0.477982,26,11.6294,0,0,230140148057
33.1046,30.2073,9.16976,69,71,67,1709,2800,0.477982,26,11.6294,0,0,230170355135
33.0827,30.2273,9.16976,69,71,67,1709,2800,0.477982,26,11.6294,0,0,230200582330
31.1738,32.0782,9.16976,69,71,67,1709,2800,0.477982,26,11.6294,0,0,230232661038
31.7003,31.5454,9.16976,69,71,67,1709,2800,0.477982,26,11.6294,0,0,230264207928
30.0724,33.2531,9.16976,69,71,67,1709,2800,0.477982,26,11.6294,0,0,230297461298
31.4023,31.8448,9.16976,69,71,67,1709,2800,0.477982,26,11.6294,0,0,230329304514
32.0091,31.2411,9.16976,69,71,67,1709,2800,0.477982,26,11.6294,0,0,230360548587
31.3184,31.9301,9.16976,69,71,67,1709,2800,0.477982,26,11.6294,0,0,230392477383
32.4921,30.7767,9.16976,69,71,67,1709,2800,0.477982,26,11.6294,0,0,230423254399
30.8622,32.4021,9.16976,69,71,67,1709,2800,0.477982,26,11.6294,0,0,230455657736
31.4453,31.8012,9.16976,69,71,67,1709,2800,0.477982,26,11.6294,0,0,230487459123
31.7003,31.5455,9.16976,69,71,67,1709,2800,0.477982,26,11.6294,0,0,230519005643
33.5071,29.8444,9.16976,69,71,67,1709,2800,0.477982,26,11.6294,0,0,230548849058
32.529,30.7418,9.16976,69,71,67,1709,2800,0.477982,26,11.6294,0,0,230579596820
31.8897,31.3581,11.4657,70,76,68,2152,2800,0.479462,26,11.6321,0,0,230610949887
31.0953,32.1592,11.4657,70,76,68,2152,2800,0.479462,26,11.6321,0,0,230643108895
32.7917,30.4956,11.4657,70,76,68,2152,2800,0.479462,26,11.6321,0,0,230673604383
31.417,31.8299,11.4657,70,76,68,2152,2800,0.479462,26,11.6321,0,0,230705434374
32.9967,30.3061,11.4657,70,76,68,2152,2800,0.479462,26,11.6321,0,0,230735742291
33.9839,29.4257,11.4657,70,76,68,2152,2800,0.479462,26,11.6321,0,0,230765167933
31.9156,31.3327,11.4657,70,76,68,2152,2800,0.479462,26,11.6321,0,0,230796499390
32.7824,30.5041,11.4657,70,76,68,2152,2800,0.479462,26,11.6321,0,0,230827005919
33.1547,30.1616,11.4657,70,76,68,2152,2800,0.479462,26,11.6321,0,0,230857167631
28.5886,34.9789,11.4657,70,76,68,2152,2800,0.479462,26,11.6321,0,0,230892146297
31.2645,31.9852,11.4657,70,76,68,2152,2800,0.479462,26,11.6321,0,0,230924131950
31.4922,31.7539,11.4657,70,76,68,2152,2800,0.479462,26,11.6321,0,0,230955887051
31.6878,31.5579,11.4657,70,76,68,2152,2800,0.479462,26,11.6321,0,0,230987445052
29.0793,34.3888,11.4657,70,76,68,2152,2800,0.479462,26,11.6321,0,0,231021834673
31.1728,32.0793,11.4657,70,76,68,2152,2800,0.479462,26,11.6321,0,0,231053913220
31.7714,31.4749,11.4657,70,76,68,2152,2800,0.479462,26,11.6321,0,0,231085393907
33.5315,29.8227,10.3234,70,71,69,2339,2800,0.479462,34,11.6261,0,0,231115211243
35.7669,27.9588,10.3234,70,71,69,2339,2800,0.479462,34,11.6261,0,0,231143171598
35.507,28.1634,10.3234,70,71,69,2339,2800,0.479462,34,11.6261,0,0,231171334532
34.0381,29.3789,10.3234,70,71,69,2339,2800,0.479462,34,11.6261,0,0,231200714619
39.0406,25.6144,10.3234,70,71,69,2339,2800,0.479462,34,11.6261,0,0,231226330316
38.7154,25.8295,10.3234,70,71,69,2339,2800,0.479462,34,11.6261,0,0,231252158562
34.6744,28.8397,10.3234,70,71,69,2339,2800,0.479462,34,11.6261,0,0,231280996933
34.9941,28.5763,10.3234,70,71,69,2339,2800,0.479462,34,11.6261,0,0,231309575497
32.2515,31.0063,10.3234,70,71,69,2339,2800,0.479462,34,11.6261,0,0,231340581653
33.5049,29.8464,10.3234,70,71,69,2339,2800,0.479462,34,11.6261,0,0,231370428074
31.5341,31.7117,10.3234,70,71,69,2339,2800,0.479462,34,11.6261,0,0,231402141507
30.2954,33.0083,10.3234,70,71,69,2339,2800,0.479462,34,11.6261,0,0,231435148285
29.5285,33.8656,10.3234,70,71,69,2339,2800,0.479462,34,11.6261,0,0,231469015586
29.2742,34.1597,10.3234,70,71,69,2339,2800,0.479462,34,11.6261,0,0,231503175076
30.4083,32.8857,10.3234,70,71,69,2339,2800,0.479462,34,11.6261,0,0,231536061859
30.1956,33.1174,10.3234,70,71,69,2339,2800,0.479462,34,11.6261,0,0,231569179845
28.8477,34.6648,10.3234,70,71,69,2339,2800,0.479462,34,11.6261,0,0,231603852738
29.2583,34.1784,9.93939,69,72,65,1402,2800,0.479462,31,11.6245,0,0,231638023398
29.9924,33.3417,9.93939,69,72,65,1402,2800,0.479462,31,11.6245,0,0,231671365866
29.7011,33.6688,9.93939,69,72,65,1402,2800,0.479462,31,11.6245,0,0,231705034996
29.6238,33.7566,9.93939,69,72,65,1402,2800,0.479462,31,11.6245,0,0,231738792051
29.5808,33.8057,9.93939,69,72,65,1402,2800,0.479462,31,11.6245,0,0,231772598168
29.2524,34.1852,9.93939,69,72,65,1402,2800,0.479462,31,11.6245,0,0,231806783546
28.1464,35.5286,9.93939,69,72,65,1402,2800,0.479462,31,11.6245,0,0,231842311933
28.127,35.553,9.93939,69,72,65,1402,2800,0.479462,31,11.6245,0,0,231877864124
27.4941,36.3714,9.93939,69,72,65,1402,2800,0.479462,31,11.6245,0,0,231914238908
27.0515,36.9665,9.93939,69,72,65,1402,2800,0.479462,31,11.6245,0,0,231951203468
28.1894,35.4743,9.93939,69,72,65,1402,2800,0.479462,31,11.6245,0,0,231986677844
24.3418,41.0816,9.93939,69,72,65,1402,2800,0.479462,31,11.6245,0,0,232027761047
25.278,39.5601,9.93939,69,72,65,1402,2800,0.479462,31,11.6245,0,0,232067323329
27.1218,36.8708,9.93939,69,72,65,1402,2800,0.479462,31,11.6245,0,0,232104192841
26.5491,37.666,13.367,68,73,67,971,2800,0.479462,22,11.6203,0,0,232141856802
25.9986,38.4636,13.367,68,73,67,971,2800,0.479462,22,11.6203,0,0,232180321536
26.1608,38.2251,13.367,68,73,67,971,2800,0.479462,22,11.6203,0,0,232218546219
27.8696,35.8813,13.367,68,73,67,971,2800,0.479462,22,11.6203,0,0,232254431525
27.7002,36.1008,13.367,68,73,67,971,2800,0.479462,22,11.6203,0,0,232290528849
28.0398,35.6636,13.367,68,73,67,971,2800,0.479462,22,11.6203,0,0,232326192118
27.8668,35.8849,13.367,68,73,67,971,2800,0.479462,22,11.6203,0,0,232362077264
27.8573,35.8973,13.367,68,73,67,971,2800,0.479462,22,11.6203,0,0,232397975104
28.4706,35.1239,13.367,68,73,67,971,2800,0.479462,22,11.6203,0,0,232433100364
27.1742,36.7996,13.367,68,73,67,971,2800,0.479462,22,11.6203,0,0,232469898663
25.4094,39.3555,13.367,68,73,67,971,2800,0.479462,22,11.6203,0,0,232509254587
25.0015,39.9976,13.367,68,73,67,971,2800,0.479462,22,11.6203,0,0,232549254960
26.8197,37.2861,13.367,68,73,67,971,2800,0.479462,22,11.6203,0,0,232586538689
26.9693,37.0792,13.367,68,73,67,971,2800,0.479462,22,11.6203,0,0,232623625438
27.4081,36.4856,6.21194,68,75,65,1054,2800,0.479462,26,11.6206,0,0,232660104177
26.1631,38.2218,6.21194,68,75,65,1054,2800,0.479462,26,11.6206,0,0,232698327087
25.8173,38.7337,6.21194,68,75,65,1054,2800,0.479462,26,11.6206,0,0,232737061837
26.7861,37.3328,6.21194,68,75,65,1054,2800,0.479462,26,11.6206,0,0,232774393224
25.396,39.3763,6.21194,68,75,65,1054,2800,0.479462,26,11.6206,0,0,232813772583
25.6855,38.9324,6.21194,68,75,65,1054,2800,0.479462,26,11.6206,0,0,232852703831
18.5345,53.9535,6.21194,68,75,65,1054,2800,0.479462,26,11.6206,0,0,232906657802
22.9394,43.5931,6.21194,68,75,65,1054,2800,0.479462,26,11.6206,0,0,232950249930
22.7413,43.9728,6.21194,68,75,65,1054,2800,0.479462,26,11.6206,0,0,232994223324
23.6135,42.3487,6.21194,68,75,65,1054,2800,0.479462,26,11.6206,0,0,233036572302
23.6066,42.3611,6.21194,68,75,65,1054,2800,0.479462,26,11.6206,0,0,233078933191
25.2474,39.6081,6.21194,68,75,65,1054,2800,0.479462,26,11.6206,0,0,233118542291
16.3652,61.1053,6.21194,68,75,65,1054,2800,0.479462,26,11.6206,0,0,233179654445
21.5303,46.4461,6.27138,68,72,64,800,2800,0.479462,18,11.6123,0,0,233226093994
23.2563,42.9991,6.27138,68,72,64,800,2800,0.479462,18,11.6123,0,0,233269093842
22.7482,43.9595,6.27138,68,72,64,800,2800,0.479462,18,11.6123,0,0,233313055834
24.5156,40.7903,6.27138,68,72,64,800,2800,0.479462,18,11.6123,0,0,233353843634
23.2247,43.0575,6.27138,68,72,64,800,2800,0.479462,18,11.6123,0,0,233396902673
25.0216,39.9655,6.27138,68,72,64,800,2800,0.479462,18,11.6123,0,0,233436867870
26.0645,38.3663,6.27138,68,72,64,800,2800,0.479462,18,11.6123,0,0,233475235581
26.7729,37.3511,6.27138,68,72,64,800,2800,0.479462,18,11.6123,0,0,233512585304
27.9622,35.7625,6.27138,68,72,64,800,2800,0.479462,18,11.6123,0,0,233548349583
30.1718,33.1435,6.27138,68,72,64,800,2800,0.479462,18,11.6123,0,0,233581491705
32.588,30.6861,6.27138,68,72,64,800,2800,0.479462,18,11.6123,0,0,233612180095
32.9044,30.3911,6.27138,68,72,64,800,2800,0.479462,18,11.6123,0,0,233642569705
36.1479,27.6642,6.27138,68,72,64,800,2800,0.479462,18,11.6123,0,0,233670234264
33.4756,29.8725,6.27138,68,72,64,800,2800,0.479462,18,11.6123,0,0,233700113918
34.2578,29.1904,8.40438,68,70,65,1539,2800,0.476025,19,11.613,0,0,233729298278
34.147,29.2851,8.40438,68,70,65,1539,2800,0.476025,19,11.613,0,0,233758583998
34.2954,29.1585,8.40438,68,70,65,1539,2800,0.476025,19,11.613,0,0,233787742669
33.2465,30.0783,8.40438,68,70,65,1539,2800,0.476025,19,11.613,0,0,233817822689
34.2598,29.1887,8.40438,68,70,65,1539,2800,0.476025,19,11.613,0,0,233847010745
35.0232,28.5525,8.40438,68,70,65,1539,2800,0.476025,19,11.613,0,0,233875563521
34.5305,28.9599,8.40438,68,70,65,1539,2800,0.476025,19,11.613,0,0,233904524772
33.3148,30.0167,8.40438,68,70,65,1539,2800,0.476025,19,11.613,0,0,233934541683
33.4176,29.9243,8.40438,68,70,65,1539,2800,0.476025,19,11.613,0,0,233964465610
34.6942,28.8232,8.40438,68,70,65,1539,2800,0.476025,19,11.613,0,0,233993288321
32.6975,30.5834,8.40438,68,70,65,1539,2800,0.476025,19,11.613,0,0,234023872215
34.6441,28.8649,8.40438,68,70,65,1539,2800,0.476025,19,11.613,0,0,234052738078
32.8507,30.4407,8.40438,68,70,65,1539,2800,0.476025,19,11.613,0,0,234083178563
37.997,26.3179,8.40438,68,70,65,1539,2800,0.476025,19,11.613,0,0,234109498221
31.7187,31.5271,8.40438,68,70,65,1539,2800,0.476025,19,11.613,0,0,234141025905
33.6585,29.7102,8.40438,68,70,65,1539,2800,0.476025,19,11.613,0,0,234170735309
33.9191,29.4819,8.40438,68,70,65,1539,2800,0.476025,19,11.613,0,0,234200223098
27.5681,36.2738,6.84411,69,70,67,1772,2800,0.476025,22,11.6122,0,0,234236492585
34.0978,29.3274,6.84411,69,70,67,1772,2800,0.476025,22,11.6122,0,0,234265820083
34.5618,28.9337,6.84411,69,70,67,1772,2800,0.476025,22,11.6122,0,0,234294753722
33.1782,30.1403,6.84411,69,70,67,1772,2800,0.476025,22,11.6122,0,0,234324894896
35.0587,28.5236,6.84411,69,70,67,1772,2800,0.476025,22,11.6122,0,0,234353418447
32.8216,30.4677,6.84411,69,70,67,1772,2800,0.476025,22,11.6122,0,0,234383887426
37.2255,26.8633,6.84411,69,70,67,1772,2800,0.476025,22,11.6122,0,0,234410750252
34.438,29.0377,6.84411,69,70,67,1772,2800,0.476025,22,11.6122,0,0,234439788928
34.1056,29.3207,6.84411,69,70,67,1772,2800,0.476025,22,11.6122,0,0,234469109253
35.2437,28.3739,6.84411,69,70,67,1772,2800,0.476025,22,11.6122,0,0,234497484075
32.9131,30.383,6.84411,69,70,67,1772,2800,0.476025,22,11.6122,0,0,234527867343
34.7979,28.7374,6.84411,69,70,67,1772,2800,0.476025,22,11.6122,0,0,234556607710
34.1413,29.29,6.84411,69,70,67,1772,2800,0.476025,22,11.6122,0,0,234585895503
35.7459,27.9753,6.84411,69,70,67,1772,2800,0.476025,22,11.6122,0,0,234613871908
32.8574,30.4345,6.84411,69,70,67,1772,2800,0.476025,22,11.6122,0,0,234644305991
34.843,28.7002,6.84411,69,70,67,1772,2800,0.476025,22,11.6122,0,0,234673006744
36.3736,27.4925,6.84411,69,70,67,1772,2800,0.476025,22,11.6122,0,0,234700504822
33.962,29.4447,7.34177,69,73,67,1859,2800,0.476025,24,11.611,0,0,234729945181
43.3398,23.0735,7.34177,69,73,67,1859,2800,0.476025,24,11.611,0,0,234753018140
37.792,26.4607,7.34177,69,73,67,1859,2800,0.476025,24,11.611,0,0,234779479043
42.0811,23.7636,7.34177,69,73,67,1859,2800,0.476025,24,11.611,0,0,234803242877
36.2705,27.5707,7.34177,69,73,67,1859,2800,0.476025,24,11.611,0,0,234830813561
40.7199,24.558,7.34177,69,73,67,1859,2800,0.476025,24,11.611,0,0,234855372617
31.632,31.6135,7.34177,69,73,67,1859,2800,0.476025,24,11.611,0,0,234886987384
36.4535,27.4322,7.34177,69,73,67,1859,2800,0.476025,24,11.611,0,0,234914418887
35.0887,28.4992,7.34177,69,73,67,1859,2800,0.476025,24,11.611,0,0,234942918743
38.3407,26.0819,7.34177,69,73,67,1859,2800,0.476025,24,11.611,0,0,234969001346
37.6558,26.5564,7.34177,69,73,67,1859,2800,0.476025,24,11.611,0,0,234995558298
36.8727,27.1203,7.34177,69,73,67,1859,2800,0.476025,24,11.611,0,0,235022678848
35.3247,28.3088,7.34177,69,73,67,1859,2800,0.476025,24,11.611,0,0,235050986534
36.3812,27.4867,7.34177,69,73,67,1859,2800,0.476025,24,11.611,0,0,235078475063
37.3402,26.7808,7.34177,69,73,67,1859,2800,0.476025,24,11.611,0,0,235105256006
34.4606,29.0187,7.34177,69,73,67,1859,2800,0.476025,24,11.611,0,0,235134273883
35.0399,28.5389,7.34177,69,73,67,1859,2800,0.476025,24,11.611,0,0,235162813955
36.1138,27.6902,7.34177,69,73,67,1859,2800,0.476025,24,11.611,0,0,235190505164
31.646,31.5996,7.34177,69,73,67,1859,2800,0.476025,24,11.611,0,0,235222107128
34.9394,28.621,6.92588,70,71,67,2250,2800,0.476025,29,11.6051,0,0,235250725867
37.5646,26.6208,6.92588,70,71,67,2250,2800,0.476025,29,11.6051,0,0,235277347190
37.4358,26.7124,6.92588,70,71,67,2250,2800,0.476025,29,11.6051,0,0,235304060315
38.8732,25.7247,6.92588,70,71,67,2250,2800,0.476025,29,11.6051,0,0,235329786049
39.4871,25.3248,6.92588,70,71,67,2250,2800,0.476025,29,11.6051,0,0,235355110661
36.2836,27.5606,6.92588,70,71,67,2250,2800,0.476025,29,11.6051,0,0,235382670875
42.0854,23.7612,6.92588,70,71,67,2250,2800,0.476025,29,11.6051,0,0,235406434208
35.7341,27.9845,6.92588,70,71,67,2250,2800,0.476025,29,11.6051,0,0,235434418918
36.9152,27.0891,6.92588,70,71,67,2250,2800,0.476025,29,11.6051,0,0,235461507588
37.7752,26.4724,6.92588,70,71,67,2250,2800,0.476025,29,11.6051,0,0,235487980703
34.7174,28.804,6.92588,70,71,67,2250,2800,0.476025,29,11.6051,0,0,235516784189
37.2504,26.8454,6.92588,70,71,67,2250,2800,0.476025,29,11.6051,0,0,235543629652
37.1041,26.9512,6.92588,70,71,67,2250,2800,0.476025,29,11.6051,0,0,235570581666
34.8032,28.733,6.92588,70,71,67,2250,2800,0.476025,29,11.6051,0,0,235599316332
34.7118,28.8086,6.92588,70,71,67,2250,2800,0.476025,29,11.6051,0,0,235628125198
36.5523,27.358,6.92588,70,71,67,2250,2800,0.476025,29,11.6051,0,0,235655482882
35.7101,28.0033,6.92588,70,71,67,2250,2800,0.476025,29,11.6051,0,0,235683486177
38.2141,26.1683,6.92588,70,71,67,2250,2800,0.476025,29,11.6051,0,0,235709655693
35.3652,28.2764,6.92588,70,71,67,2250,2800,0.476025,29,11.6051,0,0,235737938522
36.567,27.347,9.86436,70,69,70,2550,2800,0.476025,31,11.6188,0,0,235765279414
37.6014,26.5948,9.86436,70,69,70,2550,2800,0.476025,31,11.6188,0,0,235791874048
36.6271,27.3022,9.86436,70,69,70,2550,2800,0.476025,31,11.6188,0,0,235819176799
39.8579,25.0891,9.86436,70,69,70,2550,2800,0.476025,31,11.6188,0,0,235844266760
36.6982,27.2493,9.86436,70,69,70,2550,2800,0.476025,31,11.6188,0,0,235871515911
36.0523,27.7375,9.86436,70,69,70,2550,2800,0.476025,31,11.6188,0,0,235899254159
38.2367,26.1529,9.86436,70,69,70,2550,2800,0.476025,31,11.6188,0,0,235925408376
37.781,26.4683,9.86436,70,69,70,2550,2800,0.476025,31,11.6188,0,0,235951875740
38.7899,25.7799,9.86436,70,69,70,2550,2800,0.476025,31,11.6188,0,0,235977656197
35.8352,27.9055,9.86436,70,69,70,2550,2800,0.476025,31,11.6188,0,0,236005562510
37.2501,26.8456,9.86436,70,69,70,2550,2800,0.476025,31,11.6188,0,0,236032408554
38.05,26.2812,9.86436,70,69,70,2550,2800,0.476025,31,11.6188,0,0,236058690722
35.8578,27.8879,9.86436,70,69,70,2550,2800,0.476025,31,11.6188,0,0,236086578470
40.0902,24.9438,9.86436,70,69,70,2550,2800,0.476025,31,11.6188,0,0,236111523489
34.8039,28.7324,9.86436,70,69,70,2550,2800,0.476025,31,11.6188,0,0,236140254770
36.4502,27.4347,9.86436,70,69,70,2550,2800,0.476025,31,11.6188,0,0,236167690430
36.6274,27.302,9.86436,70,69,70,2550,2800,0.476025,31,11.6188,0,0,236194994493
33.6483,29.7191,9.86436,70,69,70,2550,2800,0.476025,31,11.6188,0,0,236224712294
36.2934,27.5533,9.86436,70,69,70,2550,2800,0.476025,31,11.6188,0,0,236252267909
40.3964,24.7547,7.50308,71,70,71,2508,2800,0.476025,39,11.6172,0,0,236277021960
36.1909,27.6312,7.50308,71,70,71,2508,2800,0.476025,39,11.6172,0,0,236304652326
35.8032,27.9304,7.50308,71,70,71,2508,2800,0.476025,39,11.6172,0,0,236332584117
37.3639,26.7638,7.50308,71,70,71,2508,2800,0.476025,39,11.6172,0,0,236359348208
37.5445,26.635,7.50308,71,70,71,2508,2800,0.476025,39,11.6172,0,0,236385982595
38.2229,26.1623,7.50308,71,70,71,2508,2800,0.476025,39,11.6172,0,0,236412146601
37.9202,26.3712,7.50308,71,70,71,2508,2800,0.476025,39,11.6172,0,0,236438517865
36.8737,27.1196,7.50308,71,70,71,2508,2800,0.476025,39,11.6172,0,0,236465638024
37.4752,26.6843,7.50308,71,70,71,2508,2800,0.476025,39,11.6172,0,0,236492322977
36.2283,27.6027,7.50308,71,70,71,2508,2800,0.476025,39,11.6172,0,0,236519926071
38.9812,25.6534,7.50308,71,70,71,2508,2800,0.476025,39,11.6172,0,0,236545579018
36.5534,27.3572,7.50308,71,70,71,2508,2800,0.476025,39,11.6172,0,0,236572938295
36.4048,27.4689,7.50308,71,70,71,2508,2800,0.476025,39,11.6172,0,0,236600407148
34.9721,28.5942,7.50308,71,70,71,2508,2800,0.476025,39,11.6172,0,0,236629001622
37.4179,26.7252,7.50308,71,70,71,2508,2800,0.476025,39,11.6172,0,0,236655727130
34.4353,29.0399,7.50308,71,70,71,2508,2800,0.476025,39,11.6172,0,0,236684766869
39.4539,25.346,7.50308,71,70,71,2508,2800,0.476025,39,11.6172,0,0,236710112810
33.6243,29.7404,7.50308,71,70,71,2508,2800,0.476025,39,11.6172,0,0,236739852932
31.7247,31.5212,7.50308,71,70,71,2508,2800,0.476025,39,11.6172,0,0,236771382330
37.7452,26.4934,7.90754,72,74,70,2444,2800,0.476025,33,11.6094,0,0,236797869972
37.8805,26.3988,7.90754,72,74,70,2444,2800,0.476025,33,11.6094,0,0,236824268718
38.9741,25.6581,7.90754,72,74,70,2444,2800,0.476025,33,11.6094,0,0,236849927216
37.9232,26.369,7.90754,72,74,70,2444,2800,0.476025,33,11.6094,0,0,236876297478
34.2166,29.2256,7.90754,72,74,70,2444,2800,0.476025,33,11.6094,0,0,236905522664
36.9485,27.0647,7.90754,72,74,70,2444,2800,0.476025,33,11.6094,0,0,236932588902
38.1391,26.2198,7.90754,72,74,70,2444,2800,0.476025,33,11.6094,0,0,236958807640
35.8997,27.8554,7.90754,72,74,70,2444,2800,0.476025,33,11.6094,0,0,236986662627
36.7924,27.1795,7.90754,72,74,70,2444,2800,0.476025,33,11.6094,0,0,237013842808
37.2958,26.8127,7.90754,72,74,70,2444,2800,0.476025,33,11.6094,0,0,237040656402
32.2259,31.0309,7.90754,72,74,70,2444,2800,0.476025,33,11.6094,0,0,237071687465
34.0139,29.3998,7.90754,72,74,70,2444,2800,0.476025,33,11.6094,0,0,237101088301
32.0154,31.235,7.90754,72,74,70,2444,2800,0.476025,33,11.6094,0,0,237132324508
34.4541,29.0241,7.90754,72,74,70,2444,2800,0.476025,33,11.6094,0,0,237161347606
34.1795,29.2573,7.90754,72,74,70,2444,2800,0.476025,33,11.6094,0,0,237190605393
34.1311,29.2988,7.90754,72,74,70,2444,2800,0.476025,33,11.6094,0,0,237219904358
31.1643,32.088,7.90754,72,74,70,2444,2800,0.476025,33,11.6094,0,0,237251992944
36.6306,27.2996,7.90754,72,74,70,2444,2800,0.476025,33,11.6094,0,0,237279299261
36.8331,27.1495,7.1161,72,71,69,2032,2800,0.476025,37,11.6079,0,0,237306444347
34.3457,29.1157,7.1161,72,71,69,2032,2800,0.476025,37,11.6079,0,0,237335559347
36.7598,27.2036,7.1161,72,71,69,2032,2800,0.476025,37,11.6079,0,0,237362763403
36.4613,27.4263,7.1161,72,71,69,2032,2800,0.476025,37,11.6079,0,0,237390189976
35.8774,27.8727,7.1161,72,71,69,2032,2800,0.476025,37,11.6079,0,0,237418062776
40.9993,24.3907,7.1161,72,71,69,2032,2800,0.476025,37,11.6079,0,0,237442454318
32.7096,30.572,7.1161,72,71,69,2032,2800,0.476025,37,11.6079,0,0,237473026170
33.7682,29.6136,7.1161,72,71,69,2032,2800,0.476025,37,11.6079,0,0,237502641888
35.6034,28.0872,7.1161,72,71,69,2032,2800,0.476025,37,11.6079,0,0,237530727738
33.1214,30.1919,7.1161,72,71,69,2032,2800,0.476025,37,11.6079,0,0,237560920318
35.6488,28.0515,7.1161,72,71,69,2032,2800,0.476025,37,11.6079,0,0,237588972816
32.6021,30.6728,7.1161,72,71,69,2032,2800,0.476025,37,11.6079,0,0,237619644925
38.2057,26.1741,7.1161,72,71,69,2032,2800,0.476025,37,11.6079,0,0,237645820332
35.1389,28.4585,7.1161,72,71,69,2032,2800,0.476025,37,11.6079,0,0,237674279282
35.0377,28.5407,7.1161,72,71,69,2032,2800,0.476025,37,11.6079,0,0,237702819273
37.3386,26.7819,7.1161,72,71,69,2032,2800,0.476025,37,11.6079,0,0,237729602750
35.2372,28.3791,7.1161,72,71,69,2032,2800,0.476025,37,11.6079,0,0,237757982521
36.0665,27.7266,7.1161,72,71,69,2032,2800,0.476025,37,11.6079,0,0,237785714678
37.9089,26.379,9.89975,71,72,72,2553,2800,0.476025,28,11.5941,0,0,237812090120
35.9297,27.8321,9.89975,71,72,72,2553,2800,0.476025,28,11.5941,0,0,237839920981
37.1426,26.9233,9.89975,71,72,72,2553,2800,0.476025,28,11.5941,0,0,237866845132
37.3354,26.7843,9.89975,71,72,72,2553,2800,0.476025,28,11.5941,0,0,237893630012
35.6345,28.0627,9.89975,71,72,72,2553,2800,0.476025,28,11.5941,0,0,237921693099
35.6425,28.0564,9.89975,71,72,72,2553,2800,0.476025,28,11.5941,0,0,237949750476
38.1328,26.2241,9.89975,71,72,72,2553,2800,0.476025,28,11.5941,0,0,237975974554
35.5742,28.1102,9.89975,71,72,72,2553,2800,0.476025,28,11.5941,0,0,238004085290
35.9696,27.8012,9.89975,71,72,72,2553,2800,0.476025,28,11.5941,0,0,238031887258
37.2601,26.8383,9.89975,71,72,72,2553,2800,0.476025,28,11.5941,0,0,238058725047
35.0765,28.5091,9.89975,71,72,72,2553,2800,0.476025,28,11.5941,0,0,238087235322
38.8968,25.709,9.89975,71,72,72,2553,2800,0.476025,28,11.5941,0,0,238112944305
35.1401,28.4576,9.89975,71,72,72,2553,2800,0.476025,28,11.5941,0,0,238141402332
32.9939,30.3086,9.89975,71,72,72,2553,2800,0.476025,28,11.5941,0,0,238171712233
34.6804,28.8347,9.89975,71,72,72,2553,2800,0.476025,28,11.5941,0,0,238200546766
33.8329,29.557,9.89975,71,72,72,2553,2800,0.476025,28,11.5941,0,0,238230102633
36.5443,27.3641,9.89975,71,72,72,2553,2800,0.476025,28,11.5941,0,0,238257467601
35.0638,28.5194,9.89975,71,72,72,2553,2800,0.476025,28,11.5941,0,0,238285997042
37.3576,26.7683,7.81841,71,72,72,2525,2800,0.476025,38,11.5953,0,0,238312756695
35.9451,27.8202,7.81841,71,72,72,2525,2800,0.476025,38,11.5953,0,0,238340575814
35.9669,27.8034,7.81841,71,72,72,2525,2800,0.476025,38,11.5953,0,0,238368380517
38.9134,25.6981,7.81841,71,72,72,2525,2800,0.476025,38,11.5953,0,0,238394078759
34.3969,29.0724,7.81841,71,72,72,2525,2800,0.476025,38,11.5953,0,0,238423150688
34.7171,28.8043,7.81841,71,72,72,2525,2800,0.476025,38,11.5953,0,0,238451955937
38.047,26.2833,7.81841,71,72,72,2525,2800,0.476025,38,11.5953,0,0,238478240018
36.0757,27.7195,7.81841,71,72,72,2525,2800,0.476025,38,11.5953,0,0,238505958558
35.3144,28.3171,7.81841,71,72,72,2525,2800,0.476025,38,11.5953,0,0,238534277676
37.6401,26.5674,7.81841,71,72,72,2525,2800,0.476025,38,11.5953,0,0,238560845398
35.7644,27.9607,7.81841,71,72,72,2525,2800,0.476025,38,11.5953,0,0,238588806394
37.005,27.0234,7.81841,71,72,72,2525,2800,0.476025,38,11.5953,0,0,238615830953
38.6113,25.8992,7.81841,71,72,72,2525,2800,0.476025,38,11.5953,0,0,238641729752
35.0488,28.5316,7.81841,71,72,72,2525,2800,0.476025,38,11.5953,0,0,238670262559
37.7832,26.4668,7.81841,71,72,72,2525,2800,0.476025,38,11.5953,0,0,238696729453
34.672,28.8417,7.81841,71,72,72,2525,2800,0.476025,38,11.5953,0,0,238725570619
35.3396,28.2969,7.81841,71,72,72,2525,2800,0.476025,38,11.5953,0,0,238753868226
37.7809,26.4684,7.81841,71,72,72,2525,2800,0.476025,38,11.5953,0,0,238780338115
36.6766,27.2653,7.81841,71,72,72,2525,2800,0.476025,38,11.5953,0,0,238807610790
37.0853,26.9648,8.07229,71,74,71,2547,2800,0.476025,36,11.5949,0,0,238834567753
35.5177,28.155,8.07229,71,74,71,2547,2800,0.476025,36,11.5949,0,0,238862723794
35.5321,28.1435,8.07229,71,74,71,2547,2800,0.476025,36,11.5949,0,0,238890866861
34.8576,28.6882,8.07229,71,74,71,2547,2800,0.476025,36,11.5949,0,0,238919556733
36.6025,27.3205,8.07229,71,74,71,2547,2800,0.476025,36,11.5949,0,0,238946876206
36.4351,27.4461,8.07229,71,74,71,2547,2800,0.476025,36,11.5949,0,0,238974323588
35.3361,28.2997,8.07229,71,74,71,2547,2800,0.476025,36,11.5949,0,0,239002624090
35.709,28.0041,8.07229,71,74,71,2547,2800,0.476025,36,11.5949,0,0,239030628567
34.8355,28.7063,8.07229,71,74,71,2547,2800,0.476025,36,11.5949,0,0,239059335622
34.878,28.6714,8.07229,71,74,71,2547,2800,0.476025,36,11.5949,0,0,239088007320
34.9855,28.5833,8.07229,71,74,71,2547,2800,0.476025,36,11.5949,0,0,239116591114
37.7717,26.4748,8.07229,71,74,71,2547,2800,0.476025,36,11.5949,0,0,239143065421
35.1875,28.4192,8.07229,71,74,71,2547,2800,0.476025,36,11.5949,0,0,239171486239
35.8606,27.8857,8.07229,71,74,71,2547,2800,0.476025,36,11.5949,0,0,239199372144
31.699,31.5467,8.07229,71,74,71,2547,2800,0.476025,36,11.5949,0,0,239230917221
36.7859,27.1843,8.07229,71,74,71,2547,2800,0.476025,36,11.5949,0,0,239258104045
37.3665,26.7619,8.07229,71,74,71,2547,2800,0.476025,36,11.5949,0,0,239284864749
39.0258,25.6241,8.07229,71,74,71,2547,2800,0.476025,36,11.5949,0,0,239310496036
37.2755,26.8272,8.36454,71,72,71,2457,2800,0.476025,38,11.5945,0,0,239337318336
35.6216,28.0729,8.36454,71,72,71,2457,2800,0.476025,38,11.5945,0,0,239365391141
37.4732,26.6857,8.36454,71,72,71,2457,2800,0.476025,38,11.5945,0,0,239392077697
35.4446,28.213,8.36454,71,72,71,2457,2800,0.476025,38,11.5945,0,0,239420291056
38.5613,25.9327,8.36454,71,72,71,2457,2800,0.476025,38,11.5945,0,0,239446224499
35.1072,28.4842,8.36454,71,72,71,2457,2800,0.476025,38,11.5945,0,0,239474709317
33.7096,29.6651,8.36454,71,72,71,2457,2800,0.476025,38,11.5945,0,0,239504374528
36.3628,27.5007,8.36454,71,72,71,2457,2800,0.476025,38,11.5945,0,0,239531875331
33.6916,29.681,8.36454,71,72,71,2457,2800,0.476025,38,11.5945,0,0,239561557163
34.1404,29.2908,8.36454,71,72,71,2457,2800,0.476025,38,11.5945,0,0,239590848043
33.805,29.5814,8.36454,71,72,71,2457,2800,0.476025,38,11.5945,0,0,239620429658
34.4431,29.0334,8.36454,71,72,71,2457,2800,0.476025,38,11.5945,0,0,239649466621
36.8673,27.1243,8.36454,71,72,71,2457,2800,0.476025,38,11.5945,0,0,239676589635
34.28,29.1716,8.36454,71,72,71,2457,2800,0.476025,38,11.5945,0,0,239705760670
36.9277,27.0799,8.36454,71,72,71,2457,2800,0.476025,38,11.5945,0,0,239732841154
35.917,27.8419,8.36454,71,72,71,2457,2800,0.476025,38,11.5945,0,0,239760685100
38.6072,25.9019,8.36454,71,72,71,2457,2800,0.476025,38,11.5945,0,0,239786586173
36.2599,27.5787,8.36454,71,72,71,2457,2800,0.476025,38,11.5945,0,0,239814168378
37.9522,26.3489,11.4178,71,71,71,2495,2800,0.476028,34,11.6048,0,0,239840514715
35.9422,27.8224,11.4178,71,71,71,2495,2800,0.476028,34,11.6048,0,0,239868337522
37.0609,26.9826,11.4178,71,71,71,2495,2800,0.476028,34,11.6048,0,0,239895320994
36.9119,27.0915,11.4178,71,71,71,2495,2800,0.476028,34,11.6048,0,0,239922412690
38.6482,25.8744,11.4178,71,71,71,2495,2800,0.476028,34,11.6048,0,0,239948287353
35.7713,27.9554,11.4178,71,71,71,2495,2800,0.476028,34,11.6048,0,0,239976243539
36.7189,27.2339,11.4178,71,71,71,2495,2800,0.476028,34,11.6048,0,0,240003477541
39.1595,25.5366,11.4178,71,71,71,2495,2800,0.476028,34,11.6048,0,0,240029013800
36.4888,27.4057,11.4178,71,71,71,2495,2800,0.476028,34,11.6048,0,0,240056420957
36.1302,27.6777,11.4178,71,71,71,2495,2800,0.476028,34,11.6048,0,0,240084098791
40.3518,24.7821,11.4178,71,71,71,2495,2800,0.476028,34,11.6048,0,0,240108881386
34.2431,29.203,11.4178,71,71,71,2495,2800,0.476028,34,11.6048,0,0,240138084391
37.4129,26.7287,11.4178,71,71,71,2495,2800,0.476028,34,11.6048,0,0,240164814218
39.9848,25.0095,11.4178,71,71,71,2495,2800,0.476028,34,11.6048,0,0,240189823538
35.8183,27.9187,11.4178,71,71,71,2495,2800,0.476028,34,11.6048,0,0,240217743296
33.6098,29.7532,11.4178,71,71,71,2495,2800,0.476028,34,11.6048,0,0,240247495701
35.0562,28.5256,11.4178,71,71,71,2495,2800,0.476028,34,11.6048,0,0,240276023199
34.9515,28.6111,11.4178,71,71,71,2495,2800,0.476028,34,11.6048,0,0,240304635135
36.6846,27.2594,11.4178,71,71,71,2495,2800,0.476028,34,11.6048,0,0,240331898863
36.9062,27.0957,9.14634,71,72,71,2543,2800,0.481419,35,11.6063,0,0,240358990058
34.4024,29.0677,9.14634,71,72,71,2543,2800,0.481419,35,11.6063,0,0,240388058520
33.4148,29.9269,9.14634,71,72,71,2543,2800,0.481419,35,11.6063,0,0,240417984841
38.6585,25.8675,9.14634,71,72,71,2543,2800,0.481419,35,11.6063,0,0,240443852882
35.1912,28.4162,9.14634,71,72,71,2543,2800,0.481419,35,11.6063,0,0,240472270183
33.9077,29.4918,9.14634,71,72,71,2543,2800,0.481419,35,11.6063,0,0,240501760617
35.0902,28.498,9.14634,71,72,71,2543,2800,0.481419,35,11.6063,0,0,240530260553
36.7839,27.1858,9.14634,71,72,71,2543,2800,0.481419,35,11.6063,0,0,240557447016
32.3604,30.9019,9.14634,71,72,71,2543,2800,0.481419,35,11.6063,0,0,240588348887
33.466,29.8811,9.14634,71,72,71,2543,2800,0.481419,35,11.6063,0,0,240618229662
37.652,26.559,9.14634,71,72,71,2543,2800,0.481419,35,11.6063,0,0,240644790262
37.9346,26.3611,9.14634,71,72,71,2543,2800,0.481419,35,11.6063,0,0,240671150646
35.6586,28.0437,9.14634,71,72,71,2543,2800,0.481419,35,11.6063,0,0,240699194246
35.8054,27.9287,9.14634,71,72,71,2543,2800,0.481419,35,11.6063,0,0,240727126658
35.4748,28.1891,9.14634,71,72,71,2543,2800,0.481419,35,11.6063,0,0,240755314208
37.4486,26.7032,9.14634,71,72,71,2543,2800,0.481419,35,11.6063,0,0,240782016574
35.4956,28.1725,9.14634,71,72,71,2543,2800,0.481419,35,11.6063,0,0,240810189857
36.0215,27.7612,9.14634,71,72,71,2543,2800,0.481419,35,11.6063,0,0,240837954294
27.7629,36.0193,11.0834,70,74,72,2437,2800,0.483009,37,11.598,0,0,240873970746
31.0108,32.2468,11.0834,70,74,72,2437,2800,0.483009,37,11.598,0,0,240906218571
30.5513,32.7318,11.0834,70,74,72,2437,2800,0.483009,37,11.598,0,0,240938950804
29.7678,33.5933,11.0834,70,74,72,2437,2800,0.483009,37,11.598,0,0,240972545294
30.458,32.8321,11.0834,70,74,72,2437,2800,0.483009,37,11.598,0,0,241005378006
31.4364,31.8103,11.0834,70,74,72,2437,2800,0.483009,37,11.598,0,0,241037188099
32.3834,30.88,11.0834,70,74,72,2437,2800,0.483009,37,11.598,0,0,241068068079
30.9307,32.3303,11.0834,70,74,72,2437,2800,0.483009,37,11.598,0,0,241100400102
31.6005,31.6451,11.0834,70,74,72,2437,2800,0.483009,37,11.598,0,0,241132044915
32.5828,30.6911,11.0834,70,74,72,2437,2800,0.483009,37,11.598,0,0,241162735490
34.5606,28.9347,11.0834,70,74,72,2437,2800,0.483009,37,11.598,0,0,241191671063
35.231,28.3841,11.0834,70,74,72,2437,2800,0.483009,37,11.598,0,0,241220055312
29.4519,33.9536,11.0834,70,74,72,2437,2800,0.483009,37,11.598,0,0,241254010218
38.1756,26.1948,11.0834,70,74,72,2437,2800,0.483009,37,11.598,0,0,241280206124
36.7937,27.1785,11.0834,70,74,72,2437,2800,0.483009,37,11.598,0,0,241307384061
34.9423,28.6186,11.0834,70,74,72,2437,2800,0.483009,37,11.598,0,0,241336002569
32.3481,30.9137,11.0834,70,74,72,2437,2800,0.483009,37,11.598,0,0,241366919258
35.4388,28.2177,8.8729,71,74,72,2535,2800,0.483025,43,11.6143,0,0,241395133879
33.9229,29.4786,8.8729,71,74,72,2535,2800,0.483025,43,11.6143,0,0,241424613382
33.8073,29.5794,8.8729,71,74,72,2535,2800,0.483025,43,11.6143,0,0,241454193013
32.8182,30.4709,8.8729,71,74,72,2535,2800,0.483025,43,11.6143,0,0,241484664226
34.5679,28.9285,8.8729,71,74,72,2535,2800,0.483025,43,11.6143,0,0,241513593037
36.5109,27.389,8.8729,71,74,72,2535,2800,0.483025,43,11.6143,0,0,241540983312
33.1787,30.1399,8.8729,71,74,72,2535,2800,0.483025,43,11.6143,0,0,241571123614
35.2092,28.4016,8.8729,71,74,72,2535,2800,0.483025,43,11.6143,0,0,241599526779
34.5199,28.9688,8.8729,71,74,72,2535,2800,0.483025,43,11.6143,0,0,241628495154
33.8446,29.5468,8.8729,71,74,72,2535,2800,0.483025,43,11.6143,0,0,241658042324
33.7384,29.6398,8.8729,71,74,72,2535,2800,0.483025,43,11.6143,0,0,241687683420
37.7934,26.4596,8.8729,71,74,72,2535,2800,0.483025,43,11.6143,0,0,241714141217
33.2221,30.1005,8.8729,71,74,72,2535,2800,0.483025,43,11.6143,0,0,241744242947
32.3202,30.9404,8.8729,71,74,72,2535,2800,0.483025,43,11.6143,0,0,241775183159
33.1923,30.1275,8.8729,71,74,72,2535,2800,0.483025,43,11.6143,0,0,241805311910
34.0492,29.3693,8.8729,71,74,72,2535,2800,0.483025,43,11.6143,0,0,241834681758
33.7921,29.5927,8.8729,71,74,72,2535,2800,0.483025,43,11.6143,0,0,241864273912
35.5452,28.1332,8.8729,71,74,72,2535,2800,0.483025,43,11.6143,0,0,241892417019
36.4783,27.4136,10.8827,73,73,72,2541,2800,0.483025,37,11.6269,0,0,241919820860
35.9039,27.8522,10.8827,73,73,72,2541,2800,0.483025,37,11.6269,0,0,241947673352
35.9135,27.8447,10.8827,73,73,72,2541,2800,0.483025,37,11.6269,0,0,241975519021
36.4034,27.47,10.8827,73,73,72,2541,2800,0.483025,37,11.6269,0,0,242002990238
34.1341,29.2962,10.8827,73,73,72,2541,2800,0.483025,37,11.6269,0,0,242032285556
36.3793,27.4882,10.8827,73,73,72,2541,2800,0.483025,37,11.6269,0,0,242059774406
33.5341,29.8204,10.8827,73,73,72,2541,2800,0.483025,37,11.6269,0,0,242089595590
32.7931,30.4942,10.8827,73,73,72,2541,2800,0.483025,37,11.6269,0,0,242120089365
31.2904,31.9587,10.8827,73,73,72,2541,2800,0.483025,37,11.6269,0,0,242152049481
33.6153,29.7484,10.8827,73,73,72,2541,2800,0.483025,37,11.6269,0,0,242181797427
34.7856,28.7475,10.8827,73,73,72,2541,2800,0.483025,37,11.6269,0,0,242210545358
35.5373,28.1395,10.8827,73,73,72,2541,2800,0.483025,37,11.6269,0,0,242238685320
33.0055,30.298,10.8827,73,73,72,2541,2800,0.483025,37,11.6269,0,0,242268984149
35.3744,28.2691,10.8827,73,73,72,2541,2800,0.483025,37,11.6269,0,0,242297253734
36.1026,27.6988,10.8827,73,73,72,2541,2800,0.483025,37,11.6269,0,0,242324952868
32.8337,30.4565,10.8827,73,73,72,2541,2800,0.483025,37,11.6269,0,0,242355410225
33.8025,29.5836,10.8827,73,73,72,2541,2800,0.483025,37,11.6269,0,0,242384993934
39.6917,25.1942,10.8827,73,73,72,2541,2800,0.483025,37,11.6269,0,0,242410194292
35.1651,28.4373,8.47666,74,75,72,2542,2800,0.483032,35,11.6363,0,0,242438625850
35.6789,28.0278,8.47666,74,75,72,2542,2800,0.483032,35,11.6363,0,0,242466654513
34.5771,28.9209,8.47666,74,75,72,2542,2800,0.483032,35,11.6363,0,0,242495576550
35.3803,28.2643,8.47666,74,75,72,2542,2800,0.483032,35,11.6363,0,0,242523840113
36.2056,27.62,8.47666,74,75,72,2542,2800,0.483032,35,11.6363,0,0,242551460410
37.0792,26.9693,8.47666,74,75,72,2542,2800,0.483032,35,11.6363,0,0,242578430467
36.4582,27.4287,8.47666,74,75,72,2542,2800,0.483032,35,11.6363,0,0,242605859665
34.5652,28.9308,8.47666,74,75,72,2542,2800,0.483032,35,11.6363,0,0,242634791492
35.5119,28.1596,8.47666,74,75,72,2542,2800,0.483032,35,11.6363,0,0,242662950148
34.6369,28.871,8.47666,74,75,72,2542,2800,0.483032,35,11.6363,0,0,242691821370
35.2098,28.4012,8.47666,74,75,72,2542,2800,0.483032,35,11.6363,0,0,242720225176
37.4862,26.6764,8.47666,74,75,72,2542,2800,0.483032,35,11.6363,0,0,242746902074
36.468,27.4213,8.47666,74,75,72,2542,2800,0.483032,35,11.6363,0,0,242774322125
37.044,26.9949,8.47666,74,75,72,2542,2800,0.483032,35,11.6363,0,0,242801317750
36.2953,27.5517,8.47666,74,75,72,2542,2800,0.483032,35,11.6363,0,0,242828870740
35.2513,28.3678,8.47666,74,75,72,2542,2800,0.483032,35,11.6363,0,0,242857238649
34.7903,28.7436,8.47666,74,75,72,2542,2800,0.483032,35,11.6363,0,0,242885981831
35.1011,28.4892,8.47666,74,75,72,2542,2800,0.483032,35,11.6363,0,0,242914478762
34.2201,29.2226,8.15558,75,74,73,2523,2800,0.483032,40,11.6341,0,0,242943694531
35.8548,27.8903,8.15558,75,74,73,2523,2800,0.483032,40,11.6341,0,0,242971585254
34.889,28.6623,8.15558,75,74,73,2523,2800,0.483032,40,11.6341,0,0,243000247946
32.9519,30.3472,8.15558,75,74,73,2523,2800,0.483032,40,11.6341,0,0,243030595918
33.2967,30.033,8.15558,75,74,73,2523,2800,0.483032,40,11.6341,0,0,243060628298
34.8966,28.6561,8.15558,75,74,73,2523,2800,0.483032,40,11.6341,0,0,243089286361
31.8104,31.4363,8.15558,75,74,73,2523,2800,0.483032,40,11.6341,0,0,243120721972
31.3834,31.864,8.15558,75,74,73,2523,2800,0.483032,40,11.6341,0,0,243152587239
35.6744,28.0313,8.15558,75,74,73,2523,2800,0.483032,40,11.6341,0,0,243180618136
26.2864,38.0425,8.15558,75,74,73,2523,2800,0.483032,40,11.6341,0,0,243218661369
29.283,34.1495,8.15558,75,74,73,2523,2800,0.483032,40,11.6341,0,0,243252809627
32.6898,30.5905,8.15558,75,74,73,2523,2800,0.483032,40,11.6341,0,0,243283400094
28.1151,35.568,8.15558,75,74,73,2523,2800,0.483032,40,11.6341,0,0,243318971211
34.2208,29.222,8.15558,75,74,73,2523,2800,0.483032,40,11.6341,0,0,243348192310
36.9194,27.086,8.15558,75,74,73,2523,2800,0.483032,40,11.6341,0,0,243375279276
35.1878,28.4189,8.15558,75,74,73,2523,2800,0.483032,40,11.6341,0,0,243403698832
32.1806,31.0746,8.15558,75,74,73,2523,2800,0.483032,40,11.6341,0,0,243434777744
38.1961,26.1807,15.2812,75,72,72,2536,2800,0.482769,40,11.5337,0,0,243460954824
34.8971,28.6557,15.2812,75,72,72,2536,2800,0.482769,40,11.5337,0,0,243489612196
33.4519,29.8937,15.2812,75,72,72,2536,2800,0.482769,40,11.5337,0,0,243519505545
37.0561,26.9861,15.2812,75,72,72,2536,2800,0.482769,40,11.5337,0,0,243546490991
36.2052,27.6203,15.2812,75,72,72,2536,2800,0.482769,40,11.5337,0,0,243574112380
35.4071,28.2429,15.2812,75,72,72,2536,2800,0.482769,40,11.5337,0,0,243602354653
36.5221,27.3807,15.2812,75,72,72,2536,2800,0.482769,40,11.5337,0,0,243629737224
38.1765,26.1941,15.2812,75,72,72,2536,2800,0.482769,40,11.5337,0,0,243655930584
38.1845,26.1886,15.2812,75,72,72,2536,2800,0.482769,40,11.5337,0,0,243682119998
37.0283,27.0064,15.2812,75,72,72,2536,2800,0.482769,40,11.5337,0,0,243709126994
37.8511,26.4193,15.2812,75,72,72,2536,2800,0.482769,40,11.5337,0,0,243735546609
38.8637,25.731,15.2812,75,72,72,2536,2800,0.482769,40,11.5337,0,0,243761278194
38.6467,25.8754,15.2812,75,72,72,2536,2800,0.482769,40,11.5337,0,0,243787152115
36.9615,27.0551,15.2812,75,72,72,2536,2800,0.482769,40,11.5337,0,0,243814208525
37.6925,26.5304,15.2812,75,72,72,2536,2800,0.482769,40,11.5337,0,0,243840740420
39.3645,25.4036,15.2812,75,72,72,2536,2800,0.482769,40,11.5337,0,0,243866144481
37.1335,26.9299,15.2812,75,72,72,2536,2800,0.482769,40,11.5337,0,0,243893074944
37.4611,26.6943,15.2812,75,72,72,2536,2800,0.482769,40,11.5337,0,0,243919768793
39.9639,25.0226,15.2812,75,72,72,2536,2800,0.482769,40,11.5337,0,0,243944799824
37.7725,26.4743,9.09091,74,74,72,2551,2800,0.479332,36,11.5341,0,0,243971266136
38.6217,25.8921,9.09091,74,74,72,2551,2800,0.479332,36,11.5341,0,0,243997160546
39.3907,25.3867,9.09091,74,74,72,2551,2800,0.479332,36,11.5341,0,0,244022546313
39.548,25.2857,9.09091,74,74,72,2551,2800,0.479332,36,11.5341,0,0,244047831981
37.8961,26.3879,9.09091,74,74,72,2551,2800,0.479332,36,11.5341,0,0,244074220287
41.2991,24.2136,9.09091,74,74,72,2551,2800,0.479332,36,11.5341,0,0,244098433976
35.7765,27.9513,9.09091,74,74,72,2551,2800,0.479332,36,11.5341,0,0,244126385684
38.6269,25.8887,9.09091,74,74,72,2551,2800,0.479332,36,11.5341,0,0,244152275465
38.3532,26.0734,9.09091,74,74,72,2551,2800,0.479332,36,11.5341,0,0,244178348670
40.6101,24.6244,9.09091,74,74,72,2551,2800,0.479332,36,11.5341,0,0,244202972257
36.2865,27.5585,9.09091,74,74,72,2551,2800,0.479332,36,11.5341,0,0,244230531580
38.7876,25.7814,9.09091,74,74,72,2551,2800,0.479332,36,11.5341,0,0,244256314220
40.4496,24.7221,9.09091,74,74,72,2551,2800,0.479332,36,11.5341,0,0,244281036282
37.2362,26.8556,9.09091,74,74,72,2551,2800,0.479332,36,11.5341,0,0,244307893086
40.815,24.5008,9.09091,74,74,72,2551,2800,0.479332,36,11.5341,0,0,244332393392
36.401,27.4717,9.09091,74,74,72,2551,2800,0.479332,36,11.5341,0,0,244359865641
36.5447,27.3637,9.09091,74,74,72,2551,2800,0.479332,36,11.5341,0,0,244387229216
41.4898,24.1023,9.09091,74,74,72,2551,2800,0.479332,36,11.5341,0,0,244411332998
36.1378,27.6719,9.09091,74,74,72,2551,2800,0.479332,36,11.5341,0,0,244439004531
37.499,26.6674,9.09091,74,74,72,2551,2800,0.479332,36,11.5341,0,0,244465678543
36.8642,27.1266,6.691,74,80,72,2555,2800,0.479332,35,11.5341,0,0,244492799413
38.3815,26.0542,6.691,74,80,72,2555,2800,0.479332,35,11.5341,0,0,244518853703
38.9197,25.694,6.691,74,80,72,2555,2800,0.479332,35,11.5341,0,0,244544547988
37.1726,26.9015,6.691,74,80,72,2555,2800,0.479332,35,11.5341,0,0,244571449967
39.5679,25.273,6.691,74,80,72,2555,2800,0.479332,35,11.5341,0,0,244596723974
37.1094,26.9474,6.691,74,80,72,2555,2800,0.479332,35,11.5341,0,0,244623672882
39.3298,25.426,6.691,74,80,72,2555,2800,0.479332,35,11.5341,0,0,244649098683
37.3679,26.7609,6.691,74,80,72,2555,2800,0.479332,35,11.5341,0,0,244675858406
38.1175,26.2347,6.691,74,80,72,2555,2800,0.479332,35,11.5341,0,0,244702094496
36.617,27.3097,6.691,74,80,72,2555,2800,0.479332,35,11.5341,0,0,244729403349
38.2008,26.1775,6.691,74,80,72,2555,2800,0.479332,35,11.5341,0,0,244755581872
37.9911,26.322,6.691,74,80,72,2555,2800,0.479332,35,11.5341,0,0,244781904485
39.6117,25.2451,6.691,74,80,72,2555,2800,0.479332,35,11.5341,0,0,244807149748
40.0661,24.9587,6.691,74,80,72,2555,2800,0.479332,35,11.5341,0,0,244832108984
37.483,26.6787,6.691,74,80,72,2555,2800,0.479332,35,11.5341,0,0,244858788967
39.3601,25.4064,6.691,74,80,72,2555,2800,0.479332,35,11.5341,0,0,244884195362
38.3193,26.0965,6.691,74,80,72,2555,2800,0.479332,35,11.5341,0,0,244910292392
39.3449,25.4163,6.691,74,80,72,2555,2800,0.479332,35,11.5341,0,0,244935708305
38.9094,25.7007,6.691,74,80,72,2555,2800,0.479332,35,11.5341,0,0,244961409653
